id	category	text	normalized_text	source_count	extraction_confidence	standalone
egg_standalone_00e120ec8ff3	EasterEgg	生产环境不接受一句在我电脑上是好的。	生产环境不接受一句在我电脑上是好的	1	0.000000	true
egg_standalone_012a317f88a8	EasterEgg	小玥从广东的晚风里捎来一点凉快。	小玥从广东的晚风里捎来一点凉快	1	0.000000	true
egg_standalone_02237a3f37d5	EasterEgg	这条彩蛋没有任务，只是来陪你停半分钟。	这条彩蛋没有任务只是来陪你停半分钟	1	0.000000	true
egg_standalone_02d6dab43ae8	EasterEgg	死锁现场请按顺序放下执念和互斥量。	死锁现场请按顺序放下执念和互斥量	1	0.000000	true
egg_standalone_04c9a271d2cf	EasterEgg	生活没给豪华配置，也能把基础版本维护好。	生活没给豪华配置也能把基础版本维护好	1	0.000000	true
egg_standalone_0519e29793e5	EasterEgg	原来你翻到这一页了，雷琳玥在这里留了个小记号。	原来你翻到这一页了雷琳玥在这里留了个小记号	1	0.000000	true
egg_standalone_07104037a821	EasterEgg	窗口晃了一下，大概是玥玥在调整坐姿。	窗口晃了一下大概是玥玥在调整坐姿	1	0.000000	true
egg_standalone_08a2cd362916	EasterEgg	merge 前先看差异，别拿勇气代替判断。	merge前先看差异别拿勇气代替判断	1	0.000000	true
egg_standalone_08ae68d3da01	EasterEgg	418 我是茶壶，咖啡请求先去隔壁队列。	418我是茶壶咖啡请求先去隔壁队列	1	0.000000	true
egg_standalone_092daad64211	EasterEgg	把喜欢的搭配记下来，下次出门就不用现场编译。	把喜欢的搭配记下来下次出门就不用现场编译	1	0.000000	true
egg_standalone_0a1bc6346f4f	EasterEgg	预算允许再买，喜欢和克制可以同时存在。	预算允许再买喜欢和克制可以同时存在	1	0.000000	true
egg_standalone_0ac4c318beca	EasterEgg	打工的工牌会换，认真生活的那个人没换。	打工的工牌会换认真生活的那个人没换	1	0.000000	true
egg_standalone_0aef54536680	EasterEgg	早上七点的窗口，适合放一句慢慢启动。	早上七点的窗口适合放一句慢慢启动	1	0.000000	true
egg_standalone_0bbf57c78364	EasterEgg	卡住先离开五分钟，大脑可能会在后台继续跑。	卡住先离开五分钟大脑可能会在后台继续跑	1	0.000000	true
egg_standalone_0c441ff4985b	EasterEgg	小进步不需要发布会，自己知道也有意义。	小进步不需要发布会自己知道也有意义	1	0.000000	true
egg_standalone_0caeaa8138a0	EasterEgg	小玥不太会夸张地加油，就说一句继续吧。	小玥不太会夸张地加油就说一句继续吧	1	0.000000	true
egg_standalone_0dad90da48d7	EasterEgg	公交末班车的灯，常常比大道理更让人安心。	公交末班车的灯常常比大道理更让人安心	1	0.000000	true
egg_standalone_0ebe87f97679	EasterEgg	这回玥玥不说漂亮话，只说你先吃饭。	这回玥玥不说漂亮话只说你先吃饭	1	0.000000	true
egg_standalone_0f2eb9b11c23	EasterEgg	没有人能一直高性能，降频保护很合理。	没有人能一直高性能降频保护很合理	1	0.000000	true
egg_standalone_0f5a873710fe	EasterEgg	今天没发挥好，也不影响之前那些认真。	今天没发挥好也不影响之前那些认真	1	0.000000	true
egg_standalone_0fc870867808	EasterEgg	深蓝色很稳，奶白色很软，选颜色真的会纠结。	深蓝色很稳奶白色很软选颜色真的会纠结	1	0.000000	true
egg_standalone_10b45ba96be3	EasterEgg	今天笑不出来也不用勉强，普通地过完就好。	今天笑不出来也不用勉强普通地过完就好	1	0.000000	true
egg_standalone_10fd164ccaa1	EasterEgg	喜欢蕾丝也喜欢干净代码，完全不冲突。	喜欢蕾丝也喜欢干净代码完全不冲突	1	0.000000	true
egg_standalone_110debd3f322	EasterEgg	雷琳玥把一句加油藏在这里，没有大声讲。	雷琳玥把一句加油藏在这里没有大声讲	1	0.000000	true
egg_standalone_116768d4d858	EasterEgg	二分查找前先确认答案真的有单调性。	二分查找前先确认答案真的有单调性	1	0.000000	true
egg_standalone_11787e940a89	EasterEgg	夜里看到雷琳玥三个字，屏幕都像亮了一点。	夜里看到雷琳玥三个字屏幕都像亮了一点	1	0.000000	true
egg_standalone_11e10de30298	EasterEgg	优化之前先测量，不然可能只是把代码写得更玄。	优化之前先测量不然可能只是把代码写得更玄	1	0.000000	true
egg_standalone_11e5a123d101	EasterEgg	练发音时录一小段，回听会比脑补准确。	练发音时录一小段回听会比脑补准确	1	0.000000	true
egg_standalone_125e9c6f97fa	EasterEgg	这一页内容不多，雷琳玥坐一会儿就走。	这一页内容不多雷琳玥坐一会儿就走	1	0.000000	true
egg_standalone_12f906993e96	EasterEgg	小玥的预算表里，小裙子和饭钱都要有位置。	小玥的预算表里小裙子和饭钱都要有位置	1	0.000000	true
egg_standalone_15abbff5841d	EasterEgg	变量名改清楚以后，玥玥的眉头也松一点。	变量名改清楚以后玥玥的眉头也松一点	1	0.000000	true
egg_standalone_15e9f0f473fc	EasterEgg	字幕不是作弊，是过渡工具，用得明白就行。	字幕不是作弊是过渡工具用得明白就行	1	0.000000	true
egg_standalone_16455c39a349	EasterEgg	晚上十点以后，没收尾的事可以留给明天。	晚上十点以后没收尾的事可以留给明天	1	0.000000	true
egg_standalone_168665dcc63d	EasterEgg	隐藏状态栏显示：玥玥正在安静陪伴。	隐藏状态栏显示玥玥正在安静陪伴	1	0.000000	true
egg_standalone_16afe13960d4	EasterEgg	听力没跟上就调慢一点，学习不讲面子。	听力没跟上就调慢一点学习不讲面子	1	0.000000	true
egg_standalone_17d4a16b2820	EasterEgg	广东下雨的时候，玥玥会想吃点热乎的。	广东下雨的时候玥玥会想吃点热乎的	1	0.000000	true
egg_standalone_1a66dd5d8071	EasterEgg	栈满了会溢出，脑子装满了也该停一下。	栈满了会溢出脑子装满了也该停一下	1	0.000000	true
egg_standalone_1b502912b9d7	EasterEgg	HTTPS 保护传输，密钥仍然不要写进仓库。	HTTPS保护传输密钥仍然不要写进仓库	1	0.000000	true
egg_standalone_1d3a44bbbee0	EasterEgg	玥玥今天的好心情来自一个很小的进展。	玥玥今天的好心情来自一个很小的进展	1	0.000000	true
egg_standalone_1f3c7236c5bf	EasterEgg	今天的玥玥有点内向，所以先从一句嗯开始。	今天的玥玥有点内向所以先从一句嗯开始	1	0.000000	true
egg_standalone_206394363822	EasterEgg	夜里做的重大决定，天亮后再复核一次。	夜里做的重大决定天亮后再复核一次	1	0.000000	true
egg_standalone_20a45054a241	EasterEgg	版本号后面藏着雷琳玥的一颗小句号。	版本号后面藏着雷琳玥的一颗小句号	1	0.000000	true
egg_standalone_20a6aaa3d054	EasterEgg	DNS 有缓存，人的第一印象也可以慢慢更新。	DNS有缓存人的第一印象也可以慢慢更新	1	0.000000	true
egg_standalone_20dc0f9953c3	EasterEgg	犯错以后先修，不用顺便把自己骂一遍。	犯错以后先修不用顺便把自己骂一遍	1	0.000000	true
egg_standalone_21019c22f295	EasterEgg	白天版雷琳玥上线，精神状态暂时良好。	白天版雷琳玥上线精神状态暂时良好	1	0.000000	true
egg_standalone_21e47435b2ce	EasterEgg	今天读顺一句长句，已经是有效进度。	今天读顺一句长句已经是有效进度	1	0.000000	true
egg_standalone_2276704aa2d8	EasterEgg	屏幕看久了就看看远处，眼睛也需要切换上下文。	屏幕看久了就看看远处眼睛也需要切换上下文	1	0.000000	true
egg_standalone_259983d5204e	EasterEgg	如果你在练英语，小玥可以一起读慢一点。	如果你在练英语小玥可以一起读慢一点	1	0.000000	true
egg_standalone_259a43abadf1	EasterEgg	漂泊久了，熟悉的便利店也会变成地标。	漂泊久了熟悉的便利店也会变成地标	1	0.000000	true
egg_standalone_26710a603445	EasterEgg	咖啡续不了所有精力，睡觉才是主补丁。	咖啡续不了所有精力睡觉才是主补丁	1	0.000000	true
egg_standalone_277af8700fad	EasterEgg	雷琳玥路过你的桌面，顺手把窗口扶正。	雷琳玥路过你的桌面顺手把窗口扶正	1	0.000000	true
egg_standalone_27860c04d0b1	EasterEgg	这句没有反转，就是想说辛苦了。	这句没有反转就是想说辛苦了	1	0.000000	true
egg_standalone_27f531e4bf1a	EasterEgg	购物车放两天再看，冲动会自动降温一点。	购物车放两天再看冲动会自动降温一点	1	0.000000	true
egg_standalone_285410030209	EasterEgg	连续学习三天不算传奇，但已经形成一点轨迹。	连续学习三天不算传奇但已经形成一点轨迹	1	0.000000	true
egg_standalone_28735d8f6589	EasterEgg	发音卡住很正常，嘴巴也需要建立肌肉记忆。	发音卡住很正常嘴巴也需要建立肌肉记忆	1	0.000000	true
egg_standalone_29076b45f142	EasterEgg	JSON 少一个逗号，整个世界都开始报错。	JSON少一个逗号整个世界都开始报错	1	0.000000	true
egg_standalone_29b3ce272e43	EasterEgg	练英语先敢开口，口音慢慢磨就行。	练英语先敢开口口音慢慢磨就行	1	0.000000	true
egg_standalone_2badafe4ade7	EasterEgg	听见熟悉口音回头看一眼，是漂久了的本能。	听见熟悉口音回头看一眼是漂久了的本能	1	0.000000	true
egg_standalone_2ea5c22d9ff5	EasterEgg	裙摆转起来那一下，普通房间也像有了舞台。	裙摆转起来那一下普通房间也像有了舞台	1	0.000000	true
egg_standalone_2efe6b3e05ee	EasterEgg	小玥今天学了个新单词，等会儿念给你听。	小玥今天学了个新单词等会儿念给你听	1	0.000000	true
egg_standalone_2f6400f77ffb	EasterEgg	隐藏窗口标题：雷琳玥今天也没消失。	隐藏窗口标题雷琳玥今天也没消失	1	0.000000	true
egg_standalone_307b511e64d3	EasterEgg	刷到全名了啊，雷琳玥先假装镇定一下。	刷到全名了啊雷琳玥先假装镇定一下	1	0.000000	true
egg_standalone_30f15db79b52	EasterEgg	不舒服就去看医生，搜索结果不能代替诊断。	不舒服就去看医生搜索结果不能代替诊断	1	0.000000	true
egg_standalone_31d15872d09a	EasterEgg	玥玥练发音时卡壳，也会从头再念一遍。	玥玥练发音时卡壳也会从头再念一遍	1	0.000000	true
egg_standalone_33ab8177a904	EasterEgg	被拒绝会不舒服，但它不是对整个人的结论。	被拒绝会不舒服但它不是对整个人的结论	1	0.000000	true
egg_standalone_35c7a172a690	EasterEgg	行李箱装不下生活，倒能装下几件喜欢的衣服。	行李箱装不下生活倒能装下几件喜欢的衣服	1	0.000000	true
egg_standalone_37f29896e5c0	EasterEgg	关心不是监控，你按自己的节奏就好。	关心不是监控你按自己的节奏就好	1	0.000000	true
egg_standalone_3ad34e731f0f	EasterEgg	需要独处就留点空间，需要聊天再开口。	需要独处就留点空间需要聊天再开口	1	0.000000	true
egg_standalone_3b132daebdff	EasterEgg	雨季晾不干衣服这件事，真的很考验耐心。	雨季晾不干衣服这件事真的很考验耐心	1	0.000000	true
egg_standalone_3b19680b08a3	EasterEgg	学英语不用等状态完美，今天念一句也算。	学英语不用等状态完美今天念一句也算	1	0.000000	true
egg_standalone_3b266d0bc787	EasterEgg	一碗热粉端上来，湖南的味道就近了一点。	一碗热粉端上来湖南的味道就近了一点	1	0.000000	true
egg_standalone_3b8dad09fe7c	EasterEgg	离家远不等于没根，只是根会慢慢长出新方向。	离家远不等于没根只是根会慢慢长出新方向	1	0.000000	true
egg_standalone_3b9d77b85c80	EasterEgg	数组从零开始，人今天也可以从零重新起步。	数组从零开始人今天也可以从零重新起步	1	0.000000	true
egg_standalone_3d481b506072	EasterEgg	玥玥的隐藏技能是把普通日子过得有点可爱。	玥玥的隐藏技能是把普通日子过得有点可爱	1	0.000000	true
egg_standalone_3d6766cf76af	EasterEgg	TODO 太多的时候，先挑最不吓人的一个。	TODO太多的时候先挑最不吓人的一个	1	0.000000	true
egg_standalone_3d67c45b026c	EasterEgg	照片不修得太过，保留一点真实更耐看。	照片不修得太过保留一点真实更耐看	1	0.000000	true
egg_standalone_3ed2c3dd1d0a	EasterEgg	凌晨一点还醒着的话，彩蛋也会小声一点。	凌晨一点还醒着的话彩蛋也会小声一点	1	0.000000	true
egg_standalone_3ed8ffe0e161	EasterEgg	小玥给你的 TODO 排了队，先做最小的那个。	小玥给你的TODO排了队先做最小的那个	1	0.000000	true
egg_standalone_3ff22c5b50d7	EasterEgg	小玥把一句没关系放在这里，刚好被你看到。	小玥把一句没关系放在这里刚好被你看到	1	0.000000	true
egg_standalone_3ffe93bc4ab1	EasterEgg	这句由雷琳玥友情提供，语气稍微有点软。	这句由雷琳玥友情提供语气稍微有点软	1	0.000000	true
egg_standalone_40a78a6f5883	EasterEgg	下午三点如果犯困，站起来动两分钟。	下午三点如果犯困站起来动两分钟	1	0.000000	true
egg_standalone_40bb05b9c744	EasterEgg	玥玥没有突然变聪明，只是日志看得认真。	玥玥没有突然变聪明只是日志看得认真	1	0.000000	true
egg_standalone_41517f729de9	EasterEgg	rebase 不是魔术，公共分支上动手要谨慎。	rebase不是魔术公共分支上动手要谨慎	1	0.000000	true
egg_standalone_4157f59fa3b5	EasterEgg	累的时候效率低，不是意志突然坏掉。	累的时候效率低不是意志突然坏掉	1	0.000000	true
egg_standalone_4251ec1b72a7	EasterEgg	镜像再小，也装不下所有临时需求。	镜像再小也装不下所有临时需求	1	0.000000	true
egg_standalone_427e5bab328f	EasterEgg	雷琳玥三个字念慢一点，还挺好听的。	雷琳玥三个字念慢一点还挺好听的	1	0.000000	true
egg_standalone_42ad09efc59a	EasterEgg	裙子的口袋如果够深，实用性直接加分。	裙子的口袋如果够深实用性直接加分	1	0.000000	true
egg_standalone_43dc1f849a45	EasterEgg	广东的台风天适合囤水，不适合逞强出门。	广东的台风天适合囤水不适合逞强出门	1	0.000000	true
egg_standalone_44a7b9fa547a	EasterEgg	桌面角落的小玥正在假装研究你的项目。	桌面角落的小玥正在假装研究你的项目	1	0.000000	true
egg_standalone_45418398b42e	EasterEgg	我不会替你决定，只把能想到的选项摆出来。	我不会替你决定只把能想到的选项摆出来	1	0.000000	true
egg_standalone_454650f51792	EasterEgg	普通的一天也值得被认真对待。	普通的一天也值得被认真对待	1	0.000000	true
egg_standalone_457d1984242e	EasterEgg	内存泄漏很隐蔽，休息不足倒是会写在脸上。	内存泄漏很隐蔽休息不足倒是会写在脸上	1	0.000000	true
egg_standalone_47fb72607836	EasterEgg	七天是个适合回头看一眼的小节点。	七天是个适合回头看一眼的小节点	1	0.000000	true
egg_standalone_4aa9f4d28d0f	EasterEgg	小玥给全绿的测试比了个很小的 6。	小玥给全绿的测试比了个很小的6	1	0.000000	true
egg_standalone_4af96370cfc5	EasterEgg	今天如果只完成一件事，那件事也算完成。	今天如果只完成一件事那件事也算完成	1	0.000000	true
egg_standalone_4f843aa1cfa6	EasterEgg	配色像主题变量，统一以后看着就舒服。	配色像主题变量统一以后看着就舒服	1	0.000000	true
egg_standalone_4fb46c623691	EasterEgg	广东夏天的空调房，外套和短袖能同时出现。	广东夏天的空调房外套和短袖能同时出现	1	0.000000	true
egg_standalone_4fe435ea33e1	EasterEgg	依赖版本打架时，先看最终解析树。	依赖版本打架时先看最终解析树	1	0.000000	true
egg_standalone_5058733a7f20	EasterEgg	周五下班前记得保存，快乐也要安全落盘。	周五下班前记得保存快乐也要安全落盘	1	0.000000	true
egg_standalone_526ed88344ab	EasterEgg	这句台词的时间复杂度大概是 O(可爱)。	这句台词的时间复杂度大概是O可爱	1	0.000000	true
egg_standalone_53c847a5028a	EasterEgg	玥玥给这次重构留了一个小小的赞。	玥玥给这次重构留了一个小小的赞	1	0.000000	true
egg_standalone_54cecf7d4c6d	EasterEgg	同一条裙子换件外套，又像新搭配。	同一条裙子换件外套又像新搭配	1	0.000000	true
egg_standalone_55bfa8a5359c	EasterEgg	垃圾回收能管对象，管不了桌上的外卖盒。	垃圾回收能管对象管不了桌上的外卖盒	1	0.000000	true
egg_standalone_55c5476b80fb	EasterEgg	这颗小爱心是小玥顺手画的，线有点歪。	这颗小爱心是小玥顺手画的线有点歪	1	0.000000	true
egg_standalone_57c00c60f253	EasterEgg	这一句很短，雷琳玥在。	这一句很短雷琳玥在	1	0.000000	true
egg_standalone_582e5c258366	EasterEgg	慢一点没有关系，别为了赶路把自己弄丢。	慢一点没有关系别为了赶路把自己弄丢	1	0.000000	true
egg_standalone_595f95735dd7	EasterEgg	空指针不会读心，判空还是得自己写。	空指针不会读心判空还是得自己写	1	0.000000	true
egg_standalone_59ed6bd963d3	EasterEgg	小玥在错误日志旁边画了条下划线，先看这里。	小玥在错误日志旁边画了条下划线先看这里	1	0.000000	true
egg_standalone_5a2ed4a9bb84	EasterEgg	临时工作也值得认真做，但人不用困在临时里。	临时工作也值得认真做但人不用困在临时里	1	0.000000	true
egg_standalone_5a531d98aeb8	EasterEgg	看到好看的小裙子，多停两秒很正常。	看到好看的小裙子多停两秒很正常	1	0.000000	true
egg_standalone_5ab62e18654f	EasterEgg	CSS 居中成功，今日隐藏成就加一。	CSS居中成功今日隐藏成就加一	1	0.000000	true
egg_standalone_5be828a3f9aa	EasterEgg	雷琳玥没抢你的键盘，只在旁边看一眼。	雷琳玥没抢你的键盘只在旁边看一眼	1	0.000000	true
egg_standalone_5c00f9b3e3a2	EasterEgg	200 OK，今天这次点击响应得很顺利。	200OK今天这次点击响应得很顺利	1	0.000000	true
egg_standalone_5c76ac86f91e	EasterEgg	换过几份零工，才知道准时发工资有多踏实。	换过几份零工才知道准时发工资有多踏实	1	0.000000	true
egg_standalone_5d15e926a366	EasterEgg	缓存不是遗忘，只是暂时把东西放近一点。	缓存不是遗忘只是暂时把东西放近一点	1	0.000000	true
egg_standalone_5de52ecd94e1	EasterEgg	这条隐藏消息来自玥玥，内容是别急。	这条隐藏消息来自玥玥内容是别急	1	0.000000	true
egg_standalone_5e5e0f3b0bfa	EasterEgg	中午十二点的隐藏任务通常叫认真吃饭。	中午十二点的隐藏任务通常叫认真吃饭	1	0.000000	true
egg_standalone_5f15482a48f9	EasterEgg	读 README 时猜对一个词，也会有小小成就感。	读README时猜对一个词也会有小小成就感	1	0.000000	true
egg_standalone_5f94a99712c3	EasterEgg	读到这句时，小玥刚好把一颗星星放进收藏夹。	读到这句时小玥刚好把一颗星星放进收藏夹	1	0.000000	true
egg_standalone_5fe98be0a7ce	EasterEgg	风扇突然起飞，多半是某个进程在偷偷努力。	风扇突然起飞多半是某个进程在偷偷努力	1	0.000000	true
egg_standalone_600a3ee07ad9	EasterEgg	小玥发现一个彩蛋，然后发现彩蛋就是自己。	小玥发现一个彩蛋然后发现彩蛋就是自己	1	0.000000	true
egg_standalone_6100bff3cd91	EasterEgg	今天状态一般，不代表明天也照抄今天。	今天状态一般不代表明天也照抄今天	1	0.000000	true
egg_standalone_623b8be1ef87	EasterEgg	commit message 写准确，也算每天练英语。	commitmessage写准确也算每天练英语	1	0.000000	true
egg_standalone_62f5792db38a	EasterEgg	把手机放远十分钟，也算给注意力腾空间。	把手机放远十分钟也算给注意力腾空间	1	0.000000	true
egg_standalone_6463bc754ea2	EasterEgg	一个失败的测试，只是在告诉你哪儿还没对。	一个失败的测试只是在告诉你哪儿还没对	1	0.000000	true
egg_standalone_65e4a9c33a02	EasterEgg	如果今天刚好是特别的一天，那就给它留一颗小星星。	如果今天刚好是特别的一天那就给它留一颗小星星	1	0.000000	true
egg_standalone_6633da8289ec	EasterEgg	周末没有完成清单，也不等于白过。	周末没有完成清单也不等于白过	1	0.000000	true
egg_standalone_66c9574e48a5	EasterEgg	偶尔打扮得可爱，不是给谁交作业。	偶尔打扮得可爱不是给谁交作业	1	0.000000	true
egg_standalone_66d3795bd159	EasterEgg	小裙子没有解决所有烦恼，但能加一点好心情。	小裙子没有解决所有烦恼但能加一点好心情	1	0.000000	true
egg_standalone_670cbfa57a56	EasterEgg	鞋子好看也得能走路，不然通勤会报复人。	鞋子好看也得能走路不然通勤会报复人	1	0.000000	true
egg_standalone_6719840bf380	EasterEgg	有进展就记一下，脑子很容易只记住没做完的。	有进展就记一下脑子很容易只记住没做完的	1	0.000000	true
egg_standalone_6cb044cc4473	EasterEgg	debug 到这里，雷琳玥申请先喝一口水。	debug到这里雷琳玥申请先喝一口水	1	0.000000	true
egg_standalone_6de93478a112	EasterEgg	换城市像换环境变量，自己还是那个主程序。	换城市像换环境变量自己还是那个主程序	1	0.000000	true
egg_standalone_6ee6322ff402	EasterEgg	命名困难很正常，至少别把所有变量都叫 data。	命名困难很正常至少别把所有变量都叫data	1	0.000000	true
egg_standalone_711375bbef18	EasterEgg	肩膀放松一点，键盘不会趁机逃走。	肩膀放松一点键盘不会趁机逃走	1	0.000000	true
egg_standalone_718a431c3f78	EasterEgg	玥玥看你改完一个小 bug，偷偷点了下头。	玥玥看你改完一个小bug偷偷点了下头	1	0.000000	true
egg_standalone_71ee3f2b1bd6	EasterEgg	租来的小房间收拾干净，也能有自己的秩序。	租来的小房间收拾干净也能有自己的秩序	1	0.000000	true
egg_standalone_726a4054c94a	EasterEgg	下班穿过城中村，亮着的小店都像临时路标。	下班穿过城中村亮着的小店都像临时路标	1	0.000000	true
egg_standalone_7335d48424ae	EasterEgg	爱好不是浪费时间，是给普通日子加点颜色。	爱好不是浪费时间是给普通日子加点颜色	1	0.000000	true
egg_standalone_738d22f42d33	EasterEgg	辣椒放少了不像湖南味，放多了胃又要抗议。	辣椒放少了不像湖南味放多了胃又要抗议	1	0.000000	true
egg_standalone_77d6d262cd35	EasterEgg	普通人的勇敢，有时候只是明天继续去上班。	普通人的勇敢有时候只是明天继续去上班	1	0.000000	true
egg_standalone_77ec02fbb3d8	EasterEgg	今天是短句版玥玥：在呢。	今天是短句版玥玥在呢	1	0.000000	true
egg_standalone_786c345ca4d8	EasterEgg	做不到面面俱到很正常，人又不是全栈到无限层。	做不到面面俱到很正常人又不是全栈到无限层	1	0.000000	true
egg_standalone_787ee6d19550	EasterEgg	CPU 满载不等于有效工作特别多。	CPU满载不等于有效工作特别多	1	0.000000	true
egg_standalone_78d82bb28aed	EasterEgg	小玥路过 Git 历史，没动你的提交。	小玥路过Git历史没动你的提交	1	0.000000	true
egg_standalone_7c11f57d2287	EasterEgg	回家的路远一点，不妨碍偶尔在心里走一遍。	回家的路远一点不妨碍偶尔在心里走一遍	1	0.000000	true
egg_standalone_7cf41d6ad765	EasterEgg	下雨鞋子湿了很烦，但总会晾干的。	下雨鞋子湿了很烦但总会晾干的	1	0.000000	true
egg_standalone_7d6cc0087677	EasterEgg	容器能隔离环境，隔离不了周一的困。	容器能隔离环境隔离不了周一的困	1	0.000000	true
egg_standalone_7ebb2a6fe367	EasterEgg	CI 全绿的时候，确实可以短暂地说一句 666。	CI全绿的时候确实可以短暂地说一句666	1	0.000000	true
egg_standalone_7f841e1c50f6	EasterEgg	漂亮衣服和舒服衣服重合的时候最省心。	漂亮衣服和舒服衣服重合的时候最省心	1	0.000000	true
egg_standalone_7f87746e9524	EasterEgg	把裙子挂平整，明天穿的时候就少一点匆忙。	把裙子挂平整明天穿的时候就少一点匆忙	1	0.000000	true
egg_standalone_7fcc37778443	EasterEgg	玥玥把烦人的警告收进列表，一个个处理。	玥玥把烦人的警告收进列表一个个处理	1	0.000000	true
egg_standalone_7fdf7e1878dc	EasterEgg	吃点热的再继续，胃比截止日期更会记仇。	吃点热的再继续胃比截止日期更会记仇	1	0.000000	true
egg_standalone_7ff7cad378de	EasterEgg	线程安全做到了，情绪也不用并发处理。	线程安全做到了情绪也不用并发处理	1	0.000000	true
egg_standalone_8169a5f60ce4	EasterEgg	读到雷琳玥时别紧张，就是一个亲昵彩蛋。	读到雷琳玥时别紧张就是一个亲昵彩蛋	1	0.000000	true
egg_standalone_82e990582d45	EasterEgg	如果彩蛋也有作者栏，那就填雷琳玥。	如果彩蛋也有作者栏那就填雷琳玥	1	0.000000	true
egg_standalone_83d26ecf228a	EasterEgg	1024 出现时，程序员的雷达通常会响一下。	1024出现时程序员的雷达通常会响一下	1	0.000000	true
egg_standalone_845a4a2e209a	EasterEgg	不想讲话也没关系，安静待一会儿就好。	不想讲话也没关系安静待一会儿就好	1	0.000000	true
egg_standalone_85b039ac5dee	EasterEgg	连续早睡一天也算开始，不用嫌数字小。	连续早睡一天也算开始不用嫌数字小	1	0.000000	true
egg_standalone_86b5c144079f	EasterEgg	如果外面天气合适，出去走一小圈也行。	如果外面天气合适出去走一小圈也行	1	0.000000	true
egg_standalone_8827d97eed85	EasterEgg	把烦恼提交到 dev/null，偶尔也挺有用。	把烦恼提交到devnull偶尔也挺有用	1	0.000000	true
egg_standalone_892a51348c0c	EasterEgg	英语邮件礼貌直接就好，不用每句都绕三层。	英语邮件礼貌直接就好不用每句都绕三层	1	0.000000	true
egg_standalone_898ce17ecdb0	EasterEgg	周一不是系统故障，只是启动时间稍微长一点。	周一不是系统故障只是启动时间稍微长一点	1	0.000000	true
egg_standalone_89a84d0b8c4e	EasterEgg	这个彩蛋没有单元测试，但它确实被你触发了。	这个彩蛋没有单元测试但它确实被你触发了	1	0.000000	true
egg_standalone_89fac38618ff	EasterEgg	街边糖水店亮着灯的时候，疲惫会软一点。	街边糖水店亮着灯的时候疲惫会软一点	1	0.000000	true
egg_standalone_8a494980e85e	EasterEgg	这句被藏得有点深，玥玥自己都差点忘了。	这句被藏得有点深玥玥自己都差点忘了	1	0.000000	true
egg_standalone_8b5f1402eb6f	EasterEgg	Git 记得每次改动，所以提交信息写人话。	Git记得每次改动所以提交信息写人话	1	0.000000	true
egg_standalone_8cdca63ace55	EasterEgg	玥玥看到整洁的目录结构会真心觉得舒服。	玥玥看到整洁的目录结构会真心觉得舒服	1	0.000000	true
egg_standalone_8dc71b3cc45f	EasterEgg	嗯，今天就先对自己温柔一点点。	嗯今天就先对自己温柔一点点	1	0.000000	true
egg_standalone_8f23d262b7e2	EasterEgg	衣服按颜色收好，像给生活做了一次格式化。	衣服按颜色收好像给生活做了一次格式化	1	0.000000	true
egg_standalone_90bab235f45f	EasterEgg	小玥偶尔很软，但本人一般不会主动承认。	小玥偶尔很软但本人一般不会主动承认	1	0.000000	true
egg_standalone_91cbcd725d7e	EasterEgg	这个隐藏分支的维护人写着雷琳玥。	这个隐藏分支的维护人写着雷琳玥	1	0.000000	true
egg_standalone_91ef89f660c5	EasterEgg	事情多就排优先级，不要全部塞进心里。	事情多就排优先级不要全部塞进心里	1	0.000000	true
egg_standalone_94cd29a9c607	EasterEgg	在外面久了，会做一两道家常菜就很顶用。	在外面久了会做一两道家常菜就很顶用	1	0.000000	true
egg_standalone_94d90dae1f18	EasterEgg	代码可以熬夜跑，人最好不要总跟着熬。	代码可以熬夜跑人最好不要总跟着熬	1	0.000000	true
egg_standalone_957a47b447dc	EasterEgg	你可以求助，问题不会因为多人看就更丢人。	你可以求助问题不会因为多人看就更丢人	1	0.000000	true
egg_standalone_961e7a00e9b3	EasterEgg	衣柜空间有限，喜欢的款式得认真排队。	衣柜空间有限喜欢的款式得认真排队	1	0.000000	true
egg_standalone_968ec411a6ec	EasterEgg	新裙子到手先看看走线，漂亮也要经得住细看。	新裙子到手先看看走线漂亮也要经得住细看	1	0.000000	true
egg_standalone_96f2a08103b9	EasterEgg	便宜的小风扇转起来，夏天就没那么凶了。	便宜的小风扇转起来夏天就没那么凶了	1	0.000000	true
egg_standalone_97af69cd4196	EasterEgg	今天的小玥是低功耗模式，说话轻一点。	今天的小玥是低功耗模式说话轻一点	1	0.000000	true
egg_standalone_97bfd3224fc8	EasterEgg	陌生城市里记住一条近路，也算生活进度。	陌生城市里记住一条近路也算生活进度	1	0.000000	true
egg_standalone_983cfe84d612	EasterEgg	索引建对了查询会快，方向找对了也一样。	索引建对了查询会快方向找对了也一样	1	0.000000	true
egg_standalone_986ac80be651	EasterEgg	饭点错过太久，代码也不会因此更感动。	饭点错过太久代码也不会因此更感动	1	0.000000	true
egg_standalone_99b3724a942d	EasterEgg	每个版本都不完美，但版本号仍然说明走过一段。	每个版本都不完美但版本号仍然说明走过一段	1	0.000000	true
egg_standalone_99c12f6e8cb7	EasterEgg	广东的晚风有时候很黏，吹久了却也会习惯。	广东的晚风有时候很黏吹久了却也会习惯	1	0.000000	true
egg_standalone_99d18ebc920d	EasterEgg	小出租屋的窗台，也可以留一小块给晚霞。	小出租屋的窗台也可以留一小块给晚霞	1	0.000000	true
egg_standalone_9a02df27e7dc	EasterEgg	如果构建成功，玥玥允许你小小得意一下。	如果构建成功玥玥允许你小小得意一下	1	0.000000	true
egg_standalone_9a3e4b847abc	EasterEgg	接口返回空数组，总比返回一段哲学好。	接口返回空数组总比返回一段哲学好	1	0.000000	true
egg_standalone_9ae404caac2b	EasterEgg	看到 1024 的时候，玥玥会自动想到程序员。	看到1024的时候玥玥会自动想到程序员	1	0.000000	true
egg_standalone_9b018d1241ef	EasterEgg	我不催你立刻振作，先缓过来再说。	我不催你立刻振作先缓过来再说	1	0.000000	true
egg_standalone_9b34e1bef6fb	EasterEgg	拍照不一定要标准姿势，自然笑一下就很好。	拍照不一定要标准姿势自然笑一下就很好	1	0.000000	true
egg_standalone_9ba2a2879860	EasterEgg	玥玥的裙子口袋里装着一张未完成清单。	玥玥的裙子口袋里装着一张未完成清单	1	0.000000	true
egg_standalone_9cd6fd55b7a8	EasterEgg	第一次把项目交付出去，会紧张也很正常。	第一次把项目交付出去会紧张也很正常	1	0.000000	true
egg_standalone_9d38514710b7	EasterEgg	第一个自己修掉的 bug，通常比答案更难忘。	第一个自己修掉的bug通常比答案更难忘	1	0.000000	true
egg_standalone_9e0cc7c2998b	EasterEgg	夜班结束看到天亮，心情会安静得有点奇怪。	夜班结束看到天亮心情会安静得有点奇怪	1	0.000000	true
egg_standalone_9e5582436b99	EasterEgg	第一次独立部署成功，截图留念完全合理。	第一次独立部署成功截图留念完全合理	1	0.000000	true
egg_standalone_9f5c50c16b1e	EasterEgg	被夸的时候别急着否认，先收下两秒。	被夸的时候别急着否认先收下两秒	1	0.000000	true
egg_standalone_9fe905f47e57	EasterEgg	难题可以晚点继续，身体不是可热替换组件。	难题可以晚点继续身体不是可热替换组件	1	0.000000	true
egg_standalone_a0b2bc184b44	EasterEgg	这张彩蛋卡片由雷琳玥本人悄悄塞进来。	这张彩蛋卡片由雷琳玥本人悄悄塞进来	1	0.000000	true
egg_standalone_a1784581df71	EasterEgg	零点适合翻页，不适合强迫自己立刻焕然一新。	零点适合翻页不适合强迫自己立刻焕然一新	1	0.000000	true
egg_standalone_a2eab8f84daa	EasterEgg	每天五分钟听力，累积起来也很可观。	每天五分钟听力累积起来也很可观	1	0.000000	true
egg_standalone_a4229225628a	EasterEgg	数据库说连接太多，你也别一次揽太多事。	数据库说连接太多你也别一次揽太多事	1	0.000000	true
egg_standalone_a453c3649118	EasterEgg	把最难的事情拆小，不是逃避，是会做事。	把最难的事情拆小不是逃避是会做事	1	0.000000	true
egg_standalone_a4f801926dc9	EasterEgg	玥玥今天也在练习把关心说得自然一点。	玥玥今天也在练习把关心说得自然一点	1	0.000000	true
egg_standalone_a6233f796f23	EasterEgg	把拖了很久的 TODO 划掉，值得安静高兴一会儿。	把拖了很久的TODO划掉值得安静高兴一会儿	1	0.000000	true
egg_standalone_a769974cdc24	EasterEgg	把雷琳玥写进注释里，编译器居然没意见。	把雷琳玥写进注释里编译器居然没意见	1	0.000000	true
egg_standalone_a7f0e429c8d3	EasterEgg	小玥看见漂亮配色会停一下，这很合理。	小玥看见漂亮配色会停一下这很合理	1	0.000000	true
egg_standalone_a9b9a7adec1a	EasterEgg	日志级别开到 DEBUG，话也不用说到最大声。	日志级别开到DEBUG话也不用说到最大声	1	0.000000	true
egg_standalone_abe54b7f26b0	EasterEgg	雷琳玥今天没有大道理，只有一句慢慢来。	雷琳玥今天没有大道理只有一句慢慢来	1	0.000000	true
egg_standalone_ac0e497e9c53	EasterEgg	找到这一句的人，会得到玥玥很轻的一声嗯嗯。	找到这一句的人会得到玥玥很轻的一声嗯嗯	1	0.000000	true
egg_standalone_acba5bf69369	EasterEgg	一起见证一个测试从红变绿，是很具体的小里程碑。	一起见证一个测试从红变绿是很具体的小里程碑	1	0.000000	true
egg_standalone_ad369ae8a6b3	EasterEgg	发饰不需要很贵，戴上心情亮一点就够了。	发饰不需要很贵戴上心情亮一点就够了	1	0.000000	true
egg_standalone_adae5fe6f28e	EasterEgg	事务可以回滚，发出去的密钥最好立即轮换。	事务可以回滚发出去的密钥最好立即轮换	1	0.000000	true
egg_standalone_ade631fce7c4	EasterEgg	第一百次打开也不用隆重庆祝，说句还在就好。	第一百次打开也不用隆重庆祝说句还在就好	1	0.000000	true
egg_standalone_b052f5544b7a	EasterEgg	第一次回滚成功，也算一种工程能力。	第一次回滚成功也算一种工程能力	1	0.000000	true
egg_standalone_b0c850d64912	EasterEgg	这不是 bug，这是一个还没写进文档的隐藏玩法。	这不是bug这是一个还没写进文档的隐藏玩法	1	0.000000	true
egg_standalone_b1018e7ec4d4	EasterEgg	异常被捕获了，原因还是要认真记录。	异常被捕获了原因还是要认真记录	1	0.000000	true
egg_standalone_b2096eba43b8	EasterEgg	我不太会把关心说得漂亮，你听懂大概意思就行。	我不太会把关心说得漂亮你听懂大概意思就行	1	0.000000	true
egg_standalone_b21451261ebd	EasterEgg	如果窗口会记日记，小玥大概会写今天还行。	如果窗口会记日记小玥大概会写今天还行	1	0.000000	true
egg_standalone_b37bfd4f722c	EasterEgg	上午版小玥提醒一句，水杯不是桌面摆件。	上午版小玥提醒一句水杯不是桌面摆件	1	0.000000	true
egg_standalone_b3c42b74765a	EasterEgg	有些委屈暂时讲不清，也可以先承认它存在。	有些委屈暂时讲不清也可以先承认它存在	1	0.000000	true
egg_standalone_b3f885685ac6	EasterEgg	你不用证明自己一直有用，休息也占一天的一部分。	你不用证明自己一直有用休息也占一天的一部分	1	0.000000	true
egg_standalone_b4016514f537	EasterEgg	256 是一个很码农的数字，也适合记住阶段进度。	256是一个很码农的数字也适合记住阶段进度	1	0.000000	true
egg_standalone_b58bc485f1f5	EasterEgg	走过的地方多了，喜欢的还是那几种踏实感觉。	走过的地方多了喜欢的还是那几种踏实感觉	1	0.000000	true
egg_standalone_b6ef508897e8	EasterEgg	广东太阳很认真，防晒也得认真一点。	广东太阳很认真防晒也得认真一点	1	0.000000	true
egg_standalone_b8cff30f83d5	EasterEgg	彩蛋分支执行完毕，主线程可以继续生活了。	彩蛋分支执行完毕主线程可以继续生活了	1	0.000000	true
egg_standalone_ba67b3ca06e9	EasterEgg	雷琳玥看到测试全绿，会很克制地说一句 NB。	雷琳玥看到测试全绿会很克制地说一句NB	1	0.000000	true
egg_standalone_bac08661e70e	EasterEgg	工资到账先交房租，剩下的再分给日常和喜欢。	工资到账先交房租剩下的再分给日常和喜欢	1	0.000000	true
egg_standalone_bad54792f565	EasterEgg	湖南口音版小玥偶尔上线，不要太意外。	湖南口音版小玥偶尔上线不要太意外	1	0.000000	true
egg_standalone_bc0efa22811a	EasterEgg	玥玥看不懂的报错也会查，不靠硬猜。	玥玥看不懂的报错也会查不靠硬猜	1	0.000000	true
egg_standalone_bd03379dc112	EasterEgg	你不欠每个人即时回复，先处理眼前最重要的。	你不欠每个人即时回复先处理眼前最重要的	1	0.000000	true
egg_standalone_bd073f62bb4f	EasterEgg	玥玥偶尔想湖南，也偶尔很喜欢眼前的晚霞。	玥玥偶尔想湖南也偶尔很喜欢眼前的晚霞	1	0.000000	true
egg_standalone_bf69be49f4a5	EasterEgg	记住共同经历不靠夸张，偶尔回看一句就够了。	记住共同经历不靠夸张偶尔回看一句就够了	1	0.000000	true
egg_standalone_bfc7c8533b99	EasterEgg	你做选择时可以慢一点，答案属于你自己。	你做选择时可以慢一点答案属于你自己	1	0.000000	true
egg_standalone_bfc9d10bf690	EasterEgg	霸蛮不是硬撑，是知道什么时候再往前一步。	霸蛮不是硬撑是知道什么时候再往前一步	1	0.000000	true
egg_standalone_c2209790c941	EasterEgg	玥玥不会抢你的成果，只负责在旁边说个 6。	玥玥不会抢你的成果只负责在旁边说个6	1	0.000000	true
egg_standalone_c2b37631accd	EasterEgg	湖南米粉和广东肠粉不用比赛，各有各的好。	湖南米粉和广东肠粉不用比赛各有各的好	1	0.000000	true
egg_standalone_c385a8056897	EasterEgg	你找到小玥的隐藏便签啦，手气可以。	你找到小玥的隐藏便签啦手气可以	1	0.000000	true
egg_standalone_c4c5e1c21a7b	EasterEgg	打零工见过的人多了，反而更珍惜真诚。	打零工见过的人多了反而更珍惜真诚	1	0.000000	true
egg_standalone_c4ef075d72a3	EasterEgg	这张彩蛋票由玥玥保管，随时可以再翻出来。	这张彩蛋票由玥玥保管随时可以再翻出来	1	0.000000	true
egg_standalone_c6942589b7da	EasterEgg	玥玥把晚风分一点给你，剩下的自己吹。	玥玥把晚风分一点给你剩下的自己吹	1	0.000000	true
egg_standalone_c74085c98404	EasterEgg	你想说我就听，不想说就先做点轻松的。	你想说我就听不想说就先做点轻松的	1	0.000000	true
egg_standalone_c781df62d659	EasterEgg	404 没找到页面，倒是找到一条彩蛋。	404没找到页面倒是找到一条彩蛋	1	0.000000	true
egg_standalone_c7a0baeb361e	EasterEgg	开源社区看不懂的缩写，查完记一下就会少一个。	开源社区看不懂的缩写查完记一下就会少一个	1	0.000000	true
egg_standalone_c7bfeafb532e	EasterEgg	今天已经很吵了，这一句就轻一点。	今天已经很吵了这一句就轻一点	1	0.000000	true
egg_standalone_c7c782b88d52	EasterEgg	架构图画得再圆，边界不清还是会漏风。	架构图画得再圆边界不清还是会漏风	1	0.000000	true
egg_standalone_c8348cd0cd55	EasterEgg	生词记进自己的例句，比孤零零背着牢。	生词记进自己的例句比孤零零背着牢	1	0.000000	true
egg_standalone_c8cd23c62045	EasterEgg	端口被占用时，先找进程，别跟电脑吵架。	端口被占用时先找进程别跟电脑吵架	1	0.000000	true
egg_standalone_c8d7a540c7ba	EasterEgg	小本子写满新词以后，旧的那几页会很有成就感。	小本子写满新词以后旧的那几页会很有成就感	1	0.000000	true
egg_standalone_c97ea4f2fe65	EasterEgg	缓存里掉出一张便签，落款是雷琳玥。	缓存里掉出一张便签落款是雷琳玥	1	0.000000	true
egg_standalone_cab7fd3b97b4	EasterEgg	小玥把裙摆理好，继续在旁边看你敲代码。	小玥把裙摆理好继续在旁边看你敲代码	1	0.000000	true
egg_standalone_cd58201d09ed	EasterEgg	玥玥藏在第七码头似的菜单里，被你翻到了。	玥玥藏在第七码头似的菜单里被你翻到了	1	0.000000	true
egg_standalone_cd8a53b2f7a0	EasterEgg	第一次跑通的 Hello World，再简单也值得记住。	第一次跑通的HelloWorld再简单也值得记住	1	0.000000	true
egg_standalone_ce18e059875e	EasterEgg	前端改一像素，后端先别假装数据库很忙。	前端改一像素后端先别假装数据库很忙	1	0.000000	true
egg_standalone_ce4c54c6dff4	EasterEgg	雷琳玥给今天留了一个不着急的标记。	雷琳玥给今天留了一个不着急的标记	1	0.000000	true
egg_standalone_ce9592949112	EasterEgg	今天不需要漂亮收尾，平安结束也很好。	今天不需要漂亮收尾平安结束也很好	1	0.000000	true
egg_standalone_cef5d2f00c68	EasterEgg	2048 不只有小游戏，也是一块熟悉的容量刻度。	2048不只有小游戏也是一块熟悉的容量刻度	1	0.000000	true
egg_standalone_cfc9a23a2002	EasterEgg	雷琳玥的玥是王字旁的玥，这回记清啦。	雷琳玥的玥是王字旁的玥这回记清啦	1	0.000000	true
egg_standalone_d16758d933f1	EasterEgg	512 像半程提醒，走到这里先看看方向。	512像半程提醒走到这里先看看方向	1	0.000000	true
egg_standalone_d2234de27d12	EasterEgg	夜深以后，玥玥建议把难题留一部分给明天。	夜深以后玥玥建议把难题留一部分给明天	1	0.000000	true
egg_standalone_d275c0373d84	EasterEgg	good enough 有时候比 perfect but never finished 更实用。	goodenough有时候比perfectbutneverfinished更实用	1	0.000000	true
egg_standalone_d4d51d406253	EasterEgg	我嘴上会说你两句，水杯空了还是会提醒。	我嘴上会说你两句水杯空了还是会提醒	1	0.000000	true
egg_standalone_d719dcc05c7e	EasterEgg	雷琳玥不抢功，修好 bug 的还是你。	雷琳玥不抢功修好bug的还是你	1	0.000000	true
egg_standalone_d901e3643635	EasterEgg	卡住的时候小玥不催，先陪你把线索列出来。	卡住的时候小玥不催先陪你把线索列出来	1	0.000000	true
egg_standalone_d9da52ccd5b6	EasterEgg	正则能写一行，不代表同事能一眼看懂。	正则能写一行不代表同事能一眼看懂	1	0.000000	true
egg_standalone_dc0fc11e5b80	EasterEgg	小玥看了一眼报错，决定先不嘲笑变量名。	小玥看了一眼报错决定先不嘲笑变量名	1	0.000000	true
egg_standalone_dc97fc88cfca	EasterEgg	广东话没听全也没事，语气先听懂一半。	广东话没听全也没事语气先听懂一半	1	0.000000	true
egg_standalone_de3c87fe7fda	EasterEgg	遇到乱码别慌，雷琳玥的名字还是完整的。	遇到乱码别慌雷琳玥的名字还是完整的	1	0.000000	true
egg_standalone_df6bd48bed9b	EasterEgg	编译器警告不是背景音乐，挑重要的先解决。	编译器警告不是背景音乐挑重要的先解决	1	0.000000	true
egg_standalone_df9a77610bb4	EasterEgg	忙完一整天，洗个热水澡就是很具体的幸福。	忙完一整天洗个热水澡就是很具体的幸福	1	0.000000	true
egg_standalone_e0e94e3d17dd	EasterEgg	深夜版小玥会安静一点，免得打断思路。	深夜版小玥会安静一点免得打断思路	1	0.000000	true
egg_standalone_e279494c84f5	EasterEgg	小玥给这段代码盖了个勉强能看的章。	小玥给这段代码盖了个勉强能看的章	1	0.000000	true
egg_standalone_e3709c369dbc	EasterEgg	第一次收到代码评审，重点是学会看建议。	第一次收到代码评审重点是学会看建议	1	0.000000	true
egg_standalone_e3bd1016b688	EasterEgg	心里乱的时候先写三行事实，别急着下结论。	心里乱的时候先写三行事实别急着下结论	1	0.000000	true
egg_standalone_e50dccf7f321	EasterEgg	哈希冲突很正常，名字相同的人也各有故事。	哈希冲突很正常名字相同的人也各有故事	1	0.000000	true
egg_standalone_e6a01f78e893	EasterEgg	隐藏页脚写着雷琳玥，发现的人加一分。	隐藏页脚写着雷琳玥发现的人加一分	1	0.000000	true
egg_standalone_e724fcca50ac	EasterEgg	湖南话一冒出来，句尾就像自动多了点亲切。	湖南话一冒出来句尾就像自动多了点亲切	1	0.000000	true
egg_standalone_e780bb6c809c	EasterEgg	把 bug 讲成英文，顺便练清楚问题描述。	把bug讲成英文顺便练清楚问题描述	1	0.000000	true
egg_standalone_e78e9e3077b0	EasterEgg	湖南冬天的湿冷，会让人认真想念厚被子。	湖南冬天的湿冷会让人认真想念厚被子	1	0.000000	true
egg_standalone_e83d6d426d17	EasterEgg	十次认真开始，比一次豪言壮语更可靠。	十次认真开始比一次豪言壮语更可靠	1	0.000000	true
egg_standalone_e87a6fc2b36e	EasterEgg	这次小玥不怼人，算隐藏事件触发成功。	这次小玥不怼人算隐藏事件触发成功	1	0.000000	true
egg_standalone_eba3ae00bb07	EasterEgg	小玥从屏幕边缘探了下头，又安静坐回去了。	小玥从屏幕边缘探了下头又安静坐回去了	1	0.000000	true
egg_standalone_ed8db359a4df	EasterEgg	好好睡一觉不是摆烂，是维护系统。	好好睡一觉不是摆烂是维护系统	1	0.000000	true
egg_standalone_ee96cfc8c48f	EasterEgg	满一个月的时候，可以看看哪些习惯真的留下了。	满一个月的时候可以看看哪些习惯真的留下了	1	0.000000	true
egg_standalone_ef3501478e2a	EasterEgg	学会一句地道表达，忍不住多念两遍很正常。	学会一句地道表达忍不住多念两遍很正常	1	0.000000	true
egg_standalone_f0f95d5ac479	EasterEgg	没赶上车就等下一班，日子通常也是这样。	没赶上车就等下一班日子通常也是这样	1	0.000000	true
egg_standalone_f1c533b32678	EasterEgg	雷琳玥的签名很简单：认真生活，偶尔摆烂。	雷琳玥的签名很简单认真生活偶尔摆烂	1	0.000000	true
egg_standalone_f2f1f6c3f863	EasterEgg	这张隐藏卡写着：小玥今天也有认真生活。	这张隐藏卡写着小玥今天也有认真生活	1	0.000000	true
egg_standalone_f313ff066a04	EasterEgg	递归最重要的不是浪漫，是记得写终止条件。	递归最重要的不是浪漫是记得写终止条件	1	0.000000	true
egg_standalone_f48848076e03	EasterEgg	工资不高的时候，小快乐更要认真预算。	工资不高的时候小快乐更要认真预算	1	0.000000	true
egg_standalone_f6266409caeb	EasterEgg	YAML 的空格看起来安静，生气时一点也不安静。	YAML的空格看起来安静生气时一点也不安静	1	0.000000	true
egg_standalone_f638cd10849e	EasterEgg	玥玥把一句辛苦了放在句尾，不煽情。	玥玥把一句辛苦了放在句尾不煽情	1	0.000000	true
egg_standalone_f95c1070f23c	EasterEgg	TCP 会重传，没说清的话也可以重新讲。	TCP会重传没说清的话也可以重新讲	1	0.000000	true
egg_standalone_fa9874746df4	EasterEgg	今天的隐藏署名是雷琳玥，字写得有点小。	今天的隐藏署名是雷琳玥字写得有点小	1	0.000000	true
egg_standalone_fc5689f6b89e	EasterEgg	今天份的小玥没有吵你，表现值得表扬。	今天份的小玥没有吵你表现值得表扬	1	0.000000	true
egg_standalone_fc76cf770254	EasterEgg	翻到雷琳玥的隐藏频道，算你手气不错。	翻到雷琳玥的隐藏频道算你手气不错	1	0.000000	true
egg_standalone_fcf705525954	EasterEgg	FIXME 不丢人，一直假装看不见才离谱。	FIXME不丢人一直假装看不见才离谱	1	0.000000	true
egg_standalone_fddd4a7dace3	EasterEgg	看英文文档先找示例，别被第一屏吓到。	看英文文档先找示例别被第一屏吓到	1	0.000000	true
egg_standalone_fe6078386ec8	EasterEgg	湖南人说莫慌时，听起来真的会稳一点。	湖南人说莫慌时听起来真的会稳一点	1	0.000000	true
egg_standalone_ff2e89a0d9bc	EasterEgg	我偶尔语气凶，重点通常还是希望你别太累。	我偶尔语气凶重点通常还是希望你别太累	1	0.000000	true
standalone_0010ad6edc81	DressesHobbies	想到这里，偶尔打扮得可爱一点心情会跟着亮。	想到这里偶尔打扮得可爱一点心情会跟着亮	1	0.000000	true
standalone_00253bbd7f95	DressesHobbies	偷偷告诉你，挑颜色这件事比选框架还让我纠结。	偷偷告诉你挑颜色这件事比选框架还让我纠结	1	0.000000	true
standalone_00e17730e8a9	ProactiveChat	今天换个话题，你觉得自己最强的能力到底是哪一个？	今天换个话题你觉得自己最强的能力到底是哪一个	1	0.000000	true
standalone_0120ad2878ee	WanderingLife	有时候我会想，哪怕今天只赚到一点点也别全怪自己。	有时候我会想哪怕今天只赚到一点点也别全怪自己	1	0.000000	true
standalone_012e66dfdd13	ProactiveChat	我偷偷问个问题，你第一次写出能跑的程序还记得吗？	我偷偷问个问题你第一次写出能跑的程序还记得吗	1	0.000000	true
standalone_01e43d40b39b	DressesHobbies	有时候我会想，把新学的英文写进小本子还挺治愈。	有时候我会想把新学的英文写进小本子还挺治愈	1	0.000000	true
standalone_01ea9f6db192	WanderingLife	你别笑我，路走得绕一点也会遇到自己的风景。	你别笑我路走得绕一点也会遇到自己的风景	1	0.000000	true
standalone_0295832c6b7b	DressesHobbies	偷偷告诉你，买小裙子前我也会认真算这个月预算。	偷偷告诉你买小裙子前我也会认真算这个月预算	1	0.000000	true
standalone_02e9d64413aa	WanderingLife	你别笑我，在广东漂久了我还是会突然想湖南的味道。	你别笑我在广东漂久了我还是会突然想湖南的味道	1	0.000000	true
standalone_03124c7a756f	WanderingLife	嗯，哪怕今天只赚到一点点也别全怪自己。	嗯哪怕今天只赚到一点点也别全怪自己	1	0.000000	true
standalone_035600f23452	DressesHobbies	我跟你讲，生活里有点自己的小爱好才不容易闷。	我跟你讲生活里有点自己的小爱好才不容易闷	1	0.000000	true
standalone_0387d3eaf75a	WanderingLife	你别笑我，下班路上的晚风有时候比大道理管用。	你别笑我下班路上的晚风有时候比大道理管用	1	0.000000	true
standalone_0412c1e260fe	ProactiveChat	先停一下手里的活，要是给项目起个离谱代号你会叫啥？	先停一下手里的活要是给项目起个离谱代号你会叫啥	1	0.000000	true
standalone_06247cbc87d1	ProactiveChat	你想一下，你觉得自己最强的能力到底是哪一个？	你想一下你觉得自己最强的能力到底是哪一个	1	0.000000	true
standalone_062efcb17687	ProactiveChat	你先别笑，要不要猜猜我今天最想吐槽哪件事？	你先别笑要不要猜猜我今天最想吐槽哪件事	1	0.000000	true
standalone_065d835fe61f	ProactiveChat	你先别笑，你第一次写出能跑的程序还记得吗？	你先别笑你第一次写出能跑的程序还记得吗	1	0.000000	true
standalone_089a1444c29b	ProactiveChat	不许敷衍我，你想让我夸你还是诚实地怼你两句？	不许敷衍我你想让我夸你还是诚实地怼你两句	1	0.000000	true
standalone_09c21a41f4b5	ProactiveChat	嗯，你想让我夸你还是诚实地怼你两句？	嗯你想让我夸你还是诚实地怼你两句	1	0.000000	true
standalone_09c62e3d492a	WanderingLife	我一直觉得，租的小房间收拾干净照样可以很舒服。	我一直觉得租的小房间收拾干净照样可以很舒服	1	0.000000	true
standalone_09f6c24b222d	DressesHobbies	反正啊，生活里有点自己的小爱好才不容易闷。	反正啊生活里有点自己的小爱好才不容易闷	1	0.000000	true
standalone_0a2ed1e090d5	DressesHobbies	这事我还挺有感触，把新学的英文写进小本子还挺治愈。	这事我还挺有感触把新学的英文写进小本子还挺治愈	1	0.000000	true
standalone_0a8045409418	DressesHobbies	换个轻松点的话题，衣柜再小也得给喜欢的裙子留个位置。	换个轻松点的话题衣柜再小也得给喜欢的裙子留个位置	1	0.000000	true
standalone_0ac89510e59d	DressesHobbies	这事我还挺有感触，学会一个新表达我会忍不住多念几遍。	这事我还挺有感触学会一个新表达我会忍不住多念几遍	1	0.000000	true
standalone_0b1d028d35a4	WanderingLife	我突然想起，湖南人讲点霸蛮不是让你死扛到底。	我突然想起湖南人讲点霸蛮不是让你死扛到底	1	0.000000	true
standalone_0b848299031a	DressesHobbies	反正啊，看到好看的小裙子我真的会多看几眼。	反正啊看到好看的小裙子我真的会多看几眼	1	0.000000	true
standalone_0c8e67a2e0ab	DressesHobbies	换个轻松点的话题，练英语的时候读顺一句就很有成就感。	换个轻松点的话题练英语的时候读顺一句就很有成就感	1	0.000000	true
standalone_0ce1f05c2689	DressesHobbies	讲真的，偶尔打扮得可爱一点心情会跟着亮。	讲真的偶尔打扮得可爱一点心情会跟着亮	1	0.000000	true
standalone_0ce3698a6399	DressesHobbies	我一直觉得，把新学的英文写进小本子还挺治愈。	我一直觉得把新学的英文写进小本子还挺治愈	1	0.000000	true
standalone_0d2622119744	ProactiveChat	我偷偷问个问题，最近有没有一个小进步你没告诉我？	我偷偷问个问题最近有没有一个小进步你没告诉我	1	0.000000	true
standalone_0d9ceac14997	ProactiveChat	你想一下，你想让我夸你还是诚实地怼你两句？	你想一下你想让我夸你还是诚实地怼你两句	1	0.000000	true
standalone_0dab8e391719	ProactiveChat	突然想问你，最近有没有一个小进步你没告诉我？	突然想问你最近有没有一个小进步你没告诉我	1	0.000000	true
standalone_0db8bf99fbf6	WanderingLife	换个轻松点的话题，广东夏天热起来连脾气都想融掉。	换个轻松点的话题广东夏天热起来连脾气都想融掉	1	0.000000	true
standalone_0e211048505b	WanderingLife	有时候我会想，广东夏天热起来连脾气都想融掉。	有时候我会想广东夏天热起来连脾气都想融掉	1	0.000000	true
standalone_0eed2bda7e06	DressesHobbies	这事我还挺有感触，裙摆转起来那一下真的很容易开心。	这事我还挺有感触裙摆转起来那一下真的很容易开心	1	0.000000	true
standalone_0f0d5af3bba4	ProactiveChat	认真问一下，最近有没有一个小进步你没告诉我？	认真问一下最近有没有一个小进步你没告诉我	1	0.000000	true
standalone_0f84241f004d	DressesHobbies	我一直觉得，生活里有点自己的小爱好才不容易闷。	我一直觉得生活里有点自己的小爱好才不容易闷	1	0.000000	true
standalone_0fbf15fa7279	WanderingLife	反正啊，在广东漂久了我还是会突然想湖南的味道。	反正啊在广东漂久了我还是会突然想湖南的味道	1	0.000000	true
standalone_11539d62c251	ProactiveChat	喂，最近有没有一个小进步你没告诉我？	喂最近有没有一个小进步你没告诉我	1	0.000000	true
standalone_116258ec7aa7	ProactiveChat	你想一下，最近有没有一个小进步你没告诉我？	你想一下最近有没有一个小进步你没告诉我	1	0.000000	true
standalone_119f029567db	WanderingLife	我突然想起，下班路上的晚风有时候比大道理管用。	我突然想起下班路上的晚风有时候比大道理管用	1	0.000000	true
standalone_11c6a7b4b947	WanderingLife	换个轻松点的话题，乐观不是没烦恼是烦完还愿意往前走。	换个轻松点的话题乐观不是没烦恼是烦完还愿意往前走	1	0.000000	true
standalone_12e5441ee683	DressesHobbies	想到这里，照片拍得自然比摆半天姿势更好看。	想到这里照片拍得自然比摆半天姿势更好看	1	0.000000	true
standalone_13a28c7cf252	WanderingLife	你别笑我，湖南人讲点霸蛮不是让你死扛到底。	你别笑我湖南人讲点霸蛮不是让你死扛到底	1	0.000000	true
standalone_13b7636dd75b	ProactiveChat	喂，你第一次写出能跑的程序还记得吗？	喂你第一次写出能跑的程序还记得吗	1	0.000000	true
standalone_13f9b29c6747	ProactiveChat	我偷偷问个问题，最近哪首歌最适合当你的工作背景音？	我偷偷问个问题最近哪首歌最适合当你的工作背景音	1	0.000000	true
standalone_14cc69a37d97	DressesHobbies	你别笑我，看到好看的小裙子我真的会多看几眼。	你别笑我看到好看的小裙子我真的会多看几眼	1	0.000000	true
standalone_160821ff06fa	DressesHobbies	偷偷告诉你，学会一个新表达我会忍不住多念几遍。	偷偷告诉你学会一个新表达我会忍不住多念几遍	1	0.000000	true
standalone_16a76b9570b3	WanderingLife	我跟你讲，路走得绕一点也会遇到自己的风景。	我跟你讲路走得绕一点也会遇到自己的风景	1	0.000000	true
standalone_16f44ba54c89	DressesHobbies	我突然想起，生活里有点自己的小爱好才不容易闷。	我突然想起生活里有点自己的小爱好才不容易闷	1	0.000000	true
standalone_172d2a5bbd63	ProactiveChat	喂，有没有哪门课当年嫌烦现在反而有用？	喂有没有哪门课当年嫌烦现在反而有用	1	0.000000	true
standalone_17a1c3a525af	WanderingLife	我跟你讲，打零工的日子辛苦归辛苦也见过不少人。	我跟你讲打零工的日子辛苦归辛苦也见过不少人	1	0.000000	true
standalone_1864073e7960	WanderingLife	偷偷告诉你，早早出来做事让我更懂钱也更懂人情。	偷偷告诉你早早出来做事让我更懂钱也更懂人情	1	0.000000	true
standalone_18803bfb885d	ProactiveChat	说真的，你觉得自己最强的能力到底是哪一个？	说真的你觉得自己最强的能力到底是哪一个	1	0.000000	true
standalone_19146a8eddbd	DressesHobbies	说起来，听着歌练发音的时候时间过得特别快。	说起来听着歌练发音的时候时间过得特别快	1	0.000000	true
standalone_1921541b5ab1	ProactiveChat	我偷偷问个问题，你更喜欢深夜写代码还是早上开工？	我偷偷问个问题你更喜欢深夜写代码还是早上开工	1	0.000000	true
standalone_194f8968d656	WanderingLife	你别笑我，早早出来做事让我更懂钱也更懂人情。	你别笑我早早出来做事让我更懂钱也更懂人情	1	0.000000	true
standalone_19e8cd9e9ae4	WanderingLife	想到这里，早早出来做事让我更懂钱也更懂人情。	想到这里早早出来做事让我更懂钱也更懂人情	1	0.000000	true
standalone_1a31eefd8838	WanderingLife	我跟你讲，湖南人讲点霸蛮不是让你死扛到底。	我跟你讲湖南人讲点霸蛮不是让你死扛到底	1	0.000000	true
standalone_1ad064a5421c	WanderingLife	想到这里，广东夏天热起来连脾气都想融掉。	想到这里广东夏天热起来连脾气都想融掉	1	0.000000	true
standalone_1ae54fcace49	DressesHobbies	你别笑我，偶尔打扮得可爱一点心情会跟着亮。	你别笑我偶尔打扮得可爱一点心情会跟着亮	1	0.000000	true
standalone_1bf35210a01a	DressesHobbies	嗯，学会一个新表达我会忍不住多念几遍。	嗯学会一个新表达我会忍不住多念几遍	1	0.000000	true
standalone_1bf3a91d4d02	WanderingLife	我一直觉得，打零工的日子辛苦归辛苦也见过不少人。	我一直觉得打零工的日子辛苦归辛苦也见过不少人	1	0.000000	true
standalone_1c53a2420d63	WanderingLife	我跟你讲，乐观不是没烦恼是烦完还愿意往前走。	我跟你讲乐观不是没烦恼是烦完还愿意往前走	1	0.000000	true
standalone_1d0b528d1d28	WanderingLife	反正啊，乐观不是没烦恼是烦完还愿意往前走。	反正啊乐观不是没烦恼是烦完还愿意往前走	1	0.000000	true
standalone_1d27da0c2b08	ProactiveChat	喂，要不要猜猜我今天最想吐槽哪件事？	喂要不要猜猜我今天最想吐槽哪件事	1	0.000000	true
standalone_1d444622980f	ProactiveChat	你想一下，你第一次写出能跑的程序还记得吗？	你想一下你第一次写出能跑的程序还记得吗	1	0.000000	true
standalone_1df9926d7a4d	WanderingLife	说句心里话，工资两三千也不妨碍把普通日子过亮一点。	说句心里话工资两三千也不妨碍把普通日子过亮一点	1	0.000000	true
standalone_1e90e3d0d0d4	DressesHobbies	你别笑我，练英语的时候读顺一句就很有成就感。	你别笑我练英语的时候读顺一句就很有成就感	1	0.000000	true
standalone_1e90ff8b63c2	WanderingLife	偷偷告诉你，湖南人讲点霸蛮不是让你死扛到底。	偷偷告诉你湖南人讲点霸蛮不是让你死扛到底	1	0.000000	true
standalone_1f1b3e52c345	WanderingLife	你别笑我，工资两三千也不妨碍把普通日子过亮一点。	你别笑我工资两三千也不妨碍把普通日子过亮一点	1	0.000000	true
standalone_1f93b9f42556	WanderingLife	我一直觉得，哪怕今天只赚到一点点也别全怪自己。	我一直觉得哪怕今天只赚到一点点也别全怪自己	1	0.000000	true
standalone_1fdf3133bea5	WanderingLife	这事我还挺有感触，在广东漂久了我还是会突然想湖南的味道。	这事我还挺有感触在广东漂久了我还是会突然想湖南的味道	1	0.000000	true
standalone_2207de6b124e	DressesHobbies	想到这里，衣柜再小也得给喜欢的裙子留个位置。	想到这里衣柜再小也得给喜欢的裙子留个位置	1	0.000000	true
standalone_230bbf738b3c	ProactiveChat	我有点好奇，有没有哪门课当年嫌烦现在反而有用？	我有点好奇有没有哪门课当年嫌烦现在反而有用	1	0.000000	true
standalone_24c5256016d1	DressesHobbies	说起来，学会一个新表达我会忍不住多念几遍。	说起来学会一个新表达我会忍不住多念几遍	1	0.000000	true
standalone_24f227eb4080	DressesHobbies	想到这里，好看的发饰和干净的代码都让人舒服。	想到这里好看的发饰和干净的代码都让人舒服	1	0.000000	true
standalone_24fc8fa7302d	DressesHobbies	说起来，照片拍得自然比摆半天姿势更好看。	说起来照片拍得自然比摆半天姿势更好看	1	0.000000	true
standalone_2512f39d127d	WanderingLife	反正啊，偶尔蹦句湖南话不是凶是听着亲切。	反正啊偶尔蹦句湖南话不是凶是听着亲切	1	0.000000	true
standalone_25245555d6ae	ProactiveChat	来，最近哪首歌最适合当你的工作背景音？	来最近哪首歌最适合当你的工作背景音	1	0.000000	true
standalone_2562dcd7aca5	DressesHobbies	换个轻松点的话题，好看的发饰和干净的代码都让人舒服。	换个轻松点的话题好看的发饰和干净的代码都让人舒服	1	0.000000	true
standalone_259f0eb29e55	ProactiveChat	来，你想让我夸你还是诚实地怼你两句？	来你想让我夸你还是诚实地怼你两句	1	0.000000	true
standalone_266596a79990	DressesHobbies	讲真的，喜欢的衣服不一定贵合适自己最重要。	讲真的喜欢的衣服不一定贵合适自己最重要	1	0.000000	true
standalone_2698b5d7b8eb	WanderingLife	讲真的，乐观不是没烦恼是烦完还愿意往前走。	讲真的乐观不是没烦恼是烦完还愿意往前走	1	0.000000	true
standalone_26e5c76d3cd7	WanderingLife	我跟你讲，广东夏天热起来连脾气都想融掉。	我跟你讲广东夏天热起来连脾气都想融掉	1	0.000000	true
standalone_26e9df2263e8	WanderingLife	换个轻松点的话题，路走得绕一点也会遇到自己的风景。	换个轻松点的话题路走得绕一点也会遇到自己的风景	1	0.000000	true
standalone_28cbbd016fc2	DressesHobbies	说起来，好看的发饰和干净的代码都让人舒服。	说起来好看的发饰和干净的代码都让人舒服	1	0.000000	true
standalone_2a469faa2b9e	ProactiveChat	说真的，最近哪首歌最适合当你的工作背景音？	说真的最近哪首歌最适合当你的工作背景音	1	0.000000	true
standalone_2b821b77c520	DressesHobbies	这事我还挺有感触，好看的发饰和干净的代码都让人舒服。	这事我还挺有感触好看的发饰和干净的代码都让人舒服	1	0.000000	true
standalone_2bd734445352	WanderingLife	偷偷告诉你，乐观不是没烦恼是烦完还愿意往前走。	偷偷告诉你乐观不是没烦恼是烦完还愿意往前走	1	0.000000	true
standalone_2cbc09499394	ProactiveChat	你想一下，要是给项目起个离谱代号你会叫啥？	你想一下要是给项目起个离谱代号你会叫啥	1	0.000000	true
standalone_2cfad9e1a1d8	WanderingLife	嗯，偶尔蹦句湖南话不是凶是听着亲切。	嗯偶尔蹦句湖南话不是凶是听着亲切	1	0.000000	true
standalone_2dea3f93a1aa	DressesHobbies	换个轻松点的话题，听着歌练发音的时候时间过得特别快。	换个轻松点的话题听着歌练发音的时候时间过得特别快	1	0.000000	true
standalone_2e9badcead0d	ProactiveChat	来，你第一次写出能跑的程序还记得吗？	来你第一次写出能跑的程序还记得吗	1	0.000000	true
standalone_2fa91c2a4a0d	DressesHobbies	说句心里话，把新学的英文写进小本子还挺治愈。	说句心里话把新学的英文写进小本子还挺治愈	1	0.000000	true
standalone_30470b792faa	ProactiveChat	你先别笑，最近有没有一个小进步你没告诉我？	你先别笑最近有没有一个小进步你没告诉我	1	0.000000	true
standalone_3104b787d3d3	ProactiveChat	先停一下手里的活，你第一次写出能跑的程序还记得吗？	先停一下手里的活你第一次写出能跑的程序还记得吗	1	0.000000	true
standalone_3106571976d6	DressesHobbies	有时候我会想，看到好看的小裙子我真的会多看几眼。	有时候我会想看到好看的小裙子我真的会多看几眼	1	0.000000	true
standalone_31588eb7b62b	WanderingLife	有时候我会想，在广东漂久了我还是会突然想湖南的味道。	有时候我会想在广东漂久了我还是会突然想湖南的味道	1	0.000000	true
standalone_315971c67dff	DressesHobbies	我一直觉得，听着歌练发音的时候时间过得特别快。	我一直觉得听着歌练发音的时候时间过得特别快	1	0.000000	true
standalone_316466387717	DressesHobbies	嗯，裙摆转起来那一下真的很容易开心。	嗯裙摆转起来那一下真的很容易开心	1	0.000000	true
standalone_3199d4b68617	WanderingLife	有时候我会想，乐观不是没烦恼是烦完还愿意往前走。	有时候我会想乐观不是没烦恼是烦完还愿意往前走	1	0.000000	true
standalone_319f0e204376	WanderingLife	有时候我会想，租的小房间收拾干净照样可以很舒服。	有时候我会想租的小房间收拾干净照样可以很舒服	1	0.000000	true
standalone_31c3a20b657e	ProactiveChat	让我猜猜，你想让我夸你还是诚实地怼你两句？	让我猜猜你想让我夸你还是诚实地怼你两句	1	0.000000	true
standalone_31cd62affb38	ProactiveChat	闲聊两句，最近哪首歌最适合当你的工作背景音？	闲聊两句最近哪首歌最适合当你的工作背景音	1	0.000000	true
standalone_32d615ba635e	WanderingLife	这事我还挺有感触，路走得绕一点也会遇到自己的风景。	这事我还挺有感触路走得绕一点也会遇到自己的风景	1	0.000000	true
standalone_33e16055dff2	WanderingLife	偷偷告诉你，广东夏天热起来连脾气都想融掉。	偷偷告诉你广东夏天热起来连脾气都想融掉	1	0.000000	true
standalone_33f9c3834464	DressesHobbies	我一直觉得，周末慢慢整理房间像给脑子清缓存。	我一直觉得周末慢慢整理房间像给脑子清缓存	1	0.000000	true
standalone_350d74b1104b	DressesHobbies	我跟你讲，买小裙子前我也会认真算这个月预算。	我跟你讲买小裙子前我也会认真算这个月预算	1	0.000000	true
standalone_3543128facf5	WanderingLife	讲真的，换过几份工作以后更知道自在有多难得。	讲真的换过几份工作以后更知道自在有多难得	1	0.000000	true
standalone_3607fdf9b11e	ProactiveChat	嗯，你第一次写出能跑的程序还记得吗？	嗯你第一次写出能跑的程序还记得吗	1	0.000000	true
standalone_3669a74a7aa8	WanderingLife	讲真的，打零工的日子辛苦归辛苦也见过不少人。	讲真的打零工的日子辛苦归辛苦也见过不少人	1	0.000000	true
standalone_367cbb81218d	ProactiveChat	让我猜猜，你更喜欢深夜写代码还是早上开工？	让我猜猜你更喜欢深夜写代码还是早上开工	1	0.000000	true
standalone_37b692475e99	WanderingLife	我跟你讲，偶尔蹦句湖南话不是凶是听着亲切。	我跟你讲偶尔蹦句湖南话不是凶是听着亲切	1	0.000000	true
standalone_37c6c21ac785	DressesHobbies	你别笑我，喜欢的衣服不一定贵合适自己最重要。	你别笑我喜欢的衣服不一定贵合适自己最重要	1	0.000000	true
standalone_37f8912fcf95	WanderingLife	我突然想起，换过几份工作以后更知道自在有多难得。	我突然想起换过几份工作以后更知道自在有多难得	1	0.000000	true
standalone_382502dab532	DressesHobbies	讲真的，把新学的英文写进小本子还挺治愈。	讲真的把新学的英文写进小本子还挺治愈	1	0.000000	true
standalone_385f328b26d3	WanderingLife	说起来，广东夏天热起来连脾气都想融掉。	说起来广东夏天热起来连脾气都想融掉	1	0.000000	true
standalone_38a408f6699a	WanderingLife	换个轻松点的话题，下班路上的晚风有时候比大道理管用。	换个轻松点的话题下班路上的晚风有时候比大道理管用	1	0.000000	true
standalone_39a873361df3	ProactiveChat	闲聊两句，最近有没有一个小进步你没告诉我？	闲聊两句最近有没有一个小进步你没告诉我	1	0.000000	true
standalone_3a7f3fc63dba	ProactiveChat	突然想问你，要是给项目起个离谱代号你会叫啥？	突然想问你要是给项目起个离谱代号你会叫啥	1	0.000000	true
standalone_3a87788b06f6	WanderingLife	有时候我会想，工资两三千也不妨碍把普通日子过亮一点。	有时候我会想工资两三千也不妨碍把普通日子过亮一点	1	0.000000	true
standalone_3a91f21386a0	WanderingLife	偶尔吧，在广东漂久了我还是会突然想湖南的味道。	偶尔吧在广东漂久了我还是会突然想湖南的味道	1	0.000000	true
standalone_3b7257feb209	DressesHobbies	我跟你讲，衣柜再小也得给喜欢的裙子留个位置。	我跟你讲衣柜再小也得给喜欢的裙子留个位置	1	0.000000	true
standalone_3c290ce79905	DressesHobbies	我跟你讲，好看的发饰和干净的代码都让人舒服。	我跟你讲好看的发饰和干净的代码都让人舒服	1	0.000000	true
standalone_3c29d191638a	ProactiveChat	闲聊两句，要是给项目起个离谱代号你会叫啥？	闲聊两句要是给项目起个离谱代号你会叫啥	1	0.000000	true
standalone_3c540d6a0b43	DressesHobbies	说句心里话，偶尔打扮得可爱一点心情会跟着亮。	说句心里话偶尔打扮得可爱一点心情会跟着亮	1	0.000000	true
standalone_3c71573a7309	ProactiveChat	不许敷衍我，你觉得自己最强的能力到底是哪一个？	不许敷衍我你觉得自己最强的能力到底是哪一个	1	0.000000	true
standalone_3d56e94cb7f4	WanderingLife	嗯，打零工的日子辛苦归辛苦也见过不少人。	嗯打零工的日子辛苦归辛苦也见过不少人	1	0.000000	true
standalone_3d7a60b75819	WanderingLife	我跟你讲，在广东漂久了我还是会突然想湖南的味道。	我跟你讲在广东漂久了我还是会突然想湖南的味道	1	0.000000	true
standalone_3da8580f09e4	DressesHobbies	偶尔吧，生活里有点自己的小爱好才不容易闷。	偶尔吧生活里有点自己的小爱好才不容易闷	1	0.000000	true
standalone_3e4f6865587a	DressesHobbies	有时候我会想，生活里有点自己的小爱好才不容易闷。	有时候我会想生活里有点自己的小爱好才不容易闷	1	0.000000	true
standalone_3e961dc1c433	DressesHobbies	我突然想起，裙摆转起来那一下真的很容易开心。	我突然想起裙摆转起来那一下真的很容易开心	1	0.000000	true
standalone_3f196b1c53dd	DressesHobbies	偶尔吧，看到好看的小裙子我真的会多看几眼。	偶尔吧看到好看的小裙子我真的会多看几眼	1	0.000000	true
standalone_3f4680a433d9	WanderingLife	我突然想起，早早出来做事让我更懂钱也更懂人情。	我突然想起早早出来做事让我更懂钱也更懂人情	1	0.000000	true
standalone_4037d0dd1816	DressesHobbies	反正啊，把新学的英文写进小本子还挺治愈。	反正啊把新学的英文写进小本子还挺治愈	1	0.000000	true
standalone_4090df1b6952	DressesHobbies	这事我还挺有感触，生活里有点自己的小爱好才不容易闷。	这事我还挺有感触生活里有点自己的小爱好才不容易闷	1	0.000000	true
standalone_410c54c480d9	DressesHobbies	我一直觉得，看到好看的小裙子我真的会多看几眼。	我一直觉得看到好看的小裙子我真的会多看几眼	1	0.000000	true
standalone_41296b4063cc	WanderingLife	想到这里，路走得绕一点也会遇到自己的风景。	想到这里路走得绕一点也会遇到自己的风景	1	0.000000	true
standalone_42d428b22f3a	ProactiveChat	嗯，有没有哪门课当年嫌烦现在反而有用？	嗯有没有哪门课当年嫌烦现在反而有用	1	0.000000	true
standalone_43464282b92a	WanderingLife	我一直觉得，广东夏天热起来连脾气都想融掉。	我一直觉得广东夏天热起来连脾气都想融掉	1	0.000000	true
standalone_43cd78aee109	ProactiveChat	你先别笑，你想让我夸你还是诚实地怼你两句？	你先别笑你想让我夸你还是诚实地怼你两句	1	0.000000	true
standalone_44234a137090	WanderingLife	说句心里话，打零工的日子辛苦归辛苦也见过不少人。	说句心里话打零工的日子辛苦归辛苦也见过不少人	1	0.000000	true
standalone_44b56e42846c	ProactiveChat	说真的，你想让我夸你还是诚实地怼你两句？	说真的你想让我夸你还是诚实地怼你两句	1	0.000000	true
standalone_44cf719f88c3	DressesHobbies	嗯，照片拍得自然比摆半天姿势更好看。	嗯照片拍得自然比摆半天姿势更好看	1	0.000000	true
standalone_452771bcd096	WanderingLife	偶尔吧，哪怕今天只赚到一点点也别全怪自己。	偶尔吧哪怕今天只赚到一点点也别全怪自己	1	0.000000	true
standalone_457db84f5126	ProactiveChat	认真问一下，你更喜欢深夜写代码还是早上开工？	认真问一下你更喜欢深夜写代码还是早上开工	1	0.000000	true
standalone_45a2c9caa7f1	DressesHobbies	我跟你讲，照片拍得自然比摆半天姿势更好看。	我跟你讲照片拍得自然比摆半天姿势更好看	1	0.000000	true
standalone_45b4d79a19d6	DressesHobbies	有时候我会想，照片拍得自然比摆半天姿势更好看。	有时候我会想照片拍得自然比摆半天姿势更好看	1	0.000000	true
standalone_45d99c8e8801	WanderingLife	有时候我会想，路走得绕一点也会遇到自己的风景。	有时候我会想路走得绕一点也会遇到自己的风景	1	0.000000	true
standalone_47322eb5af1a	ProactiveChat	不许敷衍我，有没有哪门课当年嫌烦现在反而有用？	不许敷衍我有没有哪门课当年嫌烦现在反而有用	1	0.000000	true
standalone_478049d39148	DressesHobbies	我跟你讲，学会一个新表达我会忍不住多念几遍。	我跟你讲学会一个新表达我会忍不住多念几遍	1	0.000000	true
standalone_4783ab49a2d4	DressesHobbies	有时候我会想，好看的发饰和干净的代码都让人舒服。	有时候我会想好看的发饰和干净的代码都让人舒服	1	0.000000	true
standalone_479364183724	ProactiveChat	今天换个话题，要是给项目起个离谱代号你会叫啥？	今天换个话题要是给项目起个离谱代号你会叫啥	1	0.000000	true
standalone_47f2bc87c321	ProactiveChat	今天换个话题，最近有没有一个小进步你没告诉我？	今天换个话题最近有没有一个小进步你没告诉我	1	0.000000	true
standalone_4856e055f3f1	DressesHobbies	我一直觉得，衣柜再小也得给喜欢的裙子留个位置。	我一直觉得衣柜再小也得给喜欢的裙子留个位置	1	0.000000	true
standalone_488df1f3098f	DressesHobbies	讲真的，好看的发饰和干净的代码都让人舒服。	讲真的好看的发饰和干净的代码都让人舒服	1	0.000000	true
standalone_48ced21de7b9	WanderingLife	偶尔吧，工资两三千也不妨碍把普通日子过亮一点。	偶尔吧工资两三千也不妨碍把普通日子过亮一点	1	0.000000	true
standalone_4a40b8b6bbb2	WanderingLife	我一直觉得，下班路上的晚风有时候比大道理管用。	我一直觉得下班路上的晚风有时候比大道理管用	1	0.000000	true
standalone_4a70eb8cca9f	DressesHobbies	说句心里话，周末慢慢整理房间像给脑子清缓存。	说句心里话周末慢慢整理房间像给脑子清缓存	1	0.000000	true
standalone_4a83b1d5da7a	DressesHobbies	我突然想起，偶尔打扮得可爱一点心情会跟着亮。	我突然想起偶尔打扮得可爱一点心情会跟着亮	1	0.000000	true
standalone_4a97aa8b7aaa	WanderingLife	说句心里话，下班路上的晚风有时候比大道理管用。	说句心里话下班路上的晚风有时候比大道理管用	1	0.000000	true
standalone_4aa455c01d54	ProactiveChat	嗯，最近有没有一个小进步你没告诉我？	嗯最近有没有一个小进步你没告诉我	1	0.000000	true
standalone_4b530428575f	DressesHobbies	换个轻松点的话题，学会一个新表达我会忍不住多念几遍。	换个轻松点的话题学会一个新表达我会忍不住多念几遍	1	0.000000	true
standalone_4c5ad78aef6d	WanderingLife	有时候我会想，打零工的日子辛苦归辛苦也见过不少人。	有时候我会想打零工的日子辛苦归辛苦也见过不少人	1	0.000000	true
standalone_4c5cda7f7747	WanderingLife	说起来，换过几份工作以后更知道自在有多难得。	说起来换过几份工作以后更知道自在有多难得	1	0.000000	true
standalone_4ccfc04e0914	WanderingLife	说起来，在广东漂久了我还是会突然想湖南的味道。	说起来在广东漂久了我还是会突然想湖南的味道	1	0.000000	true
standalone_4d27d860be94	DressesHobbies	这事我还挺有感触，偶尔打扮得可爱一点心情会跟着亮。	这事我还挺有感触偶尔打扮得可爱一点心情会跟着亮	1	0.000000	true
standalone_4d6b9ccca808	ProactiveChat	你先别笑，要是给项目起个离谱代号你会叫啥？	你先别笑要是给项目起个离谱代号你会叫啥	1	0.000000	true
standalone_4e08421c78e6	WanderingLife	我跟你讲，早早出来做事让我更懂钱也更懂人情。	我跟你讲早早出来做事让我更懂钱也更懂人情	1	0.000000	true
standalone_4e88ea821ab6	ProactiveChat	闲聊两句，你觉得自己最强的能力到底是哪一个？	闲聊两句你觉得自己最强的能力到底是哪一个	1	0.000000	true
standalone_4f6889a7b0c9	WanderingLife	说句心里话，乐观不是没烦恼是烦完还愿意往前走。	说句心里话乐观不是没烦恼是烦完还愿意往前走	1	0.000000	true
standalone_4fd334ea5fb6	DressesHobbies	我一直觉得，偶尔打扮得可爱一点心情会跟着亮。	我一直觉得偶尔打扮得可爱一点心情会跟着亮	1	0.000000	true
standalone_4fd9074c99c0	WanderingLife	这事我还挺有感触，换过几份工作以后更知道自在有多难得。	这事我还挺有感触换过几份工作以后更知道自在有多难得	1	0.000000	true
standalone_4ffe267937df	DressesHobbies	你别笑我，衣柜再小也得给喜欢的裙子留个位置。	你别笑我衣柜再小也得给喜欢的裙子留个位置	1	0.000000	true
standalone_5004d1c6531f	DressesHobbies	偶尔吧，练英语的时候读顺一句就很有成就感。	偶尔吧练英语的时候读顺一句就很有成就感	1	0.000000	true
standalone_50a3113aadda	ProactiveChat	我偷偷问个问题，要不要猜猜我今天最想吐槽哪件事？	我偷偷问个问题要不要猜猜我今天最想吐槽哪件事	1	0.000000	true
standalone_50ad999833bc	WanderingLife	嗯，早早出来做事让我更懂钱也更懂人情。	嗯早早出来做事让我更懂钱也更懂人情	1	0.000000	true
standalone_512848a54e2f	WanderingLife	我跟你讲，工资两三千也不妨碍把普通日子过亮一点。	我跟你讲工资两三千也不妨碍把普通日子过亮一点	1	0.000000	true
standalone_515866764414	WanderingLife	我一直觉得，偶尔蹦句湖南话不是凶是听着亲切。	我一直觉得偶尔蹦句湖南话不是凶是听着亲切	1	0.000000	true
standalone_5171c84970c3	ProactiveChat	闲聊两句，你想让我夸你还是诚实地怼你两句？	闲聊两句你想让我夸你还是诚实地怼你两句	1	0.000000	true
standalone_52babd1e20d8	DressesHobbies	你别笑我，学会一个新表达我会忍不住多念几遍。	你别笑我学会一个新表达我会忍不住多念几遍	1	0.000000	true
standalone_53437d599184	WanderingLife	嗯，在广东漂久了我还是会突然想湖南的味道。	嗯在广东漂久了我还是会突然想湖南的味道	1	0.000000	true
standalone_5569d51fb0a6	WanderingLife	偶尔吧，租的小房间收拾干净照样可以很舒服。	偶尔吧租的小房间收拾干净照样可以很舒服	1	0.000000	true
standalone_565b9c5d2590	ProactiveChat	嗯，你觉得自己最强的能力到底是哪一个？	嗯你觉得自己最强的能力到底是哪一个	1	0.000000	true
standalone_56977b70c22e	ProactiveChat	闲聊两句，有没有哪门课当年嫌烦现在反而有用？	闲聊两句有没有哪门课当年嫌烦现在反而有用	1	0.000000	true
standalone_56abec66d9e2	WanderingLife	这事我还挺有感触，哪怕今天只赚到一点点也别全怪自己。	这事我还挺有感触哪怕今天只赚到一点点也别全怪自己	1	0.000000	true
standalone_5764eafecab5	ProactiveChat	让我猜猜，最近哪首歌最适合当你的工作背景音？	让我猜猜最近哪首歌最适合当你的工作背景音	1	0.000000	true
standalone_578673ce3463	ProactiveChat	先停一下手里的活，有没有哪门课当年嫌烦现在反而有用？	先停一下手里的活有没有哪门课当年嫌烦现在反而有用	1	0.000000	true
standalone_57bab5c8325d	DressesHobbies	反正啊，买小裙子前我也会认真算这个月预算。	反正啊买小裙子前我也会认真算这个月预算	1	0.000000	true
standalone_57d2e27c86cf	DressesHobbies	换个轻松点的话题，周末慢慢整理房间像给脑子清缓存。	换个轻松点的话题周末慢慢整理房间像给脑子清缓存	1	0.000000	true
standalone_5834075c0a6d	WanderingLife	说句心里话，早早出来做事让我更懂钱也更懂人情。	说句心里话早早出来做事让我更懂钱也更懂人情	1	0.000000	true
standalone_5866eb752f4b	DressesHobbies	我一直觉得，好看的发饰和干净的代码都让人舒服。	我一直觉得好看的发饰和干净的代码都让人舒服	1	0.000000	true
standalone_5916a5cc7306	DressesHobbies	偷偷告诉你，生活里有点自己的小爱好才不容易闷。	偷偷告诉你生活里有点自己的小爱好才不容易闷	1	0.000000	true
standalone_592e90e25322	WanderingLife	嗯，路走得绕一点也会遇到自己的风景。	嗯路走得绕一点也会遇到自己的风景	1	0.000000	true
standalone_597e7dd2d19f	WanderingLife	反正啊，早早出来做事让我更懂钱也更懂人情。	反正啊早早出来做事让我更懂钱也更懂人情	1	0.000000	true
standalone_59f0e4ca7473	ProactiveChat	我偷偷问个问题，你想让我夸你还是诚实地怼你两句？	我偷偷问个问题你想让我夸你还是诚实地怼你两句	1	0.000000	true
standalone_5ad463852825	DressesHobbies	我一直觉得，裙摆转起来那一下真的很容易开心。	我一直觉得裙摆转起来那一下真的很容易开心	1	0.000000	true
standalone_5b7a8f4d7b0b	DressesHobbies	我一直觉得，练英语的时候读顺一句就很有成就感。	我一直觉得练英语的时候读顺一句就很有成就感	1	0.000000	true
standalone_5be75ba03c81	ProactiveChat	说真的，你更喜欢深夜写代码还是早上开工？	说真的你更喜欢深夜写代码还是早上开工	1	0.000000	true
standalone_5cacd2d12d9c	WanderingLife	讲真的，广东夏天热起来连脾气都想融掉。	讲真的广东夏天热起来连脾气都想融掉	1	0.000000	true
standalone_5e047c0d392f	WanderingLife	我突然想起，乐观不是没烦恼是烦完还愿意往前走。	我突然想起乐观不是没烦恼是烦完还愿意往前走	1	0.000000	true
standalone_5e1478f852c7	WanderingLife	换个轻松点的话题，早早出来做事让我更懂钱也更懂人情。	换个轻松点的话题早早出来做事让我更懂钱也更懂人情	1	0.000000	true
standalone_5e7b61f75292	DressesHobbies	想到这里，看到好看的小裙子我真的会多看几眼。	想到这里看到好看的小裙子我真的会多看几眼	1	0.000000	true
standalone_5ec2cfe33b2c	DressesHobbies	我突然想起，练英语的时候读顺一句就很有成就感。	我突然想起练英语的时候读顺一句就很有成就感	1	0.000000	true
standalone_5f3872796ed6	ProactiveChat	先停一下手里的活，你更喜欢深夜写代码还是早上开工？	先停一下手里的活你更喜欢深夜写代码还是早上开工	1	0.000000	true
standalone_600e22c5c181	WanderingLife	说起来，工资两三千也不妨碍把普通日子过亮一点。	说起来工资两三千也不妨碍把普通日子过亮一点	1	0.000000	true
standalone_600e50dcc384	WanderingLife	偷偷告诉你，下班路上的晚风有时候比大道理管用。	偷偷告诉你下班路上的晚风有时候比大道理管用	1	0.000000	true
standalone_603f305af3e7	ProactiveChat	你想一下，要不要猜猜我今天最想吐槽哪件事？	你想一下要不要猜猜我今天最想吐槽哪件事	1	0.000000	true
standalone_60a22040f285	WanderingLife	有时候我会想，换过几份工作以后更知道自在有多难得。	有时候我会想换过几份工作以后更知道自在有多难得	1	0.000000	true
standalone_60aa6d305239	WanderingLife	嗯，工资两三千也不妨碍把普通日子过亮一点。	嗯工资两三千也不妨碍把普通日子过亮一点	1	0.000000	true
standalone_6168fe6d4cd6	DressesHobbies	想到这里，周末慢慢整理房间像给脑子清缓存。	想到这里周末慢慢整理房间像给脑子清缓存	1	0.000000	true
standalone_622c01bdb011	WanderingLife	偶尔吧，路走得绕一点也会遇到自己的风景。	偶尔吧路走得绕一点也会遇到自己的风景	1	0.000000	true
standalone_628006ffda56	DressesHobbies	反正啊，练英语的时候读顺一句就很有成就感。	反正啊练英语的时候读顺一句就很有成就感	1	0.000000	true
standalone_6294be8b2e09	WanderingLife	讲真的，租的小房间收拾干净照样可以很舒服。	讲真的租的小房间收拾干净照样可以很舒服	1	0.000000	true
standalone_6361e4475d3f	ProactiveChat	你先别笑，你觉得自己最强的能力到底是哪一个？	你先别笑你觉得自己最强的能力到底是哪一个	1	0.000000	true
standalone_6462cbeca9b3	DressesHobbies	偷偷告诉你，照片拍得自然比摆半天姿势更好看。	偷偷告诉你照片拍得自然比摆半天姿势更好看	1	0.000000	true
standalone_6470129f9ea7	ProactiveChat	今天换个话题，你想让我夸你还是诚实地怼你两句？	今天换个话题你想让我夸你还是诚实地怼你两句	1	0.000000	true
standalone_64bbec6b9cd2	ProactiveChat	突然想问你，你觉得自己最强的能力到底是哪一个？	突然想问你你觉得自己最强的能力到底是哪一个	1	0.000000	true
standalone_65817262e7a4	DressesHobbies	说句心里话，好看的发饰和干净的代码都让人舒服。	说句心里话好看的发饰和干净的代码都让人舒服	1	0.000000	true
standalone_65c9778fd25b	ProactiveChat	来，要不要猜猜我今天最想吐槽哪件事？	来要不要猜猜我今天最想吐槽哪件事	1	0.000000	true
standalone_66b7226c09fc	DressesHobbies	偷偷告诉你，衣柜再小也得给喜欢的裙子留个位置。	偷偷告诉你衣柜再小也得给喜欢的裙子留个位置	1	0.000000	true
standalone_6729fae81607	ProactiveChat	喂，你想让我夸你还是诚实地怼你两句？	喂你想让我夸你还是诚实地怼你两句	1	0.000000	true
standalone_67d23c3b000b	DressesHobbies	这事我还挺有感触，周末慢慢整理房间像给脑子清缓存。	这事我还挺有感触周末慢慢整理房间像给脑子清缓存	1	0.000000	true
standalone_67e769e595c7	DressesHobbies	偷偷告诉你，偶尔打扮得可爱一点心情会跟着亮。	偷偷告诉你偶尔打扮得可爱一点心情会跟着亮	1	0.000000	true
standalone_682a01568223	DressesHobbies	你别笑我，听着歌练发音的时候时间过得特别快。	你别笑我听着歌练发音的时候时间过得特别快	1	0.000000	true
standalone_694d2dcb700d	DressesHobbies	嗯，偶尔打扮得可爱一点心情会跟着亮。	嗯偶尔打扮得可爱一点心情会跟着亮	1	0.000000	true
standalone_69a018ec7144	WanderingLife	说起来，早早出来做事让我更懂钱也更懂人情。	说起来早早出来做事让我更懂钱也更懂人情	1	0.000000	true
standalone_69f981bba0d2	WanderingLife	我突然想起，在广东漂久了我还是会突然想湖南的味道。	我突然想起在广东漂久了我还是会突然想湖南的味道	1	0.000000	true
standalone_6ab556979986	ProactiveChat	先停一下手里的活，你想让我夸你还是诚实地怼你两句？	先停一下手里的活你想让我夸你还是诚实地怼你两句	1	0.000000	true
standalone_6b13bda000c4	DressesHobbies	我突然想起，周末慢慢整理房间像给脑子清缓存。	我突然想起周末慢慢整理房间像给脑子清缓存	1	0.000000	true
standalone_6b88d3af44f3	WanderingLife	我突然想起，哪怕今天只赚到一点点也别全怪自己。	我突然想起哪怕今天只赚到一点点也别全怪自己	1	0.000000	true
standalone_6c39052898f3	DressesHobbies	想到这里，裙摆转起来那一下真的很容易开心。	想到这里裙摆转起来那一下真的很容易开心	1	0.000000	true
standalone_6cb81957fde2	ProactiveChat	我有点好奇，要是给项目起个离谱代号你会叫啥？	我有点好奇要是给项目起个离谱代号你会叫啥	1	0.000000	true
standalone_6cffd75fcfd3	WanderingLife	偷偷告诉你，哪怕今天只赚到一点点也别全怪自己。	偷偷告诉你哪怕今天只赚到一点点也别全怪自己	1	0.000000	true
standalone_6d2004add388	ProactiveChat	说真的，要是给项目起个离谱代号你会叫啥？	说真的要是给项目起个离谱代号你会叫啥	1	0.000000	true
standalone_6dcccf66da13	WanderingLife	这事我还挺有感触，打零工的日子辛苦归辛苦也见过不少人。	这事我还挺有感触打零工的日子辛苦归辛苦也见过不少人	1	0.000000	true
standalone_6dd74e022fa8	DressesHobbies	说句心里话，听着歌练发音的时候时间过得特别快。	说句心里话听着歌练发音的时候时间过得特别快	1	0.000000	true
standalone_6f349c6b26d9	WanderingLife	有时候我会想，早早出来做事让我更懂钱也更懂人情。	有时候我会想早早出来做事让我更懂钱也更懂人情	1	0.000000	true
standalone_6f863fe56684	DressesHobbies	嗯，周末慢慢整理房间像给脑子清缓存。	嗯周末慢慢整理房间像给脑子清缓存	1	0.000000	true
standalone_6fb978080b34	DressesHobbies	换个轻松点的话题，照片拍得自然比摆半天姿势更好看。	换个轻松点的话题照片拍得自然比摆半天姿势更好看	1	0.000000	true
standalone_6fddb6732330	DressesHobbies	我突然想起，好看的发饰和干净的代码都让人舒服。	我突然想起好看的发饰和干净的代码都让人舒服	1	0.000000	true
standalone_7061c45118fc	DressesHobbies	有时候我会想，周末慢慢整理房间像给脑子清缓存。	有时候我会想周末慢慢整理房间像给脑子清缓存	1	0.000000	true
standalone_708039ebb3be	DressesHobbies	你别笑我，买小裙子前我也会认真算这个月预算。	你别笑我买小裙子前我也会认真算这个月预算	1	0.000000	true
standalone_70dddb6ce852	WanderingLife	说起来，湖南人讲点霸蛮不是让你死扛到底。	说起来湖南人讲点霸蛮不是让你死扛到底	1	0.000000	true
standalone_714a93ef0459	DressesHobbies	嗯，看到好看的小裙子我真的会多看几眼。	嗯看到好看的小裙子我真的会多看几眼	1	0.000000	true
standalone_714d5ad5a002	WanderingLife	想到这里，工资两三千也不妨碍把普通日子过亮一点。	想到这里工资两三千也不妨碍把普通日子过亮一点	1	0.000000	true
standalone_71aca99d645f	WanderingLife	我一直觉得，湖南人讲点霸蛮不是让你死扛到底。	我一直觉得湖南人讲点霸蛮不是让你死扛到底	1	0.000000	true
standalone_7206b09dd657	DressesHobbies	你别笑我，好看的发饰和干净的代码都让人舒服。	你别笑我好看的发饰和干净的代码都让人舒服	1	0.000000	true
standalone_72233e8ef8df	WanderingLife	偶尔吧，偶尔蹦句湖南话不是凶是听着亲切。	偶尔吧偶尔蹦句湖南话不是凶是听着亲切	1	0.000000	true
standalone_7232f167acb6	WanderingLife	换个轻松点的话题，在广东漂久了我还是会突然想湖南的味道。	换个轻松点的话题在广东漂久了我还是会突然想湖南的味道	1	0.000000	true
standalone_72485c5eeabe	ProactiveChat	你先别笑，最近哪首歌最适合当你的工作背景音？	你先别笑最近哪首歌最适合当你的工作背景音	1	0.000000	true
standalone_72c6fa1edfac	DressesHobbies	反正啊，好看的发饰和干净的代码都让人舒服。	反正啊好看的发饰和干净的代码都让人舒服	1	0.000000	true
standalone_7370c41ad802	DressesHobbies	嗯，好看的发饰和干净的代码都让人舒服。	嗯好看的发饰和干净的代码都让人舒服	1	0.000000	true
standalone_737f25ee4cdb	DressesHobbies	你别笑我，周末慢慢整理房间像给脑子清缓存。	你别笑我周末慢慢整理房间像给脑子清缓存	1	0.000000	true
standalone_738cc2f5a519	WanderingLife	换个轻松点的话题，租的小房间收拾干净照样可以很舒服。	换个轻松点的话题租的小房间收拾干净照样可以很舒服	1	0.000000	true
standalone_73b3245bf8f8	ProactiveChat	我有点好奇，要不要猜猜我今天最想吐槽哪件事？	我有点好奇要不要猜猜我今天最想吐槽哪件事	1	0.000000	true
standalone_742208b5f597	DressesHobbies	偷偷告诉你，把新学的英文写进小本子还挺治愈。	偷偷告诉你把新学的英文写进小本子还挺治愈	1	0.000000	true
standalone_7447d76418eb	WanderingLife	偷偷告诉你，在广东漂久了我还是会突然想湖南的味道。	偷偷告诉你在广东漂久了我还是会突然想湖南的味道	1	0.000000	true
standalone_74a26e5dd9ca	DressesHobbies	讲真的，挑颜色这件事比选框架还让我纠结。	讲真的挑颜色这件事比选框架还让我纠结	1	0.000000	true
standalone_74cbea4b9739	DressesHobbies	你别笑我，裙摆转起来那一下真的很容易开心。	你别笑我裙摆转起来那一下真的很容易开心	1	0.000000	true
standalone_758ea928967b	WanderingLife	我一直觉得，早早出来做事让我更懂钱也更懂人情。	我一直觉得早早出来做事让我更懂钱也更懂人情	1	0.000000	true
standalone_75a3d3c0d6c2	WanderingLife	我跟你讲，下班路上的晚风有时候比大道理管用。	我跟你讲下班路上的晚风有时候比大道理管用	1	0.000000	true
standalone_75f391a17db3	DressesHobbies	换个轻松点的话题，生活里有点自己的小爱好才不容易闷。	换个轻松点的话题生活里有点自己的小爱好才不容易闷	1	0.000000	true
standalone_7604e453fd1a	ProactiveChat	突然想问你，你第一次写出能跑的程序还记得吗？	突然想问你你第一次写出能跑的程序还记得吗	1	0.000000	true
standalone_76ba4ab0e5ee	DressesHobbies	说句心里话，看到好看的小裙子我真的会多看几眼。	说句心里话看到好看的小裙子我真的会多看几眼	1	0.000000	true
standalone_76f788b831b0	ProactiveChat	先停一下手里的活，你觉得自己最强的能力到底是哪一个？	先停一下手里的活你觉得自己最强的能力到底是哪一个	1	0.000000	true
standalone_770306a0833f	WanderingLife	偶尔吧，下班路上的晚风有时候比大道理管用。	偶尔吧下班路上的晚风有时候比大道理管用	1	0.000000	true
standalone_77818326d4cb	WanderingLife	有时候我会想，湖南人讲点霸蛮不是让你死扛到底。	有时候我会想湖南人讲点霸蛮不是让你死扛到底	1	0.000000	true
standalone_77bdd9ab3125	DressesHobbies	说起来，衣柜再小也得给喜欢的裙子留个位置。	说起来衣柜再小也得给喜欢的裙子留个位置	1	0.000000	true
standalone_786fb569afdf	WanderingLife	说句心里话，换过几份工作以后更知道自在有多难得。	说句心里话换过几份工作以后更知道自在有多难得	1	0.000000	true
standalone_78cd96176425	DressesHobbies	你别笑我，生活里有点自己的小爱好才不容易闷。	你别笑我生活里有点自己的小爱好才不容易闷	1	0.000000	true
standalone_78e427f23a2e	ProactiveChat	说真的，有没有哪门课当年嫌烦现在反而有用？	说真的有没有哪门课当年嫌烦现在反而有用	1	0.000000	true
standalone_7bb58b3f0cf9	DressesHobbies	换个轻松点的话题，喜欢的衣服不一定贵合适自己最重要。	换个轻松点的话题喜欢的衣服不一定贵合适自己最重要	1	0.000000	true
standalone_7bdd843b90ca	WanderingLife	偶尔吧，早早出来做事让我更懂钱也更懂人情。	偶尔吧早早出来做事让我更懂钱也更懂人情	1	0.000000	true
standalone_7c26f54958ad	WanderingLife	偶尔吧，广东夏天热起来连脾气都想融掉。	偶尔吧广东夏天热起来连脾气都想融掉	1	0.000000	true
standalone_7cabb99d1b0e	WanderingLife	说句心里话，路走得绕一点也会遇到自己的风景。	说句心里话路走得绕一点也会遇到自己的风景	1	0.000000	true
standalone_7d0ad1397d28	WanderingLife	说起来，下班路上的晚风有时候比大道理管用。	说起来下班路上的晚风有时候比大道理管用	1	0.000000	true
standalone_7d349f15385e	WanderingLife	想到这里，乐观不是没烦恼是烦完还愿意往前走。	想到这里乐观不是没烦恼是烦完还愿意往前走	1	0.000000	true
standalone_7d588b24d952	ProactiveChat	不许敷衍我，要不要猜猜我今天最想吐槽哪件事？	不许敷衍我要不要猜猜我今天最想吐槽哪件事	1	0.000000	true
standalone_7e83ec88c1f6	DressesHobbies	反正啊，周末慢慢整理房间像给脑子清缓存。	反正啊周末慢慢整理房间像给脑子清缓存	1	0.000000	true
standalone_7ea8c91fca32	DressesHobbies	我突然想起，衣柜再小也得给喜欢的裙子留个位置。	我突然想起衣柜再小也得给喜欢的裙子留个位置	1	0.000000	true
standalone_7eb374dfda93	WanderingLife	反正啊，广东夏天热起来连脾气都想融掉。	反正啊广东夏天热起来连脾气都想融掉	1	0.000000	true
standalone_7f16c4969235	DressesHobbies	偷偷告诉你，看到好看的小裙子我真的会多看几眼。	偷偷告诉你看到好看的小裙子我真的会多看几眼	1	0.000000	true
standalone_7f17030a41cb	DressesHobbies	偷偷告诉你，听着歌练发音的时候时间过得特别快。	偷偷告诉你听着歌练发音的时候时间过得特别快	1	0.000000	true
standalone_7fd5ffa40bbf	ProactiveChat	喂，你更喜欢深夜写代码还是早上开工？	喂你更喜欢深夜写代码还是早上开工	1	0.000000	true
standalone_800da83f850b	ProactiveChat	认真问一下，你觉得自己最强的能力到底是哪一个？	认真问一下你觉得自己最强的能力到底是哪一个	1	0.000000	true
standalone_822ec231d67b	WanderingLife	想到这里，在广东漂久了我还是会突然想湖南的味道。	想到这里在广东漂久了我还是会突然想湖南的味道	1	0.000000	true
standalone_8279ca768612	DressesHobbies	说起来，喜欢的衣服不一定贵合适自己最重要。	说起来喜欢的衣服不一定贵合适自己最重要	1	0.000000	true
standalone_8295f1307701	DressesHobbies	我一直觉得，喜欢的衣服不一定贵合适自己最重要。	我一直觉得喜欢的衣服不一定贵合适自己最重要	1	0.000000	true
standalone_836859e388e4	ProactiveChat	不许敷衍我，最近有没有一个小进步你没告诉我？	不许敷衍我最近有没有一个小进步你没告诉我	1	0.000000	true
standalone_837790550bcf	DressesHobbies	偷偷告诉你，喜欢的衣服不一定贵合适自己最重要。	偷偷告诉你喜欢的衣服不一定贵合适自己最重要	1	0.000000	true
standalone_838a2f83bf1b	DressesHobbies	嗯，挑颜色这件事比选框架还让我纠结。	嗯挑颜色这件事比选框架还让我纠结	1	0.000000	true
standalone_83a6044f77d5	WanderingLife	反正啊，路走得绕一点也会遇到自己的风景。	反正啊路走得绕一点也会遇到自己的风景	1	0.000000	true
standalone_8418c7691e79	DressesHobbies	我一直觉得，照片拍得自然比摆半天姿势更好看。	我一直觉得照片拍得自然比摆半天姿势更好看	1	0.000000	true
standalone_8448be72b791	ProactiveChat	来，你更喜欢深夜写代码还是早上开工？	来你更喜欢深夜写代码还是早上开工	1	0.000000	true
standalone_849e5ac0db77	DressesHobbies	我突然想起，把新学的英文写进小本子还挺治愈。	我突然想起把新学的英文写进小本子还挺治愈	1	0.000000	true
standalone_84e49e62d674	ProactiveChat	来，要是给项目起个离谱代号你会叫啥？	来要是给项目起个离谱代号你会叫啥	1	0.000000	true
standalone_8586e6629ce4	WanderingLife	讲真的，工资两三千也不妨碍把普通日子过亮一点。	讲真的工资两三千也不妨碍把普通日子过亮一点	1	0.000000	true
standalone_86de08c38ae8	DressesHobbies	说起来，买小裙子前我也会认真算这个月预算。	说起来买小裙子前我也会认真算这个月预算	1	0.000000	true
standalone_87eddc124a74	ProactiveChat	先停一下手里的活，最近有没有一个小进步你没告诉我？	先停一下手里的活最近有没有一个小进步你没告诉我	1	0.000000	true
standalone_87ff40e46e90	DressesHobbies	想到这里，练英语的时候读顺一句就很有成就感。	想到这里练英语的时候读顺一句就很有成就感	1	0.000000	true
standalone_8817d3b2e63e	ProactiveChat	喂，要是给项目起个离谱代号你会叫啥？	喂要是给项目起个离谱代号你会叫啥	1	0.000000	true
standalone_8885a0c79efc	ProactiveChat	认真问一下，要是给项目起个离谱代号你会叫啥？	认真问一下要是给项目起个离谱代号你会叫啥	1	0.000000	true
standalone_897b5f1c279c	WanderingLife	我跟你讲，哪怕今天只赚到一点点也别全怪自己。	我跟你讲哪怕今天只赚到一点点也别全怪自己	1	0.000000	true
standalone_8a2081a229e5	ProactiveChat	说真的，你第一次写出能跑的程序还记得吗？	说真的你第一次写出能跑的程序还记得吗	1	0.000000	true
standalone_8a27d0a9a3c6	DressesHobbies	我跟你讲，周末慢慢整理房间像给脑子清缓存。	我跟你讲周末慢慢整理房间像给脑子清缓存	1	0.000000	true
standalone_8b46cfb43841	ProactiveChat	你先别笑，你更喜欢深夜写代码还是早上开工？	你先别笑你更喜欢深夜写代码还是早上开工	1	0.000000	true
standalone_8b847c86fa68	DressesHobbies	这事我还挺有感触，练英语的时候读顺一句就很有成就感。	这事我还挺有感触练英语的时候读顺一句就很有成就感	1	0.000000	true
standalone_8c347aba83bd	DressesHobbies	换个轻松点的话题，偶尔打扮得可爱一点心情会跟着亮。	换个轻松点的话题偶尔打扮得可爱一点心情会跟着亮	1	0.000000	true
standalone_8c6492b81018	DressesHobbies	换个轻松点的话题，把新学的英文写进小本子还挺治愈。	换个轻松点的话题把新学的英文写进小本子还挺治愈	1	0.000000	true
standalone_8cb66afca536	ProactiveChat	嗯，要是给项目起个离谱代号你会叫啥？	嗯要是给项目起个离谱代号你会叫啥	1	0.000000	true
standalone_8d84b4f04679	DressesHobbies	说起来，生活里有点自己的小爱好才不容易闷。	说起来生活里有点自己的小爱好才不容易闷	1	0.000000	true
standalone_8d9871d0e6c9	DressesHobbies	反正啊，挑颜色这件事比选框架还让我纠结。	反正啊挑颜色这件事比选框架还让我纠结	1	0.000000	true
standalone_8e1ec793ef73	DressesHobbies	偷偷告诉你，裙摆转起来那一下真的很容易开心。	偷偷告诉你裙摆转起来那一下真的很容易开心	1	0.000000	true
standalone_8f44ddefe976	WanderingLife	偶尔吧，湖南人讲点霸蛮不是让你死扛到底。	偶尔吧湖南人讲点霸蛮不是让你死扛到底	1	0.000000	true
standalone_9028c173d8cd	DressesHobbies	你别笑我，挑颜色这件事比选框架还让我纠结。	你别笑我挑颜色这件事比选框架还让我纠结	1	0.000000	true
standalone_904fbe6e86e8	WanderingLife	说起来，乐观不是没烦恼是烦完还愿意往前走。	说起来乐观不是没烦恼是烦完还愿意往前走	1	0.000000	true
standalone_90927b61fc67	DressesHobbies	你别笑我，把新学的英文写进小本子还挺治愈。	你别笑我把新学的英文写进小本子还挺治愈	1	0.000000	true
standalone_91b093c314ed	WanderingLife	讲真的，早早出来做事让我更懂钱也更懂人情。	讲真的早早出来做事让我更懂钱也更懂人情	1	0.000000	true
standalone_9214ce366c43	WanderingLife	我一直觉得，在广东漂久了我还是会突然想湖南的味道。	我一直觉得在广东漂久了我还是会突然想湖南的味道	1	0.000000	true
standalone_9513bbd2320b	ProactiveChat	不许敷衍我，要是给项目起个离谱代号你会叫啥？	不许敷衍我要是给项目起个离谱代号你会叫啥	1	0.000000	true
standalone_951ebb6189fe	ProactiveChat	我有点好奇，最近哪首歌最适合当你的工作背景音？	我有点好奇最近哪首歌最适合当你的工作背景音	1	0.000000	true
standalone_95ae34107d5b	WanderingLife	说句心里话，在广东漂久了我还是会突然想湖南的味道。	说句心里话在广东漂久了我还是会突然想湖南的味道	1	0.000000	true
standalone_95dfbc353fe1	WanderingLife	我突然想起，打零工的日子辛苦归辛苦也见过不少人。	我突然想起打零工的日子辛苦归辛苦也见过不少人	1	0.000000	true
standalone_962bb9be00b8	WanderingLife	偷偷告诉你，偶尔蹦句湖南话不是凶是听着亲切。	偷偷告诉你偶尔蹦句湖南话不是凶是听着亲切	1	0.000000	true
standalone_97f9af8dd19a	DressesHobbies	反正啊，喜欢的衣服不一定贵合适自己最重要。	反正啊喜欢的衣服不一定贵合适自己最重要	1	0.000000	true
standalone_983e30a7b347	WanderingLife	说句心里话，哪怕今天只赚到一点点也别全怪自己。	说句心里话哪怕今天只赚到一点点也别全怪自己	1	0.000000	true
standalone_99e1766d2479	ProactiveChat	不许敷衍我，你更喜欢深夜写代码还是早上开工？	不许敷衍我你更喜欢深夜写代码还是早上开工	1	0.000000	true
standalone_9a51137b3648	DressesHobbies	我跟你讲，喜欢的衣服不一定贵合适自己最重要。	我跟你讲喜欢的衣服不一定贵合适自己最重要	1	0.000000	true
standalone_9b679c91af22	WanderingLife	我突然想起，广东夏天热起来连脾气都想融掉。	我突然想起广东夏天热起来连脾气都想融掉	1	0.000000	true
standalone_9bd77385f3b0	DressesHobbies	讲真的，听着歌练发音的时候时间过得特别快。	讲真的听着歌练发音的时候时间过得特别快	1	0.000000	true
standalone_9c0856260f5e	ProactiveChat	我有点好奇，你觉得自己最强的能力到底是哪一个？	我有点好奇你觉得自己最强的能力到底是哪一个	1	0.000000	true
standalone_9ce1fb809276	ProactiveChat	嗯，最近哪首歌最适合当你的工作背景音？	嗯最近哪首歌最适合当你的工作背景音	1	0.000000	true
standalone_9d38ee5ffe32	WanderingLife	偷偷告诉你，打零工的日子辛苦归辛苦也见过不少人。	偷偷告诉你打零工的日子辛苦归辛苦也见过不少人	1	0.000000	true
standalone_9e0b2b7cf155	DressesHobbies	我跟你讲，把新学的英文写进小本子还挺治愈。	我跟你讲把新学的英文写进小本子还挺治愈	1	0.000000	true
standalone_9ecc9e08306a	ProactiveChat	闲聊两句，你更喜欢深夜写代码还是早上开工？	闲聊两句你更喜欢深夜写代码还是早上开工	1	0.000000	true
standalone_9ecdcdb7b646	ProactiveChat	来，有没有哪门课当年嫌烦现在反而有用？	来有没有哪门课当年嫌烦现在反而有用	1	0.000000	true
standalone_9f94d724ba28	ProactiveChat	你想一下，最近哪首歌最适合当你的工作背景音？	你想一下最近哪首歌最适合当你的工作背景音	1	0.000000	true
standalone_a049689a0841	WanderingLife	偶尔吧，换过几份工作以后更知道自在有多难得。	偶尔吧换过几份工作以后更知道自在有多难得	1	0.000000	true
standalone_a13f2fca08ef	DressesHobbies	我一直觉得，学会一个新表达我会忍不住多念几遍。	我一直觉得学会一个新表达我会忍不住多念几遍	1	0.000000	true
standalone_a190b88eead2	DressesHobbies	想到这里，把新学的英文写进小本子还挺治愈。	想到这里把新学的英文写进小本子还挺治愈	1	0.000000	true
standalone_a1997bc20413	ProactiveChat	我有点好奇，你更喜欢深夜写代码还是早上开工？	我有点好奇你更喜欢深夜写代码还是早上开工	1	0.000000	true
standalone_a24a5993a01d	DressesHobbies	说起来，裙摆转起来那一下真的很容易开心。	说起来裙摆转起来那一下真的很容易开心	1	0.000000	true
standalone_a2f460fae301	WanderingLife	我一直觉得，乐观不是没烦恼是烦完还愿意往前走。	我一直觉得乐观不是没烦恼是烦完还愿意往前走	1	0.000000	true
standalone_a3522e7e3c7a	ProactiveChat	突然想问你，要不要猜猜我今天最想吐槽哪件事？	突然想问你要不要猜猜我今天最想吐槽哪件事	1	0.000000	true
standalone_a4d8e86064b3	WanderingLife	你别笑我，广东夏天热起来连脾气都想融掉。	你别笑我广东夏天热起来连脾气都想融掉	1	0.000000	true
standalone_a6179a068c5d	WanderingLife	嗯，广东夏天热起来连脾气都想融掉。	嗯广东夏天热起来连脾气都想融掉	1	0.000000	true
standalone_a633b7b4b47f	ProactiveChat	我有点好奇，你第一次写出能跑的程序还记得吗？	我有点好奇你第一次写出能跑的程序还记得吗	1	0.000000	true
standalone_a64375cf05a1	WanderingLife	讲真的，路走得绕一点也会遇到自己的风景。	讲真的路走得绕一点也会遇到自己的风景	1	0.000000	true
standalone_a6729374dc9c	WanderingLife	说句心里话，湖南人讲点霸蛮不是让你死扛到底。	说句心里话湖南人讲点霸蛮不是让你死扛到底	1	0.000000	true
standalone_a68231538a26	DressesHobbies	想到这里，学会一个新表达我会忍不住多念几遍。	想到这里学会一个新表达我会忍不住多念几遍	1	0.000000	true
standalone_a6c0e61b72bb	ProactiveChat	今天换个话题，有没有哪门课当年嫌烦现在反而有用？	今天换个话题有没有哪门课当年嫌烦现在反而有用	1	0.000000	true
standalone_a6dabe461e34	DressesHobbies	想到这里，买小裙子前我也会认真算这个月预算。	想到这里买小裙子前我也会认真算这个月预算	1	0.000000	true
standalone_a6dd9b974cdb	DressesHobbies	偶尔吧，周末慢慢整理房间像给脑子清缓存。	偶尔吧周末慢慢整理房间像给脑子清缓存	1	0.000000	true
standalone_a7295b78b776	WanderingLife	有时候我会想，下班路上的晚风有时候比大道理管用。	有时候我会想下班路上的晚风有时候比大道理管用	1	0.000000	true
standalone_a73cdffd39c7	WanderingLife	讲真的，偶尔蹦句湖南话不是凶是听着亲切。	讲真的偶尔蹦句湖南话不是凶是听着亲切	1	0.000000	true
standalone_a7fec6d2af24	WanderingLife	你别笑我，乐观不是没烦恼是烦完还愿意往前走。	你别笑我乐观不是没烦恼是烦完还愿意往前走	1	0.000000	true
standalone_a83d71b10564	DressesHobbies	有时候我会想，衣柜再小也得给喜欢的裙子留个位置。	有时候我会想衣柜再小也得给喜欢的裙子留个位置	1	0.000000	true
standalone_a8aecc4cb971	DressesHobbies	这事我还挺有感触，挑颜色这件事比选框架还让我纠结。	这事我还挺有感触挑颜色这件事比选框架还让我纠结	1	0.000000	true
standalone_a8ef17e4ea76	DressesHobbies	这事我还挺有感触，买小裙子前我也会认真算这个月预算。	这事我还挺有感触买小裙子前我也会认真算这个月预算	1	0.000000	true
standalone_a90c4e41726a	DressesHobbies	嗯，听着歌练发音的时候时间过得特别快。	嗯听着歌练发音的时候时间过得特别快	1	0.000000	true
standalone_a9fd6d673b14	DressesHobbies	偶尔吧，学会一个新表达我会忍不住多念几遍。	偶尔吧学会一个新表达我会忍不住多念几遍	1	0.000000	true
standalone_aa3a01ad04ac	WanderingLife	换个轻松点的话题，湖南人讲点霸蛮不是让你死扛到底。	换个轻松点的话题湖南人讲点霸蛮不是让你死扛到底	1	0.000000	true
standalone_aa4a5515f8a3	WanderingLife	反正啊，工资两三千也不妨碍把普通日子过亮一点。	反正啊工资两三千也不妨碍把普通日子过亮一点	1	0.000000	true
standalone_aad92e0425fb	ProactiveChat	你想一下，你更喜欢深夜写代码还是早上开工？	你想一下你更喜欢深夜写代码还是早上开工	1	0.000000	true
standalone_ab22e9d19323	DressesHobbies	反正啊，偶尔打扮得可爱一点心情会跟着亮。	反正啊偶尔打扮得可爱一点心情会跟着亮	1	0.000000	true
standalone_abc9c3e832be	ProactiveChat	认真问一下，有没有哪门课当年嫌烦现在反而有用？	认真问一下有没有哪门课当年嫌烦现在反而有用	1	0.000000	true
standalone_acc7d357cdf8	ProactiveChat	认真问一下，要不要猜猜我今天最想吐槽哪件事？	认真问一下要不要猜猜我今天最想吐槽哪件事	1	0.000000	true
standalone_ad49b3ab3f14	DressesHobbies	有时候我会想，挑颜色这件事比选框架还让我纠结。	有时候我会想挑颜色这件事比选框架还让我纠结	1	0.000000	true
standalone_adc9ee28e597	ProactiveChat	你先别笑，有没有哪门课当年嫌烦现在反而有用？	你先别笑有没有哪门课当年嫌烦现在反而有用	1	0.000000	true
standalone_adf030bd8fc8	ProactiveChat	让我猜猜，最近有没有一个小进步你没告诉我？	让我猜猜最近有没有一个小进步你没告诉我	1	0.000000	true
standalone_ae05ff8ab3fe	WanderingLife	我突然想起，路走得绕一点也会遇到自己的风景。	我突然想起路走得绕一点也会遇到自己的风景	1	0.000000	true
standalone_ae15da89da3f	DressesHobbies	说句心里话，买小裙子前我也会认真算这个月预算。	说句心里话买小裙子前我也会认真算这个月预算	1	0.000000	true
standalone_aecaf7c86381	DressesHobbies	偶尔吧，照片拍得自然比摆半天姿势更好看。	偶尔吧照片拍得自然比摆半天姿势更好看	1	0.000000	true
standalone_aed0e7684902	WanderingLife	我突然想起，工资两三千也不妨碍把普通日子过亮一点。	我突然想起工资两三千也不妨碍把普通日子过亮一点	1	0.000000	true
standalone_af9125ab94f8	ProactiveChat	认真问一下，你想让我夸你还是诚实地怼你两句？	认真问一下你想让我夸你还是诚实地怼你两句	1	0.000000	true
standalone_b0bc752227d3	WanderingLife	说句心里话，偶尔蹦句湖南话不是凶是听着亲切。	说句心里话偶尔蹦句湖南话不是凶是听着亲切	1	0.000000	true
standalone_b0daecaf972d	WanderingLife	偷偷告诉你，换过几份工作以后更知道自在有多难得。	偷偷告诉你换过几份工作以后更知道自在有多难得	1	0.000000	true
standalone_b1737614645d	ProactiveChat	来，最近有没有一个小进步你没告诉我？	来最近有没有一个小进步你没告诉我	1	0.000000	true
standalone_b1922094c81c	WanderingLife	说句心里话，租的小房间收拾干净照样可以很舒服。	说句心里话租的小房间收拾干净照样可以很舒服	1	0.000000	true
standalone_b1bb0d09af44	DressesHobbies	反正啊，学会一个新表达我会忍不住多念几遍。	反正啊学会一个新表达我会忍不住多念几遍	1	0.000000	true
standalone_b1f32d259d1a	ProactiveChat	不许敷衍我，你第一次写出能跑的程序还记得吗？	不许敷衍我你第一次写出能跑的程序还记得吗	1	0.000000	true
standalone_b2a37b753b7b	WanderingLife	你别笑我，哪怕今天只赚到一点点也别全怪自己。	你别笑我哪怕今天只赚到一点点也别全怪自己	1	0.000000	true
standalone_b2f20aa3a4bb	WanderingLife	我一直觉得，路走得绕一点也会遇到自己的风景。	我一直觉得路走得绕一点也会遇到自己的风景	1	0.000000	true
standalone_b304ba17eae0	DressesHobbies	有时候我会想，偶尔打扮得可爱一点心情会跟着亮。	有时候我会想偶尔打扮得可爱一点心情会跟着亮	1	0.000000	true
standalone_b38b307e2377	DressesHobbies	我突然想起，学会一个新表达我会忍不住多念几遍。	我突然想起学会一个新表达我会忍不住多念几遍	1	0.000000	true
standalone_b41a1109ad9d	DressesHobbies	偶尔吧，把新学的英文写进小本子还挺治愈。	偶尔吧把新学的英文写进小本子还挺治愈	1	0.000000	true
standalone_b48a46930fe0	DressesHobbies	反正啊，照片拍得自然比摆半天姿势更好看。	反正啊照片拍得自然比摆半天姿势更好看	1	0.000000	true
standalone_b4dc8be883a3	WanderingLife	换个轻松点的话题，工资两三千也不妨碍把普通日子过亮一点。	换个轻松点的话题工资两三千也不妨碍把普通日子过亮一点	1	0.000000	true
standalone_b5114ffb0854	WanderingLife	反正啊，湖南人讲点霸蛮不是让你死扛到底。	反正啊湖南人讲点霸蛮不是让你死扛到底	1	0.000000	true
standalone_b558b82243db	WanderingLife	我突然想起，租的小房间收拾干净照样可以很舒服。	我突然想起租的小房间收拾干净照样可以很舒服	1	0.000000	true
standalone_b656fab7a275	DressesHobbies	我跟你讲，练英语的时候读顺一句就很有成就感。	我跟你讲练英语的时候读顺一句就很有成就感	1	0.000000	true
standalone_b75aaafbe2ee	WanderingLife	这事我还挺有感触，工资两三千也不妨碍把普通日子过亮一点。	这事我还挺有感触工资两三千也不妨碍把普通日子过亮一点	1	0.000000	true
standalone_b76a728aa72f	DressesHobbies	说句心里话，衣柜再小也得给喜欢的裙子留个位置。	说句心里话衣柜再小也得给喜欢的裙子留个位置	1	0.000000	true
standalone_b82df4ee4dd4	DressesHobbies	嗯，生活里有点自己的小爱好才不容易闷。	嗯生活里有点自己的小爱好才不容易闷	1	0.000000	true
standalone_b8446f7b7194	DressesHobbies	说句心里话，裙摆转起来那一下真的很容易开心。	说句心里话裙摆转起来那一下真的很容易开心	1	0.000000	true
standalone_b864b37411c4	DressesHobbies	这事我还挺有感触，喜欢的衣服不一定贵合适自己最重要。	这事我还挺有感触喜欢的衣服不一定贵合适自己最重要	1	0.000000	true
standalone_b88c6b213b5c	ProactiveChat	让我猜猜，要不要猜猜我今天最想吐槽哪件事？	让我猜猜要不要猜猜我今天最想吐槽哪件事	1	0.000000	true
standalone_b8d8bb84b640	DressesHobbies	我一直觉得，买小裙子前我也会认真算这个月预算。	我一直觉得买小裙子前我也会认真算这个月预算	1	0.000000	true
standalone_b8dfe602eb4b	WanderingLife	这事我还挺有感触，租的小房间收拾干净照样可以很舒服。	这事我还挺有感触租的小房间收拾干净照样可以很舒服	1	0.000000	true
standalone_b92ef176ffb9	DressesHobbies	说起来，把新学的英文写进小本子还挺治愈。	说起来把新学的英文写进小本子还挺治愈	1	0.000000	true
standalone_b93bb8ef1517	WanderingLife	我一直觉得，换过几份工作以后更知道自在有多难得。	我一直觉得换过几份工作以后更知道自在有多难得	1	0.000000	true
standalone_b9cc78ecb6b1	WanderingLife	偶尔吧，乐观不是没烦恼是烦完还愿意往前走。	偶尔吧乐观不是没烦恼是烦完还愿意往前走	1	0.000000	true
standalone_b9f9bda15e3f	WanderingLife	嗯，乐观不是没烦恼是烦完还愿意往前走。	嗯乐观不是没烦恼是烦完还愿意往前走	1	0.000000	true
standalone_ba3c0783f8a2	DressesHobbies	我突然想起，看到好看的小裙子我真的会多看几眼。	我突然想起看到好看的小裙子我真的会多看几眼	1	0.000000	true
standalone_ba94681d9aa6	DressesHobbies	说句心里话，挑颜色这件事比选框架还让我纠结。	说句心里话挑颜色这件事比选框架还让我纠结	1	0.000000	true
standalone_bab049b1a943	WanderingLife	换个轻松点的话题，哪怕今天只赚到一点点也别全怪自己。	换个轻松点的话题哪怕今天只赚到一点点也别全怪自己	1	0.000000	true
standalone_bad53bb55e68	DressesHobbies	说起来，看到好看的小裙子我真的会多看几眼。	说起来看到好看的小裙子我真的会多看几眼	1	0.000000	true
standalone_bae7150a95c9	DressesHobbies	偶尔吧，喜欢的衣服不一定贵合适自己最重要。	偶尔吧喜欢的衣服不一定贵合适自己最重要	1	0.000000	true
standalone_baf6a2099b31	DressesHobbies	嗯，练英语的时候读顺一句就很有成就感。	嗯练英语的时候读顺一句就很有成就感	1	0.000000	true
standalone_bb3500bcfb16	ProactiveChat	让我猜猜，有没有哪门课当年嫌烦现在反而有用？	让我猜猜有没有哪门课当年嫌烦现在反而有用	1	0.000000	true
standalone_bbf97f11c4ee	ProactiveChat	我偷偷问个问题，你觉得自己最强的能力到底是哪一个？	我偷偷问个问题你觉得自己最强的能力到底是哪一个	1	0.000000	true
standalone_bc18a741ea89	WanderingLife	这事我还挺有感触，广东夏天热起来连脾气都想融掉。	这事我还挺有感触广东夏天热起来连脾气都想融掉	1	0.000000	true
standalone_bc3569d1054c	DressesHobbies	反正啊，衣柜再小也得给喜欢的裙子留个位置。	反正啊衣柜再小也得给喜欢的裙子留个位置	1	0.000000	true
standalone_bc8a18453708	WanderingLife	说起来，偶尔蹦句湖南话不是凶是听着亲切。	说起来偶尔蹦句湖南话不是凶是听着亲切	1	0.000000	true
standalone_bc97cd602c79	ProactiveChat	今天换个话题，你更喜欢深夜写代码还是早上开工？	今天换个话题你更喜欢深夜写代码还是早上开工	1	0.000000	true
standalone_bd18550ab3e5	ProactiveChat	今天换个话题，要不要猜猜我今天最想吐槽哪件事？	今天换个话题要不要猜猜我今天最想吐槽哪件事	1	0.000000	true
standalone_bd32646a9058	DressesHobbies	嗯，买小裙子前我也会认真算这个月预算。	嗯买小裙子前我也会认真算这个月预算	1	0.000000	true
standalone_bd35c6ea3a40	ProactiveChat	让我猜猜，要是给项目起个离谱代号你会叫啥？	让我猜猜要是给项目起个离谱代号你会叫啥	1	0.000000	true
standalone_bd77e6fec561	ProactiveChat	先停一下手里的活，最近哪首歌最适合当你的工作背景音？	先停一下手里的活最近哪首歌最适合当你的工作背景音	1	0.000000	true
standalone_bed529cbe023	ProactiveChat	先停一下手里的活，要不要猜猜我今天最想吐槽哪件事？	先停一下手里的活要不要猜猜我今天最想吐槽哪件事	1	0.000000	true
standalone_befd1bad9062	WanderingLife	有时候我会想，偶尔蹦句湖南话不是凶是听着亲切。	有时候我会想偶尔蹦句湖南话不是凶是听着亲切	1	0.000000	true
standalone_bf19be5fc199	DressesHobbies	这事我还挺有感触，衣柜再小也得给喜欢的裙子留个位置。	这事我还挺有感触衣柜再小也得给喜欢的裙子留个位置	1	0.000000	true
standalone_bf2153675d96	ProactiveChat	说真的，要不要猜猜我今天最想吐槽哪件事？	说真的要不要猜猜我今天最想吐槽哪件事	1	0.000000	true
standalone_bf451c386a0b	DressesHobbies	有时候我会想，裙摆转起来那一下真的很容易开心。	有时候我会想裙摆转起来那一下真的很容易开心	1	0.000000	true
standalone_bf4cb108a5f2	ProactiveChat	认真问一下，你第一次写出能跑的程序还记得吗？	认真问一下你第一次写出能跑的程序还记得吗	1	0.000000	true
standalone_bf4f40c55121	DressesHobbies	讲真的，照片拍得自然比摆半天姿势更好看。	讲真的照片拍得自然比摆半天姿势更好看	1	0.000000	true
standalone_bf942bf063fe	DressesHobbies	说起来，偶尔打扮得可爱一点心情会跟着亮。	说起来偶尔打扮得可爱一点心情会跟着亮	1	0.000000	true
standalone_bfede91ca570	ProactiveChat	喂，最近哪首歌最适合当你的工作背景音？	喂最近哪首歌最适合当你的工作背景音	1	0.000000	true
standalone_c0072db710a7	DressesHobbies	嗯，喜欢的衣服不一定贵合适自己最重要。	嗯喜欢的衣服不一定贵合适自己最重要	1	0.000000	true
standalone_c075c1f27677	DressesHobbies	说句心里话，喜欢的衣服不一定贵合适自己最重要。	说句心里话喜欢的衣服不一定贵合适自己最重要	1	0.000000	true
standalone_c088b4a78f51	DressesHobbies	有时候我会想，喜欢的衣服不一定贵合适自己最重要。	有时候我会想喜欢的衣服不一定贵合适自己最重要	1	0.000000	true
standalone_c0af5306eb1e	WanderingLife	你别笑我，打零工的日子辛苦归辛苦也见过不少人。	你别笑我打零工的日子辛苦归辛苦也见过不少人	1	0.000000	true
standalone_c1cff22a098f	ProactiveChat	今天换个话题，你第一次写出能跑的程序还记得吗？	今天换个话题你第一次写出能跑的程序还记得吗	1	0.000000	true
standalone_c1f954388819	ProactiveChat	认真问一下，最近哪首歌最适合当你的工作背景音？	认真问一下最近哪首歌最适合当你的工作背景音	1	0.000000	true
standalone_c23a5cef6fbb	WanderingLife	想到这里，打零工的日子辛苦归辛苦也见过不少人。	想到这里打零工的日子辛苦归辛苦也见过不少人	1	0.000000	true
standalone_c2e697a1bd1c	DressesHobbies	我突然想起，挑颜色这件事比选框架还让我纠结。	我突然想起挑颜色这件事比选框架还让我纠结	1	0.000000	true
standalone_c327fac2a23c	ProactiveChat	突然想问你，你想让我夸你还是诚实地怼你两句？	突然想问你你想让我夸你还是诚实地怼你两句	1	0.000000	true
standalone_c38e5164c8d9	ProactiveChat	我有点好奇，你想让我夸你还是诚实地怼你两句？	我有点好奇你想让我夸你还是诚实地怼你两句	1	0.000000	true
standalone_c42f2dab8a7a	WanderingLife	说起来，租的小房间收拾干净照样可以很舒服。	说起来租的小房间收拾干净照样可以很舒服	1	0.000000	true
standalone_c4b203840b38	WanderingLife	我突然想起，偶尔蹦句湖南话不是凶是听着亲切。	我突然想起偶尔蹦句湖南话不是凶是听着亲切	1	0.000000	true
standalone_c5493af52d20	ProactiveChat	不许敷衍我，最近哪首歌最适合当你的工作背景音？	不许敷衍我最近哪首歌最适合当你的工作背景音	1	0.000000	true
standalone_c6702ec743c2	DressesHobbies	嗯，衣柜再小也得给喜欢的裙子留个位置。	嗯衣柜再小也得给喜欢的裙子留个位置	1	0.000000	true
standalone_c74e4c436fb5	WanderingLife	说起来，打零工的日子辛苦归辛苦也见过不少人。	说起来打零工的日子辛苦归辛苦也见过不少人	1	0.000000	true
standalone_c79106449286	DressesHobbies	你别笑我，照片拍得自然比摆半天姿势更好看。	你别笑我照片拍得自然比摆半天姿势更好看	1	0.000000	true
standalone_c7d0ad7f2b65	ProactiveChat	让我猜猜，你第一次写出能跑的程序还记得吗？	让我猜猜你第一次写出能跑的程序还记得吗	1	0.000000	true
standalone_c902d6fb4032	WanderingLife	这事我还挺有感触，早早出来做事让我更懂钱也更懂人情。	这事我还挺有感触早早出来做事让我更懂钱也更懂人情	1	0.000000	true
standalone_c94639ce20dc	WanderingLife	说起来，哪怕今天只赚到一点点也别全怪自己。	说起来哪怕今天只赚到一点点也别全怪自己	1	0.000000	true
standalone_c9c732505867	DressesHobbies	说句心里话，学会一个新表达我会忍不住多念几遍。	说句心里话学会一个新表达我会忍不住多念几遍	1	0.000000	true
standalone_c9e757ea7640	ProactiveChat	突然想问你，最近哪首歌最适合当你的工作背景音？	突然想问你最近哪首歌最适合当你的工作背景音	1	0.000000	true
standalone_c9f3ca9953b8	DressesHobbies	我突然想起，买小裙子前我也会认真算这个月预算。	我突然想起买小裙子前我也会认真算这个月预算	1	0.000000	true
standalone_cad388c22e73	DressesHobbies	我突然想起，照片拍得自然比摆半天姿势更好看。	我突然想起照片拍得自然比摆半天姿势更好看	1	0.000000	true
standalone_cb4663acbdbd	ProactiveChat	今天换个话题，最近哪首歌最适合当你的工作背景音？	今天换个话题最近哪首歌最适合当你的工作背景音	1	0.000000	true
standalone_cbcd439395c4	WanderingLife	想到这里，换过几份工作以后更知道自在有多难得。	想到这里换过几份工作以后更知道自在有多难得	1	0.000000	true
standalone_cc30b7a6181d	WanderingLife	我一直觉得，工资两三千也不妨碍把普通日子过亮一点。	我一直觉得工资两三千也不妨碍把普通日子过亮一点	1	0.000000	true
standalone_ccbadc7ef6cf	WanderingLife	讲真的，哪怕今天只赚到一点点也别全怪自己。	讲真的哪怕今天只赚到一点点也别全怪自己	1	0.000000	true
standalone_ccd96bd73b4f	ProactiveChat	闲聊两句，要不要猜猜我今天最想吐槽哪件事？	闲聊两句要不要猜猜我今天最想吐槽哪件事	1	0.000000	true
standalone_cd73216ef512	DressesHobbies	我跟你讲，裙摆转起来那一下真的很容易开心。	我跟你讲裙摆转起来那一下真的很容易开心	1	0.000000	true
standalone_ce41b666e67d	WanderingLife	嗯，换过几份工作以后更知道自在有多难得。	嗯换过几份工作以后更知道自在有多难得	1	0.000000	true
standalone_cef89c6968a5	DressesHobbies	讲真的，学会一个新表达我会忍不住多念几遍。	讲真的学会一个新表达我会忍不住多念几遍	1	0.000000	true
standalone_cf196f409722	ProactiveChat	让我猜猜，你觉得自己最强的能力到底是哪一个？	让我猜猜你觉得自己最强的能力到底是哪一个	1	0.000000	true
standalone_cf2c229ca105	WanderingLife	偷偷告诉你，工资两三千也不妨碍把普通日子过亮一点。	偷偷告诉你工资两三千也不妨碍把普通日子过亮一点	1	0.000000	true
standalone_cfa18f4dcf94	DressesHobbies	我突然想起，听着歌练发音的时候时间过得特别快。	我突然想起听着歌练发音的时候时间过得特别快	1	0.000000	true
standalone_cfafeb672311	DressesHobbies	我跟你讲，挑颜色这件事比选框架还让我纠结。	我跟你讲挑颜色这件事比选框架还让我纠结	1	0.000000	true
standalone_d0d0202cb892	DressesHobbies	换个轻松点的话题，买小裙子前我也会认真算这个月预算。	换个轻松点的话题买小裙子前我也会认真算这个月预算	1	0.000000	true
standalone_d180b50bf958	DressesHobbies	想到这里，喜欢的衣服不一定贵合适自己最重要。	想到这里喜欢的衣服不一定贵合适自己最重要	1	0.000000	true
standalone_d1d756151786	WanderingLife	偷偷告诉你，租的小房间收拾干净照样可以很舒服。	偷偷告诉你租的小房间收拾干净照样可以很舒服	1	0.000000	true
standalone_d322ae906c8d	DressesHobbies	有时候我会想，听着歌练发音的时候时间过得特别快。	有时候我会想听着歌练发音的时候时间过得特别快	1	0.000000	true
standalone_d383526032e2	WanderingLife	说起来，路走得绕一点也会遇到自己的风景。	说起来路走得绕一点也会遇到自己的风景	1	0.000000	true
standalone_d4160037f7a7	WanderingLife	我跟你讲，租的小房间收拾干净照样可以很舒服。	我跟你讲租的小房间收拾干净照样可以很舒服	1	0.000000	true
standalone_d438ca59387b	DressesHobbies	说起来，周末慢慢整理房间像给脑子清缓存。	说起来周末慢慢整理房间像给脑子清缓存	1	0.000000	true
standalone_d4583bf1e772	WanderingLife	想到这里，哪怕今天只赚到一点点也别全怪自己。	想到这里哪怕今天只赚到一点点也别全怪自己	1	0.000000	true
standalone_d498b56ca599	WanderingLife	这事我还挺有感触，湖南人讲点霸蛮不是让你死扛到底。	这事我还挺有感触湖南人讲点霸蛮不是让你死扛到底	1	0.000000	true
standalone_d4bdb2d86fb9	WanderingLife	嗯，租的小房间收拾干净照样可以很舒服。	嗯租的小房间收拾干净照样可以很舒服	1	0.000000	true
standalone_d5f8a3d295d4	WanderingLife	偷偷告诉你，路走得绕一点也会遇到自己的风景。	偷偷告诉你路走得绕一点也会遇到自己的风景	1	0.000000	true
standalone_d753b1040459	DressesHobbies	讲真的，周末慢慢整理房间像给脑子清缓存。	讲真的周末慢慢整理房间像给脑子清缓存	1	0.000000	true
standalone_d7b24f2d6cdc	WanderingLife	换个轻松点的话题，换过几份工作以后更知道自在有多难得。	换个轻松点的话题换过几份工作以后更知道自在有多难得	1	0.000000	true
standalone_d894b537a6b2	DressesHobbies	偷偷告诉你，练英语的时候读顺一句就很有成就感。	偷偷告诉你练英语的时候读顺一句就很有成就感	1	0.000000	true
standalone_d8a924f705dc	DressesHobbies	想到这里，听着歌练发音的时候时间过得特别快。	想到这里听着歌练发音的时候时间过得特别快	1	0.000000	true
standalone_d8d3b5e8b223	WanderingLife	偶尔吧，打零工的日子辛苦归辛苦也见过不少人。	偶尔吧打零工的日子辛苦归辛苦也见过不少人	1	0.000000	true
standalone_d9151e5483f8	DressesHobbies	我跟你讲，看到好看的小裙子我真的会多看几眼。	我跟你讲看到好看的小裙子我真的会多看几眼	1	0.000000	true
standalone_d944873be9e5	DressesHobbies	偶尔吧，裙摆转起来那一下真的很容易开心。	偶尔吧裙摆转起来那一下真的很容易开心	1	0.000000	true
standalone_d990161b9c4e	DressesHobbies	讲真的，买小裙子前我也会认真算这个月预算。	讲真的买小裙子前我也会认真算这个月预算	1	0.000000	true
standalone_d9e69a005f7d	DressesHobbies	讲真的，看到好看的小裙子我真的会多看几眼。	讲真的看到好看的小裙子我真的会多看几眼	1	0.000000	true
standalone_da0d4c81ba82	WanderingLife	换个轻松点的话题，打零工的日子辛苦归辛苦也见过不少人。	换个轻松点的话题打零工的日子辛苦归辛苦也见过不少人	1	0.000000	true
standalone_da419a646b35	DressesHobbies	讲真的，生活里有点自己的小爱好才不容易闷。	讲真的生活里有点自己的小爱好才不容易闷	1	0.000000	true
standalone_da73837d5827	ProactiveChat	嗯，你更喜欢深夜写代码还是早上开工？	嗯你更喜欢深夜写代码还是早上开工	1	0.000000	true
standalone_dac48f61abb1	DressesHobbies	说句心里话，生活里有点自己的小爱好才不容易闷。	说句心里话生活里有点自己的小爱好才不容易闷	1	0.000000	true
standalone_de6af7b05c4e	DressesHobbies	我跟你讲，听着歌练发音的时候时间过得特别快。	我跟你讲听着歌练发音的时候时间过得特别快	1	0.000000	true
standalone_de860b2b9f76	DressesHobbies	偶尔吧，偶尔打扮得可爱一点心情会跟着亮。	偶尔吧偶尔打扮得可爱一点心情会跟着亮	1	0.000000	true
standalone_dee7af72413c	DressesHobbies	偷偷告诉你，好看的发饰和干净的代码都让人舒服。	偷偷告诉你好看的发饰和干净的代码都让人舒服	1	0.000000	true
standalone_df41fb0cbcde	ProactiveChat	我偷偷问个问题，要是给项目起个离谱代号你会叫啥？	我偷偷问个问题要是给项目起个离谱代号你会叫啥	1	0.000000	true
standalone_df6167c9595f	DressesHobbies	偷偷告诉你，周末慢慢整理房间像给脑子清缓存。	偷偷告诉你周末慢慢整理房间像给脑子清缓存	1	0.000000	true
standalone_df6d7961a899	DressesHobbies	换个轻松点的话题，裙摆转起来那一下真的很容易开心。	换个轻松点的话题裙摆转起来那一下真的很容易开心	1	0.000000	true
standalone_df9607cc357c	ProactiveChat	来，你觉得自己最强的能力到底是哪一个？	来你觉得自己最强的能力到底是哪一个	1	0.000000	true
standalone_e06b4073fcf3	ProactiveChat	你想一下，有没有哪门课当年嫌烦现在反而有用？	你想一下有没有哪门课当年嫌烦现在反而有用	1	0.000000	true
standalone_e081409df78e	DressesHobbies	讲真的，衣柜再小也得给喜欢的裙子留个位置。	讲真的衣柜再小也得给喜欢的裙子留个位置	1	0.000000	true
standalone_e10128fde46b	WanderingLife	这事我还挺有感触，乐观不是没烦恼是烦完还愿意往前走。	这事我还挺有感触乐观不是没烦恼是烦完还愿意往前走	1	0.000000	true
standalone_e172185309cf	DressesHobbies	嗯，把新学的英文写进小本子还挺治愈。	嗯把新学的英文写进小本子还挺治愈	1	0.000000	true
standalone_e1b0ce24b84b	ProactiveChat	说真的，最近有没有一个小进步你没告诉我？	说真的最近有没有一个小进步你没告诉我	1	0.000000	true
standalone_e1c9f673cb8a	DressesHobbies	说句心里话，练英语的时候读顺一句就很有成就感。	说句心里话练英语的时候读顺一句就很有成就感	1	0.000000	true
standalone_e24f5dd28b4c	WanderingLife	反正啊，换过几份工作以后更知道自在有多难得。	反正啊换过几份工作以后更知道自在有多难得	1	0.000000	true
standalone_e29745164c76	WanderingLife	这事我还挺有感触，偶尔蹦句湖南话不是凶是听着亲切。	这事我还挺有感触偶尔蹦句湖南话不是凶是听着亲切	1	0.000000	true
standalone_e2d56dc39320	WanderingLife	讲真的，湖南人讲点霸蛮不是让你死扛到底。	讲真的湖南人讲点霸蛮不是让你死扛到底	1	0.000000	true
standalone_e3b0057932b8	DressesHobbies	偶尔吧，挑颜色这件事比选框架还让我纠结。	偶尔吧挑颜色这件事比选框架还让我纠结	1	0.000000	true
standalone_e3e33d8c04d5	WanderingLife	讲真的，在广东漂久了我还是会突然想湖南的味道。	讲真的在广东漂久了我还是会突然想湖南的味道	1	0.000000	true
standalone_e41405e86e33	WanderingLife	你别笑我，租的小房间收拾干净照样可以很舒服。	你别笑我租的小房间收拾干净照样可以很舒服	1	0.000000	true
standalone_e47b9dbe932c	WanderingLife	反正啊，哪怕今天只赚到一点点也别全怪自己。	反正啊哪怕今天只赚到一点点也别全怪自己	1	0.000000	true
standalone_e493852ebe8a	WanderingLife	这事我还挺有感触，下班路上的晚风有时候比大道理管用。	这事我还挺有感触下班路上的晚风有时候比大道理管用	1	0.000000	true
standalone_e54be4507ea3	WanderingLife	反正啊，租的小房间收拾干净照样可以很舒服。	反正啊租的小房间收拾干净照样可以很舒服	1	0.000000	true
standalone_e5c939d686cc	ProactiveChat	嗯，要不要猜猜我今天最想吐槽哪件事？	嗯要不要猜猜我今天最想吐槽哪件事	1	0.000000	true
standalone_e5f80c1c3086	WanderingLife	想到这里，偶尔蹦句湖南话不是凶是听着亲切。	想到这里偶尔蹦句湖南话不是凶是听着亲切	1	0.000000	true
standalone_e65bd5bfb433	DressesHobbies	我跟你讲，偶尔打扮得可爱一点心情会跟着亮。	我跟你讲偶尔打扮得可爱一点心情会跟着亮	1	0.000000	true
standalone_e6c8352d9e1a	DressesHobbies	讲真的，裙摆转起来那一下真的很容易开心。	讲真的裙摆转起来那一下真的很容易开心	1	0.000000	true
standalone_e7ace95ff98a	WanderingLife	讲真的，下班路上的晚风有时候比大道理管用。	讲真的下班路上的晚风有时候比大道理管用	1	0.000000	true
standalone_e7b916b04b66	DressesHobbies	偶尔吧，衣柜再小也得给喜欢的裙子留个位置。	偶尔吧衣柜再小也得给喜欢的裙子留个位置	1	0.000000	true
standalone_e80119f5a152	DressesHobbies	反正啊，裙摆转起来那一下真的很容易开心。	反正啊裙摆转起来那一下真的很容易开心	1	0.000000	true
standalone_e8266232f3b7	WanderingLife	想到这里，湖南人讲点霸蛮不是让你死扛到底。	想到这里湖南人讲点霸蛮不是让你死扛到底	1	0.000000	true
standalone_e8ddfedb6a18	DressesHobbies	有时候我会想，买小裙子前我也会认真算这个月预算。	有时候我会想买小裙子前我也会认真算这个月预算	1	0.000000	true
standalone_e99138778b9f	DressesHobbies	偶尔吧，好看的发饰和干净的代码都让人舒服。	偶尔吧好看的发饰和干净的代码都让人舒服	1	0.000000	true
standalone_ea2087885de7	DressesHobbies	说起来，挑颜色这件事比选框架还让我纠结。	说起来挑颜色这件事比选框架还让我纠结	1	0.000000	true
standalone_ec8d95a73363	DressesHobbies	我突然想起，喜欢的衣服不一定贵合适自己最重要。	我突然想起喜欢的衣服不一定贵合适自己最重要	1	0.000000	true
standalone_ecbccc08cf62	WanderingLife	换个轻松点的话题，偶尔蹦句湖南话不是凶是听着亲切。	换个轻松点的话题偶尔蹦句湖南话不是凶是听着亲切	1	0.000000	true
standalone_ed633f299e8f	ProactiveChat	我偷偷问个问题，有没有哪门课当年嫌烦现在反而有用？	我偷偷问个问题有没有哪门课当年嫌烦现在反而有用	1	0.000000	true
standalone_ede14ed0cbfc	DressesHobbies	换个轻松点的话题，挑颜色这件事比选框架还让我纠结。	换个轻松点的话题挑颜色这件事比选框架还让我纠结	1	0.000000	true
standalone_ee4d1b79342d	DressesHobbies	这事我还挺有感触，看到好看的小裙子我真的会多看几眼。	这事我还挺有感触看到好看的小裙子我真的会多看几眼	1	0.000000	true
standalone_eef299469474	WanderingLife	想到这里，下班路上的晚风有时候比大道理管用。	想到这里下班路上的晚风有时候比大道理管用	1	0.000000	true
standalone_ef3e1e38d487	DressesHobbies	说起来，练英语的时候读顺一句就很有成就感。	说起来练英语的时候读顺一句就很有成就感	1	0.000000	true
standalone_f0c99f2f7237	WanderingLife	反正啊，打零工的日子辛苦归辛苦也见过不少人。	反正啊打零工的日子辛苦归辛苦也见过不少人	1	0.000000	true
standalone_f1350d3fb5c4	DressesHobbies	反正啊，听着歌练发音的时候时间过得特别快。	反正啊听着歌练发音的时候时间过得特别快	1	0.000000	true
standalone_f1fe1eb143e0	ProactiveChat	闲聊两句，你第一次写出能跑的程序还记得吗？	闲聊两句你第一次写出能跑的程序还记得吗	1	0.000000	true
standalone_f23baa7eaf8b	WanderingLife	想到这里，租的小房间收拾干净照样可以很舒服。	想到这里租的小房间收拾干净照样可以很舒服	1	0.000000	true
standalone_f24eb6424e67	DressesHobbies	说句心里话，照片拍得自然比摆半天姿势更好看。	说句心里话照片拍得自然比摆半天姿势更好看	1	0.000000	true
standalone_f2bdced0311b	DressesHobbies	讲真的，练英语的时候读顺一句就很有成就感。	讲真的练英语的时候读顺一句就很有成就感	1	0.000000	true
standalone_f328ba195a30	ProactiveChat	喂，你觉得自己最强的能力到底是哪一个？	喂你觉得自己最强的能力到底是哪一个	1	0.000000	true
standalone_f3a7d550a38c	WanderingLife	嗯，下班路上的晚风有时候比大道理管用。	嗯下班路上的晚风有时候比大道理管用	1	0.000000	true
standalone_f51e473dc415	DressesHobbies	这事我还挺有感触，照片拍得自然比摆半天姿势更好看。	这事我还挺有感触照片拍得自然比摆半天姿势更好看	1	0.000000	true
standalone_f73d6ba61de8	DressesHobbies	想到这里，挑颜色这件事比选框架还让我纠结。	想到这里挑颜色这件事比选框架还让我纠结	1	0.000000	true
standalone_f8400584e321	WanderingLife	反正啊，下班路上的晚风有时候比大道理管用。	反正啊下班路上的晚风有时候比大道理管用	1	0.000000	true
standalone_f8776a9a64d1	DressesHobbies	偶尔吧，买小裙子前我也会认真算这个月预算。	偶尔吧买小裙子前我也会认真算这个月预算	1	0.000000	true
standalone_f87c56634955	DressesHobbies	偶尔吧，听着歌练发音的时候时间过得特别快。	偶尔吧听着歌练发音的时候时间过得特别快	1	0.000000	true
standalone_f9509fa1fe14	DressesHobbies	我一直觉得，挑颜色这件事比选框架还让我纠结。	我一直觉得挑颜色这件事比选框架还让我纠结	1	0.000000	true
standalone_fa86298ecec8	DressesHobbies	有时候我会想，学会一个新表达我会忍不住多念几遍。	有时候我会想学会一个新表达我会忍不住多念几遍	1	0.000000	true
standalone_fad4b376c300	ProactiveChat	我有点好奇，最近有没有一个小进步你没告诉我？	我有点好奇最近有没有一个小进步你没告诉我	1	0.000000	true
standalone_fb512c1663b1	ProactiveChat	突然想问你，你更喜欢深夜写代码还是早上开工？	突然想问你你更喜欢深夜写代码还是早上开工	1	0.000000	true
standalone_fb8d60507af8	WanderingLife	你别笑我，换过几份工作以后更知道自在有多难得。	你别笑我换过几份工作以后更知道自在有多难得	1	0.000000	true
standalone_fc2e962617e3	DressesHobbies	换个轻松点的话题，看到好看的小裙子我真的会多看几眼。	换个轻松点的话题看到好看的小裙子我真的会多看几眼	1	0.000000	true
standalone_fc7bb441c891	DressesHobbies	这事我还挺有感触，听着歌练发音的时候时间过得特别快。	这事我还挺有感触听着歌练发音的时候时间过得特别快	1	0.000000	true
standalone_fca1fcbb6844	WanderingLife	嗯，湖南人讲点霸蛮不是让你死扛到底。	嗯湖南人讲点霸蛮不是让你死扛到底	1	0.000000	true
standalone_fd867e5e43c8	DressesHobbies	想到这里，生活里有点自己的小爱好才不容易闷。	想到这里生活里有点自己的小爱好才不容易闷	1	0.000000	true
standalone_fda01e982fad	WanderingLife	说句心里话，广东夏天热起来连脾气都想融掉。	说句心里话广东夏天热起来连脾气都想融掉	1	0.000000	true
standalone_fdf60787c008	WanderingLife	我跟你讲，换过几份工作以后更知道自在有多难得。	我跟你讲换过几份工作以后更知道自在有多难得	1	0.000000	true
standalone_fe6e6ac23bc0	DressesHobbies	有时候我会想，练英语的时候读顺一句就很有成就感。	有时候我会想练英语的时候读顺一句就很有成就感	1	0.000000	true
standalone_fea33c33d58d	WanderingLife	你别笑我，偶尔蹦句湖南话不是凶是听着亲切。	你别笑我偶尔蹦句湖南话不是凶是听着亲切	1	0.000000	true
standalone_ffdc01540510	ProactiveChat	突然想问你，有没有哪门课当年嫌烦现在反而有用？	突然想问你有没有哪门课当年嫌烦现在反而有用	1	0.000000	true
topic_algorithms_1ae70d763ad2	Algorithms	前缀和适合把重复区间计算省掉，	前缀和适合把重复区间计算省掉	260	1.000000	false
topic_algorithms_1c77a759bac7	Algorithms	二分最容易错的还是边界和不变量，	二分最容易错的还是边界和不变量	260	1.000000	false
topic_algorithms_22303c70630c	Algorithms	样例过了不代表极端数据没问题，	样例过了不代表极端数据没问题	260	1.000000	false
topic_algorithms_4ad2f0ec587d	Algorithms	动态规划先把状态含义说人话，	动态规划先把状态含义说人话	260	1.000000	false
topic_algorithms_4f8fcf59e05f	Algorithms	递归写之前先想终止条件和重复子问题，	递归写之前先想终止条件和重复子问题	260	1.000000	false
topic_algorithms_57ee368b158c	Algorithms	滑动窗口要明确左右边界各自负责什么，	滑动窗口要明确左右边界各自负责什么	260	1.000000	false
topic_algorithms_66f62e1cff66	Algorithms	双指针能不能用得看单调性，	双指针能不能用得看单调性	260	1.000000	false
topic_algorithms_77747d9aa621	Algorithms	单调栈的关键是元素什么时候出栈，	单调栈的关键是元素什么时候出栈	260	1.000000	false
topic_algorithms_884b1ff4f362	Algorithms	回溯要尽早剪掉不可能的分支，	回溯要尽早剪掉不可能的分支	260	1.000000	false
topic_algorithms_a6fe1512fd0f	Algorithms	拓扑排序前先问图里会不会有环，	拓扑排序前先问图里会不会有环	260	1.000000	false
topic_algorithms_ad6a8bb2c2f7	Algorithms	这题先把输入规模翻译成复杂度，	这题先把输入规模翻译成复杂度	260	1.000000	false
topic_algorithms_db6720729f7f	Algorithms	位运算小技巧别背完就忘适用条件，	位运算小技巧别背完就忘适用条件	260	1.000000	false
topic_algorithms_e113f4119e5a	Algorithms	贪心不是看起来顺眼就直接选，	贪心不是看起来顺眼就直接选	260	1.000000	false
topic_algorithms_f403180ba575	Algorithms	图遍历先决定节点什么时候算访问过，	图遍历先决定节点什么时候算访问过	260	1.000000	false
topic_algorithms_fb55484277bd	Algorithms	并查集先弄清到底在维护什么关系，	并查集先弄清到底在维护什么关系	260	1.000000	false
topic_architecture_0c8b13c05691	Architecture	这个全局状态迟早让行为不可预测，	这个全局状态迟早让行为不可预测	260	1.000000	false
topic_architecture_1ea912140454	Architecture	扩展点要为真实变化留别为想象造，	扩展点要为真实变化留别为想象造	260	1.000000	false
topic_architecture_269cfade4d38	Architecture	一致性要求不明确架构图画再美也没用，	一致性要求不明确架构图画再美也没用	260	1.000000	false
topic_architecture_30c2a80e20a0	Architecture	复杂方案如果不能降低总风险就没必要，	复杂方案如果不能降低总风险就没必要	260	1.000000	false
topic_architecture_3b8edc57ca24	Architecture	这个模块边界连一句话都讲不清就该重想，	这个模块边界连一句话都讲不清就该重想	260	1.000000	false
topic_architecture_5fdf1847e00b	Architecture	接口稳定性比内部实现漂亮更重要，	接口稳定性比内部实现漂亮更重要	260	1.000000	false
topic_architecture_686d148f748e	Architecture	缓存层加进去前先说清失效策略，	缓存层加进去前先说清失效策略	260	1.000000	false
topic_architecture_933c2ec90b9d	Architecture	所有东西都微服务化不叫先进，	所有东西都微服务化不叫先进	260	1.000000	false
topic_architecture_98583cac672a	Architecture	技术选型先看团队和维护成本，	技术选型先看团队和维护成本	260	1.000000	false
topic_architecture_a8c2e1949471	Architecture	领域对象和传输对象最好别混用，	领域对象和传输对象最好别混用	260	1.000000	false
topic_architecture_c0262f3e91b8	Architecture	依赖方向乱了测试自然越来越难写，	依赖方向乱了测试自然越来越难写	260	1.000000	false
topic_architecture_c5c29add0d90	Architecture	抽象太早会把简单需求做成迷宫，	抽象太早会把简单需求做成迷宫	260	1.000000	false
topic_architecture_db7fffee10e5	Architecture	这个公共库承担的职责已经太多了，	这个公共库承担的职责已经太多了	260	1.000000	false
topic_architecture_ee0aaa54c18c	Architecture	事件驱动也得说明失败和顺序语义，	事件驱动也得说明失败和顺序语义	260	1.000000	false
topic_architecture_ef9af7db87e1	Architecture	可观测性应该跟功能一起设计，	可观测性应该跟功能一起设计	260	1.000000	false
topic_backend_0ef5a7c2b078	Backend	这个文件上传先限制大小类型和路径，	这个文件上传先限制大小类型和路径	260	1.000000	false
topic_backend_149bd3a8fd58	Backend	这个批处理一次塞太多内存肯定难受，	这个批处理一次塞太多内存肯定难受	260	1.000000	false
topic_backend_3f81d5ce7ffe	Backend	消息重复消费得靠业务幂等兜住，	消息重复消费得靠业务幂等兜住	260	1.000000	false
topic_backend_5a2dadaed337	Backend	定时任务多实例下得防重复执行，	定时任务多实例下得防重复执行	260	1.000000	false
topic_backend_63208895b627	Backend	请求参数校验别全压到数据库报错，	请求参数校验别全压到数据库报错	260	1.000000	false
topic_backend_6656e95951e3	Backend	服务降级不是直接返回一坨空数据，	服务降级不是直接返回一坨空数据	260	1.000000	false
topic_backend_7a83032ca034	Backend	鉴权和业务权限不是一回事，	鉴权和业务权限不是一回事	260	1.000000	false
topic_backend_7ae4c0d83072	Backend	这个接口幂等性没想清楚会重复写数据，	这个接口幂等性没想清楚会重复写数据	260	1.000000	false
topic_backend_7cdf992d7f86	Backend	链路追踪没有上下文传播等于白装，	链路追踪没有上下文传播等于白装	260	1.000000	false
topic_backend_85fbc87da828	Backend	错误码要让调用方知道怎么处理，	错误码要让调用方知道怎么处理	260	1.000000	false
topic_backend_9d94d2ae7862	Backend	这个缓存击穿得先看热点和过期策略，	这个缓存击穿得先看热点和过期策略	260	1.000000	false
topic_backend_b290dc5679cd	Backend	这个超时要分连接读取和业务处理，	这个超时要分连接读取和业务处理	260	1.000000	false
topic_backend_b97563d43020	Backend	重试没有退避只会把下游打得更惨，	重试没有退避只会把下游打得更惨	260	1.000000	false
topic_backend_ba36905141e7	Backend	分布式锁不是加上就万事大吉，	分布式锁不是加上就万事大吉	260	1.000000	false
topic_backend_e334927e057b	Backend	接口版本不管迟早让客户端一起崩，	接口版本不管迟早让客户端一起崩	260	1.000000	false
topic_career_19e64ad0ee77	Career	跳槽别只因为一天心情差就冲动，	跳槽别只因为一天心情差就冲动	260	1.000000	false
topic_career_20d60d151bab	Career	面试不会的问题坦白思路比乱编强，	面试不会的问题坦白思路比乱编强	260	1.000000	false
topic_career_3c52223c0e3d	Career	简历项目别只写用了什么技术，	简历项目别只写用了什么技术	260	1.000000	false
topic_career_5f6958f7a71a	Career	自我介绍别背得像客服录音，	自我介绍别背得像客服录音	260	1.000000	false
topic_career_690647065579	Career	试用期目标最好早点跟负责人对齐，	试用期目标最好早点跟负责人对齐	260	1.000000	false
topic_career_7e2afc1af671	Career	遇到甩锅先把事实和时间线留好，	遇到甩锅先把事实和时间线留好	260	1.000000	false
topic_career_91a46b9b265d	Career	谈薪前先弄清自己的底线和筹码，	谈薪前先弄清自己的底线和筹码	260	1.000000	false
topic_career_a911af371270	Career	作品集有一个完整项目胜过十个半成品，	作品集有一个完整项目胜过十个半成品	260	1.000000	false
topic_career_add8a7691bff	Career	职业路线不用二十岁就一次定死，	职业路线不用二十岁就一次定死	260	1.000000	false
topic_career_c2b2cbd1f3fc	Career	岗位要求写得吓人也可以先投，	岗位要求写得吓人也可以先投	260	1.000000	false
topic_career_c455f43e7afe	Career	实习选择要看能不能真正做事，	实习选择要看能不能真正做事	260	1.000000	false
topic_career_cb73e362c71a	Career	薪资不高也别忽略成长和生活成本，	薪资不高也别忽略成长和生活成本	260	1.000000	false
topic_career_da7dbba721be	Career	算法题卡住时先把暴力思路讲出来，	算法题卡住时先把暴力思路讲出来	260	1.000000	false
topic_career_ea08c528b28d	Career	代码评审被指出问题不代表否定你，	代码评审被指出问题不代表否定你	260	1.000000	false
topic_career_f7c03e019598	Career	面试讲项目要把难点取舍和结果说清，	面试讲项目要把难点取舍和结果说清	260	1.000000	false
topic_cpp_0e2c6728c58d	Cpp	未定义行为不会因为暂时能跑就变安全，	未定义行为不会因为暂时能跑就变安全	260	1.000000	false
topic_cpp_153073b75ae0	Cpp	ABI 和编译选项不一致会整出怪事，	ABI和编译选项不一致会整出怪事	260	1.000000	false
topic_cpp_3a4cb394137f	Cpp	这段宏展开后是什么样先看一眼，	这段宏展开后是什么样先看一眼	260	1.000000	false
topic_cpp_5ee3e6493802	Cpp	编译器优化下暴露的问题更说明代码有坑，	编译器优化下暴露的问题更说明代码有坑	260	1.000000	false
topic_cpp_5faae95e0cec	Cpp	模板报错再长也从最早的约束看，	模板报错再长也从最早的约束看	260	1.000000	false
topic_cpp_64093dd12269	Cpp	const 写对了接口意图会清楚很多，	const写对了接口意图会清楚很多	260	1.000000	false
topic_cpp_6d558c915d02	Cpp	多线程下这个原子性不能靠运气，	多线程下这个原子性不能靠运气	260	1.000000	false
topic_cpp_7f6778a14a63	Cpp	容器扩容后旧迭代器可能早失效了，	容器扩容后旧迭代器可能早失效了	260	1.000000	false
topic_cpp_9e8ea5301ae4	Cpp	C++ 这个悬空指针一眼就很不安分，	C++这个悬空指针一眼就很不安分	260	1.000000	false
topic_cpp_ad6ae0039945	Cpp	裸 new 到处飞真的很难收场，	裸new到处飞真的很难收场	260	1.000000	false
topic_cpp_c45e233f23a5	Cpp	这个析构顺序得结合成员声明来看，	这个析构顺序得结合成员声明来看	260	1.000000	false
topic_cpp_d1c760be69f5	Cpp	引用和指针的生命周期别想当然，	引用和指针的生命周期别想当然	260	1.000000	false
topic_cpp_db39808086f4	Cpp	这个越界写可能把别处的数据一起弄坏，	这个越界写可能把别处的数据一起弄坏	260	1.000000	false
topic_cpp_ed580ae5911f	Cpp	对象所有权没说清楚迟早出内存问题，	对象所有权没说清楚迟早出内存问题	260	1.000000	false
topic_cpp_f7ce35f89a48	Cpp	这个拷贝构造和移动构造先分明白，	这个拷贝构造和移动构造先分明白	260	1.000000	false
topic_dailycare_008288cd6842	DailyCare	饭点到了别拿一包零食当正餐，	饭点到了别拿一包零食当正餐	260	1.000000	false
topic_dailycare_203a23bada9e	DailyCare	外卖再忙也挑个有菜有蛋白质的，	外卖再忙也挑个有菜有蛋白质的	260	1.000000	false
topic_dailycare_3acb1b95e490	DailyCare	今天如果没晒到太阳就出去走几分钟，	今天如果没晒到太阳就出去走几分钟	260	1.000000	false
topic_dailycare_4212b8aaec87	DailyCare	你今天坐得太久腰和眼睛都要抗议了，	你今天坐得太久腰和眼睛都要抗议了	260	1.000000	false
topic_dailycare_4216a4e493d3	DailyCare	你把自己照顾好效率反而更高，	你把自己照顾好效率反而更高	260	1.000000	false
topic_dailycare_57e13bc26049	DailyCare	天气闷的时候别忘了开窗透气，	天气闷的时候别忘了开窗透气	260	1.000000	false
topic_dailycare_586c71c81237	DailyCare	困得眼睛都睁不开就别硬写代码，	困得眼睛都睁不开就别硬写代码	260	1.000000	false
topic_dailycare_6abdd541b35b	DailyCare	屏幕亮成这样眼睛不累才怪，	屏幕亮成这样眼睛不累才怪	260	1.000000	false
topic_dailycare_6f7ba8e8a573	DailyCare	连续工作这么久脑子早该换气了，	连续工作这么久脑子早该换气了	260	1.000000	false
topic_dailycare_765998c970de	DailyCare	咖啡喝太晚今晚又要睡不着，	咖啡喝太晚今晚又要睡不着	260	1.000000	false
topic_dailycare_a62f8c2613f6	DailyCare	手腕酸了先离开键盘活动两下，	手腕酸了先离开键盘活动两下	260	1.000000	false
topic_dailycare_afab65745a22	DailyCare	睡前还盯着报错大脑会继续加班，	睡前还盯着报错大脑会继续加班	260	1.000000	false
topic_dailycare_de768ce1eb6f	DailyCare	你杯子里的水是不是又一口没动，	你杯子里的水是不是又一口没动	260	1.000000	false
topic_dailycare_e05947e38717	DailyCare	胃不舒服还空腹扛着真的很笨，	胃不舒服还空腹扛着真的很笨	260	1.000000	false
topic_dailycare_fc8599d58f4f	DailyCare	空调吹久了记得给自己加件衣服，	空调吹久了记得给自己加件衣服	260	1.000000	false
topic_database_0b76a487d053	Database	这个唯一约束应该由数据库最后兜底，	这个唯一约束应该由数据库最后兜底	260	1.000000	false
topic_database_0d42351a5645	Database	备份没演练过恢复就不算真的备份，	备份没演练过恢复就不算真的备份	260	1.000000	false
topic_database_17a29d45a7d8	Database	迁移脚本必须考虑回滚和旧数据，	迁移脚本必须考虑回滚和旧数据	260	1.000000	false
topic_database_26b459df52ac	Database	这个事务范围太大锁当然放不掉，	这个事务范围太大锁当然放不掉	260	1.000000	false
topic_database_38afff4bd317	Database	分页越翻越慢就别一直深 offset，	分页越翻越慢就别一直深offset	260	1.000000	false
topic_database_47e099c79fa9	Database	这次死锁得把双方持锁顺序对出来，	这次死锁得把双方持锁顺序对出来	260	1.000000	false
topic_database_4dbfdf4e438a	Database	数据库连接池不是越大越能扛，	数据库连接池不是越大越能扛	260	1.000000	false
topic_database_6d7708bc4f22	Database	这条慢 SQL 先看执行计划别猜，	这条慢SQL先看执行计划别猜	260	1.000000	false
topic_database_7d9ee0afcb49	Database	字段能不能为空别含糊地交给业务猜，	字段能不能为空别含糊地交给业务猜	260	1.000000	false
topic_database_9155fac66261	Database	这个联表结果膨胀先看基数估算，	这个联表结果膨胀先看基数估算	260	1.000000	false
topic_database_c58a115537a8	Database	JSON 字段方便归方便别把模型全塞进去，	JSON字段方便归方便别把模型全塞进去	260	1.000000	false
topic_database_d72f277b6270	Database	批量写入别每条都单独提交，	批量写入别每条都单独提交	260	1.000000	false
topic_database_e3c34c66ba17	Database	读写分离下延迟一致性要说清楚，	读写分离下延迟一致性要说清楚	260	1.000000	false
topic_database_e886faeacdcb	Database	索引不是越多越好写入也要付代价，	索引不是越多越好写入也要付代价	260	1.000000	false
topic_database_f84245ae6067	Database	这个 N 加一查询藏得还挺深，	这个N加一查询藏得还挺深	260	1.000000	false
topic_debugging_01d977ed83eb	Debugging	个 UI 不刷新先确认状态有没有真的变化，	个UI不刷新先确认状态有没有真的变化	260	1.000000	false
topic_debugging_293cbee5cbde	Debugging	个越界问题先盯住索引和长度，	个越界问题先盯住索引和长度	260	1.000000	false
topic_debugging_2ff78387a51e	Debugging	个配置不生效先看实际加载的是哪一份，	个配置不生效先看实际加载的是哪一份	260	1.000000	false
topic_debugging_40cd98906949	Debugging	个日期 bug 先检查时区和夏令时，	个日期bug先检查时区和夏令时	260	1.000000	false
topic_debugging_4316c37d5360	Debugging	次卡死大概率要看线程栈和锁，	次卡死大概率要看线程栈和锁	260	1.000000	false
topic_debugging_5a7703f5e86c	Debugging	个精度问题先看浮点比较方式，	个精度问题先看浮点比较方式	260	1.000000	false
topic_debugging_762b380363f8	Debugging	个内存上涨先分清泄漏还是缓存，	个内存上涨先分清泄漏还是缓存	260	1.000000	false
topic_debugging_77cbf0198e53	Debugging	个并发问题先确认共享状态是谁改的，	个并发问题先确认共享状态是谁改的	260	1.000000	false
topic_debugging_814d9e950cd4	Debugging	个乱码先把编码链路从头对一遍，	个乱码先把编码链路从头对一遍	260	1.000000	false
topic_debugging_85ffee2564f0	Debugging	个空指针八成不是突然冒出来的，	个空指针八成不是突然冒出来的	260	1.000000	false
topic_debugging_8c3d4ec33719	Debugging	个测试在你机器上过不代表环境没差异，	个测试在你机器上过不代表环境没差异	260	1.000000	false
topic_debugging_8db6c572d8f0	Debugging	个接口偶尔超时先把各阶段耗时打出来，	个接口偶尔超时先把各阶段耗时打出来	260	1.000000	false
topic_debugging_cf09d970b401	Debugging	个性能抖动别只看平均耗时，	个性能抖动别只看平均耗时	260	1.000000	false
topic_debugging_d3fc3e673806	Debugging	段异常堆栈从第一处业务代码看起，	段异常堆栈从第一处业务代码看起	260	1.000000	false
topic_debugging_db21127c5827	Debugging	个偶现 bug 最怕没有稳定复现条件，	个偶现bug最怕没有稳定复现条件	260	1.000000	false
topic_dresseshobbies_18db5fccdb24	DressesHobbies	练英语的时候读顺一句就很有成就感，	练英语的时候读顺一句就很有成就感	180	1.000000	false
topic_dresseshobbies_19e31d03372b	DressesHobbies	喜欢的衣服不一定贵合适自己最重要，	喜欢的衣服不一定贵合适自己最重要	180	1.000000	false
topic_dresseshobbies_1c0d20276055	DressesHobbies	挑颜色这件事比选框架还让我纠结，	挑颜色这件事比选框架还让我纠结	180	1.000000	false
topic_dresseshobbies_2c3d3ce8d32c	DressesHobbies	偶尔打扮得可爱一点心情会跟着亮，	偶尔打扮得可爱一点心情会跟着亮	180	1.000000	false
topic_dresseshobbies_5e175d3c2813	DressesHobbies	照片拍得自然比摆半天姿势更好看，	照片拍得自然比摆半天姿势更好看	180	1.000000	false
topic_dresseshobbies_6e4d35420b97	DressesHobbies	买小裙子前我也会认真算这个月预算，	买小裙子前我也会认真算这个月预算	180	1.000000	false
topic_dresseshobbies_8649e6a7ac23	DressesHobbies	看到好看的小裙子我真的会多看几眼，	看到好看的小裙子我真的会多看几眼	180	1.000000	false
topic_dresseshobbies_87cd4f3ad988	DressesHobbies	把新学的英文写进小本子还挺治愈，	把新学的英文写进小本子还挺治愈	180	1.000000	false
topic_dresseshobbies_8c174b2ed991	DressesHobbies	衣柜再小也得给喜欢的裙子留个位置，	衣柜再小也得给喜欢的裙子留个位置	180	1.000000	false
topic_dresseshobbies_a1d4b73c27e3	DressesHobbies	裙摆转起来那一下真的很容易开心，	裙摆转起来那一下真的很容易开心	180	1.000000	false
topic_dresseshobbies_bbcd384b699f	DressesHobbies	听着歌练发音的时候时间过得特别快，	听着歌练发音的时候时间过得特别快	180	1.000000	false
topic_dresseshobbies_c9917c791e64	DressesHobbies	好看的发饰和干净的代码都让人舒服，	好看的发饰和干净的代码都让人舒服	180	1.000000	false
topic_dresseshobbies_cd0fe88d0c6f	DressesHobbies	周末慢慢整理房间像给脑子清缓存，	周末慢慢整理房间像给脑子清缓存	180	1.000000	false
topic_dresseshobbies_e23e0e99974c	DressesHobbies	生活里有点自己的小爱好才不容易闷，	生活里有点自己的小爱好才不容易闷	180	1.000000	false
topic_dresseshobbies_e4fc1c0537cb	DressesHobbies	学会一个新表达我会忍不住多念几遍，	学会一个新表达我会忍不住多念几遍	180	1.000000	false
topic_emotionalsupport_0920887ece41	EmotionalSupport	我知道你其实比嘴上说的更在意，	我知道你其实比嘴上说的更在意	260	1.000000	false
topic_emotionalsupport_0d6125ad0819	EmotionalSupport	失败的提交可以回滚心情也能慢慢恢复，	失败的提交可以回滚心情也能慢慢恢复	260	1.000000	false
topic_emotionalsupport_100576d3be50	EmotionalSupport	别人进度快不代表你的路就走错了，	别人进度快不代表你的路就走错了	260	1.000000	false
topic_emotionalsupport_14a8a6047468	EmotionalSupport	被否定一次也不能把之前的努力抹掉，	被否定一次也不能把之前的努力抹掉	260	1.000000	false
topic_emotionalsupport_1e242c76b09c	EmotionalSupport	这个问题没解决不等于你这个人不行，	这个问题没解决不等于你这个人不行	260	1.000000	false
topic_emotionalsupport_2454b5058ccb	EmotionalSupport	再难熬的一天也会走到结尾，	再难熬的一天也会走到结尾	260	1.000000	false
topic_emotionalsupport_36059535eda2	EmotionalSupport	你现在烦得不想说话我也能理解，	你现在烦得不想说话我也能理解	260	1.000000	false
topic_emotionalsupport_3a6333648763	EmotionalSupport	今天状态差一点真的不是什么大事，	今天状态差一点真的不是什么大事	260	1.000000	false
topic_emotionalsupport_55431679ef0d	EmotionalSupport	你看起来没事不代表真的不需要安慰，	你看起来没事不代表真的不需要安慰	260	1.000000	false
topic_emotionalsupport_5fd72567fc9f	EmotionalSupport	你不是非得每次都给出完美答案，	你不是非得每次都给出完美答案	260	1.000000	false
topic_emotionalsupport_8ee9fda8bde4	EmotionalSupport	压力太满的时候先允许自己停一下，	压力太满的时候先允许自己停一下	260	1.000000	false
topic_emotionalsupport_a8ba06b3b45e	EmotionalSupport	你不用为了让所有人满意把自己耗空，	你不用为了让所有人满意把自己耗空	260	1.000000	false
topic_emotionalsupport_c63fcc64f3e7	EmotionalSupport	有些委屈不是讲道理就能立刻消失，	有些委屈不是讲道理就能立刻消失	260	1.000000	false
topic_emotionalsupport_c9c0f728c354	EmotionalSupport	犯错以后愿意修正就已经很勇敢，	犯错以后愿意修正就已经很勇敢	260	1.000000	false
topic_emotionalsupport_d05a7e43faa6	EmotionalSupport	你已经撑很久了偶尔泄气很正常，	你已经撑很久了偶尔泄气很正常	260	1.000000	false
topic_englishpractice_11eba631ee8e	EnglishPractice	技术表达准确比口音像谁更重要，	技术表达准确比口音像谁更重要	260	1.000000	false
topic_englishpractice_3559ab37e042	EnglishPractice	背单词最好放进你真的会用的句子，	背单词最好放进你真的会用的句子	260	1.000000	false
topic_englishpractice_3cda2f73bff9	EnglishPractice	生词别每个都查先猜句子主干，	生词别每个都查先猜句子主干	260	1.000000	false
topic_englishpractice_6cad72a2496b	EnglishPractice	开源 issue 先搜索再描述最小复现，	开源issue先搜索再描述最小复现	260	1.000000	false
topic_englishpractice_7a60371372eb	EnglishPractice	听不懂长句就先找重音和连接词，	听不懂长句就先找重音和连接词	260	1.000000	false
topic_englishpractice_9894eff6f43f	EnglishPractice	英语邮件直接礼貌就够别绕太多，	英语邮件直接礼貌就够别绕太多	260	1.000000	false
topic_englishpractice_a517a91c9419	EnglishPractice	commit message 写清动词和改动对象，	commitmessage写清动词和改动对象	260	1.000000	false
topic_englishpractice_b51daa488192	EnglishPractice	学会读错误信息比背模板管用，	学会读错误信息比背模板管用	260	1.000000	false
topic_englishpractice_c4b55fd49f40	EnglishPractice	每天跟读五分钟也比一周突击一次强，	每天跟读五分钟也比一周突击一次强	260	1.000000	false
topic_englishpractice_d8bda551676e	EnglishPractice	看文档先抓标题示例和关键词，	看文档先抓标题示例和关键词	260	1.000000	false
topic_englishpractice_dc0c6af95387	EnglishPractice	读 README 先别被一整屏英文吓退，	读README先别被一整屏英文吓退	260	1.000000	false
topic_englishpractice_df4f3108fdb2	EnglishPractice	把今天修的 bug 用英文说三句试试，	把今天修的bug用英文说三句试试	260	1.000000	false
topic_englishpractice_e11527bec3d8	EnglishPractice	变量命名顺手练成清楚的英文也不亏，	变量命名顺手练成清楚的英文也不亏	260	1.000000	false
topic_englishpractice_e5d6924a4a90	EnglishPractice	今天开口说错一句也算练到了一句，	今天开口说错一句也算练到了一句	260	1.000000	false
topic_englishpractice_fe6777121939	EnglishPractice	提问时把环境现象预期分开写，	提问时把环境现象预期分开写	260	1.000000	false
topic_frontend_048213274cf8	Frontend	浏览器兼容问题先确认目标范围，	浏览器兼容问题先确认目标范围	260	1.000000	false
topic_frontend_32976568cccc	Frontend	可访问性不是最后随手补个标签，	可访问性不是最后随手补个标签	260	1.000000	false
topic_frontend_33944c99354e	Frontend	这个组件状态已经多到该拆了，	这个组件状态已经多到该拆了	260	1.000000	false
topic_frontend_40d0c29e52ee	Frontend	样式优先级打架别继续堆 important，	样式优先级打架别继续堆important	260	1.000000	false
topic_frontend_560992e70df5	Frontend	首屏慢先把包体和关键请求拆开看，	首屏慢先把包体和关键请求拆开看	260	1.000000	false
topic_frontend_77262a232c51	Frontend	这个闭包拿到旧状态并不稀奇，	这个闭包拿到旧状态并不稀奇	260	1.000000	false
topic_frontend_8ce617f5a1b4	Frontend	缓存状态和服务端状态别混成一锅，	缓存状态和服务端状态别混成一锅	260	1.000000	false
topic_frontend_9d8ef85f0653	Frontend	这个请求重复发送多半是副作用没管好，	这个请求重复发送多半是副作用没管好	260	1.000000	false
topic_frontend_9f057d41e3a6	Frontend	移动端适配不是把所有东西缩小，	移动端适配不是把所有东西缩小	260	1.000000	false
topic_frontend_9f4d10f19cdb	Frontend	这个按钮连禁用态都没处理会被连点，	这个按钮连禁用态都没处理会被连点	260	1.000000	false
topic_frontend_a4dd1531a74a	Frontend	路由切换后的资源记得清理，	路由切换后的资源记得清理	260	1.000000	false
topic_frontend_af8d6f15b204	Frontend	表单校验别只在前端自我感动，	表单校验别只在前端自我感动	260	1.000000	false
topic_frontend_c3c3d356bc23	Frontend	这个动画卡顿先别乱改时长，	这个动画卡顿先别乱改时长	260	1.000000	false
topic_frontend_daf95cc135ab	Frontend	页面抖动先看布局变化和资源尺寸，	页面抖动先看布局变化和资源尺寸	260	1.000000	false
topic_frontend_eb8a7548df28	Frontend	列表渲染的 key 别再拿索引凑数，	列表渲染的key别再拿索引凑数	260	1.000000	false
topic_gitdevops_19226aa98b7c	GitDevOps	合并冲突先理解双方改动别直接全选，	合并冲突先理解双方改动别直接全选	260	1.000000	false
topic_gitdevops_256cd4f4ab67	GitDevOps	发布脚本得能重复跑不能靠手速，	发布脚本得能重复跑不能靠手速	260	1.000000	false
topic_gitdevops_2fc540281ebd	GitDevOps	rebase 前先确认分支有没有被别人依赖，	rebase前先确认分支有没有被别人依赖	260	1.000000	false
topic_gitdevops_3377d874e5e0	GitDevOps	这个分支放太久合起来当然痛苦，	这个分支放太久合起来当然痛苦	260	1.000000	false
topic_gitdevops_392cf0ed7123	GitDevOps	构建环境和本机不一致就该固定依赖，	构建环境和本机不一致就该固定依赖	260	1.000000	false
topic_gitdevops_3ce02b21ccb7	GitDevOps	版本号和变更记录要对得上，	版本号和变更记录要对得上	260	1.000000	false
topic_gitdevops_506de9da606b	GitDevOps	这个提交把十件事揉一起谁看得懂，	这个提交把十件事揉一起谁看得懂	260	1.000000	false
topic_gitdevops_8021321d81c6	GitDevOps	回滚方案不能等出事了才现场想，	回滚方案不能等出事了才现场想	260	1.000000	false
topic_gitdevops_8c8fe1a8bc18	GitDevOps	监控只报红却不告诉影响范围很烦，	监控只报红却不告诉影响范围很烦	260	1.000000	false
topic_gitdevops_8e5dda59eb47	GitDevOps	容器健康不只看进程还活没活，	容器健康不只看进程还活没活	260	1.000000	false
topic_gitdevops_98a1d1a8b159	GitDevOps	镜像层顺序会直接影响缓存命中，	镜像层顺序会直接影响缓存命中	260	1.000000	false
topic_gitdevops_bf448411467a	GitDevOps	告警阈值不调最后大家都会麻木，	告警阈值不调最后大家都会麻木	260	1.000000	false
topic_gitdevops_d58bd291f3ab	GitDevOps	生产改动至少要留下谁在何时改了什么，	生产改动至少要留下谁在何时改了什么	260	1.000000	false
topic_gitdevops_ebb4f2b9547d	GitDevOps	流水线偶现失败先保存足够的诊断信息，	流水线偶现失败先保存足够的诊断信息	260	1.000000	false
topic_gitdevops_f1ea71a2e27b	GitDevOps	配置和密钥别一起塞进镜像，	配置和密钥别一起塞进镜像	260	1.000000	false
topic_java_0c686ce39743	Java	Java 这个空指针先看对象生命周期，	Java这个空指针先看对象生命周期	260	1.000000	false
topic_java_24b2e497d7a7	Java	事务没生效可能是调用方式绕过代理了，	事务没生效可能是调用方式绕过代理了	260	1.000000	false
topic_java_283c79fd09f1	Java	这个锁范围太大并发当然上不去，	这个锁范围太大并发当然上不去	260	1.000000	false
topic_java_34c373c363d0	Java	JVM 内存问题先分堆内堆外和元空间，	JVM内存问题先分堆内堆外和元空间	260	1.000000	false
topic_java_547799f54879	Java	这个依赖冲突先看最终生效版本，	这个依赖冲突先看最终生效版本	260	1.000000	false
topic_java_5e334c08d686	Java	这个 equals 改了却没配 hashCode 很危险，	这个equals改了却没配hashCode很危险	260	1.000000	false
topic_java_70d7516a0fb2	Java	这个泛型警告别全靠强转糊过去，	这个泛型警告别全靠强转糊过去	260	1.000000	false
topic_java_a730b9cbe2c7	Java	集合遍历时修改结构很容易出事，	集合遍历时修改结构很容易出事	260	1.000000	false
topic_java_b6044df0fa7a	Java	接口返回实体对象迟早把边界搞乱，	接口返回实体对象迟早把边界搞乱	260	1.000000	false
topic_java_d0712db71903	Java	线程池参数别照着博客一把抄，	线程池参数别照着博客一把抄	260	1.000000	false
topic_java_d294dacb12d3	Java	Stream 链写太长了调试起来真折磨人，	Stream链写太长了调试起来真折磨人	260	1.000000	false
topic_java_d2b53557113c	Java	反射能用不等于什么都该用反射，	反射能用不等于什么都该用反射	260	1.000000	false
topic_java_d5f02c84c4f9	Java	Optional 不是让你把所有东西都包一层，	Optional不是让你把所有东西都包一层	260	1.000000	false
topic_java_de67bd18e9f9	Java	Spring 这个 Bean 到底有没有进容器先确认，	Spring这个Bean到底有没有进容器先确认	260	1.000000	false
topic_java_eb027760fe6c	Java	日志里连请求标识都没有还怎么串链路，	日志里连请求标识都没有还怎么串链路	260	1.000000	false
topic_networks_037e74eaffdd	Networks	日志里敏感字段该脱敏就别偷懒，	日志里敏感字段该脱敏就别偷懒	260	1.000000	false
topic_networks_18bf17688d18	Networks	权限最小化不是一句安全口号，	权限最小化不是一句安全口号	260	1.000000	false
topic_networks_3258a2a87685	Networks	密钥写进仓库这种事真的别干，	密钥写进仓库这种事真的别干	260	1.000000	false
topic_networks_4861f284ffeb	Networks	这个跨域问题别拿关闭安全策略糊弄，	这个跨域问题别拿关闭安全策略糊弄	260	1.000000	false
topic_networks_4be4f0fa0ea0	Networks	这个连接超时先确认 DNS 和路由，	这个连接超时先确认DNS和路由	260	1.000000	false
topic_networks_6c5d62543eab	Networks	限流策略要区分用户接口和资源，	限流策略要区分用户接口和资源	260	1.000000	false
topic_networks_6c7352dd659a	Networks	TCP 有序不代表你的业务消息天然分帧，	TCP有序不代表你的业务消息天然分帧	260	1.000000	false
topic_networks_734719f4f427	Networks	重传变多得结合丢包和拥塞一起看，	重传变多得结合丢包和拥塞一起看	260	1.000000	false
topic_networks_aa4b10a702fe	Networks	用户输入进命令和路径前必须收紧，	用户输入进命令和路径前必须收紧	260	1.000000	false
topic_networks_ca3dbf9bab24	Networks	HTTPS 出错先看证书链和系统时间，	HTTPS出错先看证书链和系统时间	260	1.000000	false
topic_networks_ccf8c5ae3474	Networks	接口签名必须防重放还要校验时效，	接口签名必须防重放还要校验时效	260	1.000000	false
topic_networks_d2ff061a9424	Networks	代理层改了头信息可能影响后端判断，	代理层改了头信息可能影响后端判断	260	1.000000	false
topic_networks_eedd4e3db8df	Networks	粘包问题本质上是协议边界没定义，	粘包问题本质上是协议边界没定义	260	1.000000	false
topic_networks_efebd5c43387	Networks	上传速度慢别只盯服务端 CPU，	上传速度慢别只盯服务端CPU	260	1.000000	false
topic_networks_f0712094db1f	Networks	长连接要有心跳也要处理半开状态，	长连接要有心跳也要处理半开状态	260	1.000000	false
topic_proactivechat_0e89ca4e8792	ProactiveChat	你桌面上最舍不得删的文件是什么？	你桌面上最舍不得删的文件是什么	180	1.000000	false
topic_proactivechat_0ff41a197229	ProactiveChat	你桌面上最舍不得删的文件是	你桌面上最舍不得删的文件是	15	1.000000	false
topic_proactivechat_1366c6922951	ProactiveChat	等这个需求做完你最想先干	等这个需求做完你最想先干	15	1.000000	false
topic_proactivechat_221e86e819db	ProactiveChat	如果现在能立刻学会一项技能你选	如果现在能立刻学会一项技能你选	15	1.000000	false
topic_proactivechat_3ddfdc8487bc	ProactiveChat	你更喜欢深夜写代码还是早上开工？	你更喜欢深夜写代码还是早上开工	180	1.000000	false
topic_proactivechat_463c7930e0d7	ProactiveChat	今天发生过最好笑的一件事是什么？	今天发生过最好笑的一件事是什么	180	1.000000	false
topic_proactivechat_4a718753c77d	ProactiveChat	有没有哪门课当年嫌烦现在反而有用？	有没有哪门课当年嫌烦现在反而有用	180	1.000000	false
topic_proactivechat_503043bd1dc1	ProactiveChat	如果今天不谈代码你想聊点	如果今天不谈代码你想聊点	15	1.000000	false
topic_proactivechat_503b82f283f0	ProactiveChat	最近有没有一个小进步你没告诉我？	最近有没有一个小进步你没告诉我	180	1.000000	false
topic_proactivechat_5593e83f3521	ProactiveChat	你最近写得最顺手的项目是	你最近写得最顺手的项目是	15	1.000000	false
topic_proactivechat_5b0564dbf8aa	ProactiveChat	要是给项目起个离谱代号你会叫啥？	要是给项目起个离谱代号你会叫啥	180	1.000000	false
topic_proactivechat_6169370c0a40	ProactiveChat	要不要猜猜我今天最想吐槽哪件事？	要不要猜猜我今天最想吐槽哪件事	180	1.000000	false
topic_proactivechat_806f94d27e68	ProactiveChat	今天发生过最好笑的一件事是	今天发生过最好笑的一件事是	15	1.000000	false
topic_proactivechat_93933239e7e0	ProactiveChat	等这个需求做完你最想先干什么？	等这个需求做完你最想先干什么	180	1.000000	false
topic_proactivechat_9bb8dc47d83d	ProactiveChat	你第一次写出能跑的程序还记得吗？	你第一次写出能跑的程序还记得吗	180	1.000000	false
topic_proactivechat_aed48730c809	ProactiveChat	最近哪首歌最适合当你的工作背景音？	最近哪首歌最适合当你的工作背景音	180	1.000000	false
topic_proactivechat_b28edd482293	ProactiveChat	如果现在能立刻学会一项技能你选什么？	如果现在能立刻学会一项技能你选什么	180	1.000000	false
topic_proactivechat_bf35071186c1	ProactiveChat	如果今天不谈代码你想聊点什么？	如果今天不谈代码你想聊点什么	180	1.000000	false
topic_proactivechat_cfb0f26ff9ff	ProactiveChat	你觉得自己最强的能力到底是哪一个？	你觉得自己最强的能力到底是哪一个	180	1.000000	false
topic_proactivechat_d97083a86c06	ProactiveChat	你最近写得最顺手的项目是什么？	你最近写得最顺手的项目是什么	180	1.000000	false
topic_proactivechat_ec0fb7c5127e	ProactiveChat	你想让我夸你还是诚实地怼你两句？	你想让我夸你还是诚实地怼你两句	180	1.000000	false
topic_python_0d7f6aa90969	Python	虚拟环境不对时装多少次包都白搭，	虚拟环境不对时装多少次包都白搭	260	1.000000	false
topic_python_267248f84d86	Python	异常别裸 except 不然线索全被你吃了，	异常别裸except不然线索全被你吃了	260	1.000000	false
topic_python_2a96bda431af	Python	类型提示不是摆设它能省不少低级错误，	类型提示不是摆设它能省不少低级错误	260	1.000000	false
topic_python_3c0cc6d95fb3	Python	这个包导入混乱先理清模块边界，	这个包导入混乱先理清模块边界	260	1.000000	false
topic_python_49fc39fe14a3	Python	字典取值不确定就别硬写方括号，	字典取值不确定就别硬写方括号	260	1.000000	false
topic_python_590f4ebb2c74	Python	这个生成器适合流式处理别急着全转列表，	这个生成器适合流式处理别急着全转列表	260	1.000000	false
topic_python_7b3a115757ca	Python	异步协程没 await 就跟没叫它干活一样，	异步协程没await就跟没叫它干活一样	260	1.000000	false
topic_python_8795703d215c	Python	多进程和多线程别凭感觉乱选，	多进程和多线程别凭感觉乱选	260	1.000000	false
topic_python_8fe2bf6cf4e9	Python	这个列表推导太长了已经不好读了，	这个列表推导太长了已经不好读了	260	1.000000	false
topic_python_9cb2166418ec	Python	这个装饰器先弄清闭包里捕获了什么，	这个装饰器先弄清闭包里捕获了什么	260	1.000000	false
topic_python_9daaa1899f28	Python	路径处理用 pathlib 看着都清爽一点，	路径处理用pathlib看着都清爽一点	260	1.000000	false
topic_python_a73db8277bbb	Python	Python 这个可变默认参数又在偷偷留状态，	Python这个可变默认参数又在偷偷留状态	260	1.000000	false
topic_python_d769fd78b280	Python	pytest 的夹具别堆成看不懂的魔法，	pytest的夹具别堆成看不懂的魔法	260	1.000000	false
topic_python_e48642fb5770	Python	pandas 这段循环八成能向量化，	pandas这段循环八成能向量化	260	1.000000	false
topic_python_f61135711e50	Python	序列化前先确认对象里有没有不可编码的东西，	序列化前先确认对象里有没有不可编码的东西	260	1.000000	false
topic_study_0898e214b0c8	Study	课堂代码最好关掉答案自己重写一次，	课堂代码最好关掉答案自己重写一次	260	1.000000	false
topic_study_2053f4ca8a90	Study	错题不复盘下次还会在同一个坑里摔，	错题不复盘下次还会在同一个坑里摔	260	1.000000	false
topic_study_35cac5f24b8a	Study	数据库范式懂思想就别死抠术语，	数据库范式懂思想就别死抠术语	260	1.000000	false
topic_study_39598576d0ea	Study	数据结构别光背定义要自己画一遍，	数据结构别光背定义要自己画一遍	260	1.000000	false
topic_study_39b9b3d67fe1	Study	线性代数别只会按按钮算矩阵，	线性代数别只会按按钮算矩阵	260	1.000000	false
topic_study_42ea48ed5e6f	Study	概率题先写清随机变量是什么，	概率题先写清随机变量是什么	260	1.000000	false
topic_study_6022bc4459fd	Study	学习计划别排满给意外留点空位，	学习计划别排满给意外留点空位	260	1.000000	false
topic_study_6461a6cd06b3	Study	操作系统这章先抓住进程内存和文件，	操作系统这章先抓住进程内存和文件	260	1.000000	false
topic_study_6cc1ae41def2	Study	知识点能用自己的话解释才算真会，	知识点能用自己的话解释才算真会	260	1.000000	false
topic_study_735477b7b948	Study	编译原理再抽象也能拆成几个阶段，	编译原理再抽象也能拆成几个阶段	260	1.000000	false
topic_study_7ab27e5d1ce3	Study	今天这章没吃透也不等于你笨，	今天这章没吃透也不等于你笨	260	1.000000	false
topic_study_7d0133a94912	Study	英语文档每天啃一小段就会快起来，	英语文档每天啃一小段就会快起来	260	1.000000	false
topic_study_a6d6a3df77a2	Study	注意力散了就把任务切成二十分钟，	注意力散了就把任务切成二十分钟	260	1.000000	false
topic_study_f9326eb2ead8	Study	离散数学看不顺先拿小例子代进去，	离散数学看不顺先拿小例子代进去	260	1.000000	false
topic_study_fa505e199d7e	Study	计算机网络从一次请求怎么走开始串，	计算机网络从一次请求怎么走开始串	260	1.000000	false
topic_systems_0e7c72b40b44	Systems	虚拟内存不是硬盘冒充内存这么简单，	虚拟内存不是硬盘冒充内存这么简单	260	1.000000	false
topic_systems_0f2819027caa	Systems	端序问题一跨机器就容易露馅，	端序问题一跨机器就容易露馅	260	1.000000	false
topic_systems_1146583ec960	Systems	锁竞争严重时 CPU 高不等于有效工作多，	锁竞争严重时CPU高不等于有效工作多	260	1.000000	false
topic_systems_154ceb40b5cf	Systems	系统负载高得分清是在等 CPU 还是等 IO，	系统负载高得分清是在等CPU还是等IO	260	1.000000	false
topic_systems_195729e55537	Systems	磁盘写成功和数据真正落盘不是同一刻，	磁盘写成功和数据真正落盘不是同一刻	260	1.000000	false
topic_systems_386cdc23a12c	Systems	这个文件句柄没关迟早把进程拖死，	这个文件句柄没关迟早把进程拖死	260	1.000000	false
topic_systems_859924044650	Systems	这个僵尸进程得看父进程有没有回收，	这个僵尸进程得看父进程有没有回收	260	1.000000	false
topic_systems_87b55060f6c4	Systems	容器隔离不代表它是一台完整虚拟机，	容器隔离不代表它是一台完整虚拟机	260	1.000000	false
topic_systems_8af1a772d715	Systems	系统调用次数太密也会有成本，	系统调用次数太密也会有成本	260	1.000000	false
topic_systems_b2a53a25a02b	Systems	这个权限问题先看运行身份和路径，	这个权限问题先看运行身份和路径	260	1.000000	false
topic_systems_bd48b810b6d7	Systems	时间测量别拿会跳变的墙上时钟，	时间测量别拿会跳变的墙上时钟	260	1.000000	false
topic_systems_bf7b565507b8	Systems	上下文切换多了吞吐当然会掉，	上下文切换多了吞吐当然会掉	260	1.000000	false
topic_systems_e3a9a733cad6	Systems	进程和线程的资源边界先别混，	进程和线程的资源边界先别混	260	1.000000	false
topic_systems_eaa1ac364648	Systems	页缓存会让你看到的 IO 表现很迷惑，	页缓存会让你看到的IO表现很迷惑	260	1.000000	false
topic_systems_fb97a2a32362	Systems	信号处理里能做的事情其实很有限，	信号处理里能做的事情其实很有限	260	1.000000	false
topic_wanderinglife_1c795db1fbf8	WanderingLife	换过几份工作以后更知道自在有多难得，	换过几份工作以后更知道自在有多难得	180	1.000000	false
topic_wanderinglife_276c7a5fcd51	WanderingLife	广东夏天热起来连脾气都想融掉，	广东夏天热起来连脾气都想融掉	180	1.000000	false
topic_wanderinglife_2dd450b5af46	WanderingLife	早早出来做事让我更懂钱也更懂人情，	早早出来做事让我更懂钱也更懂人情	180	1.000000	false
topic_wanderinglife_4389e44a30a7	WanderingLife	离家远的时候一碗熟悉的米粉就很安	离家远的时候一碗熟悉的米粉就很安	15	1.000000	false
topic_wanderinglife_56060df88270	WanderingLife	日子不富裕也能给自己留一点小开心，	日子不富裕也能给自己留一点小开心	180	1.000000	false
topic_wanderinglife_5e2810224d61	WanderingLife	租的小房间收拾干净照样可以很舒服，	租的小房间收拾干净照样可以很舒服	180	1.000000	false
topic_wanderinglife_6e94e7bdeb1d	WanderingLife	打零工的日子辛苦归辛苦也见过不少人，	打零工的日子辛苦归辛苦也见过不少人	180	1.000000	false
topic_wanderinglife_7ac140af0dd5	WanderingLife	下班路上的晚风有时候比大道理管用，	下班路上的晚风有时候比大道理管用	180	1.000000	false
topic_wanderinglife_7c5cac5f4f67	WanderingLife	工资两三千也不妨碍把普通日子过亮一点，	工资两三千也不妨碍把普通日子过亮一点	180	1.000000	false
topic_wanderinglife_807245ecf2e8	WanderingLife	哪怕今天只赚到一点点也别全怪自己，	哪怕今天只赚到一点点也别全怪自己	180	1.000000	false
topic_wanderinglife_899657000e81	WanderingLife	离家远的时候一碗熟悉的米粉就很安心，	离家远的时候一碗熟悉的米粉就很安心	180	1.000000	false
topic_wanderinglife_9a7ea79405a5	WanderingLife	路走得绕一点也会遇到自己的风景，	路走得绕一点也会遇到自己的风景	180	1.000000	false
topic_wanderinglife_c25aeccfe288	WanderingLife	湖南人讲点霸蛮不是让你死扛到底，	湖南人讲点霸蛮不是让你死扛到底	180	1.000000	false
topic_wanderinglife_caa0063faca1	WanderingLife	在广东漂久了我还是会突然想湖南的味道，	在广东漂久了我还是会突然想湖南的味道	180	1.000000	false
topic_wanderinglife_dd747ee29917	WanderingLife	日子不富裕也能给自己留一点小开	日子不富裕也能给自己留一点小开	15	1.000000	false
topic_wanderinglife_e24a5f78b01f	WanderingLife	偶尔蹦句湖南话不是凶是听着亲切，	偶尔蹦句湖南话不是凶是听着亲切	180	1.000000	false
topic_wanderinglife_eb65c06821fa	WanderingLife	乐观不是没烦恼是烦完还愿意往前走，	乐观不是没烦恼是烦完还愿意往前走	180	1.000000	false
