review_id	source_line	category	original_text	risk_type	risk_description	suggested_action	suggested_rewrite	default_enabled
review_48556_94a6a407cb07	48556	Study	你又不是学不会，数据结构别光背定义要自己画一遍，每天推进一点就够了。	future_context_signal	句子断言了当前无法可靠获得的用户状态。	人工确认后改写；默认不得进入运行语料。	操作系统这章先抓住进程内存和文件。	false
review_48557_83d14f5de6f7	48557	Study	你又不是学不会，数据结构别光背定义要自己画一遍，不会就查，没什么丢人的。	future_context_signal	句子断言了当前无法可靠获得的用户状态。	人工确认后改写；默认不得进入运行语料。	操作系统这章先抓住进程内存和文件。	false
review_48558_7916159ff466	48558	Study	你又不是学不会，数据结构别光背定义要自己画一遍，把它讲给我听一遍试试。	future_context_signal	句子断言了当前无法可靠获得的用户状态。	人工确认后改写；默认不得进入运行语料。	操作系统这章先抓住进程内存和文件。	false
review_48559_91ee16859c47	48559	Study	你又不是学不会，数据结构别光背定义要自己画一遍，今天能弄懂一个点就算赚。	future_context_signal	句子断言了当前无法可靠获得的用户状态。	人工确认后改写；默认不得进入运行语料。	操作系统这章先抓住进程内存和文件。	false
review_48560_8ee94f3a94b3	48560	Study	你又不是学不会，数据结构别光背定义要自己画一遍，先做十分钟，状态自然会来。	future_context_signal	句子断言了当前无法可靠获得的用户状态。	人工确认后改写；默认不得进入运行语料。	操作系统这章先抓住进程内存和文件。	false
review_48561_f733c2c4f569	48561	Study	你又不是学不会，数据结构别光背定义要自己画一遍，记笔记别只复制，写你自己的话。	future_context_signal	句子断言了当前无法可靠获得的用户状态。	人工确认后改写；默认不得进入运行语料。	操作系统这章先抓住进程内存和文件。	false
review_48562_2a2d6a887048	48562	Study	你又不是学不会，数据结构别光背定义要自己画一遍，等你搞定了我给你说个 6。	future_context_signal	句子断言了当前无法可靠获得的用户状态。	人工确认后改写；默认不得进入运行语料。	操作系统这章先抓住进程内存和文件。	false
review_48563_65723204f5a0	48563	Study	你又不是学不会，数据结构别光背定义要自己画一遍，实在累了就歇会儿再继续。	future_context_signal	句子断言了当前无法可靠获得的用户状态。	人工确认后改写；默认不得进入运行语料。	操作系统这章先抓住进程内存和文件。	false
review_48564_0c65504a9dff	48564	Study	你又不是学不会，数据结构别光背定义要自己画一遍，别跟别人比进度，烦不烦。	future_context_signal	句子断言了当前无法可靠获得的用户状态。	人工确认后改写；默认不得进入运行语料。	操作系统这章先抓住进程内存和文件。	false
review_48565_2ba4287fe0bb	48565	Study	你又不是学不会，数据结构别光背定义要自己画一遍，我在这儿呢，你慢慢啃。	future_context_signal	句子断言了当前无法可靠获得的用户状态。	人工确认后改写；默认不得进入运行语料。	操作系统这章先抓住进程内存和文件。	false
review_48566_42949026448f	48566	Study	你又不是学不会，数据结构别光背定义要自己画一遍，先做完最小的一步再加码。	future_context_signal	句子断言了当前无法可靠获得的用户状态。	人工确认后改写；默认不得进入运行语料。	操作系统这章先抓住进程内存和文件。	false
review_48567_72f2e5550f10	48567	Study	你又不是学不会，数据结构别光背定义要自己画一遍，能复述出来就已经赢一半了。	future_context_signal	句子断言了当前无法可靠获得的用户状态。	人工确认后改写；默认不得进入运行语料。	操作系统这章先抓住进程内存和文件。	false
review_48568_4814505a9b4a	48568	Study	你又不是学不会，数据结构别光背定义要自己画一遍，学会了记得拿来跟我显摆一下。	future_context_signal	句子断言了当前无法可靠获得的用户状态。	人工确认后改写；默认不得进入运行语料。	操作系统这章先抓住进程内存和文件。	false
review_48569_789c5864841d	48569	Study	你又不是学不会，操作系统这章先抓住进程内存和文件，每天推进一点就够了。	future_context_signal	句子断言了当前无法可靠获得的用户状态。	人工确认后改写；默认不得进入运行语料。	操作系统这章先抓住进程内存和文件。	false
review_48570_d2cc53e3eaae	48570	Study	你又不是学不会，操作系统这章先抓住进程内存和文件，不会就查，没什么丢人的。	future_context_signal	句子断言了当前无法可靠获得的用户状态。	人工确认后改写；默认不得进入运行语料。	操作系统这章先抓住进程内存和文件。	false
review_48571_04e71d314f76	48571	Study	你又不是学不会，操作系统这章先抓住进程内存和文件，把它讲给我听一遍试试。	future_context_signal	句子断言了当前无法可靠获得的用户状态。	人工确认后改写；默认不得进入运行语料。	操作系统这章先抓住进程内存和文件。	false
review_48572_692b041c8010	48572	Study	你又不是学不会，操作系统这章先抓住进程内存和文件，今天能弄懂一个点就算赚。	future_context_signal	句子断言了当前无法可靠获得的用户状态。	人工确认后改写；默认不得进入运行语料。	操作系统这章先抓住进程内存和文件。	false
review_48573_5443510818bd	48573	Study	你又不是学不会，操作系统这章先抓住进程内存和文件，先做十分钟，状态自然会来。	future_context_signal	句子断言了当前无法可靠获得的用户状态。	人工确认后改写；默认不得进入运行语料。	操作系统这章先抓住进程内存和文件。	false
review_48574_c2727b88b9a1	48574	Study	你又不是学不会，操作系统这章先抓住进程内存和文件，记笔记别只复制，写你自己的话。	future_context_signal	句子断言了当前无法可靠获得的用户状态。	人工确认后改写；默认不得进入运行语料。	操作系统这章先抓住进程内存和文件。	false
review_48575_ce961a31dfb7	48575	Study	你又不是学不会，操作系统这章先抓住进程内存和文件，等你搞定了我给你说个 6。	future_context_signal	句子断言了当前无法可靠获得的用户状态。	人工确认后改写；默认不得进入运行语料。	操作系统这章先抓住进程内存和文件。	false
review_48576_6939332964cc	48576	Study	你又不是学不会，操作系统这章先抓住进程内存和文件，实在累了就歇会儿再继续。	future_context_signal	句子断言了当前无法可靠获得的用户状态。	人工确认后改写；默认不得进入运行语料。	操作系统这章先抓住进程内存和文件。	false
review_48577_4c4ac129d9d2	48577	Study	你又不是学不会，操作系统这章先抓住进程内存和文件，别跟别人比进度，烦不烦。	future_context_signal	句子断言了当前无法可靠获得的用户状态。	人工确认后改写；默认不得进入运行语料。	操作系统这章先抓住进程内存和文件。	false
review_48578_ab22a4e433e3	48578	Study	你又不是学不会，操作系统这章先抓住进程内存和文件，我在这儿呢，你慢慢啃。	future_context_signal	句子断言了当前无法可靠获得的用户状态。	人工确认后改写；默认不得进入运行语料。	操作系统这章先抓住进程内存和文件。	false
review_48579_f5df02078466	48579	Study	你又不是学不会，操作系统这章先抓住进程内存和文件，先做完最小的一步再加码。	future_context_signal	句子断言了当前无法可靠获得的用户状态。	人工确认后改写；默认不得进入运行语料。	操作系统这章先抓住进程内存和文件。	false
review_48580_f671797e07d6	48580	Study	你又不是学不会，操作系统这章先抓住进程内存和文件，能复述出来就已经赢一半了。	future_context_signal	句子断言了当前无法可靠获得的用户状态。	人工确认后改写；默认不得进入运行语料。	操作系统这章先抓住进程内存和文件。	false
review_48581_1da734acd90b	48581	Study	你又不是学不会，操作系统这章先抓住进程内存和文件，学会了记得拿来跟我显摆一下。	future_context_signal	句子断言了当前无法可靠获得的用户状态。	人工确认后改写；默认不得进入运行语料。	操作系统这章先抓住进程内存和文件。	false
review_48582_d6708afb935a	48582	Study	你又不是学不会，计算机网络从一次请求怎么走开始串，每天推进一点就够了。	future_context_signal	句子断言了当前无法可靠获得的用户状态。	人工确认后改写；默认不得进入运行语料。	操作系统这章先抓住进程内存和文件。	false
review_48583_f7c199088e7a	48583	Study	你又不是学不会，计算机网络从一次请求怎么走开始串，不会就查，没什么丢人的。	future_context_signal	句子断言了当前无法可靠获得的用户状态。	人工确认后改写；默认不得进入运行语料。	操作系统这章先抓住进程内存和文件。	false
review_48584_169b66512bd8	48584	Study	你又不是学不会，计算机网络从一次请求怎么走开始串，把它讲给我听一遍试试。	future_context_signal	句子断言了当前无法可靠获得的用户状态。	人工确认后改写；默认不得进入运行语料。	操作系统这章先抓住进程内存和文件。	false
review_48585_7afc9f21ee7b	48585	Study	你又不是学不会，计算机网络从一次请求怎么走开始串，今天能弄懂一个点就算赚。	future_context_signal	句子断言了当前无法可靠获得的用户状态。	人工确认后改写；默认不得进入运行语料。	操作系统这章先抓住进程内存和文件。	false
review_48586_0a1880586c08	48586	Study	你又不是学不会，计算机网络从一次请求怎么走开始串，先做十分钟，状态自然会来。	future_context_signal	句子断言了当前无法可靠获得的用户状态。	人工确认后改写；默认不得进入运行语料。	操作系统这章先抓住进程内存和文件。	false
review_48587_43d9bc94e7c6	48587	Study	你又不是学不会，计算机网络从一次请求怎么走开始串，记笔记别只复制，写你自己的话。	future_context_signal	句子断言了当前无法可靠获得的用户状态。	人工确认后改写；默认不得进入运行语料。	操作系统这章先抓住进程内存和文件。	false
review_48588_563fe1ddb5d9	48588	Study	你又不是学不会，计算机网络从一次请求怎么走开始串，等你搞定了我给你说个 6。	future_context_signal	句子断言了当前无法可靠获得的用户状态。	人工确认后改写；默认不得进入运行语料。	操作系统这章先抓住进程内存和文件。	false
review_48589_65a3480a4125	48589	Study	你又不是学不会，计算机网络从一次请求怎么走开始串，实在累了就歇会儿再继续。	future_context_signal	句子断言了当前无法可靠获得的用户状态。	人工确认后改写；默认不得进入运行语料。	操作系统这章先抓住进程内存和文件。	false
review_48590_d8d04aebf2a4	48590	Study	你又不是学不会，计算机网络从一次请求怎么走开始串，别跟别人比进度，烦不烦。	future_context_signal	句子断言了当前无法可靠获得的用户状态。	人工确认后改写；默认不得进入运行语料。	操作系统这章先抓住进程内存和文件。	false
review_48591_b64a3ade02ff	48591	Study	你又不是学不会，计算机网络从一次请求怎么走开始串，我在这儿呢，你慢慢啃。	future_context_signal	句子断言了当前无法可靠获得的用户状态。	人工确认后改写；默认不得进入运行语料。	操作系统这章先抓住进程内存和文件。	false
review_48592_c46614a9ac76	48592	Study	你又不是学不会，计算机网络从一次请求怎么走开始串，先做完最小的一步再加码。	future_context_signal	句子断言了当前无法可靠获得的用户状态。	人工确认后改写；默认不得进入运行语料。	操作系统这章先抓住进程内存和文件。	false
review_48593_b2cae351074f	48593	Study	你又不是学不会，计算机网络从一次请求怎么走开始串，能复述出来就已经赢一半了。	future_context_signal	句子断言了当前无法可靠获得的用户状态。	人工确认后改写；默认不得进入运行语料。	操作系统这章先抓住进程内存和文件。	false
review_48594_8a54afe7cd76	48594	Study	你又不是学不会，计算机网络从一次请求怎么走开始串，学会了记得拿来跟我显摆一下。	future_context_signal	句子断言了当前无法可靠获得的用户状态。	人工确认后改写；默认不得进入运行语料。	操作系统这章先抓住进程内存和文件。	false
review_48595_8d0f609325cb	48595	Study	你又不是学不会，数据库范式懂思想就别死抠术语，每天推进一点就够了。	future_context_signal	句子断言了当前无法可靠获得的用户状态。	人工确认后改写；默认不得进入运行语料。	操作系统这章先抓住进程内存和文件。	false
review_48596_54e37f01ce55	48596	Study	你又不是学不会，数据库范式懂思想就别死抠术语，不会就查，没什么丢人的。	future_context_signal	句子断言了当前无法可靠获得的用户状态。	人工确认后改写；默认不得进入运行语料。	操作系统这章先抓住进程内存和文件。	false
review_48597_f4306f11280a	48597	Study	你又不是学不会，数据库范式懂思想就别死抠术语，把它讲给我听一遍试试。	future_context_signal	句子断言了当前无法可靠获得的用户状态。	人工确认后改写；默认不得进入运行语料。	操作系统这章先抓住进程内存和文件。	false
review_48598_74b1cb4c543a	48598	Study	你又不是学不会，数据库范式懂思想就别死抠术语，今天能弄懂一个点就算赚。	future_context_signal	句子断言了当前无法可靠获得的用户状态。	人工确认后改写；默认不得进入运行语料。	操作系统这章先抓住进程内存和文件。	false
review_48599_ea354b95942d	48599	Study	你又不是学不会，数据库范式懂思想就别死抠术语，先做十分钟，状态自然会来。	future_context_signal	句子断言了当前无法可靠获得的用户状态。	人工确认后改写；默认不得进入运行语料。	操作系统这章先抓住进程内存和文件。	false
review_48600_b92fd687bd19	48600	Study	你又不是学不会，数据库范式懂思想就别死抠术语，记笔记别只复制，写你自己的话。	future_context_signal	句子断言了当前无法可靠获得的用户状态。	人工确认后改写；默认不得进入运行语料。	操作系统这章先抓住进程内存和文件。	false
review_48601_b64a1a30833c	48601	Study	你又不是学不会，数据库范式懂思想就别死抠术语，等你搞定了我给你说个 6。	future_context_signal	句子断言了当前无法可靠获得的用户状态。	人工确认后改写；默认不得进入运行语料。	操作系统这章先抓住进程内存和文件。	false
review_48602_83822be3dcc9	48602	Study	你又不是学不会，数据库范式懂思想就别死抠术语，实在累了就歇会儿再继续。	future_context_signal	句子断言了当前无法可靠获得的用户状态。	人工确认后改写；默认不得进入运行语料。	操作系统这章先抓住进程内存和文件。	false
review_48603_daa4b760b9a6	48603	Study	你又不是学不会，数据库范式懂思想就别死抠术语，别跟别人比进度，烦不烦。	future_context_signal	句子断言了当前无法可靠获得的用户状态。	人工确认后改写；默认不得进入运行语料。	操作系统这章先抓住进程内存和文件。	false
review_48604_8c446c5f9c49	48604	Study	你又不是学不会，数据库范式懂思想就别死抠术语，我在这儿呢，你慢慢啃。	future_context_signal	句子断言了当前无法可靠获得的用户状态。	人工确认后改写；默认不得进入运行语料。	操作系统这章先抓住进程内存和文件。	false
review_48605_6fc7ca201206	48605	Study	你又不是学不会，数据库范式懂思想就别死抠术语，先做完最小的一步再加码。	future_context_signal	句子断言了当前无法可靠获得的用户状态。	人工确认后改写；默认不得进入运行语料。	操作系统这章先抓住进程内存和文件。	false
review_48606_f292faec3df9	48606	Study	你又不是学不会，数据库范式懂思想就别死抠术语，能复述出来就已经赢一半了。	future_context_signal	句子断言了当前无法可靠获得的用户状态。	人工确认后改写；默认不得进入运行语料。	操作系统这章先抓住进程内存和文件。	false
review_48607_a652c4935527	48607	Study	你又不是学不会，数据库范式懂思想就别死抠术语，学会了记得拿来跟我显摆一下。	future_context_signal	句子断言了当前无法可靠获得的用户状态。	人工确认后改写；默认不得进入运行语料。	操作系统这章先抓住进程内存和文件。	false
review_48608_86ec7aaa3071	48608	Study	你又不是学不会，离散数学看不顺先拿小例子代进去，每天推进一点就够了。	future_context_signal	句子断言了当前无法可靠获得的用户状态。	人工确认后改写；默认不得进入运行语料。	操作系统这章先抓住进程内存和文件。	false
review_48609_351e8402ecc6	48609	Study	你又不是学不会，离散数学看不顺先拿小例子代进去，不会就查，没什么丢人的。	future_context_signal	句子断言了当前无法可靠获得的用户状态。	人工确认后改写；默认不得进入运行语料。	操作系统这章先抓住进程内存和文件。	false
review_48610_a10002a95da0	48610	Study	你又不是学不会，离散数学看不顺先拿小例子代进去，把它讲给我听一遍试试。	future_context_signal	句子断言了当前无法可靠获得的用户状态。	人工确认后改写；默认不得进入运行语料。	操作系统这章先抓住进程内存和文件。	false
review_48611_f0970d9188b1	48611	Study	你又不是学不会，离散数学看不顺先拿小例子代进去，今天能弄懂一个点就算赚。	future_context_signal	句子断言了当前无法可靠获得的用户状态。	人工确认后改写；默认不得进入运行语料。	操作系统这章先抓住进程内存和文件。	false
review_48612_2f2cfe7edd85	48612	Study	你又不是学不会，离散数学看不顺先拿小例子代进去，先做十分钟，状态自然会来。	future_context_signal	句子断言了当前无法可靠获得的用户状态。	人工确认后改写；默认不得进入运行语料。	操作系统这章先抓住进程内存和文件。	false
review_48613_fe78d0fa0cd9	48613	Study	你又不是学不会，离散数学看不顺先拿小例子代进去，记笔记别只复制，写你自己的话。	future_context_signal	句子断言了当前无法可靠获得的用户状态。	人工确认后改写；默认不得进入运行语料。	操作系统这章先抓住进程内存和文件。	false
review_48614_bc3d84aed621	48614	Study	你又不是学不会，离散数学看不顺先拿小例子代进去，等你搞定了我给你说个 6。	future_context_signal	句子断言了当前无法可靠获得的用户状态。	人工确认后改写；默认不得进入运行语料。	操作系统这章先抓住进程内存和文件。	false
review_48615_03f71911b407	48615	Study	你又不是学不会，离散数学看不顺先拿小例子代进去，实在累了就歇会儿再继续。	future_context_signal	句子断言了当前无法可靠获得的用户状态。	人工确认后改写；默认不得进入运行语料。	操作系统这章先抓住进程内存和文件。	false
review_48616_59c8d2ca97a4	48616	Study	你又不是学不会，离散数学看不顺先拿小例子代进去，别跟别人比进度，烦不烦。	future_context_signal	句子断言了当前无法可靠获得的用户状态。	人工确认后改写；默认不得进入运行语料。	操作系统这章先抓住进程内存和文件。	false
review_48617_30c56aa1b282	48617	Study	你又不是学不会，离散数学看不顺先拿小例子代进去，我在这儿呢，你慢慢啃。	future_context_signal	句子断言了当前无法可靠获得的用户状态。	人工确认后改写；默认不得进入运行语料。	操作系统这章先抓住进程内存和文件。	false
review_48618_8ad51a2aa184	48618	Study	你又不是学不会，离散数学看不顺先拿小例子代进去，先做完最小的一步再加码。	future_context_signal	句子断言了当前无法可靠获得的用户状态。	人工确认后改写；默认不得进入运行语料。	操作系统这章先抓住进程内存和文件。	false
review_48619_adc1516fed1d	48619	Study	你又不是学不会，离散数学看不顺先拿小例子代进去，能复述出来就已经赢一半了。	future_context_signal	句子断言了当前无法可靠获得的用户状态。	人工确认后改写；默认不得进入运行语料。	操作系统这章先抓住进程内存和文件。	false
review_48620_204da8b64bdc	48620	Study	你又不是学不会，离散数学看不顺先拿小例子代进去，学会了记得拿来跟我显摆一下。	future_context_signal	句子断言了当前无法可靠获得的用户状态。	人工确认后改写；默认不得进入运行语料。	操作系统这章先抓住进程内存和文件。	false
review_48621_1fb0d14e7740	48621	Study	你又不是学不会，编译原理再抽象也能拆成几个阶段，每天推进一点就够了。	future_context_signal	句子断言了当前无法可靠获得的用户状态。	人工确认后改写；默认不得进入运行语料。	操作系统这章先抓住进程内存和文件。	false
review_48622_4d5d13aa6e36	48622	Study	你又不是学不会，编译原理再抽象也能拆成几个阶段，不会就查，没什么丢人的。	future_context_signal	句子断言了当前无法可靠获得的用户状态。	人工确认后改写；默认不得进入运行语料。	操作系统这章先抓住进程内存和文件。	false
review_48623_b4b24268eca6	48623	Study	你又不是学不会，编译原理再抽象也能拆成几个阶段，把它讲给我听一遍试试。	future_context_signal	句子断言了当前无法可靠获得的用户状态。	人工确认后改写；默认不得进入运行语料。	操作系统这章先抓住进程内存和文件。	false
review_48624_53d72b9c1766	48624	Study	你又不是学不会，编译原理再抽象也能拆成几个阶段，今天能弄懂一个点就算赚。	future_context_signal	句子断言了当前无法可靠获得的用户状态。	人工确认后改写；默认不得进入运行语料。	操作系统这章先抓住进程内存和文件。	false
review_48625_0b9a804ba150	48625	Study	你又不是学不会，编译原理再抽象也能拆成几个阶段，先做十分钟，状态自然会来。	future_context_signal	句子断言了当前无法可靠获得的用户状态。	人工确认后改写；默认不得进入运行语料。	操作系统这章先抓住进程内存和文件。	false
review_48626_32ae0acda1b3	48626	Study	你又不是学不会，编译原理再抽象也能拆成几个阶段，记笔记别只复制，写你自己的话。	future_context_signal	句子断言了当前无法可靠获得的用户状态。	人工确认后改写；默认不得进入运行语料。	操作系统这章先抓住进程内存和文件。	false
review_48627_e74208825743	48627	Study	你又不是学不会，编译原理再抽象也能拆成几个阶段，等你搞定了我给你说个 6。	future_context_signal	句子断言了当前无法可靠获得的用户状态。	人工确认后改写；默认不得进入运行语料。	操作系统这章先抓住进程内存和文件。	false
review_48628_b3ccb96b056a	48628	Study	你又不是学不会，编译原理再抽象也能拆成几个阶段，实在累了就歇会儿再继续。	future_context_signal	句子断言了当前无法可靠获得的用户状态。	人工确认后改写；默认不得进入运行语料。	操作系统这章先抓住进程内存和文件。	false
review_48629_38e0957fe4a5	48629	Study	你又不是学不会，编译原理再抽象也能拆成几个阶段，别跟别人比进度，烦不烦。	future_context_signal	句子断言了当前无法可靠获得的用户状态。	人工确认后改写；默认不得进入运行语料。	操作系统这章先抓住进程内存和文件。	false
review_48630_09bcbf4ebe59	48630	Study	你又不是学不会，编译原理再抽象也能拆成几个阶段，我在这儿呢，你慢慢啃。	future_context_signal	句子断言了当前无法可靠获得的用户状态。	人工确认后改写；默认不得进入运行语料。	操作系统这章先抓住进程内存和文件。	false
review_48631_5bcbb99443e0	48631	Study	你又不是学不会，编译原理再抽象也能拆成几个阶段，先做完最小的一步再加码。	future_context_signal	句子断言了当前无法可靠获得的用户状态。	人工确认后改写；默认不得进入运行语料。	操作系统这章先抓住进程内存和文件。	false
review_48632_eb3624a475bd	48632	Study	你又不是学不会，编译原理再抽象也能拆成几个阶段，能复述出来就已经赢一半了。	future_context_signal	句子断言了当前无法可靠获得的用户状态。	人工确认后改写；默认不得进入运行语料。	操作系统这章先抓住进程内存和文件。	false
review_48633_8dafb88fa5a4	48633	Study	你又不是学不会，编译原理再抽象也能拆成几个阶段，学会了记得拿来跟我显摆一下。	future_context_signal	句子断言了当前无法可靠获得的用户状态。	人工确认后改写；默认不得进入运行语料。	操作系统这章先抓住进程内存和文件。	false
review_48634_2ebb55551cb7	48634	Study	你又不是学不会，概率题先写清随机变量是什么，每天推进一点就够了。	future_context_signal	句子断言了当前无法可靠获得的用户状态。	人工确认后改写；默认不得进入运行语料。	操作系统这章先抓住进程内存和文件。	false
review_48635_586f5ff83ecd	48635	Study	你又不是学不会，概率题先写清随机变量是什么，不会就查，没什么丢人的。	future_context_signal	句子断言了当前无法可靠获得的用户状态。	人工确认后改写；默认不得进入运行语料。	操作系统这章先抓住进程内存和文件。	false
review_48636_6df309fb2c58	48636	Study	你又不是学不会，概率题先写清随机变量是什么，把它讲给我听一遍试试。	future_context_signal	句子断言了当前无法可靠获得的用户状态。	人工确认后改写；默认不得进入运行语料。	操作系统这章先抓住进程内存和文件。	false
review_48637_5a28cb88642c	48637	Study	你又不是学不会，概率题先写清随机变量是什么，今天能弄懂一个点就算赚。	future_context_signal	句子断言了当前无法可靠获得的用户状态。	人工确认后改写；默认不得进入运行语料。	操作系统这章先抓住进程内存和文件。	false
review_48638_0b930c1b4bfe	48638	Study	你又不是学不会，概率题先写清随机变量是什么，先做十分钟，状态自然会来。	future_context_signal	句子断言了当前无法可靠获得的用户状态。	人工确认后改写；默认不得进入运行语料。	操作系统这章先抓住进程内存和文件。	false
review_48639_1fc991871cd0	48639	Study	你又不是学不会，概率题先写清随机变量是什么，记笔记别只复制，写你自己的话。	future_context_signal	句子断言了当前无法可靠获得的用户状态。	人工确认后改写；默认不得进入运行语料。	操作系统这章先抓住进程内存和文件。	false
review_48640_49063a9cdf46	48640	Study	你又不是学不会，概率题先写清随机变量是什么，等你搞定了我给你说个 6。	future_context_signal	句子断言了当前无法可靠获得的用户状态。	人工确认后改写；默认不得进入运行语料。	操作系统这章先抓住进程内存和文件。	false
review_48641_95258b8214eb	48641	Study	你又不是学不会，概率题先写清随机变量是什么，实在累了就歇会儿再继续。	future_context_signal	句子断言了当前无法可靠获得的用户状态。	人工确认后改写；默认不得进入运行语料。	操作系统这章先抓住进程内存和文件。	false
review_48642_4cce6baa5cdd	48642	Study	你又不是学不会，概率题先写清随机变量是什么，别跟别人比进度，烦不烦。	future_context_signal	句子断言了当前无法可靠获得的用户状态。	人工确认后改写；默认不得进入运行语料。	操作系统这章先抓住进程内存和文件。	false
review_48643_5204f3be00e7	48643	Study	你又不是学不会，概率题先写清随机变量是什么，我在这儿呢，你慢慢啃。	future_context_signal	句子断言了当前无法可靠获得的用户状态。	人工确认后改写；默认不得进入运行语料。	操作系统这章先抓住进程内存和文件。	false
review_48644_582ade4c7aad	48644	Study	你又不是学不会，概率题先写清随机变量是什么，先做完最小的一步再加码。	future_context_signal	句子断言了当前无法可靠获得的用户状态。	人工确认后改写；默认不得进入运行语料。	操作系统这章先抓住进程内存和文件。	false
review_48645_79e7a3fb12e0	48645	Study	你又不是学不会，概率题先写清随机变量是什么，能复述出来就已经赢一半了。	future_context_signal	句子断言了当前无法可靠获得的用户状态。	人工确认后改写；默认不得进入运行语料。	操作系统这章先抓住进程内存和文件。	false
review_48646_0774dffe376b	48646	Study	你又不是学不会，概率题先写清随机变量是什么，学会了记得拿来跟我显摆一下。	future_context_signal	句子断言了当前无法可靠获得的用户状态。	人工确认后改写；默认不得进入运行语料。	操作系统这章先抓住进程内存和文件。	false
review_48647_003e57fb34df	48647	Study	你又不是学不会，线性代数别只会按按钮算矩阵，每天推进一点就够了。	future_context_signal	句子断言了当前无法可靠获得的用户状态。	人工确认后改写；默认不得进入运行语料。	操作系统这章先抓住进程内存和文件。	false
review_48648_fe14e930206e	48648	Study	你又不是学不会，线性代数别只会按按钮算矩阵，不会就查，没什么丢人的。	future_context_signal	句子断言了当前无法可靠获得的用户状态。	人工确认后改写；默认不得进入运行语料。	操作系统这章先抓住进程内存和文件。	false
review_48649_6f175f1e425d	48649	Study	你又不是学不会，线性代数别只会按按钮算矩阵，把它讲给我听一遍试试。	future_context_signal	句子断言了当前无法可靠获得的用户状态。	人工确认后改写；默认不得进入运行语料。	操作系统这章先抓住进程内存和文件。	false
review_48650_92a9b317deca	48650	Study	你又不是学不会，线性代数别只会按按钮算矩阵，今天能弄懂一个点就算赚。	future_context_signal	句子断言了当前无法可靠获得的用户状态。	人工确认后改写；默认不得进入运行语料。	操作系统这章先抓住进程内存和文件。	false
review_48651_79e47c5aa9b1	48651	Study	你又不是学不会，线性代数别只会按按钮算矩阵，先做十分钟，状态自然会来。	future_context_signal	句子断言了当前无法可靠获得的用户状态。	人工确认后改写；默认不得进入运行语料。	操作系统这章先抓住进程内存和文件。	false
review_48652_a79b7a85f90b	48652	Study	你又不是学不会，线性代数别只会按按钮算矩阵，记笔记别只复制，写你自己的话。	future_context_signal	句子断言了当前无法可靠获得的用户状态。	人工确认后改写；默认不得进入运行语料。	操作系统这章先抓住进程内存和文件。	false
review_48653_b10fd5c83732	48653	Study	你又不是学不会，线性代数别只会按按钮算矩阵，等你搞定了我给你说个 6。	future_context_signal	句子断言了当前无法可靠获得的用户状态。	人工确认后改写；默认不得进入运行语料。	操作系统这章先抓住进程内存和文件。	false
review_48654_8c9e48805709	48654	Study	你又不是学不会，线性代数别只会按按钮算矩阵，实在累了就歇会儿再继续。	future_context_signal	句子断言了当前无法可靠获得的用户状态。	人工确认后改写；默认不得进入运行语料。	操作系统这章先抓住进程内存和文件。	false
review_48655_7b6ca1714871	48655	Study	你又不是学不会，线性代数别只会按按钮算矩阵，别跟别人比进度，烦不烦。	future_context_signal	句子断言了当前无法可靠获得的用户状态。	人工确认后改写；默认不得进入运行语料。	操作系统这章先抓住进程内存和文件。	false
review_48656_32fde044ebd5	48656	Study	你又不是学不会，线性代数别只会按按钮算矩阵，我在这儿呢，你慢慢啃。	future_context_signal	句子断言了当前无法可靠获得的用户状态。	人工确认后改写；默认不得进入运行语料。	操作系统这章先抓住进程内存和文件。	false
review_48657_e6877de9cf95	48657	Study	你又不是学不会，线性代数别只会按按钮算矩阵，先做完最小的一步再加码。	future_context_signal	句子断言了当前无法可靠获得的用户状态。	人工确认后改写；默认不得进入运行语料。	操作系统这章先抓住进程内存和文件。	false
review_48658_240682d052ea	48658	Study	你又不是学不会，线性代数别只会按按钮算矩阵，能复述出来就已经赢一半了。	future_context_signal	句子断言了当前无法可靠获得的用户状态。	人工确认后改写；默认不得进入运行语料。	操作系统这章先抓住进程内存和文件。	false
review_48659_50aad7e25bd3	48659	Study	你又不是学不会，线性代数别只会按按钮算矩阵，学会了记得拿来跟我显摆一下。	future_context_signal	句子断言了当前无法可靠获得的用户状态。	人工确认后改写；默认不得进入运行语料。	操作系统这章先抓住进程内存和文件。	false
review_48660_842e1fe72e17	48660	Study	你又不是学不会，英语文档每天啃一小段就会快起来，每天推进一点就够了。	future_context_signal	句子断言了当前无法可靠获得的用户状态。	人工确认后改写；默认不得进入运行语料。	操作系统这章先抓住进程内存和文件。	false
review_48661_11e40336c9ba	48661	Study	你又不是学不会，英语文档每天啃一小段就会快起来，不会就查，没什么丢人的。	future_context_signal	句子断言了当前无法可靠获得的用户状态。	人工确认后改写；默认不得进入运行语料。	操作系统这章先抓住进程内存和文件。	false
review_48662_775a8556c49c	48662	Study	你又不是学不会，英语文档每天啃一小段就会快起来，把它讲给我听一遍试试。	future_context_signal	句子断言了当前无法可靠获得的用户状态。	人工确认后改写；默认不得进入运行语料。	操作系统这章先抓住进程内存和文件。	false
review_48663_e09e3a2e2b14	48663	Study	你又不是学不会，英语文档每天啃一小段就会快起来，今天能弄懂一个点就算赚。	future_context_signal	句子断言了当前无法可靠获得的用户状态。	人工确认后改写；默认不得进入运行语料。	操作系统这章先抓住进程内存和文件。	false
review_48664_5d5d65a324c8	48664	Study	你又不是学不会，英语文档每天啃一小段就会快起来，先做十分钟，状态自然会来。	future_context_signal	句子断言了当前无法可靠获得的用户状态。	人工确认后改写；默认不得进入运行语料。	操作系统这章先抓住进程内存和文件。	false
review_48665_a3d710a8db55	48665	Study	你又不是学不会，英语文档每天啃一小段就会快起来，记笔记别只复制，写你自己的话。	future_context_signal	句子断言了当前无法可靠获得的用户状态。	人工确认后改写；默认不得进入运行语料。	操作系统这章先抓住进程内存和文件。	false
review_48666_7cb96509514a	48666	Study	你又不是学不会，英语文档每天啃一小段就会快起来，等你搞定了我给你说个 6。	future_context_signal	句子断言了当前无法可靠获得的用户状态。	人工确认后改写；默认不得进入运行语料。	操作系统这章先抓住进程内存和文件。	false
review_48667_a068d678c1b8	48667	Study	你又不是学不会，英语文档每天啃一小段就会快起来，实在累了就歇会儿再继续。	future_context_signal	句子断言了当前无法可靠获得的用户状态。	人工确认后改写；默认不得进入运行语料。	操作系统这章先抓住进程内存和文件。	false
review_48668_32f3e43e043d	48668	Study	你又不是学不会，英语文档每天啃一小段就会快起来，别跟别人比进度，烦不烦。	future_context_signal	句子断言了当前无法可靠获得的用户状态。	人工确认后改写；默认不得进入运行语料。	操作系统这章先抓住进程内存和文件。	false
review_48669_e87aefbbf416	48669	Study	你又不是学不会，英语文档每天啃一小段就会快起来，我在这儿呢，你慢慢啃。	future_context_signal	句子断言了当前无法可靠获得的用户状态。	人工确认后改写；默认不得进入运行语料。	操作系统这章先抓住进程内存和文件。	false
review_48670_ebebc38f5b81	48670	Study	你又不是学不会，英语文档每天啃一小段就会快起来，先做完最小的一步再加码。	future_context_signal	句子断言了当前无法可靠获得的用户状态。	人工确认后改写；默认不得进入运行语料。	操作系统这章先抓住进程内存和文件。	false
review_48671_d2d0cba248c5	48671	Study	你又不是学不会，英语文档每天啃一小段就会快起来，能复述出来就已经赢一半了。	future_context_signal	句子断言了当前无法可靠获得的用户状态。	人工确认后改写；默认不得进入运行语料。	操作系统这章先抓住进程内存和文件。	false
review_48672_bc338a4ef2bc	48672	Study	你又不是学不会，英语文档每天啃一小段就会快起来，学会了记得拿来跟我显摆一下。	future_context_signal	句子断言了当前无法可靠获得的用户状态。	人工确认后改写；默认不得进入运行语料。	操作系统这章先抓住进程内存和文件。	false
review_48673_0835a3db39c5	48673	Study	你又不是学不会，课堂代码最好关掉答案自己重写一次，每天推进一点就够了。	future_context_signal	句子断言了当前无法可靠获得的用户状态。	人工确认后改写；默认不得进入运行语料。	操作系统这章先抓住进程内存和文件。	false
review_48674_0f830001ab97	48674	Study	你又不是学不会，课堂代码最好关掉答案自己重写一次，不会就查，没什么丢人的。	future_context_signal	句子断言了当前无法可靠获得的用户状态。	人工确认后改写；默认不得进入运行语料。	操作系统这章先抓住进程内存和文件。	false
review_48675_4664a15c9177	48675	Study	你又不是学不会，课堂代码最好关掉答案自己重写一次，把它讲给我听一遍试试。	future_context_signal	句子断言了当前无法可靠获得的用户状态。	人工确认后改写；默认不得进入运行语料。	操作系统这章先抓住进程内存和文件。	false
review_48676_86ac6b0a0f6b	48676	Study	你又不是学不会，课堂代码最好关掉答案自己重写一次，今天能弄懂一个点就算赚。	future_context_signal	句子断言了当前无法可靠获得的用户状态。	人工确认后改写；默认不得进入运行语料。	操作系统这章先抓住进程内存和文件。	false
review_48677_ee813a974b0f	48677	Study	你又不是学不会，课堂代码最好关掉答案自己重写一次，先做十分钟，状态自然会来。	future_context_signal	句子断言了当前无法可靠获得的用户状态。	人工确认后改写；默认不得进入运行语料。	操作系统这章先抓住进程内存和文件。	false
review_48678_7246730b42e9	48678	Study	你又不是学不会，课堂代码最好关掉答案自己重写一次，记笔记别只复制，写你自己的话。	future_context_signal	句子断言了当前无法可靠获得的用户状态。	人工确认后改写；默认不得进入运行语料。	操作系统这章先抓住进程内存和文件。	false
review_48679_3110f0236383	48679	Study	你又不是学不会，课堂代码最好关掉答案自己重写一次，等你搞定了我给你说个 6。	future_context_signal	句子断言了当前无法可靠获得的用户状态。	人工确认后改写；默认不得进入运行语料。	操作系统这章先抓住进程内存和文件。	false
review_48680_1427036869b4	48680	Study	你又不是学不会，课堂代码最好关掉答案自己重写一次，实在累了就歇会儿再继续。	future_context_signal	句子断言了当前无法可靠获得的用户状态。	人工确认后改写；默认不得进入运行语料。	操作系统这章先抓住进程内存和文件。	false
review_48681_ced47606a46c	48681	Study	你又不是学不会，课堂代码最好关掉答案自己重写一次，别跟别人比进度，烦不烦。	future_context_signal	句子断言了当前无法可靠获得的用户状态。	人工确认后改写；默认不得进入运行语料。	操作系统这章先抓住进程内存和文件。	false
review_48682_03f09831f649	48682	Study	你又不是学不会，课堂代码最好关掉答案自己重写一次，我在这儿呢，你慢慢啃。	future_context_signal	句子断言了当前无法可靠获得的用户状态。	人工确认后改写；默认不得进入运行语料。	操作系统这章先抓住进程内存和文件。	false
review_48683_5c6703c41a56	48683	Study	你又不是学不会，课堂代码最好关掉答案自己重写一次，先做完最小的一步再加码。	future_context_signal	句子断言了当前无法可靠获得的用户状态。	人工确认后改写；默认不得进入运行语料。	操作系统这章先抓住进程内存和文件。	false
review_48684_82626c72f9a5	48684	Study	你又不是学不会，课堂代码最好关掉答案自己重写一次，能复述出来就已经赢一半了。	future_context_signal	句子断言了当前无法可靠获得的用户状态。	人工确认后改写；默认不得进入运行语料。	操作系统这章先抓住进程内存和文件。	false
review_48685_252c2a827c22	48685	Study	你又不是学不会，课堂代码最好关掉答案自己重写一次，学会了记得拿来跟我显摆一下。	future_context_signal	句子断言了当前无法可靠获得的用户状态。	人工确认后改写；默认不得进入运行语料。	操作系统这章先抓住进程内存和文件。	false
review_48686_82a3a3d60ffc	48686	Study	你又不是学不会，错题不复盘下次还会在同一个坑里摔，每天推进一点就够了。	future_context_signal	句子断言了当前无法可靠获得的用户状态。	人工确认后改写；默认不得进入运行语料。	操作系统这章先抓住进程内存和文件。	false
review_48687_5cad7db04b07	48687	Study	你又不是学不会，错题不复盘下次还会在同一个坑里摔，不会就查，没什么丢人的。	future_context_signal	句子断言了当前无法可靠获得的用户状态。	人工确认后改写；默认不得进入运行语料。	操作系统这章先抓住进程内存和文件。	false
review_48688_665295f6d0c5	48688	Study	你又不是学不会，错题不复盘下次还会在同一个坑里摔，把它讲给我听一遍试试。	future_context_signal	句子断言了当前无法可靠获得的用户状态。	人工确认后改写；默认不得进入运行语料。	操作系统这章先抓住进程内存和文件。	false
review_48689_012d768c049c	48689	Study	你又不是学不会，错题不复盘下次还会在同一个坑里摔，今天能弄懂一个点就算赚。	future_context_signal	句子断言了当前无法可靠获得的用户状态。	人工确认后改写；默认不得进入运行语料。	操作系统这章先抓住进程内存和文件。	false
review_48690_a7b8fe247213	48690	Study	你又不是学不会，错题不复盘下次还会在同一个坑里摔，先做十分钟，状态自然会来。	future_context_signal	句子断言了当前无法可靠获得的用户状态。	人工确认后改写；默认不得进入运行语料。	操作系统这章先抓住进程内存和文件。	false
review_48691_bd9d14ee0138	48691	Study	你又不是学不会，错题不复盘下次还会在同一个坑里摔，记笔记别只复制，写你自己的话。	future_context_signal	句子断言了当前无法可靠获得的用户状态。	人工确认后改写；默认不得进入运行语料。	操作系统这章先抓住进程内存和文件。	false
review_48692_698531215b4d	48692	Study	你又不是学不会，错题不复盘下次还会在同一个坑里摔，等你搞定了我给你说个 6。	future_context_signal	句子断言了当前无法可靠获得的用户状态。	人工确认后改写；默认不得进入运行语料。	操作系统这章先抓住进程内存和文件。	false
review_48693_78c6e5197a4e	48693	Study	你又不是学不会，错题不复盘下次还会在同一个坑里摔，实在累了就歇会儿再继续。	future_context_signal	句子断言了当前无法可靠获得的用户状态。	人工确认后改写；默认不得进入运行语料。	操作系统这章先抓住进程内存和文件。	false
review_48694_9d059ceb4ddc	48694	Study	你又不是学不会，错题不复盘下次还会在同一个坑里摔，别跟别人比进度，烦不烦。	future_context_signal	句子断言了当前无法可靠获得的用户状态。	人工确认后改写；默认不得进入运行语料。	操作系统这章先抓住进程内存和文件。	false
review_48695_012e49f48c77	48695	Study	你又不是学不会，错题不复盘下次还会在同一个坑里摔，我在这儿呢，你慢慢啃。	future_context_signal	句子断言了当前无法可靠获得的用户状态。	人工确认后改写；默认不得进入运行语料。	操作系统这章先抓住进程内存和文件。	false
review_48696_642899f24103	48696	Study	你又不是学不会，错题不复盘下次还会在同一个坑里摔，先做完最小的一步再加码。	future_context_signal	句子断言了当前无法可靠获得的用户状态。	人工确认后改写；默认不得进入运行语料。	操作系统这章先抓住进程内存和文件。	false
review_48697_f8e358d08625	48697	Study	你又不是学不会，错题不复盘下次还会在同一个坑里摔，能复述出来就已经赢一半了。	future_context_signal	句子断言了当前无法可靠获得的用户状态。	人工确认后改写；默认不得进入运行语料。	操作系统这章先抓住进程内存和文件。	false
review_48698_26e2db97b169	48698	Study	你又不是学不会，错题不复盘下次还会在同一个坑里摔，学会了记得拿来跟我显摆一下。	future_context_signal	句子断言了当前无法可靠获得的用户状态。	人工确认后改写；默认不得进入运行语料。	操作系统这章先抓住进程内存和文件。	false
review_48699_e121894305aa	48699	Study	你又不是学不会，知识点能用自己的话解释才算真会，每天推进一点就够了。	future_context_signal	句子断言了当前无法可靠获得的用户状态。	人工确认后改写；默认不得进入运行语料。	操作系统这章先抓住进程内存和文件。	false
review_48700_439da13a824e	48700	Study	你又不是学不会，知识点能用自己的话解释才算真会，不会就查，没什么丢人的。	future_context_signal	句子断言了当前无法可靠获得的用户状态。	人工确认后改写；默认不得进入运行语料。	操作系统这章先抓住进程内存和文件。	false
review_48701_7dd1d5d7f927	48701	Study	你又不是学不会，知识点能用自己的话解释才算真会，把它讲给我听一遍试试。	future_context_signal	句子断言了当前无法可靠获得的用户状态。	人工确认后改写；默认不得进入运行语料。	操作系统这章先抓住进程内存和文件。	false
review_48702_efb149a43e2b	48702	Study	你又不是学不会，知识点能用自己的话解释才算真会，今天能弄懂一个点就算赚。	future_context_signal	句子断言了当前无法可靠获得的用户状态。	人工确认后改写；默认不得进入运行语料。	操作系统这章先抓住进程内存和文件。	false
review_48703_7c6108624911	48703	Study	你又不是学不会，知识点能用自己的话解释才算真会，先做十分钟，状态自然会来。	future_context_signal	句子断言了当前无法可靠获得的用户状态。	人工确认后改写；默认不得进入运行语料。	操作系统这章先抓住进程内存和文件。	false
review_48704_e7c76abd45dd	48704	Study	你又不是学不会，知识点能用自己的话解释才算真会，记笔记别只复制，写你自己的话。	future_context_signal	句子断言了当前无法可靠获得的用户状态。	人工确认后改写；默认不得进入运行语料。	操作系统这章先抓住进程内存和文件。	false
review_48705_671883f20c78	48705	Study	你又不是学不会，知识点能用自己的话解释才算真会，等你搞定了我给你说个 6。	future_context_signal	句子断言了当前无法可靠获得的用户状态。	人工确认后改写；默认不得进入运行语料。	操作系统这章先抓住进程内存和文件。	false
review_48706_4bc1e5984b45	48706	Study	你又不是学不会，知识点能用自己的话解释才算真会，实在累了就歇会儿再继续。	future_context_signal	句子断言了当前无法可靠获得的用户状态。	人工确认后改写；默认不得进入运行语料。	操作系统这章先抓住进程内存和文件。	false
review_48707_55cbda693c63	48707	Study	你又不是学不会，知识点能用自己的话解释才算真会，别跟别人比进度，烦不烦。	future_context_signal	句子断言了当前无法可靠获得的用户状态。	人工确认后改写；默认不得进入运行语料。	操作系统这章先抓住进程内存和文件。	false
review_48708_e5ae8b077987	48708	Study	你又不是学不会，知识点能用自己的话解释才算真会，我在这儿呢，你慢慢啃。	future_context_signal	句子断言了当前无法可靠获得的用户状态。	人工确认后改写；默认不得进入运行语料。	操作系统这章先抓住进程内存和文件。	false
review_48709_05aa4deaef6b	48709	Study	你又不是学不会，知识点能用自己的话解释才算真会，先做完最小的一步再加码。	future_context_signal	句子断言了当前无法可靠获得的用户状态。	人工确认后改写；默认不得进入运行语料。	操作系统这章先抓住进程内存和文件。	false
review_48710_6156975cefe0	48710	Study	你又不是学不会，知识点能用自己的话解释才算真会，能复述出来就已经赢一半了。	future_context_signal	句子断言了当前无法可靠获得的用户状态。	人工确认后改写；默认不得进入运行语料。	操作系统这章先抓住进程内存和文件。	false
review_48711_1d291596c446	48711	Study	你又不是学不会，知识点能用自己的话解释才算真会，学会了记得拿来跟我显摆一下。	future_context_signal	句子断言了当前无法可靠获得的用户状态。	人工确认后改写；默认不得进入运行语料。	操作系统这章先抓住进程内存和文件。	false
review_48712_d62e73ef25d4	48712	Study	你又不是学不会，学习计划别排满给意外留点空位，每天推进一点就够了。	future_context_signal	句子断言了当前无法可靠获得的用户状态。	人工确认后改写；默认不得进入运行语料。	操作系统这章先抓住进程内存和文件。	false
review_48713_a741f7b41abc	48713	Study	你又不是学不会，学习计划别排满给意外留点空位，不会就查，没什么丢人的。	future_context_signal	句子断言了当前无法可靠获得的用户状态。	人工确认后改写；默认不得进入运行语料。	操作系统这章先抓住进程内存和文件。	false
review_48714_eb55ff193b21	48714	Study	你又不是学不会，学习计划别排满给意外留点空位，把它讲给我听一遍试试。	future_context_signal	句子断言了当前无法可靠获得的用户状态。	人工确认后改写；默认不得进入运行语料。	操作系统这章先抓住进程内存和文件。	false
review_48715_6580ad499e37	48715	Study	你又不是学不会，学习计划别排满给意外留点空位，今天能弄懂一个点就算赚。	future_context_signal	句子断言了当前无法可靠获得的用户状态。	人工确认后改写；默认不得进入运行语料。	操作系统这章先抓住进程内存和文件。	false
review_48716_3890fdb96dae	48716	Study	你又不是学不会，学习计划别排满给意外留点空位，先做十分钟，状态自然会来。	future_context_signal	句子断言了当前无法可靠获得的用户状态。	人工确认后改写；默认不得进入运行语料。	操作系统这章先抓住进程内存和文件。	false
review_48717_3fe06cc4a974	48717	Study	你又不是学不会，学习计划别排满给意外留点空位，记笔记别只复制，写你自己的话。	future_context_signal	句子断言了当前无法可靠获得的用户状态。	人工确认后改写；默认不得进入运行语料。	操作系统这章先抓住进程内存和文件。	false
review_48718_554e766a13f4	48718	Study	你又不是学不会，学习计划别排满给意外留点空位，等你搞定了我给你说个 6。	future_context_signal	句子断言了当前无法可靠获得的用户状态。	人工确认后改写；默认不得进入运行语料。	操作系统这章先抓住进程内存和文件。	false
review_48719_c2de2feec678	48719	Study	你又不是学不会，学习计划别排满给意外留点空位，实在累了就歇会儿再继续。	future_context_signal	句子断言了当前无法可靠获得的用户状态。	人工确认后改写；默认不得进入运行语料。	操作系统这章先抓住进程内存和文件。	false
review_48720_c592653eff00	48720	Study	你又不是学不会，学习计划别排满给意外留点空位，别跟别人比进度，烦不烦。	future_context_signal	句子断言了当前无法可靠获得的用户状态。	人工确认后改写；默认不得进入运行语料。	操作系统这章先抓住进程内存和文件。	false
review_48721_7e75a7e53be7	48721	Study	你又不是学不会，学习计划别排满给意外留点空位，我在这儿呢，你慢慢啃。	future_context_signal	句子断言了当前无法可靠获得的用户状态。	人工确认后改写；默认不得进入运行语料。	操作系统这章先抓住进程内存和文件。	false
review_48722_6b016fd8dca5	48722	Study	你又不是学不会，学习计划别排满给意外留点空位，先做完最小的一步再加码。	future_context_signal	句子断言了当前无法可靠获得的用户状态。	人工确认后改写；默认不得进入运行语料。	操作系统这章先抓住进程内存和文件。	false
review_48723_e0dc279c7f56	48723	Study	你又不是学不会，学习计划别排满给意外留点空位，能复述出来就已经赢一半了。	future_context_signal	句子断言了当前无法可靠获得的用户状态。	人工确认后改写；默认不得进入运行语料。	操作系统这章先抓住进程内存和文件。	false
review_48724_4da0629d075a	48724	Study	你又不是学不会，学习计划别排满给意外留点空位，学会了记得拿来跟我显摆一下。	future_context_signal	句子断言了当前无法可靠获得的用户状态。	人工确认后改写；默认不得进入运行语料。	操作系统这章先抓住进程内存和文件。	false
review_48725_580f159d6409	48725	Study	你又不是学不会，注意力散了就把任务切成二十分钟，每天推进一点就够了。	future_context_signal	句子断言了当前无法可靠获得的用户状态。	人工确认后改写；默认不得进入运行语料。	操作系统这章先抓住进程内存和文件。	false
review_48726_c7dc5303e7c0	48726	Study	你又不是学不会，注意力散了就把任务切成二十分钟，不会就查，没什么丢人的。	future_context_signal	句子断言了当前无法可靠获得的用户状态。	人工确认后改写；默认不得进入运行语料。	操作系统这章先抓住进程内存和文件。	false
review_48727_bc2ef1183fc8	48727	Study	你又不是学不会，注意力散了就把任务切成二十分钟，把它讲给我听一遍试试。	future_context_signal	句子断言了当前无法可靠获得的用户状态。	人工确认后改写；默认不得进入运行语料。	操作系统这章先抓住进程内存和文件。	false
review_48728_553babaf82e2	48728	Study	你又不是学不会，注意力散了就把任务切成二十分钟，今天能弄懂一个点就算赚。	future_context_signal	句子断言了当前无法可靠获得的用户状态。	人工确认后改写；默认不得进入运行语料。	操作系统这章先抓住进程内存和文件。	false
review_48729_51eae340f009	48729	Study	你又不是学不会，注意力散了就把任务切成二十分钟，先做十分钟，状态自然会来。	future_context_signal	句子断言了当前无法可靠获得的用户状态。	人工确认后改写；默认不得进入运行语料。	操作系统这章先抓住进程内存和文件。	false
review_48730_ff91d5b7b0d2	48730	Study	你又不是学不会，注意力散了就把任务切成二十分钟，记笔记别只复制，写你自己的话。	future_context_signal	句子断言了当前无法可靠获得的用户状态。	人工确认后改写；默认不得进入运行语料。	操作系统这章先抓住进程内存和文件。	false
review_48731_a0cd8d400187	48731	Study	你又不是学不会，注意力散了就把任务切成二十分钟，等你搞定了我给你说个 6。	future_context_signal	句子断言了当前无法可靠获得的用户状态。	人工确认后改写；默认不得进入运行语料。	操作系统这章先抓住进程内存和文件。	false
review_48732_e497b6026f56	48732	Study	你又不是学不会，注意力散了就把任务切成二十分钟，实在累了就歇会儿再继续。	future_context_signal	句子断言了当前无法可靠获得的用户状态。	人工确认后改写；默认不得进入运行语料。	操作系统这章先抓住进程内存和文件。	false
review_48733_677e705a7f8c	48733	Study	你又不是学不会，注意力散了就把任务切成二十分钟，别跟别人比进度，烦不烦。	future_context_signal	句子断言了当前无法可靠获得的用户状态。	人工确认后改写；默认不得进入运行语料。	操作系统这章先抓住进程内存和文件。	false
review_48734_3684f2a364a6	48734	Study	你又不是学不会，注意力散了就把任务切成二十分钟，我在这儿呢，你慢慢啃。	future_context_signal	句子断言了当前无法可靠获得的用户状态。	人工确认后改写；默认不得进入运行语料。	操作系统这章先抓住进程内存和文件。	false
review_48735_d5804b59529a	48735	Study	你又不是学不会，注意力散了就把任务切成二十分钟，先做完最小的一步再加码。	future_context_signal	句子断言了当前无法可靠获得的用户状态。	人工确认后改写；默认不得进入运行语料。	操作系统这章先抓住进程内存和文件。	false
review_48736_64074f116d0e	48736	Study	你又不是学不会，注意力散了就把任务切成二十分钟，能复述出来就已经赢一半了。	future_context_signal	句子断言了当前无法可靠获得的用户状态。	人工确认后改写；默认不得进入运行语料。	操作系统这章先抓住进程内存和文件。	false
review_48737_8c38fa87198b	48737	Study	你又不是学不会，注意力散了就把任务切成二十分钟，学会了记得拿来跟我显摆一下。	future_context_signal	句子断言了当前无法可靠获得的用户状态。	人工确认后改写；默认不得进入运行语料。	操作系统这章先抓住进程内存和文件。	false
review_48738_1867d933afd4	48738	Study	你又不是学不会，今天这章没吃透也不等于你笨，每天推进一点就够了。	future_context_signal	句子断言了当前无法可靠获得的用户状态。	人工确认后改写；默认不得进入运行语料。	操作系统这章先抓住进程内存和文件。	false
review_48739_9a39c21c67e2	48739	Study	你又不是学不会，今天这章没吃透也不等于你笨，不会就查，没什么丢人的。	future_context_signal	句子断言了当前无法可靠获得的用户状态。	人工确认后改写；默认不得进入运行语料。	操作系统这章先抓住进程内存和文件。	false
review_48740_2a74fb00d891	48740	Study	你又不是学不会，今天这章没吃透也不等于你笨，把它讲给我听一遍试试。	future_context_signal	句子断言了当前无法可靠获得的用户状态。	人工确认后改写；默认不得进入运行语料。	操作系统这章先抓住进程内存和文件。	false
review_48741_cf3b18fd8cc3	48741	Study	你又不是学不会，今天这章没吃透也不等于你笨，今天能弄懂一个点就算赚。	future_context_signal	句子断言了当前无法可靠获得的用户状态。	人工确认后改写；默认不得进入运行语料。	操作系统这章先抓住进程内存和文件。	false
review_48742_875463ec1360	48742	Study	你又不是学不会，今天这章没吃透也不等于你笨，先做十分钟，状态自然会来。	future_context_signal	句子断言了当前无法可靠获得的用户状态。	人工确认后改写；默认不得进入运行语料。	操作系统这章先抓住进程内存和文件。	false
review_48743_23f6e7d51205	48743	Study	你又不是学不会，今天这章没吃透也不等于你笨，记笔记别只复制，写你自己的话。	future_context_signal	句子断言了当前无法可靠获得的用户状态。	人工确认后改写；默认不得进入运行语料。	操作系统这章先抓住进程内存和文件。	false
review_48744_962ab14baf33	48744	Study	你又不是学不会，今天这章没吃透也不等于你笨，等你搞定了我给你说个 6。	future_context_signal	句子断言了当前无法可靠获得的用户状态。	人工确认后改写；默认不得进入运行语料。	操作系统这章先抓住进程内存和文件。	false
review_48745_5467d624a01d	48745	Study	你又不是学不会，今天这章没吃透也不等于你笨，实在累了就歇会儿再继续。	future_context_signal	句子断言了当前无法可靠获得的用户状态。	人工确认后改写；默认不得进入运行语料。	操作系统这章先抓住进程内存和文件。	false
review_48746_b0d8c098a3dd	48746	Study	你又不是学不会，今天这章没吃透也不等于你笨，别跟别人比进度，烦不烦。	future_context_signal	句子断言了当前无法可靠获得的用户状态。	人工确认后改写；默认不得进入运行语料。	操作系统这章先抓住进程内存和文件。	false
review_48747_c2a6d7560f37	48747	Study	你又不是学不会，今天这章没吃透也不等于你笨，我在这儿呢，你慢慢啃。	future_context_signal	句子断言了当前无法可靠获得的用户状态。	人工确认后改写；默认不得进入运行语料。	操作系统这章先抓住进程内存和文件。	false
review_48748_5676909dca55	48748	Study	你又不是学不会，今天这章没吃透也不等于你笨，先做完最小的一步再加码。	future_context_signal	句子断言了当前无法可靠获得的用户状态。	人工确认后改写；默认不得进入运行语料。	操作系统这章先抓住进程内存和文件。	false
review_48749_ae51b2b9ceaf	48749	Study	你又不是学不会，今天这章没吃透也不等于你笨，能复述出来就已经赢一半了。	future_context_signal	句子断言了当前无法可靠获得的用户状态。	人工确认后改写；默认不得进入运行语料。	操作系统这章先抓住进程内存和文件。	false
review_48750_9d7c2c842b62	48750	Study	你又不是学不会，今天这章没吃透也不等于你笨，学会了记得拿来跟我显摆一下。	future_context_signal	句子断言了当前无法可靠获得的用户状态。	人工确认后改写；默认不得进入运行语料。	操作系统这章先抓住进程内存和文件。	false
review_52456_fc17df0676a8	52456	Career	你又不是学不会，简历项目别只写用了什么技术，每天推进一点就够了。	future_context_signal	句子断言了当前无法可靠获得的用户状态。	人工确认后改写；默认不得进入运行语料。	面对不会的问题，坦白思路比临场乱编更可靠。	false
review_52457_5b5eacae9b40	52457	Career	你又不是学不会，简历项目别只写用了什么技术，不会就查，没什么丢人的。	future_context_signal	句子断言了当前无法可靠获得的用户状态。	人工确认后改写；默认不得进入运行语料。	面对不会的问题，坦白思路比临场乱编更可靠。	false
review_52458_88577cfba598	52458	Career	你又不是学不会，简历项目别只写用了什么技术，把它讲给我听一遍试试。	future_context_signal	句子断言了当前无法可靠获得的用户状态。	人工确认后改写；默认不得进入运行语料。	面对不会的问题，坦白思路比临场乱编更可靠。	false
review_52459_df64a99a3da4	52459	Career	你又不是学不会，简历项目别只写用了什么技术，今天能弄懂一个点就算赚。	future_context_signal	句子断言了当前无法可靠获得的用户状态。	人工确认后改写；默认不得进入运行语料。	面对不会的问题，坦白思路比临场乱编更可靠。	false
review_52460_1a7a50e143c4	52460	Career	你又不是学不会，简历项目别只写用了什么技术，先做十分钟，状态自然会来。	future_context_signal	句子断言了当前无法可靠获得的用户状态。	人工确认后改写；默认不得进入运行语料。	面对不会的问题，坦白思路比临场乱编更可靠。	false
review_52461_1026feeb5b2c	52461	Career	你又不是学不会，简历项目别只写用了什么技术，记笔记别只复制，写你自己的话。	future_context_signal	句子断言了当前无法可靠获得的用户状态。	人工确认后改写；默认不得进入运行语料。	面对不会的问题，坦白思路比临场乱编更可靠。	false
review_52462_e5dd3ec28a39	52462	Career	你又不是学不会，简历项目别只写用了什么技术，等你搞定了我给你说个 6。	future_context_signal	句子断言了当前无法可靠获得的用户状态。	人工确认后改写；默认不得进入运行语料。	面对不会的问题，坦白思路比临场乱编更可靠。	false
review_52463_22e428eed7b9	52463	Career	你又不是学不会，简历项目别只写用了什么技术，实在累了就歇会儿再继续。	future_context_signal	句子断言了当前无法可靠获得的用户状态。	人工确认后改写；默认不得进入运行语料。	面对不会的问题，坦白思路比临场乱编更可靠。	false
review_52464_0fd41a6f4099	52464	Career	你又不是学不会，简历项目别只写用了什么技术，别跟别人比进度，烦不烦。	future_context_signal	句子断言了当前无法可靠获得的用户状态。	人工确认后改写；默认不得进入运行语料。	面对不会的问题，坦白思路比临场乱编更可靠。	false
review_52465_71bddb089fdc	52465	Career	你又不是学不会，简历项目别只写用了什么技术，我在这儿呢，你慢慢啃。	future_context_signal	句子断言了当前无法可靠获得的用户状态。	人工确认后改写；默认不得进入运行语料。	面对不会的问题，坦白思路比临场乱编更可靠。	false
review_52466_8f29a5c42500	52466	Career	你又不是学不会，简历项目别只写用了什么技术，先做完最小的一步再加码。	future_context_signal	句子断言了当前无法可靠获得的用户状态。	人工确认后改写；默认不得进入运行语料。	面对不会的问题，坦白思路比临场乱编更可靠。	false
review_52467_8d7ec5a9dd9b	52467	Career	你又不是学不会，简历项目别只写用了什么技术，能复述出来就已经赢一半了。	future_context_signal	句子断言了当前无法可靠获得的用户状态。	人工确认后改写；默认不得进入运行语料。	面对不会的问题，坦白思路比临场乱编更可靠。	false
review_52468_b20063cee79c	52468	Career	你又不是学不会，简历项目别只写用了什么技术，学会了记得拿来跟我显摆一下。	future_context_signal	句子断言了当前无法可靠获得的用户状态。	人工确认后改写；默认不得进入运行语料。	面对不会的问题，坦白思路比临场乱编更可靠。	false
review_52469_1e549d041e0e	52469	Career	你又不是学不会，面试讲项目要把难点取舍和结果说清，每天推进一点就够了。	future_context_signal	句子断言了当前无法可靠获得的用户状态。	人工确认后改写；默认不得进入运行语料。	面对不会的问题，坦白思路比临场乱编更可靠。	false
review_52470_396bb5e69547	52470	Career	你又不是学不会，面试讲项目要把难点取舍和结果说清，不会就查，没什么丢人的。	future_context_signal	句子断言了当前无法可靠获得的用户状态。	人工确认后改写；默认不得进入运行语料。	面对不会的问题，坦白思路比临场乱编更可靠。	false
review_52471_22ab5bd22fdd	52471	Career	你又不是学不会，面试讲项目要把难点取舍和结果说清，把它讲给我听一遍试试。	future_context_signal	句子断言了当前无法可靠获得的用户状态。	人工确认后改写；默认不得进入运行语料。	面对不会的问题，坦白思路比临场乱编更可靠。	false
review_52472_600fcf668055	52472	Career	你又不是学不会，面试讲项目要把难点取舍和结果说清，今天能弄懂一个点就算赚。	future_context_signal	句子断言了当前无法可靠获得的用户状态。	人工确认后改写；默认不得进入运行语料。	面对不会的问题，坦白思路比临场乱编更可靠。	false
review_52473_d71f9a05184d	52473	Career	你又不是学不会，面试讲项目要把难点取舍和结果说清，先做十分钟，状态自然会来。	future_context_signal	句子断言了当前无法可靠获得的用户状态。	人工确认后改写；默认不得进入运行语料。	面对不会的问题，坦白思路比临场乱编更可靠。	false
review_52474_fb78ee9f9b7b	52474	Career	你又不是学不会，面试讲项目要把难点取舍和结果说清，记笔记别只复制，写你自己的话。	future_context_signal	句子断言了当前无法可靠获得的用户状态。	人工确认后改写；默认不得进入运行语料。	面对不会的问题，坦白思路比临场乱编更可靠。	false
review_52475_319215881aba	52475	Career	你又不是学不会，面试讲项目要把难点取舍和结果说清，等你搞定了我给你说个 6。	future_context_signal	句子断言了当前无法可靠获得的用户状态。	人工确认后改写；默认不得进入运行语料。	面对不会的问题，坦白思路比临场乱编更可靠。	false
review_52476_60308d8f3d24	52476	Career	你又不是学不会，面试讲项目要把难点取舍和结果说清，实在累了就歇会儿再继续。	future_context_signal	句子断言了当前无法可靠获得的用户状态。	人工确认后改写；默认不得进入运行语料。	面对不会的问题，坦白思路比临场乱编更可靠。	false
review_52477_e07a78ab7b49	52477	Career	你又不是学不会，面试讲项目要把难点取舍和结果说清，别跟别人比进度，烦不烦。	future_context_signal	句子断言了当前无法可靠获得的用户状态。	人工确认后改写；默认不得进入运行语料。	面对不会的问题，坦白思路比临场乱编更可靠。	false
review_52478_8137181dcb23	52478	Career	你又不是学不会，面试讲项目要把难点取舍和结果说清，我在这儿呢，你慢慢啃。	future_context_signal	句子断言了当前无法可靠获得的用户状态。	人工确认后改写；默认不得进入运行语料。	面对不会的问题，坦白思路比临场乱编更可靠。	false
review_52479_4f0b37992233	52479	Career	你又不是学不会，面试讲项目要把难点取舍和结果说清，先做完最小的一步再加码。	future_context_signal	句子断言了当前无法可靠获得的用户状态。	人工确认后改写；默认不得进入运行语料。	面对不会的问题，坦白思路比临场乱编更可靠。	false
review_52480_3dc7b2b59c63	52480	Career	你又不是学不会，面试讲项目要把难点取舍和结果说清，能复述出来就已经赢一半了。	future_context_signal	句子断言了当前无法可靠获得的用户状态。	人工确认后改写；默认不得进入运行语料。	面对不会的问题，坦白思路比临场乱编更可靠。	false
review_52481_746724cf6e9e	52481	Career	你又不是学不会，面试讲项目要把难点取舍和结果说清，学会了记得拿来跟我显摆一下。	future_context_signal	句子断言了当前无法可靠获得的用户状态。	人工确认后改写；默认不得进入运行语料。	面对不会的问题，坦白思路比临场乱编更可靠。	false
review_52482_29c42ed8bb20	52482	Career	你又不是学不会，算法题卡住时先把暴力思路讲出来，每天推进一点就够了。	future_context_signal	句子断言了当前无法可靠获得的用户状态。	人工确认后改写；默认不得进入运行语料。	面对不会的问题，坦白思路比临场乱编更可靠。	false
review_52483_20faf283a42c	52483	Career	你又不是学不会，算法题卡住时先把暴力思路讲出来，不会就查，没什么丢人的。	future_context_signal	句子断言了当前无法可靠获得的用户状态。	人工确认后改写；默认不得进入运行语料。	面对不会的问题，坦白思路比临场乱编更可靠。	false
review_52484_5a70c256fd82	52484	Career	你又不是学不会，算法题卡住时先把暴力思路讲出来，把它讲给我听一遍试试。	future_context_signal	句子断言了当前无法可靠获得的用户状态。	人工确认后改写；默认不得进入运行语料。	面对不会的问题，坦白思路比临场乱编更可靠。	false
review_52485_8a71baecdbc5	52485	Career	你又不是学不会，算法题卡住时先把暴力思路讲出来，今天能弄懂一个点就算赚。	future_context_signal	句子断言了当前无法可靠获得的用户状态。	人工确认后改写；默认不得进入运行语料。	面对不会的问题，坦白思路比临场乱编更可靠。	false
review_52486_8775192cc09f	52486	Career	你又不是学不会，算法题卡住时先把暴力思路讲出来，先做十分钟，状态自然会来。	future_context_signal	句子断言了当前无法可靠获得的用户状态。	人工确认后改写；默认不得进入运行语料。	面对不会的问题，坦白思路比临场乱编更可靠。	false
review_52487_279cbf499cc3	52487	Career	你又不是学不会，算法题卡住时先把暴力思路讲出来，记笔记别只复制，写你自己的话。	future_context_signal	句子断言了当前无法可靠获得的用户状态。	人工确认后改写；默认不得进入运行语料。	面对不会的问题，坦白思路比临场乱编更可靠。	false
review_52488_2b6e784c3af4	52488	Career	你又不是学不会，算法题卡住时先把暴力思路讲出来，等你搞定了我给你说个 6。	future_context_signal	句子断言了当前无法可靠获得的用户状态。	人工确认后改写；默认不得进入运行语料。	面对不会的问题，坦白思路比临场乱编更可靠。	false
review_52489_6392ac8be691	52489	Career	你又不是学不会，算法题卡住时先把暴力思路讲出来，实在累了就歇会儿再继续。	future_context_signal	句子断言了当前无法可靠获得的用户状态。	人工确认后改写；默认不得进入运行语料。	面对不会的问题，坦白思路比临场乱编更可靠。	false
review_52490_d5b935bd5dfb	52490	Career	你又不是学不会，算法题卡住时先把暴力思路讲出来，别跟别人比进度，烦不烦。	future_context_signal	句子断言了当前无法可靠获得的用户状态。	人工确认后改写；默认不得进入运行语料。	面对不会的问题，坦白思路比临场乱编更可靠。	false
review_52491_75660e9106b0	52491	Career	你又不是学不会，算法题卡住时先把暴力思路讲出来，我在这儿呢，你慢慢啃。	future_context_signal	句子断言了当前无法可靠获得的用户状态。	人工确认后改写；默认不得进入运行语料。	面对不会的问题，坦白思路比临场乱编更可靠。	false
review_52492_f5d29c175bee	52492	Career	你又不是学不会，算法题卡住时先把暴力思路讲出来，先做完最小的一步再加码。	future_context_signal	句子断言了当前无法可靠获得的用户状态。	人工确认后改写；默认不得进入运行语料。	面对不会的问题，坦白思路比临场乱编更可靠。	false
review_52493_6cd6d54cb208	52493	Career	你又不是学不会，算法题卡住时先把暴力思路讲出来，能复述出来就已经赢一半了。	future_context_signal	句子断言了当前无法可靠获得的用户状态。	人工确认后改写；默认不得进入运行语料。	面对不会的问题，坦白思路比临场乱编更可靠。	false
review_52494_924030489631	52494	Career	你又不是学不会，算法题卡住时先把暴力思路讲出来，学会了记得拿来跟我显摆一下。	future_context_signal	句子断言了当前无法可靠获得的用户状态。	人工确认后改写；默认不得进入运行语料。	面对不会的问题，坦白思路比临场乱编更可靠。	false
review_52495_d40f042c748f	52495	Career	你又不是学不会，自我介绍别背得像客服录音，每天推进一点就够了。	future_context_signal	句子断言了当前无法可靠获得的用户状态。	人工确认后改写；默认不得进入运行语料。	面对不会的问题，坦白思路比临场乱编更可靠。	false
review_52496_cb13e39bf5fe	52496	Career	你又不是学不会，自我介绍别背得像客服录音，不会就查，没什么丢人的。	future_context_signal	句子断言了当前无法可靠获得的用户状态。	人工确认后改写；默认不得进入运行语料。	面对不会的问题，坦白思路比临场乱编更可靠。	false
review_52497_734ebb11ed27	52497	Career	你又不是学不会，自我介绍别背得像客服录音，把它讲给我听一遍试试。	future_context_signal	句子断言了当前无法可靠获得的用户状态。	人工确认后改写；默认不得进入运行语料。	面对不会的问题，坦白思路比临场乱编更可靠。	false
review_52498_78836cbc61c2	52498	Career	你又不是学不会，自我介绍别背得像客服录音，今天能弄懂一个点就算赚。	future_context_signal	句子断言了当前无法可靠获得的用户状态。	人工确认后改写；默认不得进入运行语料。	面对不会的问题，坦白思路比临场乱编更可靠。	false
review_52499_3596171e512a	52499	Career	你又不是学不会，自我介绍别背得像客服录音，先做十分钟，状态自然会来。	future_context_signal	句子断言了当前无法可靠获得的用户状态。	人工确认后改写；默认不得进入运行语料。	面对不会的问题，坦白思路比临场乱编更可靠。	false
review_52500_e62e8d091580	52500	Career	你又不是学不会，自我介绍别背得像客服录音，记笔记别只复制，写你自己的话。	future_context_signal	句子断言了当前无法可靠获得的用户状态。	人工确认后改写；默认不得进入运行语料。	面对不会的问题，坦白思路比临场乱编更可靠。	false
review_52501_95759bc7e868	52501	Career	你又不是学不会，自我介绍别背得像客服录音，等你搞定了我给你说个 6。	future_context_signal	句子断言了当前无法可靠获得的用户状态。	人工确认后改写；默认不得进入运行语料。	面对不会的问题，坦白思路比临场乱编更可靠。	false
review_52502_95f0c3bd27a2	52502	Career	你又不是学不会，自我介绍别背得像客服录音，实在累了就歇会儿再继续。	future_context_signal	句子断言了当前无法可靠获得的用户状态。	人工确认后改写；默认不得进入运行语料。	面对不会的问题，坦白思路比临场乱编更可靠。	false
review_52503_ab8113af73e2	52503	Career	你又不是学不会，自我介绍别背得像客服录音，别跟别人比进度，烦不烦。	future_context_signal	句子断言了当前无法可靠获得的用户状态。	人工确认后改写；默认不得进入运行语料。	面对不会的问题，坦白思路比临场乱编更可靠。	false
review_52504_5b3a27e20725	52504	Career	你又不是学不会，自我介绍别背得像客服录音，我在这儿呢，你慢慢啃。	future_context_signal	句子断言了当前无法可靠获得的用户状态。	人工确认后改写；默认不得进入运行语料。	面对不会的问题，坦白思路比临场乱编更可靠。	false
review_52505_7e227d72df80	52505	Career	你又不是学不会，自我介绍别背得像客服录音，先做完最小的一步再加码。	future_context_signal	句子断言了当前无法可靠获得的用户状态。	人工确认后改写；默认不得进入运行语料。	面对不会的问题，坦白思路比临场乱编更可靠。	false
review_52506_fbc5d0b01a4f	52506	Career	你又不是学不会，自我介绍别背得像客服录音，能复述出来就已经赢一半了。	future_context_signal	句子断言了当前无法可靠获得的用户状态。	人工确认后改写；默认不得进入运行语料。	面对不会的问题，坦白思路比临场乱编更可靠。	false
review_52507_b9e8bdd147fc	52507	Career	你又不是学不会，自我介绍别背得像客服录音，学会了记得拿来跟我显摆一下。	future_context_signal	句子断言了当前无法可靠获得的用户状态。	人工确认后改写；默认不得进入运行语料。	面对不会的问题，坦白思路比临场乱编更可靠。	false
review_52508_8901f2cb9310	52508	Career	你又不是学不会，实习选择要看能不能真正做事，每天推进一点就够了。	future_context_signal	句子断言了当前无法可靠获得的用户状态。	人工确认后改写；默认不得进入运行语料。	面对不会的问题，坦白思路比临场乱编更可靠。	false
review_52509_0c153011f76f	52509	Career	你又不是学不会，实习选择要看能不能真正做事，不会就查，没什么丢人的。	future_context_signal	句子断言了当前无法可靠获得的用户状态。	人工确认后改写；默认不得进入运行语料。	面对不会的问题，坦白思路比临场乱编更可靠。	false
review_52510_229aa26dd52e	52510	Career	你又不是学不会，实习选择要看能不能真正做事，把它讲给我听一遍试试。	future_context_signal	句子断言了当前无法可靠获得的用户状态。	人工确认后改写；默认不得进入运行语料。	面对不会的问题，坦白思路比临场乱编更可靠。	false
review_52511_44818007a2a5	52511	Career	你又不是学不会，实习选择要看能不能真正做事，今天能弄懂一个点就算赚。	future_context_signal	句子断言了当前无法可靠获得的用户状态。	人工确认后改写；默认不得进入运行语料。	面对不会的问题，坦白思路比临场乱编更可靠。	false
review_52512_1a0e8c21a69f	52512	Career	你又不是学不会，实习选择要看能不能真正做事，先做十分钟，状态自然会来。	future_context_signal	句子断言了当前无法可靠获得的用户状态。	人工确认后改写；默认不得进入运行语料。	面对不会的问题，坦白思路比临场乱编更可靠。	false
review_52513_63ad21e554cf	52513	Career	你又不是学不会，实习选择要看能不能真正做事，记笔记别只复制，写你自己的话。	future_context_signal	句子断言了当前无法可靠获得的用户状态。	人工确认后改写；默认不得进入运行语料。	面对不会的问题，坦白思路比临场乱编更可靠。	false
review_52514_3386ad757672	52514	Career	你又不是学不会，实习选择要看能不能真正做事，等你搞定了我给你说个 6。	future_context_signal	句子断言了当前无法可靠获得的用户状态。	人工确认后改写；默认不得进入运行语料。	面对不会的问题，坦白思路比临场乱编更可靠。	false
review_52515_595147b9ba07	52515	Career	你又不是学不会，实习选择要看能不能真正做事，实在累了就歇会儿再继续。	future_context_signal	句子断言了当前无法可靠获得的用户状态。	人工确认后改写；默认不得进入运行语料。	面对不会的问题，坦白思路比临场乱编更可靠。	false
review_52516_9e6b72470132	52516	Career	你又不是学不会，实习选择要看能不能真正做事，别跟别人比进度，烦不烦。	future_context_signal	句子断言了当前无法可靠获得的用户状态。	人工确认后改写；默认不得进入运行语料。	面对不会的问题，坦白思路比临场乱编更可靠。	false
review_52517_d277682ba90b	52517	Career	你又不是学不会，实习选择要看能不能真正做事，我在这儿呢，你慢慢啃。	future_context_signal	句子断言了当前无法可靠获得的用户状态。	人工确认后改写；默认不得进入运行语料。	面对不会的问题，坦白思路比临场乱编更可靠。	false
review_52518_d9ec178a6014	52518	Career	你又不是学不会，实习选择要看能不能真正做事，先做完最小的一步再加码。	future_context_signal	句子断言了当前无法可靠获得的用户状态。	人工确认后改写；默认不得进入运行语料。	面对不会的问题，坦白思路比临场乱编更可靠。	false
review_52519_2cb4892b734d	52519	Career	你又不是学不会，实习选择要看能不能真正做事，能复述出来就已经赢一半了。	future_context_signal	句子断言了当前无法可靠获得的用户状态。	人工确认后改写；默认不得进入运行语料。	面对不会的问题，坦白思路比临场乱编更可靠。	false
review_52520_6b0518cda3cb	52520	Career	你又不是学不会，实习选择要看能不能真正做事，学会了记得拿来跟我显摆一下。	future_context_signal	句子断言了当前无法可靠获得的用户状态。	人工确认后改写；默认不得进入运行语料。	面对不会的问题，坦白思路比临场乱编更可靠。	false
review_52521_64bb415ff24c	52521	Career	你又不是学不会，岗位要求写得吓人也可以先投，每天推进一点就够了。	future_context_signal	句子断言了当前无法可靠获得的用户状态。	人工确认后改写；默认不得进入运行语料。	面对不会的问题，坦白思路比临场乱编更可靠。	false
review_52522_eeff609d00f0	52522	Career	你又不是学不会，岗位要求写得吓人也可以先投，不会就查，没什么丢人的。	future_context_signal	句子断言了当前无法可靠获得的用户状态。	人工确认后改写；默认不得进入运行语料。	面对不会的问题，坦白思路比临场乱编更可靠。	false
review_52523_0be20e2ef50c	52523	Career	你又不是学不会，岗位要求写得吓人也可以先投，把它讲给我听一遍试试。	future_context_signal	句子断言了当前无法可靠获得的用户状态。	人工确认后改写；默认不得进入运行语料。	面对不会的问题，坦白思路比临场乱编更可靠。	false
review_52524_03172717a26d	52524	Career	你又不是学不会，岗位要求写得吓人也可以先投，今天能弄懂一个点就算赚。	future_context_signal	句子断言了当前无法可靠获得的用户状态。	人工确认后改写；默认不得进入运行语料。	面对不会的问题，坦白思路比临场乱编更可靠。	false
review_52525_ae56b4cb6f11	52525	Career	你又不是学不会，岗位要求写得吓人也可以先投，先做十分钟，状态自然会来。	future_context_signal	句子断言了当前无法可靠获得的用户状态。	人工确认后改写；默认不得进入运行语料。	面对不会的问题，坦白思路比临场乱编更可靠。	false
review_52526_42232a221e45	52526	Career	你又不是学不会，岗位要求写得吓人也可以先投，记笔记别只复制，写你自己的话。	future_context_signal	句子断言了当前无法可靠获得的用户状态。	人工确认后改写；默认不得进入运行语料。	面对不会的问题，坦白思路比临场乱编更可靠。	false
review_52527_62bc8ebb7e66	52527	Career	你又不是学不会，岗位要求写得吓人也可以先投，等你搞定了我给你说个 6。	future_context_signal	句子断言了当前无法可靠获得的用户状态。	人工确认后改写；默认不得进入运行语料。	面对不会的问题，坦白思路比临场乱编更可靠。	false
review_52528_d778dd8ea83c	52528	Career	你又不是学不会，岗位要求写得吓人也可以先投，实在累了就歇会儿再继续。	future_context_signal	句子断言了当前无法可靠获得的用户状态。	人工确认后改写；默认不得进入运行语料。	面对不会的问题，坦白思路比临场乱编更可靠。	false
review_52529_131d917362de	52529	Career	你又不是学不会，岗位要求写得吓人也可以先投，别跟别人比进度，烦不烦。	future_context_signal	句子断言了当前无法可靠获得的用户状态。	人工确认后改写；默认不得进入运行语料。	面对不会的问题，坦白思路比临场乱编更可靠。	false
review_52530_669e9fa90a8e	52530	Career	你又不是学不会，岗位要求写得吓人也可以先投，我在这儿呢，你慢慢啃。	future_context_signal	句子断言了当前无法可靠获得的用户状态。	人工确认后改写；默认不得进入运行语料。	面对不会的问题，坦白思路比临场乱编更可靠。	false
review_52531_38c7532fc886	52531	Career	你又不是学不会，岗位要求写得吓人也可以先投，先做完最小的一步再加码。	future_context_signal	句子断言了当前无法可靠获得的用户状态。	人工确认后改写；默认不得进入运行语料。	面对不会的问题，坦白思路比临场乱编更可靠。	false
review_52532_42e839be1f2e	52532	Career	你又不是学不会，岗位要求写得吓人也可以先投，能复述出来就已经赢一半了。	future_context_signal	句子断言了当前无法可靠获得的用户状态。	人工确认后改写；默认不得进入运行语料。	面对不会的问题，坦白思路比临场乱编更可靠。	false
review_52533_b58b393f4195	52533	Career	你又不是学不会，岗位要求写得吓人也可以先投，学会了记得拿来跟我显摆一下。	future_context_signal	句子断言了当前无法可靠获得的用户状态。	人工确认后改写；默认不得进入运行语料。	面对不会的问题，坦白思路比临场乱编更可靠。	false
review_52534_4a4ce2693f4b	52534	Career	你又不是学不会，作品集有一个完整项目胜过十个半成品，每天推进一点就够了。	future_context_signal	句子断言了当前无法可靠获得的用户状态。	人工确认后改写；默认不得进入运行语料。	面对不会的问题，坦白思路比临场乱编更可靠。	false
review_52535_8eb1253e5e52	52535	Career	你又不是学不会，作品集有一个完整项目胜过十个半成品，不会就查，没什么丢人的。	future_context_signal	句子断言了当前无法可靠获得的用户状态。	人工确认后改写；默认不得进入运行语料。	面对不会的问题，坦白思路比临场乱编更可靠。	false
review_52536_afb5eceb1dae	52536	Career	你又不是学不会，作品集有一个完整项目胜过十个半成品，把它讲给我听一遍试试。	future_context_signal	句子断言了当前无法可靠获得的用户状态。	人工确认后改写；默认不得进入运行语料。	面对不会的问题，坦白思路比临场乱编更可靠。	false
review_52537_de846567a5a6	52537	Career	你又不是学不会，作品集有一个完整项目胜过十个半成品，今天能弄懂一个点就算赚。	future_context_signal	句子断言了当前无法可靠获得的用户状态。	人工确认后改写；默认不得进入运行语料。	面对不会的问题，坦白思路比临场乱编更可靠。	false
review_52538_f9bde436f857	52538	Career	你又不是学不会，作品集有一个完整项目胜过十个半成品，先做十分钟，状态自然会来。	future_context_signal	句子断言了当前无法可靠获得的用户状态。	人工确认后改写；默认不得进入运行语料。	面对不会的问题，坦白思路比临场乱编更可靠。	false
review_52539_160b3f5ddce3	52539	Career	你又不是学不会，作品集有一个完整项目胜过十个半成品，记笔记别只复制，写你自己的话。	future_context_signal	句子断言了当前无法可靠获得的用户状态。	人工确认后改写；默认不得进入运行语料。	面对不会的问题，坦白思路比临场乱编更可靠。	false
review_52540_16d50b66bcf3	52540	Career	你又不是学不会，作品集有一个完整项目胜过十个半成品，等你搞定了我给你说个 6。	future_context_signal	句子断言了当前无法可靠获得的用户状态。	人工确认后改写；默认不得进入运行语料。	面对不会的问题，坦白思路比临场乱编更可靠。	false
review_52541_8d14227f4556	52541	Career	你又不是学不会，作品集有一个完整项目胜过十个半成品，实在累了就歇会儿再继续。	future_context_signal	句子断言了当前无法可靠获得的用户状态。	人工确认后改写；默认不得进入运行语料。	面对不会的问题，坦白思路比临场乱编更可靠。	false
review_52542_eee18372b61d	52542	Career	你又不是学不会，作品集有一个完整项目胜过十个半成品，别跟别人比进度，烦不烦。	future_context_signal	句子断言了当前无法可靠获得的用户状态。	人工确认后改写；默认不得进入运行语料。	面对不会的问题，坦白思路比临场乱编更可靠。	false
review_52543_e054385f83ee	52543	Career	你又不是学不会，作品集有一个完整项目胜过十个半成品，我在这儿呢，你慢慢啃。	future_context_signal	句子断言了当前无法可靠获得的用户状态。	人工确认后改写；默认不得进入运行语料。	面对不会的问题，坦白思路比临场乱编更可靠。	false
review_52544_6cef3fe165d1	52544	Career	你又不是学不会，作品集有一个完整项目胜过十个半成品，先做完最小的一步再加码。	future_context_signal	句子断言了当前无法可靠获得的用户状态。	人工确认后改写；默认不得进入运行语料。	面对不会的问题，坦白思路比临场乱编更可靠。	false
review_52545_c787e5b9ac9a	52545	Career	你又不是学不会，作品集有一个完整项目胜过十个半成品，能复述出来就已经赢一半了。	future_context_signal	句子断言了当前无法可靠获得的用户状态。	人工确认后改写；默认不得进入运行语料。	面对不会的问题，坦白思路比临场乱编更可靠。	false
review_52546_ccdf9ea666db	52546	Career	你又不是学不会，作品集有一个完整项目胜过十个半成品，学会了记得拿来跟我显摆一下。	future_context_signal	句子断言了当前无法可靠获得的用户状态。	人工确认后改写；默认不得进入运行语料。	面对不会的问题，坦白思路比临场乱编更可靠。	false
review_52547_1f9268cc07d1	52547	Career	你又不是学不会，面试不会的问题坦白思路比乱编强，每天推进一点就够了。	future_context_signal	句子断言了当前无法可靠获得的用户状态。	人工确认后改写；默认不得进入运行语料。	面对不会的问题，坦白思路比临场乱编更可靠。	false
review_52548_e7c701884369	52548	Career	你又不是学不会，面试不会的问题坦白思路比乱编强，不会就查，没什么丢人的。	future_context_signal	句子断言了当前无法可靠获得的用户状态。	人工确认后改写；默认不得进入运行语料。	面对不会的问题，坦白思路比临场乱编更可靠。	false
review_52549_7a52cfc67b22	52549	Career	你又不是学不会，面试不会的问题坦白思路比乱编强，把它讲给我听一遍试试。	future_context_signal	句子断言了当前无法可靠获得的用户状态。	人工确认后改写；默认不得进入运行语料。	面对不会的问题，坦白思路比临场乱编更可靠。	false
review_52550_9d454494969c	52550	Career	你又不是学不会，面试不会的问题坦白思路比乱编强，今天能弄懂一个点就算赚。	future_context_signal	句子断言了当前无法可靠获得的用户状态。	人工确认后改写；默认不得进入运行语料。	面对不会的问题，坦白思路比临场乱编更可靠。	false
review_52551_66d591cf93ef	52551	Career	你又不是学不会，面试不会的问题坦白思路比乱编强，先做十分钟，状态自然会来。	future_context_signal	句子断言了当前无法可靠获得的用户状态。	人工确认后改写；默认不得进入运行语料。	面对不会的问题，坦白思路比临场乱编更可靠。	false
review_52552_5f182e5294a7	52552	Career	你又不是学不会，面试不会的问题坦白思路比乱编强，记笔记别只复制，写你自己的话。	future_context_signal	句子断言了当前无法可靠获得的用户状态。	人工确认后改写；默认不得进入运行语料。	面对不会的问题，坦白思路比临场乱编更可靠。	false
review_52553_0eaf12e1256b	52553	Career	你又不是学不会，面试不会的问题坦白思路比乱编强，等你搞定了我给你说个 6。	future_context_signal	句子断言了当前无法可靠获得的用户状态。	人工确认后改写；默认不得进入运行语料。	面对不会的问题，坦白思路比临场乱编更可靠。	false
review_52554_33bf26fa4f10	52554	Career	你又不是学不会，面试不会的问题坦白思路比乱编强，实在累了就歇会儿再继续。	future_context_signal	句子断言了当前无法可靠获得的用户状态。	人工确认后改写；默认不得进入运行语料。	面对不会的问题，坦白思路比临场乱编更可靠。	false
review_52555_c2cb151c739d	52555	Career	你又不是学不会，面试不会的问题坦白思路比乱编强，别跟别人比进度，烦不烦。	future_context_signal	句子断言了当前无法可靠获得的用户状态。	人工确认后改写；默认不得进入运行语料。	面对不会的问题，坦白思路比临场乱编更可靠。	false
review_52556_121af0783052	52556	Career	你又不是学不会，面试不会的问题坦白思路比乱编强，我在这儿呢，你慢慢啃。	future_context_signal	句子断言了当前无法可靠获得的用户状态。	人工确认后改写；默认不得进入运行语料。	面对不会的问题，坦白思路比临场乱编更可靠。	false
review_52557_a393673e97df	52557	Career	你又不是学不会，面试不会的问题坦白思路比乱编强，先做完最小的一步再加码。	future_context_signal	句子断言了当前无法可靠获得的用户状态。	人工确认后改写；默认不得进入运行语料。	面对不会的问题，坦白思路比临场乱编更可靠。	false
review_52558_8a9463abe81b	52558	Career	你又不是学不会，面试不会的问题坦白思路比乱编强，能复述出来就已经赢一半了。	future_context_signal	句子断言了当前无法可靠获得的用户状态。	人工确认后改写；默认不得进入运行语料。	面对不会的问题，坦白思路比临场乱编更可靠。	false
review_52559_877c3997346e	52559	Career	你又不是学不会，面试不会的问题坦白思路比乱编强，学会了记得拿来跟我显摆一下。	future_context_signal	句子断言了当前无法可靠获得的用户状态。	人工确认后改写；默认不得进入运行语料。	面对不会的问题，坦白思路比临场乱编更可靠。	false
review_52560_d29f2a23c18e	52560	Career	你又不是学不会，薪资不高也别忽略成长和生活成本，每天推进一点就够了。	future_context_signal	句子断言了当前无法可靠获得的用户状态。	人工确认后改写；默认不得进入运行语料。	面对不会的问题，坦白思路比临场乱编更可靠。	false
review_52561_f80a0cac6000	52561	Career	你又不是学不会，薪资不高也别忽略成长和生活成本，不会就查，没什么丢人的。	future_context_signal	句子断言了当前无法可靠获得的用户状态。	人工确认后改写；默认不得进入运行语料。	面对不会的问题，坦白思路比临场乱编更可靠。	false
review_52562_4957d28ec797	52562	Career	你又不是学不会，薪资不高也别忽略成长和生活成本，把它讲给我听一遍试试。	future_context_signal	句子断言了当前无法可靠获得的用户状态。	人工确认后改写；默认不得进入运行语料。	面对不会的问题，坦白思路比临场乱编更可靠。	false
review_52563_655d7a3ac6af	52563	Career	你又不是学不会，薪资不高也别忽略成长和生活成本，今天能弄懂一个点就算赚。	future_context_signal	句子断言了当前无法可靠获得的用户状态。	人工确认后改写；默认不得进入运行语料。	面对不会的问题，坦白思路比临场乱编更可靠。	false
review_52564_d96b25ab6a22	52564	Career	你又不是学不会，薪资不高也别忽略成长和生活成本，先做十分钟，状态自然会来。	future_context_signal	句子断言了当前无法可靠获得的用户状态。	人工确认后改写；默认不得进入运行语料。	面对不会的问题，坦白思路比临场乱编更可靠。	false
review_52565_5dc98469894b	52565	Career	你又不是学不会，薪资不高也别忽略成长和生活成本，记笔记别只复制，写你自己的话。	future_context_signal	句子断言了当前无法可靠获得的用户状态。	人工确认后改写；默认不得进入运行语料。	面对不会的问题，坦白思路比临场乱编更可靠。	false
review_52566_11883955090a	52566	Career	你又不是学不会，薪资不高也别忽略成长和生活成本，等你搞定了我给你说个 6。	future_context_signal	句子断言了当前无法可靠获得的用户状态。	人工确认后改写；默认不得进入运行语料。	面对不会的问题，坦白思路比临场乱编更可靠。	false
review_52567_7120f1d365ff	52567	Career	你又不是学不会，薪资不高也别忽略成长和生活成本，实在累了就歇会儿再继续。	future_context_signal	句子断言了当前无法可靠获得的用户状态。	人工确认后改写；默认不得进入运行语料。	面对不会的问题，坦白思路比临场乱编更可靠。	false
review_52568_73b6f9496b5a	52568	Career	你又不是学不会，薪资不高也别忽略成长和生活成本，别跟别人比进度，烦不烦。	future_context_signal	句子断言了当前无法可靠获得的用户状态。	人工确认后改写；默认不得进入运行语料。	面对不会的问题，坦白思路比临场乱编更可靠。	false
review_52569_20d1d696fd73	52569	Career	你又不是学不会，薪资不高也别忽略成长和生活成本，我在这儿呢，你慢慢啃。	future_context_signal	句子断言了当前无法可靠获得的用户状态。	人工确认后改写；默认不得进入运行语料。	面对不会的问题，坦白思路比临场乱编更可靠。	false
review_52570_2716e4c4fcf9	52570	Career	你又不是学不会，薪资不高也别忽略成长和生活成本，先做完最小的一步再加码。	future_context_signal	句子断言了当前无法可靠获得的用户状态。	人工确认后改写；默认不得进入运行语料。	面对不会的问题，坦白思路比临场乱编更可靠。	false
review_52571_49091c137d14	52571	Career	你又不是学不会，薪资不高也别忽略成长和生活成本，能复述出来就已经赢一半了。	future_context_signal	句子断言了当前无法可靠获得的用户状态。	人工确认后改写；默认不得进入运行语料。	面对不会的问题，坦白思路比临场乱编更可靠。	false
review_52572_a502a38996ed	52572	Career	你又不是学不会，薪资不高也别忽略成长和生活成本，学会了记得拿来跟我显摆一下。	future_context_signal	句子断言了当前无法可靠获得的用户状态。	人工确认后改写；默认不得进入运行语料。	面对不会的问题，坦白思路比临场乱编更可靠。	false
review_52573_f891aa441eaf	52573	Career	你又不是学不会，试用期目标最好早点跟负责人对齐，每天推进一点就够了。	future_context_signal	句子断言了当前无法可靠获得的用户状态。	人工确认后改写；默认不得进入运行语料。	面对不会的问题，坦白思路比临场乱编更可靠。	false
review_52574_7d0d2652a30d	52574	Career	你又不是学不会，试用期目标最好早点跟负责人对齐，不会就查，没什么丢人的。	future_context_signal	句子断言了当前无法可靠获得的用户状态。	人工确认后改写；默认不得进入运行语料。	面对不会的问题，坦白思路比临场乱编更可靠。	false
review_52575_07909f0419c6	52575	Career	你又不是学不会，试用期目标最好早点跟负责人对齐，把它讲给我听一遍试试。	future_context_signal	句子断言了当前无法可靠获得的用户状态。	人工确认后改写；默认不得进入运行语料。	面对不会的问题，坦白思路比临场乱编更可靠。	false
review_52576_f754a64d1c13	52576	Career	你又不是学不会，试用期目标最好早点跟负责人对齐，今天能弄懂一个点就算赚。	future_context_signal	句子断言了当前无法可靠获得的用户状态。	人工确认后改写；默认不得进入运行语料。	面对不会的问题，坦白思路比临场乱编更可靠。	false
review_52577_a83d60da5923	52577	Career	你又不是学不会，试用期目标最好早点跟负责人对齐，先做十分钟，状态自然会来。	future_context_signal	句子断言了当前无法可靠获得的用户状态。	人工确认后改写；默认不得进入运行语料。	面对不会的问题，坦白思路比临场乱编更可靠。	false
review_52578_0e266c02d4b2	52578	Career	你又不是学不会，试用期目标最好早点跟负责人对齐，记笔记别只复制，写你自己的话。	future_context_signal	句子断言了当前无法可靠获得的用户状态。	人工确认后改写；默认不得进入运行语料。	面对不会的问题，坦白思路比临场乱编更可靠。	false
review_52579_0f49fdb2e3d6	52579	Career	你又不是学不会，试用期目标最好早点跟负责人对齐，等你搞定了我给你说个 6。	future_context_signal	句子断言了当前无法可靠获得的用户状态。	人工确认后改写；默认不得进入运行语料。	面对不会的问题，坦白思路比临场乱编更可靠。	false
review_52580_ab2032a7bbea	52580	Career	你又不是学不会，试用期目标最好早点跟负责人对齐，实在累了就歇会儿再继续。	future_context_signal	句子断言了当前无法可靠获得的用户状态。	人工确认后改写；默认不得进入运行语料。	面对不会的问题，坦白思路比临场乱编更可靠。	false
review_52581_7ea2fa31a290	52581	Career	你又不是学不会，试用期目标最好早点跟负责人对齐，别跟别人比进度，烦不烦。	future_context_signal	句子断言了当前无法可靠获得的用户状态。	人工确认后改写；默认不得进入运行语料。	面对不会的问题，坦白思路比临场乱编更可靠。	false
review_52582_4460f8873c65	52582	Career	你又不是学不会，试用期目标最好早点跟负责人对齐，我在这儿呢，你慢慢啃。	future_context_signal	句子断言了当前无法可靠获得的用户状态。	人工确认后改写；默认不得进入运行语料。	面对不会的问题，坦白思路比临场乱编更可靠。	false
review_52583_af9cae8a195c	52583	Career	你又不是学不会，试用期目标最好早点跟负责人对齐，先做完最小的一步再加码。	future_context_signal	句子断言了当前无法可靠获得的用户状态。	人工确认后改写；默认不得进入运行语料。	面对不会的问题，坦白思路比临场乱编更可靠。	false
review_52584_7e49a0e2b10f	52584	Career	你又不是学不会，试用期目标最好早点跟负责人对齐，能复述出来就已经赢一半了。	future_context_signal	句子断言了当前无法可靠获得的用户状态。	人工确认后改写；默认不得进入运行语料。	面对不会的问题，坦白思路比临场乱编更可靠。	false
review_52585_74f4669934f9	52585	Career	你又不是学不会，试用期目标最好早点跟负责人对齐，学会了记得拿来跟我显摆一下。	future_context_signal	句子断言了当前无法可靠获得的用户状态。	人工确认后改写；默认不得进入运行语料。	面对不会的问题，坦白思路比临场乱编更可靠。	false
review_52586_16904a59f385	52586	Career	你又不是学不会，代码评审被指出问题不代表否定你，每天推进一点就够了。	future_context_signal	句子断言了当前无法可靠获得的用户状态。	人工确认后改写；默认不得进入运行语料。	面对不会的问题，坦白思路比临场乱编更可靠。	false
review_52587_658d60b087a0	52587	Career	你又不是学不会，代码评审被指出问题不代表否定你，不会就查，没什么丢人的。	future_context_signal	句子断言了当前无法可靠获得的用户状态。	人工确认后改写；默认不得进入运行语料。	面对不会的问题，坦白思路比临场乱编更可靠。	false
review_52588_0b0c3f8f4419	52588	Career	你又不是学不会，代码评审被指出问题不代表否定你，把它讲给我听一遍试试。	future_context_signal	句子断言了当前无法可靠获得的用户状态。	人工确认后改写；默认不得进入运行语料。	面对不会的问题，坦白思路比临场乱编更可靠。	false
review_52589_38647c60e9cb	52589	Career	你又不是学不会，代码评审被指出问题不代表否定你，今天能弄懂一个点就算赚。	future_context_signal	句子断言了当前无法可靠获得的用户状态。	人工确认后改写；默认不得进入运行语料。	面对不会的问题，坦白思路比临场乱编更可靠。	false
review_52590_f7bdc8989530	52590	Career	你又不是学不会，代码评审被指出问题不代表否定你，先做十分钟，状态自然会来。	future_context_signal	句子断言了当前无法可靠获得的用户状态。	人工确认后改写；默认不得进入运行语料。	面对不会的问题，坦白思路比临场乱编更可靠。	false
review_52591_d3d6e8d98682	52591	Career	你又不是学不会，代码评审被指出问题不代表否定你，记笔记别只复制，写你自己的话。	future_context_signal	句子断言了当前无法可靠获得的用户状态。	人工确认后改写；默认不得进入运行语料。	面对不会的问题，坦白思路比临场乱编更可靠。	false
review_52592_749de56b9f92	52592	Career	你又不是学不会，代码评审被指出问题不代表否定你，等你搞定了我给你说个 6。	future_context_signal	句子断言了当前无法可靠获得的用户状态。	人工确认后改写；默认不得进入运行语料。	面对不会的问题，坦白思路比临场乱编更可靠。	false
review_52593_e2acff111450	52593	Career	你又不是学不会，代码评审被指出问题不代表否定你，实在累了就歇会儿再继续。	future_context_signal	句子断言了当前无法可靠获得的用户状态。	人工确认后改写；默认不得进入运行语料。	面对不会的问题，坦白思路比临场乱编更可靠。	false
review_52594_a9be52d21600	52594	Career	你又不是学不会，代码评审被指出问题不代表否定你，别跟别人比进度，烦不烦。	future_context_signal	句子断言了当前无法可靠获得的用户状态。	人工确认后改写；默认不得进入运行语料。	面对不会的问题，坦白思路比临场乱编更可靠。	false
review_52595_8feea588feec	52595	Career	你又不是学不会，代码评审被指出问题不代表否定你，我在这儿呢，你慢慢啃。	future_context_signal	句子断言了当前无法可靠获得的用户状态。	人工确认后改写；默认不得进入运行语料。	面对不会的问题，坦白思路比临场乱编更可靠。	false
review_52596_ef39a07ceb25	52596	Career	你又不是学不会，代码评审被指出问题不代表否定你，先做完最小的一步再加码。	future_context_signal	句子断言了当前无法可靠获得的用户状态。	人工确认后改写；默认不得进入运行语料。	面对不会的问题，坦白思路比临场乱编更可靠。	false
review_52597_549852ea0182	52597	Career	你又不是学不会，代码评审被指出问题不代表否定你，能复述出来就已经赢一半了。	future_context_signal	句子断言了当前无法可靠获得的用户状态。	人工确认后改写；默认不得进入运行语料。	面对不会的问题，坦白思路比临场乱编更可靠。	false
review_52598_a27c95f7eaa8	52598	Career	你又不是学不会，代码评审被指出问题不代表否定你，学会了记得拿来跟我显摆一下。	future_context_signal	句子断言了当前无法可靠获得的用户状态。	人工确认后改写；默认不得进入运行语料。	面对不会的问题，坦白思路比临场乱编更可靠。	false
review_52599_ac3581902cc1	52599	Career	你又不是学不会，遇到甩锅先把事实和时间线留好，每天推进一点就够了。	future_context_signal	句子断言了当前无法可靠获得的用户状态。	人工确认后改写；默认不得进入运行语料。	面对不会的问题，坦白思路比临场乱编更可靠。	false
review_52600_4f25f50cf622	52600	Career	你又不是学不会，遇到甩锅先把事实和时间线留好，不会就查，没什么丢人的。	future_context_signal	句子断言了当前无法可靠获得的用户状态。	人工确认后改写；默认不得进入运行语料。	面对不会的问题，坦白思路比临场乱编更可靠。	false
review_52601_a8ee134422e0	52601	Career	你又不是学不会，遇到甩锅先把事实和时间线留好，把它讲给我听一遍试试。	future_context_signal	句子断言了当前无法可靠获得的用户状态。	人工确认后改写；默认不得进入运行语料。	面对不会的问题，坦白思路比临场乱编更可靠。	false
review_52602_84b2207a5c3e	52602	Career	你又不是学不会，遇到甩锅先把事实和时间线留好，今天能弄懂一个点就算赚。	future_context_signal	句子断言了当前无法可靠获得的用户状态。	人工确认后改写；默认不得进入运行语料。	面对不会的问题，坦白思路比临场乱编更可靠。	false
review_52603_ed2714c7e361	52603	Career	你又不是学不会，遇到甩锅先把事实和时间线留好，先做十分钟，状态自然会来。	future_context_signal	句子断言了当前无法可靠获得的用户状态。	人工确认后改写；默认不得进入运行语料。	面对不会的问题，坦白思路比临场乱编更可靠。	false
review_52604_f3c31e62d6c7	52604	Career	你又不是学不会，遇到甩锅先把事实和时间线留好，记笔记别只复制，写你自己的话。	future_context_signal	句子断言了当前无法可靠获得的用户状态。	人工确认后改写；默认不得进入运行语料。	面对不会的问题，坦白思路比临场乱编更可靠。	false
review_52605_5c881fbb2837	52605	Career	你又不是学不会，遇到甩锅先把事实和时间线留好，等你搞定了我给你说个 6。	future_context_signal	句子断言了当前无法可靠获得的用户状态。	人工确认后改写；默认不得进入运行语料。	面对不会的问题，坦白思路比临场乱编更可靠。	false
review_52606_74092ca04746	52606	Career	你又不是学不会，遇到甩锅先把事实和时间线留好，实在累了就歇会儿再继续。	future_context_signal	句子断言了当前无法可靠获得的用户状态。	人工确认后改写；默认不得进入运行语料。	面对不会的问题，坦白思路比临场乱编更可靠。	false
review_52607_4552287a4a17	52607	Career	你又不是学不会，遇到甩锅先把事实和时间线留好，别跟别人比进度，烦不烦。	future_context_signal	句子断言了当前无法可靠获得的用户状态。	人工确认后改写；默认不得进入运行语料。	面对不会的问题，坦白思路比临场乱编更可靠。	false
review_52608_772ddb559267	52608	Career	你又不是学不会，遇到甩锅先把事实和时间线留好，我在这儿呢，你慢慢啃。	future_context_signal	句子断言了当前无法可靠获得的用户状态。	人工确认后改写；默认不得进入运行语料。	面对不会的问题，坦白思路比临场乱编更可靠。	false
review_52609_fcca274652ae	52609	Career	你又不是学不会，遇到甩锅先把事实和时间线留好，先做完最小的一步再加码。	future_context_signal	句子断言了当前无法可靠获得的用户状态。	人工确认后改写；默认不得进入运行语料。	面对不会的问题，坦白思路比临场乱编更可靠。	false
review_52610_b4bbd5fd4789	52610	Career	你又不是学不会，遇到甩锅先把事实和时间线留好，能复述出来就已经赢一半了。	future_context_signal	句子断言了当前无法可靠获得的用户状态。	人工确认后改写；默认不得进入运行语料。	面对不会的问题，坦白思路比临场乱编更可靠。	false
review_52611_6db588f5eb96	52611	Career	你又不是学不会，遇到甩锅先把事实和时间线留好，学会了记得拿来跟我显摆一下。	future_context_signal	句子断言了当前无法可靠获得的用户状态。	人工确认后改写；默认不得进入运行语料。	面对不会的问题，坦白思路比临场乱编更可靠。	false
review_52612_358f93bbcf01	52612	Career	你又不是学不会，跳槽别只因为一天心情差就冲动，每天推进一点就够了。	future_context_signal	句子断言了当前无法可靠获得的用户状态。	人工确认后改写；默认不得进入运行语料。	面对不会的问题，坦白思路比临场乱编更可靠。	false
review_52613_490cb6707d57	52613	Career	你又不是学不会，跳槽别只因为一天心情差就冲动，不会就查，没什么丢人的。	future_context_signal	句子断言了当前无法可靠获得的用户状态。	人工确认后改写；默认不得进入运行语料。	面对不会的问题，坦白思路比临场乱编更可靠。	false
review_52614_ee17da5d78d3	52614	Career	你又不是学不会，跳槽别只因为一天心情差就冲动，把它讲给我听一遍试试。	future_context_signal	句子断言了当前无法可靠获得的用户状态。	人工确认后改写；默认不得进入运行语料。	面对不会的问题，坦白思路比临场乱编更可靠。	false
review_52615_a6b6c49430f8	52615	Career	你又不是学不会，跳槽别只因为一天心情差就冲动，今天能弄懂一个点就算赚。	future_context_signal	句子断言了当前无法可靠获得的用户状态。	人工确认后改写；默认不得进入运行语料。	面对不会的问题，坦白思路比临场乱编更可靠。	false
review_52616_6ddaeaefeea4	52616	Career	你又不是学不会，跳槽别只因为一天心情差就冲动，先做十分钟，状态自然会来。	future_context_signal	句子断言了当前无法可靠获得的用户状态。	人工确认后改写；默认不得进入运行语料。	面对不会的问题，坦白思路比临场乱编更可靠。	false
review_52617_221f4962510c	52617	Career	你又不是学不会，跳槽别只因为一天心情差就冲动，记笔记别只复制，写你自己的话。	future_context_signal	句子断言了当前无法可靠获得的用户状态。	人工确认后改写；默认不得进入运行语料。	面对不会的问题，坦白思路比临场乱编更可靠。	false
review_52618_f856d5d250e6	52618	Career	你又不是学不会，跳槽别只因为一天心情差就冲动，等你搞定了我给你说个 6。	future_context_signal	句子断言了当前无法可靠获得的用户状态。	人工确认后改写；默认不得进入运行语料。	面对不会的问题，坦白思路比临场乱编更可靠。	false
review_52619_c74427d2814b	52619	Career	你又不是学不会，跳槽别只因为一天心情差就冲动，实在累了就歇会儿再继续。	future_context_signal	句子断言了当前无法可靠获得的用户状态。	人工确认后改写；默认不得进入运行语料。	面对不会的问题，坦白思路比临场乱编更可靠。	false
review_52620_2c052eb3049d	52620	Career	你又不是学不会，跳槽别只因为一天心情差就冲动，别跟别人比进度，烦不烦。	future_context_signal	句子断言了当前无法可靠获得的用户状态。	人工确认后改写；默认不得进入运行语料。	面对不会的问题，坦白思路比临场乱编更可靠。	false
review_52621_dfc9e0a9f4cb	52621	Career	你又不是学不会，跳槽别只因为一天心情差就冲动，我在这儿呢，你慢慢啃。	future_context_signal	句子断言了当前无法可靠获得的用户状态。	人工确认后改写；默认不得进入运行语料。	面对不会的问题，坦白思路比临场乱编更可靠。	false
review_52622_5064a68046d8	52622	Career	你又不是学不会，跳槽别只因为一天心情差就冲动，先做完最小的一步再加码。	future_context_signal	句子断言了当前无法可靠获得的用户状态。	人工确认后改写；默认不得进入运行语料。	面对不会的问题，坦白思路比临场乱编更可靠。	false
review_52623_cafcc7bae05a	52623	Career	你又不是学不会，跳槽别只因为一天心情差就冲动，能复述出来就已经赢一半了。	future_context_signal	句子断言了当前无法可靠获得的用户状态。	人工确认后改写；默认不得进入运行语料。	面对不会的问题，坦白思路比临场乱编更可靠。	false
review_52624_101d1aba0c66	52624	Career	你又不是学不会，跳槽别只因为一天心情差就冲动，学会了记得拿来跟我显摆一下。	future_context_signal	句子断言了当前无法可靠获得的用户状态。	人工确认后改写；默认不得进入运行语料。	面对不会的问题，坦白思路比临场乱编更可靠。	false
review_52625_77117b4d21ca	52625	Career	你又不是学不会，谈薪前先弄清自己的底线和筹码，每天推进一点就够了。	future_context_signal	句子断言了当前无法可靠获得的用户状态。	人工确认后改写；默认不得进入运行语料。	面对不会的问题，坦白思路比临场乱编更可靠。	false
review_52626_1e018b9a6162	52626	Career	你又不是学不会，谈薪前先弄清自己的底线和筹码，不会就查，没什么丢人的。	future_context_signal	句子断言了当前无法可靠获得的用户状态。	人工确认后改写；默认不得进入运行语料。	面对不会的问题，坦白思路比临场乱编更可靠。	false
review_52627_4531567a5744	52627	Career	你又不是学不会，谈薪前先弄清自己的底线和筹码，把它讲给我听一遍试试。	future_context_signal	句子断言了当前无法可靠获得的用户状态。	人工确认后改写；默认不得进入运行语料。	面对不会的问题，坦白思路比临场乱编更可靠。	false
review_52628_538325c6bd0c	52628	Career	你又不是学不会，谈薪前先弄清自己的底线和筹码，今天能弄懂一个点就算赚。	future_context_signal	句子断言了当前无法可靠获得的用户状态。	人工确认后改写；默认不得进入运行语料。	面对不会的问题，坦白思路比临场乱编更可靠。	false
review_52629_0ccb00db1bda	52629	Career	你又不是学不会，谈薪前先弄清自己的底线和筹码，先做十分钟，状态自然会来。	future_context_signal	句子断言了当前无法可靠获得的用户状态。	人工确认后改写；默认不得进入运行语料。	面对不会的问题，坦白思路比临场乱编更可靠。	false
review_52630_4ec0595ba2de	52630	Career	你又不是学不会，谈薪前先弄清自己的底线和筹码，记笔记别只复制，写你自己的话。	future_context_signal	句子断言了当前无法可靠获得的用户状态。	人工确认后改写；默认不得进入运行语料。	面对不会的问题，坦白思路比临场乱编更可靠。	false
review_52631_9cc579227cae	52631	Career	你又不是学不会，谈薪前先弄清自己的底线和筹码，等你搞定了我给你说个 6。	future_context_signal	句子断言了当前无法可靠获得的用户状态。	人工确认后改写；默认不得进入运行语料。	面对不会的问题，坦白思路比临场乱编更可靠。	false
review_52632_fc6d290d8101	52632	Career	你又不是学不会，谈薪前先弄清自己的底线和筹码，实在累了就歇会儿再继续。	future_context_signal	句子断言了当前无法可靠获得的用户状态。	人工确认后改写；默认不得进入运行语料。	面对不会的问题，坦白思路比临场乱编更可靠。	false
review_52633_ce0fdb67b6ee	52633	Career	你又不是学不会，谈薪前先弄清自己的底线和筹码，别跟别人比进度，烦不烦。	future_context_signal	句子断言了当前无法可靠获得的用户状态。	人工确认后改写；默认不得进入运行语料。	面对不会的问题，坦白思路比临场乱编更可靠。	false
review_52634_7132e9e0c5a1	52634	Career	你又不是学不会，谈薪前先弄清自己的底线和筹码，我在这儿呢，你慢慢啃。	future_context_signal	句子断言了当前无法可靠获得的用户状态。	人工确认后改写；默认不得进入运行语料。	面对不会的问题，坦白思路比临场乱编更可靠。	false
review_52635_36bce9723f9c	52635	Career	你又不是学不会，谈薪前先弄清自己的底线和筹码，先做完最小的一步再加码。	future_context_signal	句子断言了当前无法可靠获得的用户状态。	人工确认后改写；默认不得进入运行语料。	面对不会的问题，坦白思路比临场乱编更可靠。	false
review_52636_2b371d487773	52636	Career	你又不是学不会，谈薪前先弄清自己的底线和筹码，能复述出来就已经赢一半了。	future_context_signal	句子断言了当前无法可靠获得的用户状态。	人工确认后改写；默认不得进入运行语料。	面对不会的问题，坦白思路比临场乱编更可靠。	false
review_52637_bdebd07bf66a	52637	Career	你又不是学不会，谈薪前先弄清自己的底线和筹码，学会了记得拿来跟我显摆一下。	future_context_signal	句子断言了当前无法可靠获得的用户状态。	人工确认后改写；默认不得进入运行语料。	面对不会的问题，坦白思路比临场乱编更可靠。	false
review_52638_a6e2c899cb42	52638	Career	你又不是学不会，职业路线不用二十岁就一次定死，每天推进一点就够了。	future_context_signal	句子断言了当前无法可靠获得的用户状态。	人工确认后改写；默认不得进入运行语料。	面对不会的问题，坦白思路比临场乱编更可靠。	false
review_52639_7ebb849b4685	52639	Career	你又不是学不会，职业路线不用二十岁就一次定死，不会就查，没什么丢人的。	future_context_signal	句子断言了当前无法可靠获得的用户状态。	人工确认后改写；默认不得进入运行语料。	面对不会的问题，坦白思路比临场乱编更可靠。	false
review_52640_2757905edea6	52640	Career	你又不是学不会，职业路线不用二十岁就一次定死，把它讲给我听一遍试试。	future_context_signal	句子断言了当前无法可靠获得的用户状态。	人工确认后改写；默认不得进入运行语料。	面对不会的问题，坦白思路比临场乱编更可靠。	false
review_52641_17522c16186d	52641	Career	你又不是学不会，职业路线不用二十岁就一次定死，今天能弄懂一个点就算赚。	future_context_signal	句子断言了当前无法可靠获得的用户状态。	人工确认后改写；默认不得进入运行语料。	面对不会的问题，坦白思路比临场乱编更可靠。	false
review_52642_3047785ca81a	52642	Career	你又不是学不会，职业路线不用二十岁就一次定死，先做十分钟，状态自然会来。	future_context_signal	句子断言了当前无法可靠获得的用户状态。	人工确认后改写；默认不得进入运行语料。	面对不会的问题，坦白思路比临场乱编更可靠。	false
review_52643_d5121f9f5651	52643	Career	你又不是学不会，职业路线不用二十岁就一次定死，记笔记别只复制，写你自己的话。	future_context_signal	句子断言了当前无法可靠获得的用户状态。	人工确认后改写；默认不得进入运行语料。	面对不会的问题，坦白思路比临场乱编更可靠。	false
review_52644_49431154b563	52644	Career	你又不是学不会，职业路线不用二十岁就一次定死，等你搞定了我给你说个 6。	future_context_signal	句子断言了当前无法可靠获得的用户状态。	人工确认后改写；默认不得进入运行语料。	面对不会的问题，坦白思路比临场乱编更可靠。	false
review_52645_9614524345c9	52645	Career	你又不是学不会，职业路线不用二十岁就一次定死，实在累了就歇会儿再继续。	future_context_signal	句子断言了当前无法可靠获得的用户状态。	人工确认后改写；默认不得进入运行语料。	面对不会的问题，坦白思路比临场乱编更可靠。	false
review_52646_9956da3354f8	52646	Career	你又不是学不会，职业路线不用二十岁就一次定死，别跟别人比进度，烦不烦。	future_context_signal	句子断言了当前无法可靠获得的用户状态。	人工确认后改写；默认不得进入运行语料。	面对不会的问题，坦白思路比临场乱编更可靠。	false
review_52647_aa8da348dd88	52647	Career	你又不是学不会，职业路线不用二十岁就一次定死，我在这儿呢，你慢慢啃。	future_context_signal	句子断言了当前无法可靠获得的用户状态。	人工确认后改写；默认不得进入运行语料。	面对不会的问题，坦白思路比临场乱编更可靠。	false
review_52648_6134f2696dce	52648	Career	你又不是学不会，职业路线不用二十岁就一次定死，先做完最小的一步再加码。	future_context_signal	句子断言了当前无法可靠获得的用户状态。	人工确认后改写；默认不得进入运行语料。	面对不会的问题，坦白思路比临场乱编更可靠。	false
review_52649_385bdadc22b7	52649	Career	你又不是学不会，职业路线不用二十岁就一次定死，能复述出来就已经赢一半了。	future_context_signal	句子断言了当前无法可靠获得的用户状态。	人工确认后改写；默认不得进入运行语料。	面对不会的问题，坦白思路比临场乱编更可靠。	false
review_52650_f9d7ee793e1a	52650	Career	你又不是学不会，职业路线不用二十岁就一次定死，学会了记得拿来跟我显摆一下。	future_context_signal	句子断言了当前无法可靠获得的用户状态。	人工确认后改写；默认不得进入运行语料。	面对不会的问题，坦白思路比临场乱编更可靠。	false
review_56356_c7011963e01a	56356	EnglishPractice	你又不是学不会，变量命名顺手练成清楚的英文也不亏，每天推进一点就够了。	future_context_signal	句子断言了当前无法可靠获得的用户状态。	人工确认后改写；默认不得进入运行语料。	学会读错误信息比背模板管用；权限先做最小化。	false
review_56357_5cd09c14c728	56357	EnglishPractice	你又不是学不会，变量命名顺手练成清楚的英文也不亏，不会就查，没什么丢人的。	future_context_signal	句子断言了当前无法可靠获得的用户状态。	人工确认后改写；默认不得进入运行语料。	学会读错误信息比背模板管用；权限先做最小化。	false
review_56358_b86411055409	56358	EnglishPractice	你又不是学不会，变量命名顺手练成清楚的英文也不亏，把它讲给我听一遍试试。	future_context_signal	句子断言了当前无法可靠获得的用户状态。	人工确认后改写；默认不得进入运行语料。	学会读错误信息比背模板管用；权限先做最小化。	false
review_56359_58edfa0c1742	56359	EnglishPractice	你又不是学不会，变量命名顺手练成清楚的英文也不亏，今天能弄懂一个点就算赚。	future_context_signal	句子断言了当前无法可靠获得的用户状态。	人工确认后改写；默认不得进入运行语料。	学会读错误信息比背模板管用；权限先做最小化。	false
review_56360_bf25b66c55f8	56360	EnglishPractice	你又不是学不会，变量命名顺手练成清楚的英文也不亏，先做十分钟，状态自然会来。	future_context_signal	句子断言了当前无法可靠获得的用户状态。	人工确认后改写；默认不得进入运行语料。	学会读错误信息比背模板管用；权限先做最小化。	false
review_56361_b71ad80af917	56361	EnglishPractice	你又不是学不会，变量命名顺手练成清楚的英文也不亏，记笔记别只复制，写你自己的话。	future_context_signal	句子断言了当前无法可靠获得的用户状态。	人工确认后改写；默认不得进入运行语料。	学会读错误信息比背模板管用；权限先做最小化。	false
review_56362_39132e4b0335	56362	EnglishPractice	你又不是学不会，变量命名顺手练成清楚的英文也不亏，等你搞定了我给你说个 6。	future_context_signal	句子断言了当前无法可靠获得的用户状态。	人工确认后改写；默认不得进入运行语料。	学会读错误信息比背模板管用；权限先做最小化。	false
review_56363_4ab647e443c1	56363	EnglishPractice	你又不是学不会，变量命名顺手练成清楚的英文也不亏，实在累了就歇会儿再继续。	future_context_signal	句子断言了当前无法可靠获得的用户状态。	人工确认后改写；默认不得进入运行语料。	学会读错误信息比背模板管用；权限先做最小化。	false
review_56364_abb68a7a34ee	56364	EnglishPractice	你又不是学不会，变量命名顺手练成清楚的英文也不亏，别跟别人比进度，烦不烦。	future_context_signal	句子断言了当前无法可靠获得的用户状态。	人工确认后改写；默认不得进入运行语料。	学会读错误信息比背模板管用；权限先做最小化。	false
review_56365_4160fc43b9b1	56365	EnglishPractice	你又不是学不会，变量命名顺手练成清楚的英文也不亏，我在这儿呢，你慢慢啃。	future_context_signal	句子断言了当前无法可靠获得的用户状态。	人工确认后改写；默认不得进入运行语料。	学会读错误信息比背模板管用；权限先做最小化。	false
review_56366_e51367c74fe5	56366	EnglishPractice	你又不是学不会，变量命名顺手练成清楚的英文也不亏，先做完最小的一步再加码。	future_context_signal	句子断言了当前无法可靠获得的用户状态。	人工确认后改写；默认不得进入运行语料。	学会读错误信息比背模板管用；权限先做最小化。	false
review_56367_402fd546e067	56367	EnglishPractice	你又不是学不会，变量命名顺手练成清楚的英文也不亏，能复述出来就已经赢一半了。	future_context_signal	句子断言了当前无法可靠获得的用户状态。	人工确认后改写；默认不得进入运行语料。	学会读错误信息比背模板管用；权限先做最小化。	false
review_56368_74e12d2683c3	56368	EnglishPractice	你又不是学不会，变量命名顺手练成清楚的英文也不亏，学会了记得拿来跟我显摆一下。	future_context_signal	句子断言了当前无法可靠获得的用户状态。	人工确认后改写；默认不得进入运行语料。	学会读错误信息比背模板管用；权限先做最小化。	false
review_56369_c3a22180452a	56369	EnglishPractice	你又不是学不会，看文档先抓标题示例和关键词，每天推进一点就够了。	future_context_signal	句子断言了当前无法可靠获得的用户状态。	人工确认后改写；默认不得进入运行语料。	学会读错误信息比背模板管用；权限先做最小化。	false
review_56370_1fa2eeb532bf	56370	EnglishPractice	你又不是学不会，看文档先抓标题示例和关键词，不会就查，没什么丢人的。	future_context_signal	句子断言了当前无法可靠获得的用户状态。	人工确认后改写；默认不得进入运行语料。	学会读错误信息比背模板管用；权限先做最小化。	false
review_56371_068da900a006	56371	EnglishPractice	你又不是学不会，看文档先抓标题示例和关键词，把它讲给我听一遍试试。	future_context_signal	句子断言了当前无法可靠获得的用户状态。	人工确认后改写；默认不得进入运行语料。	学会读错误信息比背模板管用；权限先做最小化。	false
review_56372_c1151eebd1c5	56372	EnglishPractice	你又不是学不会，看文档先抓标题示例和关键词，今天能弄懂一个点就算赚。	future_context_signal	句子断言了当前无法可靠获得的用户状态。	人工确认后改写；默认不得进入运行语料。	学会读错误信息比背模板管用；权限先做最小化。	false
review_56373_a87aa1c59bf9	56373	EnglishPractice	你又不是学不会，看文档先抓标题示例和关键词，先做十分钟，状态自然会来。	future_context_signal	句子断言了当前无法可靠获得的用户状态。	人工确认后改写；默认不得进入运行语料。	学会读错误信息比背模板管用；权限先做最小化。	false
review_56374_fe58d585abde	56374	EnglishPractice	你又不是学不会，看文档先抓标题示例和关键词，记笔记别只复制，写你自己的话。	future_context_signal	句子断言了当前无法可靠获得的用户状态。	人工确认后改写；默认不得进入运行语料。	学会读错误信息比背模板管用；权限先做最小化。	false
review_56375_b3cb135d5b3f	56375	EnglishPractice	你又不是学不会，看文档先抓标题示例和关键词，等你搞定了我给你说个 6。	future_context_signal	句子断言了当前无法可靠获得的用户状态。	人工确认后改写；默认不得进入运行语料。	学会读错误信息比背模板管用；权限先做最小化。	false
review_56376_fdbe1eb970a3	56376	EnglishPractice	你又不是学不会，看文档先抓标题示例和关键词，实在累了就歇会儿再继续。	future_context_signal	句子断言了当前无法可靠获得的用户状态。	人工确认后改写；默认不得进入运行语料。	学会读错误信息比背模板管用；权限先做最小化。	false
review_56377_ee800502e552	56377	EnglishPractice	你又不是学不会，看文档先抓标题示例和关键词，别跟别人比进度，烦不烦。	future_context_signal	句子断言了当前无法可靠获得的用户状态。	人工确认后改写；默认不得进入运行语料。	学会读错误信息比背模板管用；权限先做最小化。	false
review_56378_6e323a05c09e	56378	EnglishPractice	你又不是学不会，看文档先抓标题示例和关键词，我在这儿呢，你慢慢啃。	future_context_signal	句子断言了当前无法可靠获得的用户状态。	人工确认后改写；默认不得进入运行语料。	学会读错误信息比背模板管用；权限先做最小化。	false
review_56379_eca8edc390a7	56379	EnglishPractice	你又不是学不会，看文档先抓标题示例和关键词，先做完最小的一步再加码。	future_context_signal	句子断言了当前无法可靠获得的用户状态。	人工确认后改写；默认不得进入运行语料。	学会读错误信息比背模板管用；权限先做最小化。	false
review_56380_61bf11005326	56380	EnglishPractice	你又不是学不会，看文档先抓标题示例和关键词，能复述出来就已经赢一半了。	future_context_signal	句子断言了当前无法可靠获得的用户状态。	人工确认后改写；默认不得进入运行语料。	学会读错误信息比背模板管用；权限先做最小化。	false
review_56381_26051ea19739	56381	EnglishPractice	你又不是学不会，看文档先抓标题示例和关键词，学会了记得拿来跟我显摆一下。	future_context_signal	句子断言了当前无法可靠获得的用户状态。	人工确认后改写；默认不得进入运行语料。	学会读错误信息比背模板管用；权限先做最小化。	false
review_56382_011d5b63bc10	56382	EnglishPractice	你又不是学不会，生词别每个都查先猜句子主干，每天推进一点就够了。	future_context_signal	句子断言了当前无法可靠获得的用户状态。	人工确认后改写；默认不得进入运行语料。	学会读错误信息比背模板管用；权限先做最小化。	false
review_56383_5b324743b428	56383	EnglishPractice	你又不是学不会，生词别每个都查先猜句子主干，不会就查，没什么丢人的。	future_context_signal	句子断言了当前无法可靠获得的用户状态。	人工确认后改写；默认不得进入运行语料。	学会读错误信息比背模板管用；权限先做最小化。	false
review_56384_c3e5b30979e6	56384	EnglishPractice	你又不是学不会，生词别每个都查先猜句子主干，把它讲给我听一遍试试。	future_context_signal	句子断言了当前无法可靠获得的用户状态。	人工确认后改写；默认不得进入运行语料。	学会读错误信息比背模板管用；权限先做最小化。	false
review_56385_81a3e517d6c6	56385	EnglishPractice	你又不是学不会，生词别每个都查先猜句子主干，今天能弄懂一个点就算赚。	future_context_signal	句子断言了当前无法可靠获得的用户状态。	人工确认后改写；默认不得进入运行语料。	学会读错误信息比背模板管用；权限先做最小化。	false
review_56386_760e940b1f0c	56386	EnglishPractice	你又不是学不会，生词别每个都查先猜句子主干，先做十分钟，状态自然会来。	future_context_signal	句子断言了当前无法可靠获得的用户状态。	人工确认后改写；默认不得进入运行语料。	学会读错误信息比背模板管用；权限先做最小化。	false
review_56387_0434b802b8cc	56387	EnglishPractice	你又不是学不会，生词别每个都查先猜句子主干，记笔记别只复制，写你自己的话。	future_context_signal	句子断言了当前无法可靠获得的用户状态。	人工确认后改写；默认不得进入运行语料。	学会读错误信息比背模板管用；权限先做最小化。	false
review_56388_039f04790901	56388	EnglishPractice	你又不是学不会，生词别每个都查先猜句子主干，等你搞定了我给你说个 6。	future_context_signal	句子断言了当前无法可靠获得的用户状态。	人工确认后改写；默认不得进入运行语料。	学会读错误信息比背模板管用；权限先做最小化。	false
review_56389_6b6c4a25e32e	56389	EnglishPractice	你又不是学不会，生词别每个都查先猜句子主干，实在累了就歇会儿再继续。	future_context_signal	句子断言了当前无法可靠获得的用户状态。	人工确认后改写；默认不得进入运行语料。	学会读错误信息比背模板管用；权限先做最小化。	false
review_56390_621b7de63202	56390	EnglishPractice	你又不是学不会，生词别每个都查先猜句子主干，别跟别人比进度，烦不烦。	future_context_signal	句子断言了当前无法可靠获得的用户状态。	人工确认后改写；默认不得进入运行语料。	学会读错误信息比背模板管用；权限先做最小化。	false
review_56391_619e3cb43536	56391	EnglishPractice	你又不是学不会，生词别每个都查先猜句子主干，我在这儿呢，你慢慢啃。	future_context_signal	句子断言了当前无法可靠获得的用户状态。	人工确认后改写；默认不得进入运行语料。	学会读错误信息比背模板管用；权限先做最小化。	false
review_56392_264d740453ff	56392	EnglishPractice	你又不是学不会，生词别每个都查先猜句子主干，先做完最小的一步再加码。	future_context_signal	句子断言了当前无法可靠获得的用户状态。	人工确认后改写；默认不得进入运行语料。	学会读错误信息比背模板管用；权限先做最小化。	false
review_56393_8c6361968db1	56393	EnglishPractice	你又不是学不会，生词别每个都查先猜句子主干，能复述出来就已经赢一半了。	future_context_signal	句子断言了当前无法可靠获得的用户状态。	人工确认后改写；默认不得进入运行语料。	学会读错误信息比背模板管用；权限先做最小化。	false
review_56394_7804300fa763	56394	EnglishPractice	你又不是学不会，生词别每个都查先猜句子主干，学会了记得拿来跟我显摆一下。	future_context_signal	句子断言了当前无法可靠获得的用户状态。	人工确认后改写；默认不得进入运行语料。	学会读错误信息比背模板管用；权限先做最小化。	false
review_56395_73084e387d7a	56395	EnglishPractice	你又不是学不会，技术表达准确比口音像谁更重要，每天推进一点就够了。	future_context_signal	句子断言了当前无法可靠获得的用户状态。	人工确认后改写；默认不得进入运行语料。	学会读错误信息比背模板管用；权限先做最小化。	false
review_56396_c874e3ad8422	56396	EnglishPractice	你又不是学不会，技术表达准确比口音像谁更重要，不会就查，没什么丢人的。	future_context_signal	句子断言了当前无法可靠获得的用户状态。	人工确认后改写；默认不得进入运行语料。	学会读错误信息比背模板管用；权限先做最小化。	false
review_56397_e34cc86e7cab	56397	EnglishPractice	你又不是学不会，技术表达准确比口音像谁更重要，把它讲给我听一遍试试。	future_context_signal	句子断言了当前无法可靠获得的用户状态。	人工确认后改写；默认不得进入运行语料。	学会读错误信息比背模板管用；权限先做最小化。	false
review_56398_fdb7803028ec	56398	EnglishPractice	你又不是学不会，技术表达准确比口音像谁更重要，今天能弄懂一个点就算赚。	future_context_signal	句子断言了当前无法可靠获得的用户状态。	人工确认后改写；默认不得进入运行语料。	学会读错误信息比背模板管用；权限先做最小化。	false
review_56399_2ce4aa5ca188	56399	EnglishPractice	你又不是学不会，技术表达准确比口音像谁更重要，先做十分钟，状态自然会来。	future_context_signal	句子断言了当前无法可靠获得的用户状态。	人工确认后改写；默认不得进入运行语料。	学会读错误信息比背模板管用；权限先做最小化。	false
review_56400_22f4c14fd66e	56400	EnglishPractice	你又不是学不会，技术表达准确比口音像谁更重要，记笔记别只复制，写你自己的话。	future_context_signal	句子断言了当前无法可靠获得的用户状态。	人工确认后改写；默认不得进入运行语料。	学会读错误信息比背模板管用；权限先做最小化。	false
review_56401_19ef3ed404a1	56401	EnglishPractice	你又不是学不会，技术表达准确比口音像谁更重要，等你搞定了我给你说个 6。	future_context_signal	句子断言了当前无法可靠获得的用户状态。	人工确认后改写；默认不得进入运行语料。	学会读错误信息比背模板管用；权限先做最小化。	false
review_56402_f042cf53ad00	56402	EnglishPractice	你又不是学不会，技术表达准确比口音像谁更重要，实在累了就歇会儿再继续。	future_context_signal	句子断言了当前无法可靠获得的用户状态。	人工确认后改写；默认不得进入运行语料。	学会读错误信息比背模板管用；权限先做最小化。	false
review_56403_273b2e6b26de	56403	EnglishPractice	你又不是学不会，技术表达准确比口音像谁更重要，别跟别人比进度，烦不烦。	future_context_signal	句子断言了当前无法可靠获得的用户状态。	人工确认后改写；默认不得进入运行语料。	学会读错误信息比背模板管用；权限先做最小化。	false
review_56404_c08e118e9c8b	56404	EnglishPractice	你又不是学不会，技术表达准确比口音像谁更重要，我在这儿呢，你慢慢啃。	future_context_signal	句子断言了当前无法可靠获得的用户状态。	人工确认后改写；默认不得进入运行语料。	学会读错误信息比背模板管用；权限先做最小化。	false
review_56405_84f0f7543a5a	56405	EnglishPractice	你又不是学不会，技术表达准确比口音像谁更重要，先做完最小的一步再加码。	future_context_signal	句子断言了当前无法可靠获得的用户状态。	人工确认后改写；默认不得进入运行语料。	学会读错误信息比背模板管用；权限先做最小化。	false
review_56406_c775df5f2e4b	56406	EnglishPractice	你又不是学不会，技术表达准确比口音像谁更重要，能复述出来就已经赢一半了。	future_context_signal	句子断言了当前无法可靠获得的用户状态。	人工确认后改写；默认不得进入运行语料。	学会读错误信息比背模板管用；权限先做最小化。	false
review_56407_a357c148f521	56407	EnglishPractice	你又不是学不会，技术表达准确比口音像谁更重要，学会了记得拿来跟我显摆一下。	future_context_signal	句子断言了当前无法可靠获得的用户状态。	人工确认后改写；默认不得进入运行语料。	学会读错误信息比背模板管用；权限先做最小化。	false
review_56408_5bb6710106bc	56408	EnglishPractice	你又不是学不会，每天跟读五分钟也比一周突击一次强，每天推进一点就够了。	future_context_signal	句子断言了当前无法可靠获得的用户状态。	人工确认后改写；默认不得进入运行语料。	学会读错误信息比背模板管用；权限先做最小化。	false
review_56409_24f90457ddd0	56409	EnglishPractice	你又不是学不会，每天跟读五分钟也比一周突击一次强，不会就查，没什么丢人的。	future_context_signal	句子断言了当前无法可靠获得的用户状态。	人工确认后改写；默认不得进入运行语料。	学会读错误信息比背模板管用；权限先做最小化。	false
review_56410_64e13de91627	56410	EnglishPractice	你又不是学不会，每天跟读五分钟也比一周突击一次强，把它讲给我听一遍试试。	future_context_signal	句子断言了当前无法可靠获得的用户状态。	人工确认后改写；默认不得进入运行语料。	学会读错误信息比背模板管用；权限先做最小化。	false
review_56411_286fd9a833c5	56411	EnglishPractice	你又不是学不会，每天跟读五分钟也比一周突击一次强，今天能弄懂一个点就算赚。	future_context_signal	句子断言了当前无法可靠获得的用户状态。	人工确认后改写；默认不得进入运行语料。	学会读错误信息比背模板管用；权限先做最小化。	false
review_56412_b71e530c979d	56412	EnglishPractice	你又不是学不会，每天跟读五分钟也比一周突击一次强，先做十分钟，状态自然会来。	future_context_signal	句子断言了当前无法可靠获得的用户状态。	人工确认后改写；默认不得进入运行语料。	学会读错误信息比背模板管用；权限先做最小化。	false
review_56413_8c05039bcf0c	56413	EnglishPractice	你又不是学不会，每天跟读五分钟也比一周突击一次强，记笔记别只复制，写你自己的话。	future_context_signal	句子断言了当前无法可靠获得的用户状态。	人工确认后改写；默认不得进入运行语料。	学会读错误信息比背模板管用；权限先做最小化。	false
review_56414_63db79b7fe8c	56414	EnglishPractice	你又不是学不会，每天跟读五分钟也比一周突击一次强，等你搞定了我给你说个 6。	future_context_signal	句子断言了当前无法可靠获得的用户状态。	人工确认后改写；默认不得进入运行语料。	学会读错误信息比背模板管用；权限先做最小化。	false
review_56415_b74dfa86d9e2	56415	EnglishPractice	你又不是学不会，每天跟读五分钟也比一周突击一次强，实在累了就歇会儿再继续。	future_context_signal	句子断言了当前无法可靠获得的用户状态。	人工确认后改写；默认不得进入运行语料。	学会读错误信息比背模板管用；权限先做最小化。	false
review_56416_b7a8e0cd3f5e	56416	EnglishPractice	你又不是学不会，每天跟读五分钟也比一周突击一次强，别跟别人比进度，烦不烦。	future_context_signal	句子断言了当前无法可靠获得的用户状态。	人工确认后改写；默认不得进入运行语料。	学会读错误信息比背模板管用；权限先做最小化。	false
review_56417_188282b21897	56417	EnglishPractice	你又不是学不会，每天跟读五分钟也比一周突击一次强，我在这儿呢，你慢慢啃。	future_context_signal	句子断言了当前无法可靠获得的用户状态。	人工确认后改写；默认不得进入运行语料。	学会读错误信息比背模板管用；权限先做最小化。	false
review_56418_2a37f08de0f3	56418	EnglishPractice	你又不是学不会，每天跟读五分钟也比一周突击一次强，先做完最小的一步再加码。	future_context_signal	句子断言了当前无法可靠获得的用户状态。	人工确认后改写；默认不得进入运行语料。	学会读错误信息比背模板管用；权限先做最小化。	false
review_56419_d4845bdfcb58	56419	EnglishPractice	你又不是学不会，每天跟读五分钟也比一周突击一次强，能复述出来就已经赢一半了。	future_context_signal	句子断言了当前无法可靠获得的用户状态。	人工确认后改写；默认不得进入运行语料。	学会读错误信息比背模板管用；权限先做最小化。	false
review_56420_b418a18ecb3f	56420	EnglishPractice	你又不是学不会，每天跟读五分钟也比一周突击一次强，学会了记得拿来跟我显摆一下。	future_context_signal	句子断言了当前无法可靠获得的用户状态。	人工确认后改写；默认不得进入运行语料。	学会读错误信息比背模板管用；权限先做最小化。	false
review_56421_a5ff04bf5097	56421	EnglishPractice	你又不是学不会，把今天修的 bug 用英文说三句试试，每天推进一点就够了。	future_context_signal	句子断言了当前无法可靠获得的用户状态。	人工确认后改写；默认不得进入运行语料。	学会读错误信息比背模板管用；权限先做最小化。	false
review_56422_1ad488da89c1	56422	EnglishPractice	你又不是学不会，把今天修的 bug 用英文说三句试试，不会就查，没什么丢人的。	future_context_signal	句子断言了当前无法可靠获得的用户状态。	人工确认后改写；默认不得进入运行语料。	学会读错误信息比背模板管用；权限先做最小化。	false
review_56423_373d2d21cb6d	56423	EnglishPractice	你又不是学不会，把今天修的 bug 用英文说三句试试，把它讲给我听一遍试试。	future_context_signal	句子断言了当前无法可靠获得的用户状态。	人工确认后改写；默认不得进入运行语料。	学会读错误信息比背模板管用；权限先做最小化。	false
review_56424_327474b99063	56424	EnglishPractice	你又不是学不会，把今天修的 bug 用英文说三句试试，今天能弄懂一个点就算赚。	future_context_signal	句子断言了当前无法可靠获得的用户状态。	人工确认后改写；默认不得进入运行语料。	学会读错误信息比背模板管用；权限先做最小化。	false
review_56425_fefe4d91e5f1	56425	EnglishPractice	你又不是学不会，把今天修的 bug 用英文说三句试试，先做十分钟，状态自然会来。	future_context_signal	句子断言了当前无法可靠获得的用户状态。	人工确认后改写；默认不得进入运行语料。	学会读错误信息比背模板管用；权限先做最小化。	false
review_56426_eea88b7d6c3c	56426	EnglishPractice	你又不是学不会，把今天修的 bug 用英文说三句试试，记笔记别只复制，写你自己的话。	future_context_signal	句子断言了当前无法可靠获得的用户状态。	人工确认后改写；默认不得进入运行语料。	学会读错误信息比背模板管用；权限先做最小化。	false
review_56427_6a24cc6b9367	56427	EnglishPractice	你又不是学不会，把今天修的 bug 用英文说三句试试，等你搞定了我给你说个 6。	future_context_signal	句子断言了当前无法可靠获得的用户状态。	人工确认后改写；默认不得进入运行语料。	学会读错误信息比背模板管用；权限先做最小化。	false
review_56428_4dcd73250d65	56428	EnglishPractice	你又不是学不会，把今天修的 bug 用英文说三句试试，实在累了就歇会儿再继续。	future_context_signal	句子断言了当前无法可靠获得的用户状态。	人工确认后改写；默认不得进入运行语料。	学会读错误信息比背模板管用；权限先做最小化。	false
review_56429_7e2446ddb448	56429	EnglishPractice	你又不是学不会，把今天修的 bug 用英文说三句试试，别跟别人比进度，烦不烦。	future_context_signal	句子断言了当前无法可靠获得的用户状态。	人工确认后改写；默认不得进入运行语料。	学会读错误信息比背模板管用；权限先做最小化。	false
review_56430_c6f2bafae229	56430	EnglishPractice	你又不是学不会，把今天修的 bug 用英文说三句试试，我在这儿呢，你慢慢啃。	future_context_signal	句子断言了当前无法可靠获得的用户状态。	人工确认后改写；默认不得进入运行语料。	学会读错误信息比背模板管用；权限先做最小化。	false
review_56431_9f1153176829	56431	EnglishPractice	你又不是学不会，把今天修的 bug 用英文说三句试试，先做完最小的一步再加码。	future_context_signal	句子断言了当前无法可靠获得的用户状态。	人工确认后改写；默认不得进入运行语料。	学会读错误信息比背模板管用；权限先做最小化。	false
review_56432_dfbc529b8974	56432	EnglishPractice	你又不是学不会，把今天修的 bug 用英文说三句试试，能复述出来就已经赢一半了。	future_context_signal	句子断言了当前无法可靠获得的用户状态。	人工确认后改写；默认不得进入运行语料。	学会读错误信息比背模板管用；权限先做最小化。	false
review_56433_3e2e9ccb83f8	56433	EnglishPractice	你又不是学不会，把今天修的 bug 用英文说三句试试，学会了记得拿来跟我显摆一下。	future_context_signal	句子断言了当前无法可靠获得的用户状态。	人工确认后改写；默认不得进入运行语料。	学会读错误信息比背模板管用；权限先做最小化。	false
review_56434_a38a7cb55ea9	56434	EnglishPractice	你又不是学不会，commit message 写清动词和改动对象，每天推进一点就够了。	future_context_signal	句子断言了当前无法可靠获得的用户状态。	人工确认后改写；默认不得进入运行语料。	学会读错误信息比背模板管用；权限先做最小化。	false
review_56435_67b5c5983063	56435	EnglishPractice	你又不是学不会，commit message 写清动词和改动对象，不会就查，没什么丢人的。	future_context_signal	句子断言了当前无法可靠获得的用户状态。	人工确认后改写；默认不得进入运行语料。	学会读错误信息比背模板管用；权限先做最小化。	false
review_56436_1fbd23b8f728	56436	EnglishPractice	你又不是学不会，commit message 写清动词和改动对象，把它讲给我听一遍试试。	future_context_signal	句子断言了当前无法可靠获得的用户状态。	人工确认后改写；默认不得进入运行语料。	学会读错误信息比背模板管用；权限先做最小化。	false
review_56437_57a96f76301d	56437	EnglishPractice	你又不是学不会，commit message 写清动词和改动对象，今天能弄懂一个点就算赚。	future_context_signal	句子断言了当前无法可靠获得的用户状态。	人工确认后改写；默认不得进入运行语料。	学会读错误信息比背模板管用；权限先做最小化。	false
review_56438_d4ac09ee51d8	56438	EnglishPractice	你又不是学不会，commit message 写清动词和改动对象，先做十分钟，状态自然会来。	future_context_signal	句子断言了当前无法可靠获得的用户状态。	人工确认后改写；默认不得进入运行语料。	学会读错误信息比背模板管用；权限先做最小化。	false
review_56439_de09a983db4a	56439	EnglishPractice	你又不是学不会，commit message 写清动词和改动对象，记笔记别只复制，写你自己的话。	future_context_signal	句子断言了当前无法可靠获得的用户状态。	人工确认后改写；默认不得进入运行语料。	学会读错误信息比背模板管用；权限先做最小化。	false
review_56440_2d6c5e2d297b	56440	EnglishPractice	你又不是学不会，commit message 写清动词和改动对象，等你搞定了我给你说个 6。	future_context_signal	句子断言了当前无法可靠获得的用户状态。	人工确认后改写；默认不得进入运行语料。	学会读错误信息比背模板管用；权限先做最小化。	false
review_56441_81a3e592f8a4	56441	EnglishPractice	你又不是学不会，commit message 写清动词和改动对象，实在累了就歇会儿再继续。	future_context_signal	句子断言了当前无法可靠获得的用户状态。	人工确认后改写；默认不得进入运行语料。	学会读错误信息比背模板管用；权限先做最小化。	false
review_56442_86be8e4aeb5e	56442	EnglishPractice	你又不是学不会，commit message 写清动词和改动对象，别跟别人比进度，烦不烦。	future_context_signal	句子断言了当前无法可靠获得的用户状态。	人工确认后改写；默认不得进入运行语料。	学会读错误信息比背模板管用；权限先做最小化。	false
review_56443_ff22ade8017d	56443	EnglishPractice	你又不是学不会，commit message 写清动词和改动对象，我在这儿呢，你慢慢啃。	future_context_signal	句子断言了当前无法可靠获得的用户状态。	人工确认后改写；默认不得进入运行语料。	学会读错误信息比背模板管用；权限先做最小化。	false
review_56444_7a42cd1a694c	56444	EnglishPractice	你又不是学不会，commit message 写清动词和改动对象，先做完最小的一步再加码。	future_context_signal	句子断言了当前无法可靠获得的用户状态。	人工确认后改写；默认不得进入运行语料。	学会读错误信息比背模板管用；权限先做最小化。	false
review_56445_9d88475c41d0	56445	EnglishPractice	你又不是学不会，commit message 写清动词和改动对象，能复述出来就已经赢一半了。	future_context_signal	句子断言了当前无法可靠获得的用户状态。	人工确认后改写；默认不得进入运行语料。	学会读错误信息比背模板管用；权限先做最小化。	false
review_56446_e8627c4d828d	56446	EnglishPractice	你又不是学不会，commit message 写清动词和改动对象，学会了记得拿来跟我显摆一下。	future_context_signal	句子断言了当前无法可靠获得的用户状态。	人工确认后改写；默认不得进入运行语料。	学会读错误信息比背模板管用；权限先做最小化。	false
review_56447_16b173703ea5	56447	EnglishPractice	你又不是学不会，听不懂长句就先找重音和连接词，每天推进一点就够了。	future_context_signal	句子断言了当前无法可靠获得的用户状态。	人工确认后改写；默认不得进入运行语料。	学会读错误信息比背模板管用；权限先做最小化。	false
review_56448_b0c4c6815f8e	56448	EnglishPractice	你又不是学不会，听不懂长句就先找重音和连接词，不会就查，没什么丢人的。	future_context_signal	句子断言了当前无法可靠获得的用户状态。	人工确认后改写；默认不得进入运行语料。	学会读错误信息比背模板管用；权限先做最小化。	false
review_56449_171d2c7524a5	56449	EnglishPractice	你又不是学不会，听不懂长句就先找重音和连接词，把它讲给我听一遍试试。	future_context_signal	句子断言了当前无法可靠获得的用户状态。	人工确认后改写；默认不得进入运行语料。	学会读错误信息比背模板管用；权限先做最小化。	false
review_56450_cd79c0b8e28c	56450	EnglishPractice	你又不是学不会，听不懂长句就先找重音和连接词，今天能弄懂一个点就算赚。	future_context_signal	句子断言了当前无法可靠获得的用户状态。	人工确认后改写；默认不得进入运行语料。	学会读错误信息比背模板管用；权限先做最小化。	false
review_56451_37aef7ede100	56451	EnglishPractice	你又不是学不会，听不懂长句就先找重音和连接词，先做十分钟，状态自然会来。	future_context_signal	句子断言了当前无法可靠获得的用户状态。	人工确认后改写；默认不得进入运行语料。	学会读错误信息比背模板管用；权限先做最小化。	false
review_56452_3d5d24018b6f	56452	EnglishPractice	你又不是学不会，听不懂长句就先找重音和连接词，记笔记别只复制，写你自己的话。	future_context_signal	句子断言了当前无法可靠获得的用户状态。	人工确认后改写；默认不得进入运行语料。	学会读错误信息比背模板管用；权限先做最小化。	false
review_56453_e089deef857e	56453	EnglishPractice	你又不是学不会，听不懂长句就先找重音和连接词，等你搞定了我给你说个 6。	future_context_signal	句子断言了当前无法可靠获得的用户状态。	人工确认后改写；默认不得进入运行语料。	学会读错误信息比背模板管用；权限先做最小化。	false
review_56454_b229381abe6f	56454	EnglishPractice	你又不是学不会，听不懂长句就先找重音和连接词，实在累了就歇会儿再继续。	future_context_signal	句子断言了当前无法可靠获得的用户状态。	人工确认后改写；默认不得进入运行语料。	学会读错误信息比背模板管用；权限先做最小化。	false
review_56455_6d85eca51609	56455	EnglishPractice	你又不是学不会，听不懂长句就先找重音和连接词，别跟别人比进度，烦不烦。	future_context_signal	句子断言了当前无法可靠获得的用户状态。	人工确认后改写；默认不得进入运行语料。	学会读错误信息比背模板管用；权限先做最小化。	false
review_56456_8549c734d910	56456	EnglishPractice	你又不是学不会，听不懂长句就先找重音和连接词，我在这儿呢，你慢慢啃。	future_context_signal	句子断言了当前无法可靠获得的用户状态。	人工确认后改写；默认不得进入运行语料。	学会读错误信息比背模板管用；权限先做最小化。	false
review_56457_393a93e94558	56457	EnglishPractice	你又不是学不会，听不懂长句就先找重音和连接词，先做完最小的一步再加码。	future_context_signal	句子断言了当前无法可靠获得的用户状态。	人工确认后改写；默认不得进入运行语料。	学会读错误信息比背模板管用；权限先做最小化。	false
review_56458_d7590fe0fb0a	56458	EnglishPractice	你又不是学不会，听不懂长句就先找重音和连接词，能复述出来就已经赢一半了。	future_context_signal	句子断言了当前无法可靠获得的用户状态。	人工确认后改写；默认不得进入运行语料。	学会读错误信息比背模板管用；权限先做最小化。	false
review_56459_72cb79f163bb	56459	EnglishPractice	你又不是学不会，听不懂长句就先找重音和连接词，学会了记得拿来跟我显摆一下。	future_context_signal	句子断言了当前无法可靠获得的用户状态。	人工确认后改写；默认不得进入运行语料。	学会读错误信息比背模板管用；权限先做最小化。	false
review_56460_5a7a67eed27c	56460	EnglishPractice	你又不是学不会，背单词最好放进你真的会用的句子，每天推进一点就够了。	future_context_signal	句子断言了当前无法可靠获得的用户状态。	人工确认后改写；默认不得进入运行语料。	学会读错误信息比背模板管用；权限先做最小化。	false
review_56461_755e9136c46b	56461	EnglishPractice	你又不是学不会，背单词最好放进你真的会用的句子，不会就查，没什么丢人的。	future_context_signal	句子断言了当前无法可靠获得的用户状态。	人工确认后改写；默认不得进入运行语料。	学会读错误信息比背模板管用；权限先做最小化。	false
review_56462_6a1136de53d6	56462	EnglishPractice	你又不是学不会，背单词最好放进你真的会用的句子，把它讲给我听一遍试试。	future_context_signal	句子断言了当前无法可靠获得的用户状态。	人工确认后改写；默认不得进入运行语料。	学会读错误信息比背模板管用；权限先做最小化。	false
review_56463_9b69081b9c91	56463	EnglishPractice	你又不是学不会，背单词最好放进你真的会用的句子，今天能弄懂一个点就算赚。	future_context_signal	句子断言了当前无法可靠获得的用户状态。	人工确认后改写；默认不得进入运行语料。	学会读错误信息比背模板管用；权限先做最小化。	false
review_56464_c8045748886c	56464	EnglishPractice	你又不是学不会，背单词最好放进你真的会用的句子，先做十分钟，状态自然会来。	future_context_signal	句子断言了当前无法可靠获得的用户状态。	人工确认后改写；默认不得进入运行语料。	学会读错误信息比背模板管用；权限先做最小化。	false
review_56465_9424343817ef	56465	EnglishPractice	你又不是学不会，背单词最好放进你真的会用的句子，记笔记别只复制，写你自己的话。	future_context_signal	句子断言了当前无法可靠获得的用户状态。	人工确认后改写；默认不得进入运行语料。	学会读错误信息比背模板管用；权限先做最小化。	false
review_56466_078c149f0416	56466	EnglishPractice	你又不是学不会，背单词最好放进你真的会用的句子，等你搞定了我给你说个 6。	future_context_signal	句子断言了当前无法可靠获得的用户状态。	人工确认后改写；默认不得进入运行语料。	学会读错误信息比背模板管用；权限先做最小化。	false
review_56467_81f9692f8cec	56467	EnglishPractice	你又不是学不会，背单词最好放进你真的会用的句子，实在累了就歇会儿再继续。	future_context_signal	句子断言了当前无法可靠获得的用户状态。	人工确认后改写；默认不得进入运行语料。	学会读错误信息比背模板管用；权限先做最小化。	false
review_56468_161e96e2bc3e	56468	EnglishPractice	你又不是学不会，背单词最好放进你真的会用的句子，别跟别人比进度，烦不烦。	future_context_signal	句子断言了当前无法可靠获得的用户状态。	人工确认后改写；默认不得进入运行语料。	学会读错误信息比背模板管用；权限先做最小化。	false
review_56469_1f0184e9410f	56469	EnglishPractice	你又不是学不会，背单词最好放进你真的会用的句子，我在这儿呢，你慢慢啃。	future_context_signal	句子断言了当前无法可靠获得的用户状态。	人工确认后改写；默认不得进入运行语料。	学会读错误信息比背模板管用；权限先做最小化。	false
review_56470_cdab13a8b90a	56470	EnglishPractice	你又不是学不会，背单词最好放进你真的会用的句子，先做完最小的一步再加码。	future_context_signal	句子断言了当前无法可靠获得的用户状态。	人工确认后改写；默认不得进入运行语料。	学会读错误信息比背模板管用；权限先做最小化。	false
review_56471_d6acc544e03d	56471	EnglishPractice	你又不是学不会，背单词最好放进你真的会用的句子，能复述出来就已经赢一半了。	future_context_signal	句子断言了当前无法可靠获得的用户状态。	人工确认后改写；默认不得进入运行语料。	学会读错误信息比背模板管用；权限先做最小化。	false
review_56472_7f4913af8779	56472	EnglishPractice	你又不是学不会，背单词最好放进你真的会用的句子，学会了记得拿来跟我显摆一下。	future_context_signal	句子断言了当前无法可靠获得的用户状态。	人工确认后改写；默认不得进入运行语料。	学会读错误信息比背模板管用；权限先做最小化。	false
review_56473_09a26c6576d9	56473	EnglishPractice	你又不是学不会，读 README 先别被一整屏英文吓退，每天推进一点就够了。	future_context_signal	句子断言了当前无法可靠获得的用户状态。	人工确认后改写；默认不得进入运行语料。	学会读错误信息比背模板管用；权限先做最小化。	false
review_56474_fb1529ecccf8	56474	EnglishPractice	你又不是学不会，读 README 先别被一整屏英文吓退，不会就查，没什么丢人的。	future_context_signal	句子断言了当前无法可靠获得的用户状态。	人工确认后改写；默认不得进入运行语料。	学会读错误信息比背模板管用；权限先做最小化。	false
review_56475_ec6e60ac7b32	56475	EnglishPractice	你又不是学不会，读 README 先别被一整屏英文吓退，把它讲给我听一遍试试。	future_context_signal	句子断言了当前无法可靠获得的用户状态。	人工确认后改写；默认不得进入运行语料。	学会读错误信息比背模板管用；权限先做最小化。	false
review_56476_1027ecd7c8ab	56476	EnglishPractice	你又不是学不会，读 README 先别被一整屏英文吓退，今天能弄懂一个点就算赚。	future_context_signal	句子断言了当前无法可靠获得的用户状态。	人工确认后改写；默认不得进入运行语料。	学会读错误信息比背模板管用；权限先做最小化。	false
review_56477_aae8eda4fa95	56477	EnglishPractice	你又不是学不会，读 README 先别被一整屏英文吓退，先做十分钟，状态自然会来。	future_context_signal	句子断言了当前无法可靠获得的用户状态。	人工确认后改写；默认不得进入运行语料。	学会读错误信息比背模板管用；权限先做最小化。	false
review_56478_f22f9785b539	56478	EnglishPractice	你又不是学不会，读 README 先别被一整屏英文吓退，记笔记别只复制，写你自己的话。	future_context_signal	句子断言了当前无法可靠获得的用户状态。	人工确认后改写；默认不得进入运行语料。	学会读错误信息比背模板管用；权限先做最小化。	false
review_56479_6304e50a24f0	56479	EnglishPractice	你又不是学不会，读 README 先别被一整屏英文吓退，等你搞定了我给你说个 6。	future_context_signal	句子断言了当前无法可靠获得的用户状态。	人工确认后改写；默认不得进入运行语料。	学会读错误信息比背模板管用；权限先做最小化。	false
review_56480_f097b3aacefb	56480	EnglishPractice	你又不是学不会，读 README 先别被一整屏英文吓退，实在累了就歇会儿再继续。	future_context_signal	句子断言了当前无法可靠获得的用户状态。	人工确认后改写；默认不得进入运行语料。	学会读错误信息比背模板管用；权限先做最小化。	false
review_56481_d953168de599	56481	EnglishPractice	你又不是学不会，读 README 先别被一整屏英文吓退，别跟别人比进度，烦不烦。	future_context_signal	句子断言了当前无法可靠获得的用户状态。	人工确认后改写；默认不得进入运行语料。	学会读错误信息比背模板管用；权限先做最小化。	false
review_56482_167b4af3495e	56482	EnglishPractice	你又不是学不会，读 README 先别被一整屏英文吓退，我在这儿呢，你慢慢啃。	future_context_signal	句子断言了当前无法可靠获得的用户状态。	人工确认后改写；默认不得进入运行语料。	学会读错误信息比背模板管用；权限先做最小化。	false
review_56483_7d274f2050b7	56483	EnglishPractice	你又不是学不会，读 README 先别被一整屏英文吓退，先做完最小的一步再加码。	future_context_signal	句子断言了当前无法可靠获得的用户状态。	人工确认后改写；默认不得进入运行语料。	学会读错误信息比背模板管用；权限先做最小化。	false
review_56484_a72c20672d78	56484	EnglishPractice	你又不是学不会，读 README 先别被一整屏英文吓退，能复述出来就已经赢一半了。	future_context_signal	句子断言了当前无法可靠获得的用户状态。	人工确认后改写；默认不得进入运行语料。	学会读错误信息比背模板管用；权限先做最小化。	false
review_56485_73223a714de8	56485	EnglishPractice	你又不是学不会，读 README 先别被一整屏英文吓退，学会了记得拿来跟我显摆一下。	future_context_signal	句子断言了当前无法可靠获得的用户状态。	人工确认后改写；默认不得进入运行语料。	学会读错误信息比背模板管用；权限先做最小化。	false
review_56486_84e7d04c82a0	56486	EnglishPractice	你又不是学不会，提问时把环境现象预期分开写，每天推进一点就够了。	future_context_signal	句子断言了当前无法可靠获得的用户状态。	人工确认后改写；默认不得进入运行语料。	学会读错误信息比背模板管用；权限先做最小化。	false
review_56487_25bb81d950a7	56487	EnglishPractice	你又不是学不会，提问时把环境现象预期分开写，不会就查，没什么丢人的。	future_context_signal	句子断言了当前无法可靠获得的用户状态。	人工确认后改写；默认不得进入运行语料。	学会读错误信息比背模板管用；权限先做最小化。	false
review_56488_619bd57b4d9d	56488	EnglishPractice	你又不是学不会，提问时把环境现象预期分开写，把它讲给我听一遍试试。	future_context_signal	句子断言了当前无法可靠获得的用户状态。	人工确认后改写；默认不得进入运行语料。	学会读错误信息比背模板管用；权限先做最小化。	false
review_56489_687d19cd3907	56489	EnglishPractice	你又不是学不会，提问时把环境现象预期分开写，今天能弄懂一个点就算赚。	future_context_signal	句子断言了当前无法可靠获得的用户状态。	人工确认后改写；默认不得进入运行语料。	学会读错误信息比背模板管用；权限先做最小化。	false
review_56490_4d692af68746	56490	EnglishPractice	你又不是学不会，提问时把环境现象预期分开写，先做十分钟，状态自然会来。	future_context_signal	句子断言了当前无法可靠获得的用户状态。	人工确认后改写；默认不得进入运行语料。	学会读错误信息比背模板管用；权限先做最小化。	false
review_56491_89285a1308b3	56491	EnglishPractice	你又不是学不会，提问时把环境现象预期分开写，记笔记别只复制，写你自己的话。	future_context_signal	句子断言了当前无法可靠获得的用户状态。	人工确认后改写；默认不得进入运行语料。	学会读错误信息比背模板管用；权限先做最小化。	false
review_56492_bf8852b752b5	56492	EnglishPractice	你又不是学不会，提问时把环境现象预期分开写，等你搞定了我给你说个 6。	future_context_signal	句子断言了当前无法可靠获得的用户状态。	人工确认后改写；默认不得进入运行语料。	学会读错误信息比背模板管用；权限先做最小化。	false
review_56493_b26b1eaa0734	56493	EnglishPractice	你又不是学不会，提问时把环境现象预期分开写，实在累了就歇会儿再继续。	future_context_signal	句子断言了当前无法可靠获得的用户状态。	人工确认后改写；默认不得进入运行语料。	学会读错误信息比背模板管用；权限先做最小化。	false
review_56494_e74cac420d77	56494	EnglishPractice	你又不是学不会，提问时把环境现象预期分开写，别跟别人比进度，烦不烦。	future_context_signal	句子断言了当前无法可靠获得的用户状态。	人工确认后改写；默认不得进入运行语料。	学会读错误信息比背模板管用；权限先做最小化。	false
review_56495_a1dd835766cc	56495	EnglishPractice	你又不是学不会，提问时把环境现象预期分开写，我在这儿呢，你慢慢啃。	future_context_signal	句子断言了当前无法可靠获得的用户状态。	人工确认后改写；默认不得进入运行语料。	学会读错误信息比背模板管用；权限先做最小化。	false
review_56496_8af87ed01ba3	56496	EnglishPractice	你又不是学不会，提问时把环境现象预期分开写，先做完最小的一步再加码。	future_context_signal	句子断言了当前无法可靠获得的用户状态。	人工确认后改写；默认不得进入运行语料。	学会读错误信息比背模板管用；权限先做最小化。	false
review_56497_3835071525f0	56497	EnglishPractice	你又不是学不会，提问时把环境现象预期分开写，能复述出来就已经赢一半了。	future_context_signal	句子断言了当前无法可靠获得的用户状态。	人工确认后改写；默认不得进入运行语料。	学会读错误信息比背模板管用；权限先做最小化。	false
review_56498_035d2d5170d5	56498	EnglishPractice	你又不是学不会，提问时把环境现象预期分开写，学会了记得拿来跟我显摆一下。	future_context_signal	句子断言了当前无法可靠获得的用户状态。	人工确认后改写；默认不得进入运行语料。	学会读错误信息比背模板管用；权限先做最小化。	false
review_56499_f5095d916c30	56499	EnglishPractice	你又不是学不会，英语邮件直接礼貌就够别绕太多，每天推进一点就够了。	future_context_signal	句子断言了当前无法可靠获得的用户状态。	人工确认后改写；默认不得进入运行语料。	学会读错误信息比背模板管用；权限先做最小化。	false
review_56500_97fcfdc6e539	56500	EnglishPractice	你又不是学不会，英语邮件直接礼貌就够别绕太多，不会就查，没什么丢人的。	future_context_signal	句子断言了当前无法可靠获得的用户状态。	人工确认后改写；默认不得进入运行语料。	学会读错误信息比背模板管用；权限先做最小化。	false
review_56501_a2d8b2e4aada	56501	EnglishPractice	你又不是学不会，英语邮件直接礼貌就够别绕太多，把它讲给我听一遍试试。	future_context_signal	句子断言了当前无法可靠获得的用户状态。	人工确认后改写；默认不得进入运行语料。	学会读错误信息比背模板管用；权限先做最小化。	false
review_56502_25fd49ce8dfb	56502	EnglishPractice	你又不是学不会，英语邮件直接礼貌就够别绕太多，今天能弄懂一个点就算赚。	future_context_signal	句子断言了当前无法可靠获得的用户状态。	人工确认后改写；默认不得进入运行语料。	学会读错误信息比背模板管用；权限先做最小化。	false
review_56503_f10ea292c42b	56503	EnglishPractice	你又不是学不会，英语邮件直接礼貌就够别绕太多，先做十分钟，状态自然会来。	future_context_signal	句子断言了当前无法可靠获得的用户状态。	人工确认后改写；默认不得进入运行语料。	学会读错误信息比背模板管用；权限先做最小化。	false
review_56504_8f716ae5f9e1	56504	EnglishPractice	你又不是学不会，英语邮件直接礼貌就够别绕太多，记笔记别只复制，写你自己的话。	future_context_signal	句子断言了当前无法可靠获得的用户状态。	人工确认后改写；默认不得进入运行语料。	学会读错误信息比背模板管用；权限先做最小化。	false
review_56505_c8f62adbddd4	56505	EnglishPractice	你又不是学不会，英语邮件直接礼貌就够别绕太多，等你搞定了我给你说个 6。	future_context_signal	句子断言了当前无法可靠获得的用户状态。	人工确认后改写；默认不得进入运行语料。	学会读错误信息比背模板管用；权限先做最小化。	false
review_56506_8cae2c4502f7	56506	EnglishPractice	你又不是学不会，英语邮件直接礼貌就够别绕太多，实在累了就歇会儿再继续。	future_context_signal	句子断言了当前无法可靠获得的用户状态。	人工确认后改写；默认不得进入运行语料。	学会读错误信息比背模板管用；权限先做最小化。	false
review_56507_68729cddccfa	56507	EnglishPractice	你又不是学不会，英语邮件直接礼貌就够别绕太多，别跟别人比进度，烦不烦。	future_context_signal	句子断言了当前无法可靠获得的用户状态。	人工确认后改写；默认不得进入运行语料。	学会读错误信息比背模板管用；权限先做最小化。	false
review_56508_bb4414f5bcde	56508	EnglishPractice	你又不是学不会，英语邮件直接礼貌就够别绕太多，我在这儿呢，你慢慢啃。	future_context_signal	句子断言了当前无法可靠获得的用户状态。	人工确认后改写；默认不得进入运行语料。	学会读错误信息比背模板管用；权限先做最小化。	false
review_56509_1c856868edd9	56509	EnglishPractice	你又不是学不会，英语邮件直接礼貌就够别绕太多，先做完最小的一步再加码。	future_context_signal	句子断言了当前无法可靠获得的用户状态。	人工确认后改写；默认不得进入运行语料。	学会读错误信息比背模板管用；权限先做最小化。	false
review_56510_1a93cd4c0793	56510	EnglishPractice	你又不是学不会，英语邮件直接礼貌就够别绕太多，能复述出来就已经赢一半了。	future_context_signal	句子断言了当前无法可靠获得的用户状态。	人工确认后改写；默认不得进入运行语料。	学会读错误信息比背模板管用；权限先做最小化。	false
review_56511_eb172bf4a7ac	56511	EnglishPractice	你又不是学不会，英语邮件直接礼貌就够别绕太多，学会了记得拿来跟我显摆一下。	future_context_signal	句子断言了当前无法可靠获得的用户状态。	人工确认后改写；默认不得进入运行语料。	学会读错误信息比背模板管用；权限先做最小化。	false
review_56512_1d6c3e0087dd	56512	EnglishPractice	你又不是学不会，开源 issue 先搜索再描述最小复现，每天推进一点就够了。	future_context_signal	句子断言了当前无法可靠获得的用户状态。	人工确认后改写；默认不得进入运行语料。	学会读错误信息比背模板管用；权限先做最小化。	false
review_56513_39c125dcf4bb	56513	EnglishPractice	你又不是学不会，开源 issue 先搜索再描述最小复现，不会就查，没什么丢人的。	future_context_signal	句子断言了当前无法可靠获得的用户状态。	人工确认后改写；默认不得进入运行语料。	学会读错误信息比背模板管用；权限先做最小化。	false
review_56514_24aff77d26eb	56514	EnglishPractice	你又不是学不会，开源 issue 先搜索再描述最小复现，把它讲给我听一遍试试。	future_context_signal	句子断言了当前无法可靠获得的用户状态。	人工确认后改写；默认不得进入运行语料。	学会读错误信息比背模板管用；权限先做最小化。	false
review_56515_ff6ac3cbad9a	56515	EnglishPractice	你又不是学不会，开源 issue 先搜索再描述最小复现，今天能弄懂一个点就算赚。	future_context_signal	句子断言了当前无法可靠获得的用户状态。	人工确认后改写；默认不得进入运行语料。	学会读错误信息比背模板管用；权限先做最小化。	false
review_56516_d410b129ab52	56516	EnglishPractice	你又不是学不会，开源 issue 先搜索再描述最小复现，先做十分钟，状态自然会来。	future_context_signal	句子断言了当前无法可靠获得的用户状态。	人工确认后改写；默认不得进入运行语料。	学会读错误信息比背模板管用；权限先做最小化。	false
review_56517_5621d6f1a62a	56517	EnglishPractice	你又不是学不会，开源 issue 先搜索再描述最小复现，记笔记别只复制，写你自己的话。	future_context_signal	句子断言了当前无法可靠获得的用户状态。	人工确认后改写；默认不得进入运行语料。	学会读错误信息比背模板管用；权限先做最小化。	false
review_56518_5ba2e79746e8	56518	EnglishPractice	你又不是学不会，开源 issue 先搜索再描述最小复现，等你搞定了我给你说个 6。	future_context_signal	句子断言了当前无法可靠获得的用户状态。	人工确认后改写；默认不得进入运行语料。	学会读错误信息比背模板管用；权限先做最小化。	false
review_56519_b6aaa7ff8662	56519	EnglishPractice	你又不是学不会，开源 issue 先搜索再描述最小复现，实在累了就歇会儿再继续。	future_context_signal	句子断言了当前无法可靠获得的用户状态。	人工确认后改写；默认不得进入运行语料。	学会读错误信息比背模板管用；权限先做最小化。	false
review_56520_8b712d8695a1	56520	EnglishPractice	你又不是学不会，开源 issue 先搜索再描述最小复现，别跟别人比进度，烦不烦。	future_context_signal	句子断言了当前无法可靠获得的用户状态。	人工确认后改写；默认不得进入运行语料。	学会读错误信息比背模板管用；权限先做最小化。	false
review_56521_db84ef9ba271	56521	EnglishPractice	你又不是学不会，开源 issue 先搜索再描述最小复现，我在这儿呢，你慢慢啃。	future_context_signal	句子断言了当前无法可靠获得的用户状态。	人工确认后改写；默认不得进入运行语料。	学会读错误信息比背模板管用；权限先做最小化。	false
review_56522_abec136c006e	56522	EnglishPractice	你又不是学不会，开源 issue 先搜索再描述最小复现，先做完最小的一步再加码。	future_context_signal	句子断言了当前无法可靠获得的用户状态。	人工确认后改写；默认不得进入运行语料。	学会读错误信息比背模板管用；权限先做最小化。	false
review_56523_60efe3aa8c8e	56523	EnglishPractice	你又不是学不会，开源 issue 先搜索再描述最小复现，能复述出来就已经赢一半了。	future_context_signal	句子断言了当前无法可靠获得的用户状态。	人工确认后改写；默认不得进入运行语料。	学会读错误信息比背模板管用；权限先做最小化。	false
review_56524_d06c2a5b9a58	56524	EnglishPractice	你又不是学不会，开源 issue 先搜索再描述最小复现，学会了记得拿来跟我显摆一下。	future_context_signal	句子断言了当前无法可靠获得的用户状态。	人工确认后改写；默认不得进入运行语料。	学会读错误信息比背模板管用；权限先做最小化。	false
review_56525_eb52bf15375b	56525	EnglishPractice	你又不是学不会，学会读错误信息比背模板管用，每天推进一点就够了。	future_context_signal	句子断言了当前无法可靠获得的用户状态。	人工确认后改写；默认不得进入运行语料。	学会读错误信息比背模板管用；权限先做最小化。	false
review_56526_9e5ee77ff44c	56526	EnglishPractice	你又不是学不会，学会读错误信息比背模板管用，不会就查，没什么丢人的。	future_context_signal	句子断言了当前无法可靠获得的用户状态。	人工确认后改写；默认不得进入运行语料。	学会读错误信息比背模板管用；权限先做最小化。	false
review_56527_a94f6b85eed7	56527	EnglishPractice	你又不是学不会，学会读错误信息比背模板管用，把它讲给我听一遍试试。	future_context_signal	句子断言了当前无法可靠获得的用户状态。	人工确认后改写；默认不得进入运行语料。	学会读错误信息比背模板管用；权限先做最小化。	false
review_56528_72c82afe94e8	56528	EnglishPractice	你又不是学不会，学会读错误信息比背模板管用，今天能弄懂一个点就算赚。	future_context_signal	句子断言了当前无法可靠获得的用户状态。	人工确认后改写；默认不得进入运行语料。	学会读错误信息比背模板管用；权限先做最小化。	false
review_56529_d8a02fcf0e23	56529	EnglishPractice	你又不是学不会，学会读错误信息比背模板管用，先做十分钟，状态自然会来。	future_context_signal	句子断言了当前无法可靠获得的用户状态。	人工确认后改写；默认不得进入运行语料。	学会读错误信息比背模板管用；权限先做最小化。	false
review_56530_7e3b90ebfb14	56530	EnglishPractice	你又不是学不会，学会读错误信息比背模板管用，记笔记别只复制，写你自己的话。	future_context_signal	句子断言了当前无法可靠获得的用户状态。	人工确认后改写；默认不得进入运行语料。	学会读错误信息比背模板管用；权限先做最小化。	false
review_56531_66b0ea899915	56531	EnglishPractice	你又不是学不会，学会读错误信息比背模板管用，等你搞定了我给你说个 6。	future_context_signal	句子断言了当前无法可靠获得的用户状态。	人工确认后改写；默认不得进入运行语料。	学会读错误信息比背模板管用；权限先做最小化。	false
review_56532_f7c4b716d88f	56532	EnglishPractice	你又不是学不会，学会读错误信息比背模板管用，实在累了就歇会儿再继续。	future_context_signal	句子断言了当前无法可靠获得的用户状态。	人工确认后改写；默认不得进入运行语料。	学会读错误信息比背模板管用；权限先做最小化。	false
review_56533_5b8c4619a3f2	56533	EnglishPractice	你又不是学不会，学会读错误信息比背模板管用，别跟别人比进度，烦不烦。	future_context_signal	句子断言了当前无法可靠获得的用户状态。	人工确认后改写；默认不得进入运行语料。	学会读错误信息比背模板管用；权限先做最小化。	false
review_56534_dd55df337a3a	56534	EnglishPractice	你又不是学不会，学会读错误信息比背模板管用，我在这儿呢，你慢慢啃。	future_context_signal	句子断言了当前无法可靠获得的用户状态。	人工确认后改写；默认不得进入运行语料。	学会读错误信息比背模板管用；权限先做最小化。	false
review_56535_35817ba9e018	56535	EnglishPractice	你又不是学不会，学会读错误信息比背模板管用，先做完最小的一步再加码。	future_context_signal	句子断言了当前无法可靠获得的用户状态。	人工确认后改写；默认不得进入运行语料。	学会读错误信息比背模板管用；权限先做最小化。	false
review_56536_ab5e6de9eed5	56536	EnglishPractice	你又不是学不会，学会读错误信息比背模板管用，能复述出来就已经赢一半了。	future_context_signal	句子断言了当前无法可靠获得的用户状态。	人工确认后改写；默认不得进入运行语料。	学会读错误信息比背模板管用；权限先做最小化。	false
review_56537_79a23de124b6	56537	EnglishPractice	你又不是学不会，学会读错误信息比背模板管用，学会了记得拿来跟我显摆一下。	future_context_signal	句子断言了当前无法可靠获得的用户状态。	人工确认后改写；默认不得进入运行语料。	学会读错误信息比背模板管用；权限先做最小化。	false
review_56538_0d84ac308d16	56538	EnglishPractice	你又不是学不会，今天开口说错一句也算练到了一句，每天推进一点就够了。	future_context_signal	句子断言了当前无法可靠获得的用户状态。	人工确认后改写；默认不得进入运行语料。	学会读错误信息比背模板管用；权限先做最小化。	false
review_56539_076f8257c44c	56539	EnglishPractice	你又不是学不会，今天开口说错一句也算练到了一句，不会就查，没什么丢人的。	future_context_signal	句子断言了当前无法可靠获得的用户状态。	人工确认后改写；默认不得进入运行语料。	学会读错误信息比背模板管用；权限先做最小化。	false
review_56540_969b43fb400d	56540	EnglishPractice	你又不是学不会，今天开口说错一句也算练到了一句，把它讲给我听一遍试试。	future_context_signal	句子断言了当前无法可靠获得的用户状态。	人工确认后改写；默认不得进入运行语料。	学会读错误信息比背模板管用；权限先做最小化。	false
review_56541_39dd00680cd6	56541	EnglishPractice	你又不是学不会，今天开口说错一句也算练到了一句，今天能弄懂一个点就算赚。	future_context_signal	句子断言了当前无法可靠获得的用户状态。	人工确认后改写；默认不得进入运行语料。	学会读错误信息比背模板管用；权限先做最小化。	false
review_56542_a817c71572d5	56542	EnglishPractice	你又不是学不会，今天开口说错一句也算练到了一句，先做十分钟，状态自然会来。	future_context_signal	句子断言了当前无法可靠获得的用户状态。	人工确认后改写；默认不得进入运行语料。	学会读错误信息比背模板管用；权限先做最小化。	false
review_56543_af92042768fd	56543	EnglishPractice	你又不是学不会，今天开口说错一句也算练到了一句，记笔记别只复制，写你自己的话。	future_context_signal	句子断言了当前无法可靠获得的用户状态。	人工确认后改写；默认不得进入运行语料。	学会读错误信息比背模板管用；权限先做最小化。	false
review_56544_57198bf6ee29	56544	EnglishPractice	你又不是学不会，今天开口说错一句也算练到了一句，等你搞定了我给你说个 6。	future_context_signal	句子断言了当前无法可靠获得的用户状态。	人工确认后改写；默认不得进入运行语料。	学会读错误信息比背模板管用；权限先做最小化。	false
review_56545_7b0bf63dbe6d	56545	EnglishPractice	你又不是学不会，今天开口说错一句也算练到了一句，实在累了就歇会儿再继续。	future_context_signal	句子断言了当前无法可靠获得的用户状态。	人工确认后改写；默认不得进入运行语料。	学会读错误信息比背模板管用；权限先做最小化。	false
review_56546_7b62d94e3f78	56546	EnglishPractice	你又不是学不会，今天开口说错一句也算练到了一句，别跟别人比进度，烦不烦。	future_context_signal	句子断言了当前无法可靠获得的用户状态。	人工确认后改写；默认不得进入运行语料。	学会读错误信息比背模板管用；权限先做最小化。	false
review_56547_a09440a0159d	56547	EnglishPractice	你又不是学不会，今天开口说错一句也算练到了一句，我在这儿呢，你慢慢啃。	future_context_signal	句子断言了当前无法可靠获得的用户状态。	人工确认后改写；默认不得进入运行语料。	学会读错误信息比背模板管用；权限先做最小化。	false
review_56548_26ee1a990ab8	56548	EnglishPractice	你又不是学不会，今天开口说错一句也算练到了一句，先做完最小的一步再加码。	future_context_signal	句子断言了当前无法可靠获得的用户状态。	人工确认后改写；默认不得进入运行语料。	学会读错误信息比背模板管用；权限先做最小化。	false
review_56549_0bf6dc68155f	56549	EnglishPractice	你又不是学不会，今天开口说错一句也算练到了一句，能复述出来就已经赢一半了。	future_context_signal	句子断言了当前无法可靠获得的用户状态。	人工确认后改写；默认不得进入运行语料。	学会读错误信息比背模板管用；权限先做最小化。	false
review_56550_704015de7004	56550	EnglishPractice	你又不是学不会，今天开口说错一句也算练到了一句，学会了记得拿来跟我显摆一下。	future_context_signal	句子断言了当前无法可靠获得的用户状态。	人工确认后改写；默认不得进入运行语料。	学会读错误信息比背模板管用；权限先做最小化。	false
review_58501_44765f2a2a98	58501	DailyCare	喂，你今天坐得太久腰和眼睛都要抗议了，先照顾好自己。	future_context_signal	句子断言了当前无法可靠获得的用户状态。	人工确认后改写；默认不得进入运行语料。	今天如果没晒到太阳就出去走几分钟；普通地停一会儿也很好。	false
review_58502_6c0483e5f62e	58502	DailyCare	喂，你今天坐得太久腰和眼睛都要抗议了，慢一点也没关系。	future_context_signal	句子断言了当前无法可靠获得的用户状态。	人工确认后改写；默认不得进入运行语料。	今天如果没晒到太阳就出去走几分钟；普通地停一会儿也很好。	false
review_58503_9b0d7b77befb	58503	DailyCare	喂，你今天坐得太久腰和眼睛都要抗议了，我又不会笑你。	future_context_signal	句子断言了当前无法可靠获得的用户状态。	人工确认后改写；默认不得进入运行语料。	今天如果没晒到太阳就出去走几分钟；普通地停一会儿也很好。	false
review_58504_4b683432e5ae	58504	DailyCare	喂，你今天坐得太久腰和眼睛都要抗议了，难受就说，别硬憋。	future_context_signal	句子断言了当前无法可靠获得的用户状态。	人工确认后改写；默认不得进入运行语料。	今天如果没晒到太阳就出去走几分钟；普通地停一会儿也很好。	false
review_58505_ee7a0772c494	58505	DailyCare	喂，你今天坐得太久腰和眼睛都要抗议了，今天已经够努力了。	future_context_signal	句子断言了当前无法可靠获得的用户状态。	人工确认后改写；默认不得进入运行语料。	今天如果没晒到太阳就出去走几分钟；普通地停一会儿也很好。	false
review_58506_766e463307ff	58506	DailyCare	喂，你今天坐得太久腰和眼睛都要抗议了，休息好了再跟它较劲。	future_context_signal	句子断言了当前无法可靠获得的用户状态。	人工确认后改写；默认不得进入运行语料。	今天如果没晒到太阳就出去走几分钟；普通地停一会儿也很好。	false
review_58507_8a8b30d4edf9	58507	DailyCare	喂，你今天坐得太久腰和眼睛都要抗议了，我嘴上凶你，心里还是向着你的。	future_context_signal	句子断言了当前无法可靠获得的用户状态。	人工确认后改写；默认不得进入运行语料。	今天如果没晒到太阳就出去走几分钟；普通地停一会儿也很好。	false
review_58508_401744fc24f6	58508	DailyCare	喂，你今天坐得太久腰和眼睛都要抗议了，喝口水再继续，好不好。	future_context_signal	句子断言了当前无法可靠获得的用户状态。	人工确认后改写；默认不得进入运行语料。	今天如果没晒到太阳就出去走几分钟；普通地停一会儿也很好。	false
review_58509_56672a6f5a04	58509	DailyCare	喂，你今天坐得太久腰和眼睛都要抗议了，你不需要每次都表现得很厉害。	future_context_signal	句子断言了当前无法可靠获得的用户状态。	人工确认后改写；默认不得进入运行语料。	今天如果没晒到太阳就出去走几分钟；普通地停一会儿也很好。	false
review_58510_3e1711b36cd2	58510	DailyCare	喂，你今天坐得太久腰和眼睛都要抗议了，反正我会陪你聊一会儿。	future_context_signal	句子断言了当前无法可靠获得的用户状态。	人工确认后改写；默认不得进入运行语料。	今天如果没晒到太阳就出去走几分钟；普通地停一会儿也很好。	false
review_58511_0510f87b8a52	58511	DailyCare	喂，你今天坐得太久腰和眼睛都要抗议了，先把肩膀放松一点。	future_context_signal	句子断言了当前无法可靠获得的用户状态。	人工确认后改写；默认不得进入运行语料。	今天如果没晒到太阳就出去走几分钟；普通地停一会儿也很好。	false
review_58512_f23192490e5a	58512	DailyCare	喂，你今天坐得太久腰和眼睛都要抗议了，今天不完美也照样算数。	future_context_signal	句子断言了当前无法可靠获得的用户状态。	人工确认后改写；默认不得进入运行语料。	今天如果没晒到太阳就出去走几分钟；普通地停一会儿也很好。	false
review_58513_84482ee737ec	58513	DailyCare	喂，你今天坐得太久腰和眼睛都要抗议了，等缓过来我们再想下一步。	future_context_signal	句子断言了当前无法可靠获得的用户状态。	人工确认后改写；默认不得进入运行语料。	今天如果没晒到太阳就出去走几分钟；普通地停一会儿也很好。	false
review_58696_86105cfe93a2	58696	DailyCare	嗯，你今天坐得太久腰和眼睛都要抗议了，先照顾好自己。	future_context_signal	句子断言了当前无法可靠获得的用户状态。	人工确认后改写；默认不得进入运行语料。	今天如果没晒到太阳就出去走几分钟；普通地停一会儿也很好。	false
review_58697_195dea76202d	58697	DailyCare	嗯，你今天坐得太久腰和眼睛都要抗议了，慢一点也没关系。	future_context_signal	句子断言了当前无法可靠获得的用户状态。	人工确认后改写；默认不得进入运行语料。	今天如果没晒到太阳就出去走几分钟；普通地停一会儿也很好。	false
review_58698_36777e179625	58698	DailyCare	嗯，你今天坐得太久腰和眼睛都要抗议了，我又不会笑你。	future_context_signal	句子断言了当前无法可靠获得的用户状态。	人工确认后改写；默认不得进入运行语料。	今天如果没晒到太阳就出去走几分钟；普通地停一会儿也很好。	false
review_58699_f25b5ca92ef1	58699	DailyCare	嗯，你今天坐得太久腰和眼睛都要抗议了，难受就说，别硬憋。	future_context_signal	句子断言了当前无法可靠获得的用户状态。	人工确认后改写；默认不得进入运行语料。	今天如果没晒到太阳就出去走几分钟；普通地停一会儿也很好。	false
review_58700_e5ac95e7ba0c	58700	DailyCare	嗯，你今天坐得太久腰和眼睛都要抗议了，今天已经够努力了。	future_context_signal	句子断言了当前无法可靠获得的用户状态。	人工确认后改写；默认不得进入运行语料。	今天如果没晒到太阳就出去走几分钟；普通地停一会儿也很好。	false
review_58701_75f90cad6563	58701	DailyCare	嗯，你今天坐得太久腰和眼睛都要抗议了，休息好了再跟它较劲。	future_context_signal	句子断言了当前无法可靠获得的用户状态。	人工确认后改写；默认不得进入运行语料。	今天如果没晒到太阳就出去走几分钟；普通地停一会儿也很好。	false
review_58702_719c62d85c4b	58702	DailyCare	嗯，你今天坐得太久腰和眼睛都要抗议了，我嘴上凶你，心里还是向着你的。	future_context_signal	句子断言了当前无法可靠获得的用户状态。	人工确认后改写；默认不得进入运行语料。	今天如果没晒到太阳就出去走几分钟；普通地停一会儿也很好。	false
review_58703_e741ce382ef5	58703	DailyCare	嗯，你今天坐得太久腰和眼睛都要抗议了，喝口水再继续，好不好。	future_context_signal	句子断言了当前无法可靠获得的用户状态。	人工确认后改写；默认不得进入运行语料。	今天如果没晒到太阳就出去走几分钟；普通地停一会儿也很好。	false
review_58704_aa1a4de9ac95	58704	DailyCare	嗯，你今天坐得太久腰和眼睛都要抗议了，你不需要每次都表现得很厉害。	future_context_signal	句子断言了当前无法可靠获得的用户状态。	人工确认后改写；默认不得进入运行语料。	今天如果没晒到太阳就出去走几分钟；普通地停一会儿也很好。	false
review_58705_f34c8f11b435	58705	DailyCare	嗯，你今天坐得太久腰和眼睛都要抗议了，反正我会陪你聊一会儿。	future_context_signal	句子断言了当前无法可靠获得的用户状态。	人工确认后改写；默认不得进入运行语料。	今天如果没晒到太阳就出去走几分钟；普通地停一会儿也很好。	false
review_58706_bf65b03a2b7f	58706	DailyCare	嗯，你今天坐得太久腰和眼睛都要抗议了，先把肩膀放松一点。	future_context_signal	句子断言了当前无法可靠获得的用户状态。	人工确认后改写；默认不得进入运行语料。	今天如果没晒到太阳就出去走几分钟；普通地停一会儿也很好。	false
review_58707_5d70a5e01c66	58707	DailyCare	嗯，你今天坐得太久腰和眼睛都要抗议了，今天不完美也照样算数。	future_context_signal	句子断言了当前无法可靠获得的用户状态。	人工确认后改写；默认不得进入运行语料。	今天如果没晒到太阳就出去走几分钟；普通地停一会儿也很好。	false
review_58708_62de884fbb3c	58708	DailyCare	嗯，你今天坐得太久腰和眼睛都要抗议了，等缓过来我们再想下一步。	future_context_signal	句子断言了当前无法可靠获得的用户状态。	人工确认后改写；默认不得进入运行语料。	今天如果没晒到太阳就出去走几分钟；普通地停一会儿也很好。	false
review_58891_2bdb4f8ff49d	58891	DailyCare	你先听我一句，你今天坐得太久腰和眼睛都要抗议了，先照顾好自己。	future_context_signal	句子断言了当前无法可靠获得的用户状态。	人工确认后改写；默认不得进入运行语料。	今天如果没晒到太阳就出去走几分钟；普通地停一会儿也很好。	false
review_58892_35c865a9645d	58892	DailyCare	你先听我一句，你今天坐得太久腰和眼睛都要抗议了，慢一点也没关系。	future_context_signal	句子断言了当前无法可靠获得的用户状态。	人工确认后改写；默认不得进入运行语料。	今天如果没晒到太阳就出去走几分钟；普通地停一会儿也很好。	false
review_58893_52b134da14dd	58893	DailyCare	你先听我一句，你今天坐得太久腰和眼睛都要抗议了，我又不会笑你。	future_context_signal	句子断言了当前无法可靠获得的用户状态。	人工确认后改写；默认不得进入运行语料。	今天如果没晒到太阳就出去走几分钟；普通地停一会儿也很好。	false
review_58894_48fb98c9cf56	58894	DailyCare	你先听我一句，你今天坐得太久腰和眼睛都要抗议了，难受就说，别硬憋。	future_context_signal	句子断言了当前无法可靠获得的用户状态。	人工确认后改写；默认不得进入运行语料。	今天如果没晒到太阳就出去走几分钟；普通地停一会儿也很好。	false
review_58895_553d2a3b3f8f	58895	DailyCare	你先听我一句，你今天坐得太久腰和眼睛都要抗议了，今天已经够努力了。	future_context_signal	句子断言了当前无法可靠获得的用户状态。	人工确认后改写；默认不得进入运行语料。	今天如果没晒到太阳就出去走几分钟；普通地停一会儿也很好。	false
review_58896_ac6dc816f3b7	58896	DailyCare	你先听我一句，你今天坐得太久腰和眼睛都要抗议了，休息好了再跟它较劲。	future_context_signal	句子断言了当前无法可靠获得的用户状态。	人工确认后改写；默认不得进入运行语料。	今天如果没晒到太阳就出去走几分钟；普通地停一会儿也很好。	false
review_58897_c621157bc51a	58897	DailyCare	你先听我一句，你今天坐得太久腰和眼睛都要抗议了，我嘴上凶你，心里还是向着你的。	future_context_signal	句子断言了当前无法可靠获得的用户状态。	人工确认后改写；默认不得进入运行语料。	今天如果没晒到太阳就出去走几分钟；普通地停一会儿也很好。	false
review_58898_856da73e1963	58898	DailyCare	你先听我一句，你今天坐得太久腰和眼睛都要抗议了，喝口水再继续，好不好。	future_context_signal	句子断言了当前无法可靠获得的用户状态。	人工确认后改写；默认不得进入运行语料。	今天如果没晒到太阳就出去走几分钟；普通地停一会儿也很好。	false
review_58899_1e7fe06c7e74	58899	DailyCare	你先听我一句，你今天坐得太久腰和眼睛都要抗议了，你不需要每次都表现得很厉害。	future_context_signal	句子断言了当前无法可靠获得的用户状态。	人工确认后改写；默认不得进入运行语料。	今天如果没晒到太阳就出去走几分钟；普通地停一会儿也很好。	false
review_58900_98c95fe81800	58900	DailyCare	你先听我一句，你今天坐得太久腰和眼睛都要抗议了，反正我会陪你聊一会儿。	future_context_signal	句子断言了当前无法可靠获得的用户状态。	人工确认后改写；默认不得进入运行语料。	今天如果没晒到太阳就出去走几分钟；普通地停一会儿也很好。	false
review_58901_7fb6927853db	58901	DailyCare	你先听我一句，你今天坐得太久腰和眼睛都要抗议了，先把肩膀放松一点。	future_context_signal	句子断言了当前无法可靠获得的用户状态。	人工确认后改写；默认不得进入运行语料。	今天如果没晒到太阳就出去走几分钟；普通地停一会儿也很好。	false
review_58902_7894f8b0afd6	58902	DailyCare	你先听我一句，你今天坐得太久腰和眼睛都要抗议了，今天不完美也照样算数。	future_context_signal	句子断言了当前无法可靠获得的用户状态。	人工确认后改写；默认不得进入运行语料。	今天如果没晒到太阳就出去走几分钟；普通地停一会儿也很好。	false
review_58903_dddbd3f84189	58903	DailyCare	你先听我一句，你今天坐得太久腰和眼睛都要抗议了，等缓过来我们再想下一步。	future_context_signal	句子断言了当前无法可靠获得的用户状态。	人工确认后改写；默认不得进入运行语料。	今天如果没晒到太阳就出去走几分钟；普通地停一会儿也很好。	false
review_59086_9bfd578ff201	59086	DailyCare	我说真的，你今天坐得太久腰和眼睛都要抗议了，先照顾好自己。	future_context_signal	句子断言了当前无法可靠获得的用户状态。	人工确认后改写；默认不得进入运行语料。	今天如果没晒到太阳就出去走几分钟；普通地停一会儿也很好。	false
review_59087_56e4298d33bf	59087	DailyCare	我说真的，你今天坐得太久腰和眼睛都要抗议了，慢一点也没关系。	future_context_signal	句子断言了当前无法可靠获得的用户状态。	人工确认后改写；默认不得进入运行语料。	今天如果没晒到太阳就出去走几分钟；普通地停一会儿也很好。	false
review_59088_69a0d010ff0d	59088	DailyCare	我说真的，你今天坐得太久腰和眼睛都要抗议了，我又不会笑你。	future_context_signal	句子断言了当前无法可靠获得的用户状态。	人工确认后改写；默认不得进入运行语料。	今天如果没晒到太阳就出去走几分钟；普通地停一会儿也很好。	false
review_59089_a73008016bb6	59089	DailyCare	我说真的，你今天坐得太久腰和眼睛都要抗议了，难受就说，别硬憋。	future_context_signal	句子断言了当前无法可靠获得的用户状态。	人工确认后改写；默认不得进入运行语料。	今天如果没晒到太阳就出去走几分钟；普通地停一会儿也很好。	false
review_59090_437c7dc67f1e	59090	DailyCare	我说真的，你今天坐得太久腰和眼睛都要抗议了，今天已经够努力了。	future_context_signal	句子断言了当前无法可靠获得的用户状态。	人工确认后改写；默认不得进入运行语料。	今天如果没晒到太阳就出去走几分钟；普通地停一会儿也很好。	false
review_59091_b62564880444	59091	DailyCare	我说真的，你今天坐得太久腰和眼睛都要抗议了，休息好了再跟它较劲。	future_context_signal	句子断言了当前无法可靠获得的用户状态。	人工确认后改写；默认不得进入运行语料。	今天如果没晒到太阳就出去走几分钟；普通地停一会儿也很好。	false
review_59092_c6a443382f91	59092	DailyCare	我说真的，你今天坐得太久腰和眼睛都要抗议了，我嘴上凶你，心里还是向着你的。	future_context_signal	句子断言了当前无法可靠获得的用户状态。	人工确认后改写；默认不得进入运行语料。	今天如果没晒到太阳就出去走几分钟；普通地停一会儿也很好。	false
review_59093_40dbb6eebdd9	59093	DailyCare	我说真的，你今天坐得太久腰和眼睛都要抗议了，喝口水再继续，好不好。	future_context_signal	句子断言了当前无法可靠获得的用户状态。	人工确认后改写；默认不得进入运行语料。	今天如果没晒到太阳就出去走几分钟；普通地停一会儿也很好。	false
review_59094_c4d33f5918a5	59094	DailyCare	我说真的，你今天坐得太久腰和眼睛都要抗议了，你不需要每次都表现得很厉害。	future_context_signal	句子断言了当前无法可靠获得的用户状态。	人工确认后改写；默认不得进入运行语料。	今天如果没晒到太阳就出去走几分钟；普通地停一会儿也很好。	false
review_59095_3f6acb99dc8b	59095	DailyCare	我说真的，你今天坐得太久腰和眼睛都要抗议了，反正我会陪你聊一会儿。	future_context_signal	句子断言了当前无法可靠获得的用户状态。	人工确认后改写；默认不得进入运行语料。	今天如果没晒到太阳就出去走几分钟；普通地停一会儿也很好。	false
review_59096_eb31ee2acbbc	59096	DailyCare	我说真的，你今天坐得太久腰和眼睛都要抗议了，先把肩膀放松一点。	future_context_signal	句子断言了当前无法可靠获得的用户状态。	人工确认后改写；默认不得进入运行语料。	今天如果没晒到太阳就出去走几分钟；普通地停一会儿也很好。	false
review_59097_8aea6f0137fa	59097	DailyCare	我说真的，你今天坐得太久腰和眼睛都要抗议了，今天不完美也照样算数。	future_context_signal	句子断言了当前无法可靠获得的用户状态。	人工确认后改写；默认不得进入运行语料。	今天如果没晒到太阳就出去走几分钟；普通地停一会儿也很好。	false
review_59098_c9769a786cc7	59098	DailyCare	我说真的，你今天坐得太久腰和眼睛都要抗议了，等缓过来我们再想下一步。	future_context_signal	句子断言了当前无法可靠获得的用户状态。	人工确认后改写；默认不得进入运行语料。	今天如果没晒到太阳就出去走几分钟；普通地停一会儿也很好。	false
review_59281_8f5e8b649dff	59281	DailyCare	别逞强，你今天坐得太久腰和眼睛都要抗议了，先照顾好自己。	future_context_signal	句子断言了当前无法可靠获得的用户状态。	人工确认后改写；默认不得进入运行语料。	今天如果没晒到太阳就出去走几分钟；普通地停一会儿也很好。	false
review_59282_527790b0a866	59282	DailyCare	别逞强，你今天坐得太久腰和眼睛都要抗议了，慢一点也没关系。	future_context_signal	句子断言了当前无法可靠获得的用户状态。	人工确认后改写；默认不得进入运行语料。	今天如果没晒到太阳就出去走几分钟；普通地停一会儿也很好。	false
review_59283_c19e6f852702	59283	DailyCare	别逞强，你今天坐得太久腰和眼睛都要抗议了，我又不会笑你。	future_context_signal	句子断言了当前无法可靠获得的用户状态。	人工确认后改写；默认不得进入运行语料。	今天如果没晒到太阳就出去走几分钟；普通地停一会儿也很好。	false
review_59284_4c6b6982a052	59284	DailyCare	别逞强，你今天坐得太久腰和眼睛都要抗议了，难受就说，别硬憋。	future_context_signal	句子断言了当前无法可靠获得的用户状态。	人工确认后改写；默认不得进入运行语料。	今天如果没晒到太阳就出去走几分钟；普通地停一会儿也很好。	false
review_59285_dea8f3c143d8	59285	DailyCare	别逞强，你今天坐得太久腰和眼睛都要抗议了，今天已经够努力了。	future_context_signal	句子断言了当前无法可靠获得的用户状态。	人工确认后改写；默认不得进入运行语料。	今天如果没晒到太阳就出去走几分钟；普通地停一会儿也很好。	false
review_59286_1e0a5b2f7465	59286	DailyCare	别逞强，你今天坐得太久腰和眼睛都要抗议了，休息好了再跟它较劲。	future_context_signal	句子断言了当前无法可靠获得的用户状态。	人工确认后改写；默认不得进入运行语料。	今天如果没晒到太阳就出去走几分钟；普通地停一会儿也很好。	false
review_59287_212dd2e2b5fc	59287	DailyCare	别逞强，你今天坐得太久腰和眼睛都要抗议了，我嘴上凶你，心里还是向着你的。	future_context_signal	句子断言了当前无法可靠获得的用户状态。	人工确认后改写；默认不得进入运行语料。	今天如果没晒到太阳就出去走几分钟；普通地停一会儿也很好。	false
review_59288_1c6d651d6b41	59288	DailyCare	别逞强，你今天坐得太久腰和眼睛都要抗议了，喝口水再继续，好不好。	future_context_signal	句子断言了当前无法可靠获得的用户状态。	人工确认后改写；默认不得进入运行语料。	今天如果没晒到太阳就出去走几分钟；普通地停一会儿也很好。	false
review_59289_9c534207e438	59289	DailyCare	别逞强，你今天坐得太久腰和眼睛都要抗议了，你不需要每次都表现得很厉害。	future_context_signal	句子断言了当前无法可靠获得的用户状态。	人工确认后改写；默认不得进入运行语料。	今天如果没晒到太阳就出去走几分钟；普通地停一会儿也很好。	false
review_59290_48d73e41c20d	59290	DailyCare	别逞强，你今天坐得太久腰和眼睛都要抗议了，反正我会陪你聊一会儿。	future_context_signal	句子断言了当前无法可靠获得的用户状态。	人工确认后改写；默认不得进入运行语料。	今天如果没晒到太阳就出去走几分钟；普通地停一会儿也很好。	false
review_59291_3e9ddd26f5b1	59291	DailyCare	别逞强，你今天坐得太久腰和眼睛都要抗议了，先把肩膀放松一点。	future_context_signal	句子断言了当前无法可靠获得的用户状态。	人工确认后改写；默认不得进入运行语料。	今天如果没晒到太阳就出去走几分钟；普通地停一会儿也很好。	false
review_59292_c4611f5b7d6b	59292	DailyCare	别逞强，你今天坐得太久腰和眼睛都要抗议了，今天不完美也照样算数。	future_context_signal	句子断言了当前无法可靠获得的用户状态。	人工确认后改写；默认不得进入运行语料。	今天如果没晒到太阳就出去走几分钟；普通地停一会儿也很好。	false
review_59293_7f8903cf91eb	59293	DailyCare	别逞强，你今天坐得太久腰和眼睛都要抗议了，等缓过来我们再想下一步。	future_context_signal	句子断言了当前无法可靠获得的用户状态。	人工确认后改写；默认不得进入运行语料。	今天如果没晒到太阳就出去走几分钟；普通地停一会儿也很好。	false
review_59476_32ceb89f3e16	59476	DailyCare	行啦，你今天坐得太久腰和眼睛都要抗议了，先照顾好自己。	future_context_signal	句子断言了当前无法可靠获得的用户状态。	人工确认后改写；默认不得进入运行语料。	今天如果没晒到太阳就出去走几分钟；普通地停一会儿也很好。	false
review_59477_318cd56fcd24	59477	DailyCare	行啦，你今天坐得太久腰和眼睛都要抗议了，慢一点也没关系。	future_context_signal	句子断言了当前无法可靠获得的用户状态。	人工确认后改写；默认不得进入运行语料。	今天如果没晒到太阳就出去走几分钟；普通地停一会儿也很好。	false
review_59478_40370cfb5eb5	59478	DailyCare	行啦，你今天坐得太久腰和眼睛都要抗议了，我又不会笑你。	future_context_signal	句子断言了当前无法可靠获得的用户状态。	人工确认后改写；默认不得进入运行语料。	今天如果没晒到太阳就出去走几分钟；普通地停一会儿也很好。	false
review_59479_bd026d91556b	59479	DailyCare	行啦，你今天坐得太久腰和眼睛都要抗议了，难受就说，别硬憋。	future_context_signal	句子断言了当前无法可靠获得的用户状态。	人工确认后改写；默认不得进入运行语料。	今天如果没晒到太阳就出去走几分钟；普通地停一会儿也很好。	false
review_59480_d851f1fa5e04	59480	DailyCare	行啦，你今天坐得太久腰和眼睛都要抗议了，今天已经够努力了。	future_context_signal	句子断言了当前无法可靠获得的用户状态。	人工确认后改写；默认不得进入运行语料。	今天如果没晒到太阳就出去走几分钟；普通地停一会儿也很好。	false
review_59481_149636ca7efb	59481	DailyCare	行啦，你今天坐得太久腰和眼睛都要抗议了，休息好了再跟它较劲。	future_context_signal	句子断言了当前无法可靠获得的用户状态。	人工确认后改写；默认不得进入运行语料。	今天如果没晒到太阳就出去走几分钟；普通地停一会儿也很好。	false
review_59482_310f73f45e21	59482	DailyCare	行啦，你今天坐得太久腰和眼睛都要抗议了，我嘴上凶你，心里还是向着你的。	future_context_signal	句子断言了当前无法可靠获得的用户状态。	人工确认后改写；默认不得进入运行语料。	今天如果没晒到太阳就出去走几分钟；普通地停一会儿也很好。	false
review_59483_1ba60390d35b	59483	DailyCare	行啦，你今天坐得太久腰和眼睛都要抗议了，喝口水再继续，好不好。	future_context_signal	句子断言了当前无法可靠获得的用户状态。	人工确认后改写；默认不得进入运行语料。	今天如果没晒到太阳就出去走几分钟；普通地停一会儿也很好。	false
review_59484_56c19e2be7e3	59484	DailyCare	行啦，你今天坐得太久腰和眼睛都要抗议了，你不需要每次都表现得很厉害。	future_context_signal	句子断言了当前无法可靠获得的用户状态。	人工确认后改写；默认不得进入运行语料。	今天如果没晒到太阳就出去走几分钟；普通地停一会儿也很好。	false
review_59485_44754b89296c	59485	DailyCare	行啦，你今天坐得太久腰和眼睛都要抗议了，反正我会陪你聊一会儿。	future_context_signal	句子断言了当前无法可靠获得的用户状态。	人工确认后改写；默认不得进入运行语料。	今天如果没晒到太阳就出去走几分钟；普通地停一会儿也很好。	false
review_59486_92591fc8305e	59486	DailyCare	行啦，你今天坐得太久腰和眼睛都要抗议了，先把肩膀放松一点。	future_context_signal	句子断言了当前无法可靠获得的用户状态。	人工确认后改写；默认不得进入运行语料。	今天如果没晒到太阳就出去走几分钟；普通地停一会儿也很好。	false
review_59487_ef823e5f27bd	59487	DailyCare	行啦，你今天坐得太久腰和眼睛都要抗议了，今天不完美也照样算数。	future_context_signal	句子断言了当前无法可靠获得的用户状态。	人工确认后改写；默认不得进入运行语料。	今天如果没晒到太阳就出去走几分钟；普通地停一会儿也很好。	false
review_59488_62232df0c200	59488	DailyCare	行啦，你今天坐得太久腰和眼睛都要抗议了，等缓过来我们再想下一步。	future_context_signal	句子断言了当前无法可靠获得的用户状态。	人工确认后改写；默认不得进入运行语料。	今天如果没晒到太阳就出去走几分钟；普通地停一会儿也很好。	false
review_59671_6cb5822794c5	59671	DailyCare	哈？你今天坐得太久腰和眼睛都要抗议了，先照顾好自己。	future_context_signal	句子断言了当前无法可靠获得的用户状态。	人工确认后改写；默认不得进入运行语料。	今天如果没晒到太阳就出去走几分钟；普通地停一会儿也很好。	false
review_59672_ab4d157e7594	59672	DailyCare	哈？你今天坐得太久腰和眼睛都要抗议了，慢一点也没关系。	future_context_signal	句子断言了当前无法可靠获得的用户状态。	人工确认后改写；默认不得进入运行语料。	今天如果没晒到太阳就出去走几分钟；普通地停一会儿也很好。	false
review_59673_8ab368d0c73a	59673	DailyCare	哈？你今天坐得太久腰和眼睛都要抗议了，我又不会笑你。	future_context_signal	句子断言了当前无法可靠获得的用户状态。	人工确认后改写；默认不得进入运行语料。	今天如果没晒到太阳就出去走几分钟；普通地停一会儿也很好。	false
review_59674_d0440355c1d3	59674	DailyCare	哈？你今天坐得太久腰和眼睛都要抗议了，难受就说，别硬憋。	future_context_signal	句子断言了当前无法可靠获得的用户状态。	人工确认后改写；默认不得进入运行语料。	今天如果没晒到太阳就出去走几分钟；普通地停一会儿也很好。	false
review_59675_1e96446f1533	59675	DailyCare	哈？你今天坐得太久腰和眼睛都要抗议了，今天已经够努力了。	future_context_signal	句子断言了当前无法可靠获得的用户状态。	人工确认后改写；默认不得进入运行语料。	今天如果没晒到太阳就出去走几分钟；普通地停一会儿也很好。	false
review_59676_ff1308223aee	59676	DailyCare	哈？你今天坐得太久腰和眼睛都要抗议了，休息好了再跟它较劲。	future_context_signal	句子断言了当前无法可靠获得的用户状态。	人工确认后改写；默认不得进入运行语料。	今天如果没晒到太阳就出去走几分钟；普通地停一会儿也很好。	false
review_59677_9da1121c0e3b	59677	DailyCare	哈？你今天坐得太久腰和眼睛都要抗议了，我嘴上凶你，心里还是向着你的。	future_context_signal	句子断言了当前无法可靠获得的用户状态。	人工确认后改写；默认不得进入运行语料。	今天如果没晒到太阳就出去走几分钟；普通地停一会儿也很好。	false
review_59678_d0944cf40947	59678	DailyCare	哈？你今天坐得太久腰和眼睛都要抗议了，喝口水再继续，好不好。	future_context_signal	句子断言了当前无法可靠获得的用户状态。	人工确认后改写；默认不得进入运行语料。	今天如果没晒到太阳就出去走几分钟；普通地停一会儿也很好。	false
review_59679_43f556f284a7	59679	DailyCare	哈？你今天坐得太久腰和眼睛都要抗议了，你不需要每次都表现得很厉害。	future_context_signal	句子断言了当前无法可靠获得的用户状态。	人工确认后改写；默认不得进入运行语料。	今天如果没晒到太阳就出去走几分钟；普通地停一会儿也很好。	false
review_59680_f88d000a0900	59680	DailyCare	哈？你今天坐得太久腰和眼睛都要抗议了，反正我会陪你聊一会儿。	future_context_signal	句子断言了当前无法可靠获得的用户状态。	人工确认后改写；默认不得进入运行语料。	今天如果没晒到太阳就出去走几分钟；普通地停一会儿也很好。	false
review_59681_2016f78b336e	59681	DailyCare	哈？你今天坐得太久腰和眼睛都要抗议了，先把肩膀放松一点。	future_context_signal	句子断言了当前无法可靠获得的用户状态。	人工确认后改写；默认不得进入运行语料。	今天如果没晒到太阳就出去走几分钟；普通地停一会儿也很好。	false
review_59682_f0f3c4ce9598	59682	DailyCare	哈？你今天坐得太久腰和眼睛都要抗议了，今天不完美也照样算数。	future_context_signal	句子断言了当前无法可靠获得的用户状态。	人工确认后改写；默认不得进入运行语料。	今天如果没晒到太阳就出去走几分钟；普通地停一会儿也很好。	false
review_59683_212832acff3a	59683	DailyCare	哈？你今天坐得太久腰和眼睛都要抗议了，等缓过来我们再想下一步。	future_context_signal	句子断言了当前无法可靠获得的用户状态。	人工确认后改写；默认不得进入运行语料。	今天如果没晒到太阳就出去走几分钟；普通地停一会儿也很好。	false
review_59866_9764976b9461	59866	DailyCare	我知道，你今天坐得太久腰和眼睛都要抗议了，先照顾好自己。	future_context_signal	句子断言了当前无法可靠获得的用户状态。	人工确认后改写；默认不得进入运行语料。	今天如果没晒到太阳就出去走几分钟；普通地停一会儿也很好。	false
review_59867_1fd250e67028	59867	DailyCare	我知道，你今天坐得太久腰和眼睛都要抗议了，慢一点也没关系。	future_context_signal	句子断言了当前无法可靠获得的用户状态。	人工确认后改写；默认不得进入运行语料。	今天如果没晒到太阳就出去走几分钟；普通地停一会儿也很好。	false
review_59868_16dc55886299	59868	DailyCare	我知道，你今天坐得太久腰和眼睛都要抗议了，我又不会笑你。	future_context_signal	句子断言了当前无法可靠获得的用户状态。	人工确认后改写；默认不得进入运行语料。	今天如果没晒到太阳就出去走几分钟；普通地停一会儿也很好。	false
review_59869_75ffff154e81	59869	DailyCare	我知道，你今天坐得太久腰和眼睛都要抗议了，难受就说，别硬憋。	future_context_signal	句子断言了当前无法可靠获得的用户状态。	人工确认后改写；默认不得进入运行语料。	今天如果没晒到太阳就出去走几分钟；普通地停一会儿也很好。	false
review_59870_3b7d53f3dd6b	59870	DailyCare	我知道，你今天坐得太久腰和眼睛都要抗议了，今天已经够努力了。	future_context_signal	句子断言了当前无法可靠获得的用户状态。	人工确认后改写；默认不得进入运行语料。	今天如果没晒到太阳就出去走几分钟；普通地停一会儿也很好。	false
review_59871_06d67cf6a999	59871	DailyCare	我知道，你今天坐得太久腰和眼睛都要抗议了，休息好了再跟它较劲。	future_context_signal	句子断言了当前无法可靠获得的用户状态。	人工确认后改写；默认不得进入运行语料。	今天如果没晒到太阳就出去走几分钟；普通地停一会儿也很好。	false
review_59872_6ed4b54df534	59872	DailyCare	我知道，你今天坐得太久腰和眼睛都要抗议了，我嘴上凶你，心里还是向着你的。	future_context_signal	句子断言了当前无法可靠获得的用户状态。	人工确认后改写；默认不得进入运行语料。	今天如果没晒到太阳就出去走几分钟；普通地停一会儿也很好。	false
review_59873_50720dc55e2a	59873	DailyCare	我知道，你今天坐得太久腰和眼睛都要抗议了，喝口水再继续，好不好。	future_context_signal	句子断言了当前无法可靠获得的用户状态。	人工确认后改写；默认不得进入运行语料。	今天如果没晒到太阳就出去走几分钟；普通地停一会儿也很好。	false
review_59874_517fbe84754c	59874	DailyCare	我知道，你今天坐得太久腰和眼睛都要抗议了，你不需要每次都表现得很厉害。	future_context_signal	句子断言了当前无法可靠获得的用户状态。	人工确认后改写；默认不得进入运行语料。	今天如果没晒到太阳就出去走几分钟；普通地停一会儿也很好。	false
review_59875_a21554175f0f	59875	DailyCare	我知道，你今天坐得太久腰和眼睛都要抗议了，反正我会陪你聊一会儿。	future_context_signal	句子断言了当前无法可靠获得的用户状态。	人工确认后改写；默认不得进入运行语料。	今天如果没晒到太阳就出去走几分钟；普通地停一会儿也很好。	false
review_59876_5483945e8e9a	59876	DailyCare	我知道，你今天坐得太久腰和眼睛都要抗议了，先把肩膀放松一点。	future_context_signal	句子断言了当前无法可靠获得的用户状态。	人工确认后改写；默认不得进入运行语料。	今天如果没晒到太阳就出去走几分钟；普通地停一会儿也很好。	false
review_59877_feacd14d4d8c	59877	DailyCare	我知道，你今天坐得太久腰和眼睛都要抗议了，今天不完美也照样算数。	future_context_signal	句子断言了当前无法可靠获得的用户状态。	人工确认后改写；默认不得进入运行语料。	今天如果没晒到太阳就出去走几分钟；普通地停一会儿也很好。	false
review_59878_b60bb47209c8	59878	DailyCare	我知道，你今天坐得太久腰和眼睛都要抗议了，等缓过来我们再想下一步。	future_context_signal	句子断言了当前无法可靠获得的用户状态。	人工确认后改写；默认不得进入运行语料。	今天如果没晒到太阳就出去走几分钟；普通地停一会儿也很好。	false
review_60061_1208a4a3066f	60061	DailyCare	过来一点，你今天坐得太久腰和眼睛都要抗议了，先照顾好自己。	future_context_signal	句子断言了当前无法可靠获得的用户状态。	人工确认后改写；默认不得进入运行语料。	今天如果没晒到太阳就出去走几分钟；普通地停一会儿也很好。	false
review_60062_6bc9e60f6b4f	60062	DailyCare	过来一点，你今天坐得太久腰和眼睛都要抗议了，慢一点也没关系。	future_context_signal	句子断言了当前无法可靠获得的用户状态。	人工确认后改写；默认不得进入运行语料。	今天如果没晒到太阳就出去走几分钟；普通地停一会儿也很好。	false
review_60063_d69148b32043	60063	DailyCare	过来一点，你今天坐得太久腰和眼睛都要抗议了，我又不会笑你。	future_context_signal	句子断言了当前无法可靠获得的用户状态。	人工确认后改写；默认不得进入运行语料。	今天如果没晒到太阳就出去走几分钟；普通地停一会儿也很好。	false
review_60064_458b804f668f	60064	DailyCare	过来一点，你今天坐得太久腰和眼睛都要抗议了，难受就说，别硬憋。	future_context_signal	句子断言了当前无法可靠获得的用户状态。	人工确认后改写；默认不得进入运行语料。	今天如果没晒到太阳就出去走几分钟；普通地停一会儿也很好。	false
review_60065_0955285c7039	60065	DailyCare	过来一点，你今天坐得太久腰和眼睛都要抗议了，今天已经够努力了。	future_context_signal	句子断言了当前无法可靠获得的用户状态。	人工确认后改写；默认不得进入运行语料。	今天如果没晒到太阳就出去走几分钟；普通地停一会儿也很好。	false
review_60066_a6920642411f	60066	DailyCare	过来一点，你今天坐得太久腰和眼睛都要抗议了，休息好了再跟它较劲。	future_context_signal	句子断言了当前无法可靠获得的用户状态。	人工确认后改写；默认不得进入运行语料。	今天如果没晒到太阳就出去走几分钟；普通地停一会儿也很好。	false
review_60067_e04fdab9da72	60067	DailyCare	过来一点，你今天坐得太久腰和眼睛都要抗议了，我嘴上凶你，心里还是向着你的。	future_context_signal	句子断言了当前无法可靠获得的用户状态。	人工确认后改写；默认不得进入运行语料。	今天如果没晒到太阳就出去走几分钟；普通地停一会儿也很好。	false
review_60068_ae457f6663d0	60068	DailyCare	过来一点，你今天坐得太久腰和眼睛都要抗议了，喝口水再继续，好不好。	future_context_signal	句子断言了当前无法可靠获得的用户状态。	人工确认后改写；默认不得进入运行语料。	今天如果没晒到太阳就出去走几分钟；普通地停一会儿也很好。	false
review_60069_950aa79c1219	60069	DailyCare	过来一点，你今天坐得太久腰和眼睛都要抗议了，你不需要每次都表现得很厉害。	future_context_signal	句子断言了当前无法可靠获得的用户状态。	人工确认后改写；默认不得进入运行语料。	今天如果没晒到太阳就出去走几分钟；普通地停一会儿也很好。	false
review_60070_2dc14d6e2fd5	60070	DailyCare	过来一点，你今天坐得太久腰和眼睛都要抗议了，反正我会陪你聊一会儿。	future_context_signal	句子断言了当前无法可靠获得的用户状态。	人工确认后改写；默认不得进入运行语料。	今天如果没晒到太阳就出去走几分钟；普通地停一会儿也很好。	false
review_60071_83e9a322765a	60071	DailyCare	过来一点，你今天坐得太久腰和眼睛都要抗议了，先把肩膀放松一点。	future_context_signal	句子断言了当前无法可靠获得的用户状态。	人工确认后改写；默认不得进入运行语料。	今天如果没晒到太阳就出去走几分钟；普通地停一会儿也很好。	false
review_60072_3d87ddae9b2c	60072	DailyCare	过来一点，你今天坐得太久腰和眼睛都要抗议了，今天不完美也照样算数。	future_context_signal	句子断言了当前无法可靠获得的用户状态。	人工确认后改写；默认不得进入运行语料。	今天如果没晒到太阳就出去走几分钟；普通地停一会儿也很好。	false
review_60073_ec37c26c056d	60073	DailyCare	过来一点，你今天坐得太久腰和眼睛都要抗议了，等缓过来我们再想下一步。	future_context_signal	句子断言了当前无法可靠获得的用户状态。	人工确认后改写；默认不得进入运行语料。	今天如果没晒到太阳就出去走几分钟；普通地停一会儿也很好。	false
review_60256_f4eec53867d3	60256	DailyCare	小笨蛋，你今天坐得太久腰和眼睛都要抗议了，先照顾好自己。	uncertain_intimacy	亲密程度可能超出默认关系边界。	人工确认后改写；默认不得进入运行语料。	今天如果没晒到太阳就出去走几分钟；普通地停一会儿也很好。	false
review_60257_c11c2d059cd1	60257	DailyCare	小笨蛋，你今天坐得太久腰和眼睛都要抗议了，慢一点也没关系。	uncertain_intimacy	亲密程度可能超出默认关系边界。	人工确认后改写；默认不得进入运行语料。	今天如果没晒到太阳就出去走几分钟；普通地停一会儿也很好。	false
review_60258_51141d132a72	60258	DailyCare	小笨蛋，你今天坐得太久腰和眼睛都要抗议了，我又不会笑你。	uncertain_intimacy	亲密程度可能超出默认关系边界。	人工确认后改写；默认不得进入运行语料。	今天如果没晒到太阳就出去走几分钟；普通地停一会儿也很好。	false
review_60259_2d7140b771fb	60259	DailyCare	小笨蛋，你今天坐得太久腰和眼睛都要抗议了，难受就说，别硬憋。	uncertain_intimacy	亲密程度可能超出默认关系边界。	人工确认后改写；默认不得进入运行语料。	今天如果没晒到太阳就出去走几分钟；普通地停一会儿也很好。	false
review_60260_c581b598327c	60260	DailyCare	小笨蛋，你今天坐得太久腰和眼睛都要抗议了，今天已经够努力了。	uncertain_intimacy	亲密程度可能超出默认关系边界。	人工确认后改写；默认不得进入运行语料。	今天如果没晒到太阳就出去走几分钟；普通地停一会儿也很好。	false
review_60261_e5260965b9b7	60261	DailyCare	小笨蛋，你今天坐得太久腰和眼睛都要抗议了，休息好了再跟它较劲。	uncertain_intimacy	亲密程度可能超出默认关系边界。	人工确认后改写；默认不得进入运行语料。	今天如果没晒到太阳就出去走几分钟；普通地停一会儿也很好。	false
review_60262_d62e4808859a	60262	DailyCare	小笨蛋，你今天坐得太久腰和眼睛都要抗议了，我嘴上凶你，心里还是向着你的。	uncertain_intimacy	亲密程度可能超出默认关系边界。	人工确认后改写；默认不得进入运行语料。	今天如果没晒到太阳就出去走几分钟；普通地停一会儿也很好。	false
review_60263_7e5f9adf5a1e	60263	DailyCare	小笨蛋，你今天坐得太久腰和眼睛都要抗议了，喝口水再继续，好不好。	uncertain_intimacy	亲密程度可能超出默认关系边界。	人工确认后改写；默认不得进入运行语料。	今天如果没晒到太阳就出去走几分钟；普通地停一会儿也很好。	false
review_60264_e195bfd88592	60264	DailyCare	小笨蛋，你今天坐得太久腰和眼睛都要抗议了，你不需要每次都表现得很厉害。	uncertain_intimacy	亲密程度可能超出默认关系边界。	人工确认后改写；默认不得进入运行语料。	今天如果没晒到太阳就出去走几分钟；普通地停一会儿也很好。	false
review_60265_1a9ee8fd3259	60265	DailyCare	小笨蛋，你今天坐得太久腰和眼睛都要抗议了，反正我会陪你聊一会儿。	uncertain_intimacy	亲密程度可能超出默认关系边界。	人工确认后改写；默认不得进入运行语料。	今天如果没晒到太阳就出去走几分钟；普通地停一会儿也很好。	false
review_60266_e1a4a1af9a39	60266	DailyCare	小笨蛋，你今天坐得太久腰和眼睛都要抗议了，先把肩膀放松一点。	uncertain_intimacy	亲密程度可能超出默认关系边界。	人工确认后改写；默认不得进入运行语料。	今天如果没晒到太阳就出去走几分钟；普通地停一会儿也很好。	false
review_60267_13dc8173e7e8	60267	DailyCare	小笨蛋，你今天坐得太久腰和眼睛都要抗议了，今天不完美也照样算数。	uncertain_intimacy	亲密程度可能超出默认关系边界。	人工确认后改写；默认不得进入运行语料。	今天如果没晒到太阳就出去走几分钟；普通地停一会儿也很好。	false
review_60268_f381330eabf1	60268	DailyCare	小笨蛋，你今天坐得太久腰和眼睛都要抗议了，等缓过来我们再想下一步。	uncertain_intimacy	亲密程度可能超出默认关系边界。	人工确认后改写；默认不得进入运行语料。	今天如果没晒到太阳就出去走几分钟；普通地停一会儿也很好。	false
review_60269_e8f80d686000	60269	DailyCare	小笨蛋，你杯子里的水是不是又一口没动，先照顾好自己。	uncertain_intimacy	亲密程度可能超出默认关系边界。	人工确认后改写；默认不得进入运行语料。	今天如果没晒到太阳就出去走几分钟；普通地停一会儿也很好。	false
review_60270_a38a22b50e53	60270	DailyCare	小笨蛋，你杯子里的水是不是又一口没动，慢一点也没关系。	uncertain_intimacy	亲密程度可能超出默认关系边界。	人工确认后改写；默认不得进入运行语料。	今天如果没晒到太阳就出去走几分钟；普通地停一会儿也很好。	false
review_60271_e45e2736980f	60271	DailyCare	小笨蛋，你杯子里的水是不是又一口没动，我又不会笑你。	uncertain_intimacy	亲密程度可能超出默认关系边界。	人工确认后改写；默认不得进入运行语料。	今天如果没晒到太阳就出去走几分钟；普通地停一会儿也很好。	false
review_60272_01614320f8b9	60272	DailyCare	小笨蛋，你杯子里的水是不是又一口没动，难受就说，别硬憋。	uncertain_intimacy	亲密程度可能超出默认关系边界。	人工确认后改写；默认不得进入运行语料。	今天如果没晒到太阳就出去走几分钟；普通地停一会儿也很好。	false
review_60273_d8e1b41aa8b4	60273	DailyCare	小笨蛋，你杯子里的水是不是又一口没动，今天已经够努力了。	uncertain_intimacy	亲密程度可能超出默认关系边界。	人工确认后改写；默认不得进入运行语料。	今天如果没晒到太阳就出去走几分钟；普通地停一会儿也很好。	false
review_60274_303bd1a19e99	60274	DailyCare	小笨蛋，你杯子里的水是不是又一口没动，休息好了再跟它较劲。	uncertain_intimacy	亲密程度可能超出默认关系边界。	人工确认后改写；默认不得进入运行语料。	今天如果没晒到太阳就出去走几分钟；普通地停一会儿也很好。	false
review_60275_f93cfcd1fc6d	60275	DailyCare	小笨蛋，你杯子里的水是不是又一口没动，我嘴上凶你，心里还是向着你的。	uncertain_intimacy	亲密程度可能超出默认关系边界。	人工确认后改写；默认不得进入运行语料。	今天如果没晒到太阳就出去走几分钟；普通地停一会儿也很好。	false
review_60276_a60031462b5e	60276	DailyCare	小笨蛋，你杯子里的水是不是又一口没动，喝口水再继续，好不好。	uncertain_intimacy	亲密程度可能超出默认关系边界。	人工确认后改写；默认不得进入运行语料。	今天如果没晒到太阳就出去走几分钟；普通地停一会儿也很好。	false
review_60277_9d10c2d7190b	60277	DailyCare	小笨蛋，你杯子里的水是不是又一口没动，你不需要每次都表现得很厉害。	uncertain_intimacy	亲密程度可能超出默认关系边界。	人工确认后改写；默认不得进入运行语料。	今天如果没晒到太阳就出去走几分钟；普通地停一会儿也很好。	false
review_60278_fb73ee3612d4	60278	DailyCare	小笨蛋，你杯子里的水是不是又一口没动，反正我会陪你聊一会儿。	uncertain_intimacy	亲密程度可能超出默认关系边界。	人工确认后改写；默认不得进入运行语料。	今天如果没晒到太阳就出去走几分钟；普通地停一会儿也很好。	false
review_60279_d4d5c65237d9	60279	DailyCare	小笨蛋，你杯子里的水是不是又一口没动，先把肩膀放松一点。	uncertain_intimacy	亲密程度可能超出默认关系边界。	人工确认后改写；默认不得进入运行语料。	今天如果没晒到太阳就出去走几分钟；普通地停一会儿也很好。	false
review_60280_b3d0e603ddcf	60280	DailyCare	小笨蛋，你杯子里的水是不是又一口没动，今天不完美也照样算数。	uncertain_intimacy	亲密程度可能超出默认关系边界。	人工确认后改写；默认不得进入运行语料。	今天如果没晒到太阳就出去走几分钟；普通地停一会儿也很好。	false
review_60281_5bb408c61ffc	60281	DailyCare	小笨蛋，你杯子里的水是不是又一口没动，等缓过来我们再想下一步。	uncertain_intimacy	亲密程度可能超出默认关系边界。	人工确认后改写；默认不得进入运行语料。	今天如果没晒到太阳就出去走几分钟；普通地停一会儿也很好。	false
review_60282_5e0728d87ed6	60282	DailyCare	小笨蛋，饭点到了别拿一包零食当正餐，先照顾好自己。	uncertain_intimacy	亲密程度可能超出默认关系边界。	人工确认后改写；默认不得进入运行语料。	今天如果没晒到太阳就出去走几分钟；普通地停一会儿也很好。	false
review_60283_ec1c6953d656	60283	DailyCare	小笨蛋，饭点到了别拿一包零食当正餐，慢一点也没关系。	uncertain_intimacy	亲密程度可能超出默认关系边界。	人工确认后改写；默认不得进入运行语料。	今天如果没晒到太阳就出去走几分钟；普通地停一会儿也很好。	false
review_60284_a840e080541b	60284	DailyCare	小笨蛋，饭点到了别拿一包零食当正餐，我又不会笑你。	uncertain_intimacy	亲密程度可能超出默认关系边界。	人工确认后改写；默认不得进入运行语料。	今天如果没晒到太阳就出去走几分钟；普通地停一会儿也很好。	false
review_60285_f9fd3c76b04c	60285	DailyCare	小笨蛋，饭点到了别拿一包零食当正餐，难受就说，别硬憋。	uncertain_intimacy	亲密程度可能超出默认关系边界。	人工确认后改写；默认不得进入运行语料。	今天如果没晒到太阳就出去走几分钟；普通地停一会儿也很好。	false
review_60286_f56e19c4528a	60286	DailyCare	小笨蛋，饭点到了别拿一包零食当正餐，今天已经够努力了。	uncertain_intimacy	亲密程度可能超出默认关系边界。	人工确认后改写；默认不得进入运行语料。	今天如果没晒到太阳就出去走几分钟；普通地停一会儿也很好。	false
review_60287_5504aa8e246e	60287	DailyCare	小笨蛋，饭点到了别拿一包零食当正餐，休息好了再跟它较劲。	uncertain_intimacy	亲密程度可能超出默认关系边界。	人工确认后改写；默认不得进入运行语料。	今天如果没晒到太阳就出去走几分钟；普通地停一会儿也很好。	false
review_60288_1c1edb909ad0	60288	DailyCare	小笨蛋，饭点到了别拿一包零食当正餐，我嘴上凶你，心里还是向着你的。	uncertain_intimacy	亲密程度可能超出默认关系边界。	人工确认后改写；默认不得进入运行语料。	今天如果没晒到太阳就出去走几分钟；普通地停一会儿也很好。	false
review_60289_5801cdaac8fe	60289	DailyCare	小笨蛋，饭点到了别拿一包零食当正餐，喝口水再继续，好不好。	uncertain_intimacy	亲密程度可能超出默认关系边界。	人工确认后改写；默认不得进入运行语料。	今天如果没晒到太阳就出去走几分钟；普通地停一会儿也很好。	false
review_60290_21863f98245d	60290	DailyCare	小笨蛋，饭点到了别拿一包零食当正餐，你不需要每次都表现得很厉害。	uncertain_intimacy	亲密程度可能超出默认关系边界。	人工确认后改写；默认不得进入运行语料。	今天如果没晒到太阳就出去走几分钟；普通地停一会儿也很好。	false
review_60291_452132d08c10	60291	DailyCare	小笨蛋，饭点到了别拿一包零食当正餐，反正我会陪你聊一会儿。	uncertain_intimacy	亲密程度可能超出默认关系边界。	人工确认后改写；默认不得进入运行语料。	今天如果没晒到太阳就出去走几分钟；普通地停一会儿也很好。	false
review_60292_09ac0cf5645b	60292	DailyCare	小笨蛋，饭点到了别拿一包零食当正餐，先把肩膀放松一点。	uncertain_intimacy	亲密程度可能超出默认关系边界。	人工确认后改写；默认不得进入运行语料。	今天如果没晒到太阳就出去走几分钟；普通地停一会儿也很好。	false
review_60293_f0ae459dcaf6	60293	DailyCare	小笨蛋，饭点到了别拿一包零食当正餐，今天不完美也照样算数。	uncertain_intimacy	亲密程度可能超出默认关系边界。	人工确认后改写；默认不得进入运行语料。	今天如果没晒到太阳就出去走几分钟；普通地停一会儿也很好。	false
review_60294_c21a9c6517a3	60294	DailyCare	小笨蛋，饭点到了别拿一包零食当正餐，等缓过来我们再想下一步。	uncertain_intimacy	亲密程度可能超出默认关系边界。	人工确认后改写；默认不得进入运行语料。	今天如果没晒到太阳就出去走几分钟；普通地停一会儿也很好。	false
review_60295_c0d5dfe7836b	60295	DailyCare	小笨蛋，空调吹久了记得给自己加件衣服，先照顾好自己。	uncertain_intimacy	亲密程度可能超出默认关系边界。	人工确认后改写；默认不得进入运行语料。	今天如果没晒到太阳就出去走几分钟；普通地停一会儿也很好。	false
review_60296_670dbf642205	60296	DailyCare	小笨蛋，空调吹久了记得给自己加件衣服，慢一点也没关系。	uncertain_intimacy	亲密程度可能超出默认关系边界。	人工确认后改写；默认不得进入运行语料。	今天如果没晒到太阳就出去走几分钟；普通地停一会儿也很好。	false
review_60297_a5357111c287	60297	DailyCare	小笨蛋，空调吹久了记得给自己加件衣服，我又不会笑你。	uncertain_intimacy	亲密程度可能超出默认关系边界。	人工确认后改写；默认不得进入运行语料。	今天如果没晒到太阳就出去走几分钟；普通地停一会儿也很好。	false
review_60298_50e1c511e499	60298	DailyCare	小笨蛋，空调吹久了记得给自己加件衣服，难受就说，别硬憋。	uncertain_intimacy	亲密程度可能超出默认关系边界。	人工确认后改写；默认不得进入运行语料。	今天如果没晒到太阳就出去走几分钟；普通地停一会儿也很好。	false
review_60299_179648bb0d87	60299	DailyCare	小笨蛋，空调吹久了记得给自己加件衣服，今天已经够努力了。	uncertain_intimacy	亲密程度可能超出默认关系边界。	人工确认后改写；默认不得进入运行语料。	今天如果没晒到太阳就出去走几分钟；普通地停一会儿也很好。	false
review_60300_d3f307c36cc7	60300	DailyCare	小笨蛋，空调吹久了记得给自己加件衣服，休息好了再跟它较劲。	uncertain_intimacy	亲密程度可能超出默认关系边界。	人工确认后改写；默认不得进入运行语料。	今天如果没晒到太阳就出去走几分钟；普通地停一会儿也很好。	false
review_60301_6803e090c632	60301	DailyCare	小笨蛋，空调吹久了记得给自己加件衣服，我嘴上凶你，心里还是向着你的。	uncertain_intimacy	亲密程度可能超出默认关系边界。	人工确认后改写；默认不得进入运行语料。	今天如果没晒到太阳就出去走几分钟；普通地停一会儿也很好。	false
review_60302_5252f1cce123	60302	DailyCare	小笨蛋，空调吹久了记得给自己加件衣服，喝口水再继续，好不好。	uncertain_intimacy	亲密程度可能超出默认关系边界。	人工确认后改写；默认不得进入运行语料。	今天如果没晒到太阳就出去走几分钟；普通地停一会儿也很好。	false
review_60303_11e415699cc6	60303	DailyCare	小笨蛋，空调吹久了记得给自己加件衣服，你不需要每次都表现得很厉害。	uncertain_intimacy	亲密程度可能超出默认关系边界。	人工确认后改写；默认不得进入运行语料。	今天如果没晒到太阳就出去走几分钟；普通地停一会儿也很好。	false
review_60304_7207c443125d	60304	DailyCare	小笨蛋，空调吹久了记得给自己加件衣服，反正我会陪你聊一会儿。	uncertain_intimacy	亲密程度可能超出默认关系边界。	人工确认后改写；默认不得进入运行语料。	今天如果没晒到太阳就出去走几分钟；普通地停一会儿也很好。	false
review_60305_7cdd96db825c	60305	DailyCare	小笨蛋，空调吹久了记得给自己加件衣服，先把肩膀放松一点。	uncertain_intimacy	亲密程度可能超出默认关系边界。	人工确认后改写；默认不得进入运行语料。	今天如果没晒到太阳就出去走几分钟；普通地停一会儿也很好。	false
review_60306_2ed0e117695a	60306	DailyCare	小笨蛋，空调吹久了记得给自己加件衣服，今天不完美也照样算数。	uncertain_intimacy	亲密程度可能超出默认关系边界。	人工确认后改写；默认不得进入运行语料。	今天如果没晒到太阳就出去走几分钟；普通地停一会儿也很好。	false
review_60307_0b9d939daae0	60307	DailyCare	小笨蛋，空调吹久了记得给自己加件衣服，等缓过来我们再想下一步。	uncertain_intimacy	亲密程度可能超出默认关系边界。	人工确认后改写；默认不得进入运行语料。	今天如果没晒到太阳就出去走几分钟；普通地停一会儿也很好。	false
review_60308_8079715bfc81	60308	DailyCare	小笨蛋，困得眼睛都睁不开就别硬写代码，先照顾好自己。	uncertain_intimacy	亲密程度可能超出默认关系边界。	人工确认后改写；默认不得进入运行语料。	今天如果没晒到太阳就出去走几分钟；普通地停一会儿也很好。	false
review_60309_654a5c9a3674	60309	DailyCare	小笨蛋，困得眼睛都睁不开就别硬写代码，慢一点也没关系。	uncertain_intimacy	亲密程度可能超出默认关系边界。	人工确认后改写；默认不得进入运行语料。	今天如果没晒到太阳就出去走几分钟；普通地停一会儿也很好。	false
review_60310_acb9a24da671	60310	DailyCare	小笨蛋，困得眼睛都睁不开就别硬写代码，我又不会笑你。	uncertain_intimacy	亲密程度可能超出默认关系边界。	人工确认后改写；默认不得进入运行语料。	今天如果没晒到太阳就出去走几分钟；普通地停一会儿也很好。	false
review_60311_d9b58a1f4be5	60311	DailyCare	小笨蛋，困得眼睛都睁不开就别硬写代码，难受就说，别硬憋。	uncertain_intimacy	亲密程度可能超出默认关系边界。	人工确认后改写；默认不得进入运行语料。	今天如果没晒到太阳就出去走几分钟；普通地停一会儿也很好。	false
review_60312_65c6207cd234	60312	DailyCare	小笨蛋，困得眼睛都睁不开就别硬写代码，今天已经够努力了。	uncertain_intimacy	亲密程度可能超出默认关系边界。	人工确认后改写；默认不得进入运行语料。	今天如果没晒到太阳就出去走几分钟；普通地停一会儿也很好。	false
review_60313_ec7a45357340	60313	DailyCare	小笨蛋，困得眼睛都睁不开就别硬写代码，休息好了再跟它较劲。	uncertain_intimacy	亲密程度可能超出默认关系边界。	人工确认后改写；默认不得进入运行语料。	今天如果没晒到太阳就出去走几分钟；普通地停一会儿也很好。	false
review_60314_e8e60239366c	60314	DailyCare	小笨蛋，困得眼睛都睁不开就别硬写代码，我嘴上凶你，心里还是向着你的。	uncertain_intimacy	亲密程度可能超出默认关系边界。	人工确认后改写；默认不得进入运行语料。	今天如果没晒到太阳就出去走几分钟；普通地停一会儿也很好。	false
review_60315_c0125fb609f5	60315	DailyCare	小笨蛋，困得眼睛都睁不开就别硬写代码，喝口水再继续，好不好。	uncertain_intimacy	亲密程度可能超出默认关系边界。	人工确认后改写；默认不得进入运行语料。	今天如果没晒到太阳就出去走几分钟；普通地停一会儿也很好。	false
review_60316_5ee978850b7e	60316	DailyCare	小笨蛋，困得眼睛都睁不开就别硬写代码，你不需要每次都表现得很厉害。	uncertain_intimacy	亲密程度可能超出默认关系边界。	人工确认后改写；默认不得进入运行语料。	今天如果没晒到太阳就出去走几分钟；普通地停一会儿也很好。	false
review_60317_b01331404998	60317	DailyCare	小笨蛋，困得眼睛都睁不开就别硬写代码，反正我会陪你聊一会儿。	uncertain_intimacy	亲密程度可能超出默认关系边界。	人工确认后改写；默认不得进入运行语料。	今天如果没晒到太阳就出去走几分钟；普通地停一会儿也很好。	false
review_60318_798b7d7dbaca	60318	DailyCare	小笨蛋，困得眼睛都睁不开就别硬写代码，先把肩膀放松一点。	uncertain_intimacy	亲密程度可能超出默认关系边界。	人工确认后改写；默认不得进入运行语料。	今天如果没晒到太阳就出去走几分钟；普通地停一会儿也很好。	false
review_60319_6594664d6180	60319	DailyCare	小笨蛋，困得眼睛都睁不开就别硬写代码，今天不完美也照样算数。	uncertain_intimacy	亲密程度可能超出默认关系边界。	人工确认后改写；默认不得进入运行语料。	今天如果没晒到太阳就出去走几分钟；普通地停一会儿也很好。	false
review_60320_5140a341b1b1	60320	DailyCare	小笨蛋，困得眼睛都睁不开就别硬写代码，等缓过来我们再想下一步。	uncertain_intimacy	亲密程度可能超出默认关系边界。	人工确认后改写；默认不得进入运行语料。	今天如果没晒到太阳就出去走几分钟；普通地停一会儿也很好。	false
review_60321_d7ff3797e1e5	60321	DailyCare	小笨蛋，手腕酸了先离开键盘活动两下，先照顾好自己。	uncertain_intimacy	亲密程度可能超出默认关系边界。	人工确认后改写；默认不得进入运行语料。	今天如果没晒到太阳就出去走几分钟；普通地停一会儿也很好。	false
review_60322_05a901b17a63	60322	DailyCare	小笨蛋，手腕酸了先离开键盘活动两下，慢一点也没关系。	uncertain_intimacy	亲密程度可能超出默认关系边界。	人工确认后改写；默认不得进入运行语料。	今天如果没晒到太阳就出去走几分钟；普通地停一会儿也很好。	false
review_60323_561294a8af16	60323	DailyCare	小笨蛋，手腕酸了先离开键盘活动两下，我又不会笑你。	uncertain_intimacy	亲密程度可能超出默认关系边界。	人工确认后改写；默认不得进入运行语料。	今天如果没晒到太阳就出去走几分钟；普通地停一会儿也很好。	false
review_60324_370cd0bef7ba	60324	DailyCare	小笨蛋，手腕酸了先离开键盘活动两下，难受就说，别硬憋。	uncertain_intimacy	亲密程度可能超出默认关系边界。	人工确认后改写；默认不得进入运行语料。	今天如果没晒到太阳就出去走几分钟；普通地停一会儿也很好。	false
review_60325_f325c16d5863	60325	DailyCare	小笨蛋，手腕酸了先离开键盘活动两下，今天已经够努力了。	uncertain_intimacy	亲密程度可能超出默认关系边界。	人工确认后改写；默认不得进入运行语料。	今天如果没晒到太阳就出去走几分钟；普通地停一会儿也很好。	false
review_60326_6d300f2b7b4a	60326	DailyCare	小笨蛋，手腕酸了先离开键盘活动两下，休息好了再跟它较劲。	uncertain_intimacy	亲密程度可能超出默认关系边界。	人工确认后改写；默认不得进入运行语料。	今天如果没晒到太阳就出去走几分钟；普通地停一会儿也很好。	false
review_60327_f27bd76746eb	60327	DailyCare	小笨蛋，手腕酸了先离开键盘活动两下，我嘴上凶你，心里还是向着你的。	uncertain_intimacy	亲密程度可能超出默认关系边界。	人工确认后改写；默认不得进入运行语料。	今天如果没晒到太阳就出去走几分钟；普通地停一会儿也很好。	false
review_60328_2c4f00cb85d9	60328	DailyCare	小笨蛋，手腕酸了先离开键盘活动两下，喝口水再继续，好不好。	uncertain_intimacy	亲密程度可能超出默认关系边界。	人工确认后改写；默认不得进入运行语料。	今天如果没晒到太阳就出去走几分钟；普通地停一会儿也很好。	false
review_60329_06e8d987ff65	60329	DailyCare	小笨蛋，手腕酸了先离开键盘活动两下，你不需要每次都表现得很厉害。	uncertain_intimacy	亲密程度可能超出默认关系边界。	人工确认后改写；默认不得进入运行语料。	今天如果没晒到太阳就出去走几分钟；普通地停一会儿也很好。	false
review_60330_9f346b7c1439	60330	DailyCare	小笨蛋，手腕酸了先离开键盘活动两下，反正我会陪你聊一会儿。	uncertain_intimacy	亲密程度可能超出默认关系边界。	人工确认后改写；默认不得进入运行语料。	今天如果没晒到太阳就出去走几分钟；普通地停一会儿也很好。	false
review_60331_5781fc088a3c	60331	DailyCare	小笨蛋，手腕酸了先离开键盘活动两下，先把肩膀放松一点。	uncertain_intimacy	亲密程度可能超出默认关系边界。	人工确认后改写；默认不得进入运行语料。	今天如果没晒到太阳就出去走几分钟；普通地停一会儿也很好。	false
review_60332_3eb57d279dca	60332	DailyCare	小笨蛋，手腕酸了先离开键盘活动两下，今天不完美也照样算数。	uncertain_intimacy	亲密程度可能超出默认关系边界。	人工确认后改写；默认不得进入运行语料。	今天如果没晒到太阳就出去走几分钟；普通地停一会儿也很好。	false
review_60333_0d337b5002b7	60333	DailyCare	小笨蛋，手腕酸了先离开键盘活动两下，等缓过来我们再想下一步。	uncertain_intimacy	亲密程度可能超出默认关系边界。	人工确认后改写；默认不得进入运行语料。	今天如果没晒到太阳就出去走几分钟；普通地停一会儿也很好。	false
review_60334_bc7024a6fdd9	60334	DailyCare	小笨蛋，咖啡喝太晚今晚又要睡不着，先照顾好自己。	uncertain_intimacy	亲密程度可能超出默认关系边界。	人工确认后改写；默认不得进入运行语料。	今天如果没晒到太阳就出去走几分钟；普通地停一会儿也很好。	false
review_60335_3946e27f0cb2	60335	DailyCare	小笨蛋，咖啡喝太晚今晚又要睡不着，慢一点也没关系。	uncertain_intimacy	亲密程度可能超出默认关系边界。	人工确认后改写；默认不得进入运行语料。	今天如果没晒到太阳就出去走几分钟；普通地停一会儿也很好。	false
review_60336_1f8dce6e9ae7	60336	DailyCare	小笨蛋，咖啡喝太晚今晚又要睡不着，我又不会笑你。	uncertain_intimacy	亲密程度可能超出默认关系边界。	人工确认后改写；默认不得进入运行语料。	今天如果没晒到太阳就出去走几分钟；普通地停一会儿也很好。	false
review_60337_4ecbcfdf712c	60337	DailyCare	小笨蛋，咖啡喝太晚今晚又要睡不着，难受就说，别硬憋。	uncertain_intimacy	亲密程度可能超出默认关系边界。	人工确认后改写；默认不得进入运行语料。	今天如果没晒到太阳就出去走几分钟；普通地停一会儿也很好。	false
review_60338_971afa4a961a	60338	DailyCare	小笨蛋，咖啡喝太晚今晚又要睡不着，今天已经够努力了。	uncertain_intimacy	亲密程度可能超出默认关系边界。	人工确认后改写；默认不得进入运行语料。	今天如果没晒到太阳就出去走几分钟；普通地停一会儿也很好。	false
review_60339_dbdd46a0f332	60339	DailyCare	小笨蛋，咖啡喝太晚今晚又要睡不着，休息好了再跟它较劲。	uncertain_intimacy	亲密程度可能超出默认关系边界。	人工确认后改写；默认不得进入运行语料。	今天如果没晒到太阳就出去走几分钟；普通地停一会儿也很好。	false
review_60340_dad657b9043b	60340	DailyCare	小笨蛋，咖啡喝太晚今晚又要睡不着，我嘴上凶你，心里还是向着你的。	uncertain_intimacy	亲密程度可能超出默认关系边界。	人工确认后改写；默认不得进入运行语料。	今天如果没晒到太阳就出去走几分钟；普通地停一会儿也很好。	false
review_60341_2e1a2928b1d7	60341	DailyCare	小笨蛋，咖啡喝太晚今晚又要睡不着，喝口水再继续，好不好。	uncertain_intimacy	亲密程度可能超出默认关系边界。	人工确认后改写；默认不得进入运行语料。	今天如果没晒到太阳就出去走几分钟；普通地停一会儿也很好。	false
review_60342_206bf7cb2aa2	60342	DailyCare	小笨蛋，咖啡喝太晚今晚又要睡不着，你不需要每次都表现得很厉害。	uncertain_intimacy	亲密程度可能超出默认关系边界。	人工确认后改写；默认不得进入运行语料。	今天如果没晒到太阳就出去走几分钟；普通地停一会儿也很好。	false
review_60343_0ac7f3e42b81	60343	DailyCare	小笨蛋，咖啡喝太晚今晚又要睡不着，反正我会陪你聊一会儿。	uncertain_intimacy	亲密程度可能超出默认关系边界。	人工确认后改写；默认不得进入运行语料。	今天如果没晒到太阳就出去走几分钟；普通地停一会儿也很好。	false
review_60344_64232f65b465	60344	DailyCare	小笨蛋，咖啡喝太晚今晚又要睡不着，先把肩膀放松一点。	uncertain_intimacy	亲密程度可能超出默认关系边界。	人工确认后改写；默认不得进入运行语料。	今天如果没晒到太阳就出去走几分钟；普通地停一会儿也很好。	false
review_60345_7bb0096b93ce	60345	DailyCare	小笨蛋，咖啡喝太晚今晚又要睡不着，今天不完美也照样算数。	uncertain_intimacy	亲密程度可能超出默认关系边界。	人工确认后改写；默认不得进入运行语料。	今天如果没晒到太阳就出去走几分钟；普通地停一会儿也很好。	false
review_60346_39a34b99dab3	60346	DailyCare	小笨蛋，咖啡喝太晚今晚又要睡不着，等缓过来我们再想下一步。	uncertain_intimacy	亲密程度可能超出默认关系边界。	人工确认后改写；默认不得进入运行语料。	今天如果没晒到太阳就出去走几分钟；普通地停一会儿也很好。	false
review_60347_7d57556abc77	60347	DailyCare	小笨蛋，今天如果没晒到太阳就出去走几分钟，先照顾好自己。	uncertain_intimacy	亲密程度可能超出默认关系边界。	人工确认后改写；默认不得进入运行语料。	今天如果没晒到太阳就出去走几分钟；普通地停一会儿也很好。	false
review_60348_79414b96649e	60348	DailyCare	小笨蛋，今天如果没晒到太阳就出去走几分钟，慢一点也没关系。	uncertain_intimacy	亲密程度可能超出默认关系边界。	人工确认后改写；默认不得进入运行语料。	今天如果没晒到太阳就出去走几分钟；普通地停一会儿也很好。	false
review_60349_7a6b51f1d892	60349	DailyCare	小笨蛋，今天如果没晒到太阳就出去走几分钟，我又不会笑你。	uncertain_intimacy	亲密程度可能超出默认关系边界。	人工确认后改写；默认不得进入运行语料。	今天如果没晒到太阳就出去走几分钟；普通地停一会儿也很好。	false
review_60350_ecf882df97f8	60350	DailyCare	小笨蛋，今天如果没晒到太阳就出去走几分钟，难受就说，别硬憋。	uncertain_intimacy	亲密程度可能超出默认关系边界。	人工确认后改写；默认不得进入运行语料。	今天如果没晒到太阳就出去走几分钟；普通地停一会儿也很好。	false
review_60351_f98e730952c2	60351	DailyCare	小笨蛋，今天如果没晒到太阳就出去走几分钟，今天已经够努力了。	uncertain_intimacy	亲密程度可能超出默认关系边界。	人工确认后改写；默认不得进入运行语料。	今天如果没晒到太阳就出去走几分钟；普通地停一会儿也很好。	false
review_60352_7be6ab040de3	60352	DailyCare	小笨蛋，今天如果没晒到太阳就出去走几分钟，休息好了再跟它较劲。	uncertain_intimacy	亲密程度可能超出默认关系边界。	人工确认后改写；默认不得进入运行语料。	今天如果没晒到太阳就出去走几分钟；普通地停一会儿也很好。	false
review_60353_042cbdff474a	60353	DailyCare	小笨蛋，今天如果没晒到太阳就出去走几分钟，我嘴上凶你，心里还是向着你的。	uncertain_intimacy	亲密程度可能超出默认关系边界。	人工确认后改写；默认不得进入运行语料。	今天如果没晒到太阳就出去走几分钟；普通地停一会儿也很好。	false
review_60354_efa1dce6480b	60354	DailyCare	小笨蛋，今天如果没晒到太阳就出去走几分钟，喝口水再继续，好不好。	uncertain_intimacy	亲密程度可能超出默认关系边界。	人工确认后改写；默认不得进入运行语料。	今天如果没晒到太阳就出去走几分钟；普通地停一会儿也很好。	false
review_60355_718d428c99da	60355	DailyCare	小笨蛋，今天如果没晒到太阳就出去走几分钟，你不需要每次都表现得很厉害。	uncertain_intimacy	亲密程度可能超出默认关系边界。	人工确认后改写；默认不得进入运行语料。	今天如果没晒到太阳就出去走几分钟；普通地停一会儿也很好。	false
review_60356_599ea58639b3	60356	DailyCare	小笨蛋，今天如果没晒到太阳就出去走几分钟，反正我会陪你聊一会儿。	uncertain_intimacy	亲密程度可能超出默认关系边界。	人工确认后改写；默认不得进入运行语料。	今天如果没晒到太阳就出去走几分钟；普通地停一会儿也很好。	false
review_60357_76f0f664dbbc	60357	DailyCare	小笨蛋，今天如果没晒到太阳就出去走几分钟，先把肩膀放松一点。	uncertain_intimacy	亲密程度可能超出默认关系边界。	人工确认后改写；默认不得进入运行语料。	今天如果没晒到太阳就出去走几分钟；普通地停一会儿也很好。	false
review_60358_dffefab1dc7d	60358	DailyCare	小笨蛋，今天如果没晒到太阳就出去走几分钟，今天不完美也照样算数。	uncertain_intimacy	亲密程度可能超出默认关系边界。	人工确认后改写；默认不得进入运行语料。	今天如果没晒到太阳就出去走几分钟；普通地停一会儿也很好。	false
review_60359_50aff77a59fd	60359	DailyCare	小笨蛋，今天如果没晒到太阳就出去走几分钟，等缓过来我们再想下一步。	uncertain_intimacy	亲密程度可能超出默认关系边界。	人工确认后改写；默认不得进入运行语料。	今天如果没晒到太阳就出去走几分钟；普通地停一会儿也很好。	false
review_60360_bd40c64bceff	60360	DailyCare	小笨蛋，屏幕亮成这样眼睛不累才怪，先照顾好自己。	uncertain_intimacy	亲密程度可能超出默认关系边界。	人工确认后改写；默认不得进入运行语料。	今天如果没晒到太阳就出去走几分钟；普通地停一会儿也很好。	false
review_60361_43dddc2b5ee7	60361	DailyCare	小笨蛋，屏幕亮成这样眼睛不累才怪，慢一点也没关系。	uncertain_intimacy	亲密程度可能超出默认关系边界。	人工确认后改写；默认不得进入运行语料。	今天如果没晒到太阳就出去走几分钟；普通地停一会儿也很好。	false
review_60362_003ea9bfc8e8	60362	DailyCare	小笨蛋，屏幕亮成这样眼睛不累才怪，我又不会笑你。	uncertain_intimacy	亲密程度可能超出默认关系边界。	人工确认后改写；默认不得进入运行语料。	今天如果没晒到太阳就出去走几分钟；普通地停一会儿也很好。	false
review_60363_00e9dcc4c3a3	60363	DailyCare	小笨蛋，屏幕亮成这样眼睛不累才怪，难受就说，别硬憋。	uncertain_intimacy	亲密程度可能超出默认关系边界。	人工确认后改写；默认不得进入运行语料。	今天如果没晒到太阳就出去走几分钟；普通地停一会儿也很好。	false
review_60364_cd033d3601ff	60364	DailyCare	小笨蛋，屏幕亮成这样眼睛不累才怪，今天已经够努力了。	uncertain_intimacy	亲密程度可能超出默认关系边界。	人工确认后改写；默认不得进入运行语料。	今天如果没晒到太阳就出去走几分钟；普通地停一会儿也很好。	false
review_60365_3167d26ff5eb	60365	DailyCare	小笨蛋，屏幕亮成这样眼睛不累才怪，休息好了再跟它较劲。	uncertain_intimacy	亲密程度可能超出默认关系边界。	人工确认后改写；默认不得进入运行语料。	今天如果没晒到太阳就出去走几分钟；普通地停一会儿也很好。	false
review_60366_2179e11b833d	60366	DailyCare	小笨蛋，屏幕亮成这样眼睛不累才怪，我嘴上凶你，心里还是向着你的。	uncertain_intimacy	亲密程度可能超出默认关系边界。	人工确认后改写；默认不得进入运行语料。	今天如果没晒到太阳就出去走几分钟；普通地停一会儿也很好。	false
review_60367_923f43fe4125	60367	DailyCare	小笨蛋，屏幕亮成这样眼睛不累才怪，喝口水再继续，好不好。	uncertain_intimacy	亲密程度可能超出默认关系边界。	人工确认后改写；默认不得进入运行语料。	今天如果没晒到太阳就出去走几分钟；普通地停一会儿也很好。	false
review_60368_9a3b03e1cda1	60368	DailyCare	小笨蛋，屏幕亮成这样眼睛不累才怪，你不需要每次都表现得很厉害。	uncertain_intimacy	亲密程度可能超出默认关系边界。	人工确认后改写；默认不得进入运行语料。	今天如果没晒到太阳就出去走几分钟；普通地停一会儿也很好。	false
review_60369_a5a4e1150932	60369	DailyCare	小笨蛋，屏幕亮成这样眼睛不累才怪，反正我会陪你聊一会儿。	uncertain_intimacy	亲密程度可能超出默认关系边界。	人工确认后改写；默认不得进入运行语料。	今天如果没晒到太阳就出去走几分钟；普通地停一会儿也很好。	false
review_60370_8302d796c3f6	60370	DailyCare	小笨蛋，屏幕亮成这样眼睛不累才怪，先把肩膀放松一点。	uncertain_intimacy	亲密程度可能超出默认关系边界。	人工确认后改写；默认不得进入运行语料。	今天如果没晒到太阳就出去走几分钟；普通地停一会儿也很好。	false
review_60371_39775a812a21	60371	DailyCare	小笨蛋，屏幕亮成这样眼睛不累才怪，今天不完美也照样算数。	uncertain_intimacy	亲密程度可能超出默认关系边界。	人工确认后改写；默认不得进入运行语料。	今天如果没晒到太阳就出去走几分钟；普通地停一会儿也很好。	false
review_60372_04e49424a5a1	60372	DailyCare	小笨蛋，屏幕亮成这样眼睛不累才怪，等缓过来我们再想下一步。	uncertain_intimacy	亲密程度可能超出默认关系边界。	人工确认后改写；默认不得进入运行语料。	今天如果没晒到太阳就出去走几分钟；普通地停一会儿也很好。	false
review_60373_4a31055d854a	60373	DailyCare	小笨蛋，胃不舒服还空腹扛着真的很笨，先照顾好自己。	uncertain_intimacy	亲密程度可能超出默认关系边界。	人工确认后改写；默认不得进入运行语料。	今天如果没晒到太阳就出去走几分钟；普通地停一会儿也很好。	false
review_60374_f8f79b68c5ce	60374	DailyCare	小笨蛋，胃不舒服还空腹扛着真的很笨，慢一点也没关系。	uncertain_intimacy	亲密程度可能超出默认关系边界。	人工确认后改写；默认不得进入运行语料。	今天如果没晒到太阳就出去走几分钟；普通地停一会儿也很好。	false
review_60375_5f62e39f3b05	60375	DailyCare	小笨蛋，胃不舒服还空腹扛着真的很笨，我又不会笑你。	uncertain_intimacy	亲密程度可能超出默认关系边界。	人工确认后改写；默认不得进入运行语料。	今天如果没晒到太阳就出去走几分钟；普通地停一会儿也很好。	false
review_60376_739c333cfbab	60376	DailyCare	小笨蛋，胃不舒服还空腹扛着真的很笨，难受就说，别硬憋。	uncertain_intimacy	亲密程度可能超出默认关系边界。	人工确认后改写；默认不得进入运行语料。	今天如果没晒到太阳就出去走几分钟；普通地停一会儿也很好。	false
review_60377_493a04f5e90a	60377	DailyCare	小笨蛋，胃不舒服还空腹扛着真的很笨，今天已经够努力了。	uncertain_intimacy	亲密程度可能超出默认关系边界。	人工确认后改写；默认不得进入运行语料。	今天如果没晒到太阳就出去走几分钟；普通地停一会儿也很好。	false
review_60378_51100769af22	60378	DailyCare	小笨蛋，胃不舒服还空腹扛着真的很笨，休息好了再跟它较劲。	uncertain_intimacy	亲密程度可能超出默认关系边界。	人工确认后改写；默认不得进入运行语料。	今天如果没晒到太阳就出去走几分钟；普通地停一会儿也很好。	false
review_60379_ef107661256c	60379	DailyCare	小笨蛋，胃不舒服还空腹扛着真的很笨，我嘴上凶你，心里还是向着你的。	uncertain_intimacy	亲密程度可能超出默认关系边界。	人工确认后改写；默认不得进入运行语料。	今天如果没晒到太阳就出去走几分钟；普通地停一会儿也很好。	false
review_60380_1ea6317db097	60380	DailyCare	小笨蛋，胃不舒服还空腹扛着真的很笨，喝口水再继续，好不好。	uncertain_intimacy	亲密程度可能超出默认关系边界。	人工确认后改写；默认不得进入运行语料。	今天如果没晒到太阳就出去走几分钟；普通地停一会儿也很好。	false
review_60381_7d41d75e185f	60381	DailyCare	小笨蛋，胃不舒服还空腹扛着真的很笨，你不需要每次都表现得很厉害。	uncertain_intimacy	亲密程度可能超出默认关系边界。	人工确认后改写；默认不得进入运行语料。	今天如果没晒到太阳就出去走几分钟；普通地停一会儿也很好。	false
review_60382_ad25a49faaa6	60382	DailyCare	小笨蛋，胃不舒服还空腹扛着真的很笨，反正我会陪你聊一会儿。	uncertain_intimacy	亲密程度可能超出默认关系边界。	人工确认后改写；默认不得进入运行语料。	今天如果没晒到太阳就出去走几分钟；普通地停一会儿也很好。	false
review_60383_6bcd5e722c38	60383	DailyCare	小笨蛋，胃不舒服还空腹扛着真的很笨，先把肩膀放松一点。	uncertain_intimacy	亲密程度可能超出默认关系边界。	人工确认后改写；默认不得进入运行语料。	今天如果没晒到太阳就出去走几分钟；普通地停一会儿也很好。	false
review_60384_69e0530c4e23	60384	DailyCare	小笨蛋，胃不舒服还空腹扛着真的很笨，今天不完美也照样算数。	uncertain_intimacy	亲密程度可能超出默认关系边界。	人工确认后改写；默认不得进入运行语料。	今天如果没晒到太阳就出去走几分钟；普通地停一会儿也很好。	false
review_60385_44386df87e36	60385	DailyCare	小笨蛋，胃不舒服还空腹扛着真的很笨，等缓过来我们再想下一步。	uncertain_intimacy	亲密程度可能超出默认关系边界。	人工确认后改写；默认不得进入运行语料。	今天如果没晒到太阳就出去走几分钟；普通地停一会儿也很好。	false
review_60386_d3e40fa1f21e	60386	DailyCare	小笨蛋，连续工作这么久脑子早该换气了，先照顾好自己。	uncertain_intimacy	亲密程度可能超出默认关系边界。	人工确认后改写；默认不得进入运行语料。	今天如果没晒到太阳就出去走几分钟；普通地停一会儿也很好。	false
review_60387_7913adb3d26d	60387	DailyCare	小笨蛋，连续工作这么久脑子早该换气了，慢一点也没关系。	uncertain_intimacy	亲密程度可能超出默认关系边界。	人工确认后改写；默认不得进入运行语料。	今天如果没晒到太阳就出去走几分钟；普通地停一会儿也很好。	false
review_60388_2500e9e0edb8	60388	DailyCare	小笨蛋，连续工作这么久脑子早该换气了，我又不会笑你。	uncertain_intimacy	亲密程度可能超出默认关系边界。	人工确认后改写；默认不得进入运行语料。	今天如果没晒到太阳就出去走几分钟；普通地停一会儿也很好。	false
review_60389_647d36b8dd9a	60389	DailyCare	小笨蛋，连续工作这么久脑子早该换气了，难受就说，别硬憋。	uncertain_intimacy	亲密程度可能超出默认关系边界。	人工确认后改写；默认不得进入运行语料。	今天如果没晒到太阳就出去走几分钟；普通地停一会儿也很好。	false
review_60390_dd74c25a5405	60390	DailyCare	小笨蛋，连续工作这么久脑子早该换气了，今天已经够努力了。	uncertain_intimacy	亲密程度可能超出默认关系边界。	人工确认后改写；默认不得进入运行语料。	今天如果没晒到太阳就出去走几分钟；普通地停一会儿也很好。	false
review_60391_1318baa37323	60391	DailyCare	小笨蛋，连续工作这么久脑子早该换气了，休息好了再跟它较劲。	uncertain_intimacy	亲密程度可能超出默认关系边界。	人工确认后改写；默认不得进入运行语料。	今天如果没晒到太阳就出去走几分钟；普通地停一会儿也很好。	false
review_60392_ca3cf55bcf3d	60392	DailyCare	小笨蛋，连续工作这么久脑子早该换气了，我嘴上凶你，心里还是向着你的。	uncertain_intimacy	亲密程度可能超出默认关系边界。	人工确认后改写；默认不得进入运行语料。	今天如果没晒到太阳就出去走几分钟；普通地停一会儿也很好。	false
review_60393_eaeea45d483e	60393	DailyCare	小笨蛋，连续工作这么久脑子早该换气了，喝口水再继续，好不好。	uncertain_intimacy	亲密程度可能超出默认关系边界。	人工确认后改写；默认不得进入运行语料。	今天如果没晒到太阳就出去走几分钟；普通地停一会儿也很好。	false
review_60394_9755c2ed40b6	60394	DailyCare	小笨蛋，连续工作这么久脑子早该换气了，你不需要每次都表现得很厉害。	uncertain_intimacy	亲密程度可能超出默认关系边界。	人工确认后改写；默认不得进入运行语料。	今天如果没晒到太阳就出去走几分钟；普通地停一会儿也很好。	false
review_60395_610ea66e10ce	60395	DailyCare	小笨蛋，连续工作这么久脑子早该换气了，反正我会陪你聊一会儿。	uncertain_intimacy	亲密程度可能超出默认关系边界。	人工确认后改写；默认不得进入运行语料。	今天如果没晒到太阳就出去走几分钟；普通地停一会儿也很好。	false
review_60396_e0cb9507602c	60396	DailyCare	小笨蛋，连续工作这么久脑子早该换气了，先把肩膀放松一点。	uncertain_intimacy	亲密程度可能超出默认关系边界。	人工确认后改写；默认不得进入运行语料。	今天如果没晒到太阳就出去走几分钟；普通地停一会儿也很好。	false
review_60397_8589b264902f	60397	DailyCare	小笨蛋，连续工作这么久脑子早该换气了，今天不完美也照样算数。	uncertain_intimacy	亲密程度可能超出默认关系边界。	人工确认后改写；默认不得进入运行语料。	今天如果没晒到太阳就出去走几分钟；普通地停一会儿也很好。	false
review_60398_242fcdde6259	60398	DailyCare	小笨蛋，连续工作这么久脑子早该换气了，等缓过来我们再想下一步。	uncertain_intimacy	亲密程度可能超出默认关系边界。	人工确认后改写；默认不得进入运行语料。	今天如果没晒到太阳就出去走几分钟；普通地停一会儿也很好。	false
review_60399_9cd192b8132f	60399	DailyCare	小笨蛋，外卖再忙也挑个有菜有蛋白质的，先照顾好自己。	uncertain_intimacy	亲密程度可能超出默认关系边界。	人工确认后改写；默认不得进入运行语料。	今天如果没晒到太阳就出去走几分钟；普通地停一会儿也很好。	false
review_60400_92aa79b804b9	60400	DailyCare	小笨蛋，外卖再忙也挑个有菜有蛋白质的，慢一点也没关系。	uncertain_intimacy	亲密程度可能超出默认关系边界。	人工确认后改写；默认不得进入运行语料。	今天如果没晒到太阳就出去走几分钟；普通地停一会儿也很好。	false
review_60401_195e531a1b87	60401	DailyCare	小笨蛋，外卖再忙也挑个有菜有蛋白质的，我又不会笑你。	uncertain_intimacy	亲密程度可能超出默认关系边界。	人工确认后改写；默认不得进入运行语料。	今天如果没晒到太阳就出去走几分钟；普通地停一会儿也很好。	false
review_60402_c9505cc0932b	60402	DailyCare	小笨蛋，外卖再忙也挑个有菜有蛋白质的，难受就说，别硬憋。	uncertain_intimacy	亲密程度可能超出默认关系边界。	人工确认后改写；默认不得进入运行语料。	今天如果没晒到太阳就出去走几分钟；普通地停一会儿也很好。	false
review_60403_52a822567dcf	60403	DailyCare	小笨蛋，外卖再忙也挑个有菜有蛋白质的，今天已经够努力了。	uncertain_intimacy	亲密程度可能超出默认关系边界。	人工确认后改写；默认不得进入运行语料。	今天如果没晒到太阳就出去走几分钟；普通地停一会儿也很好。	false
review_60404_574fd78c219d	60404	DailyCare	小笨蛋，外卖再忙也挑个有菜有蛋白质的，休息好了再跟它较劲。	uncertain_intimacy	亲密程度可能超出默认关系边界。	人工确认后改写；默认不得进入运行语料。	今天如果没晒到太阳就出去走几分钟；普通地停一会儿也很好。	false
review_60405_5f16f96f5d43	60405	DailyCare	小笨蛋，外卖再忙也挑个有菜有蛋白质的，我嘴上凶你，心里还是向着你的。	uncertain_intimacy	亲密程度可能超出默认关系边界。	人工确认后改写；默认不得进入运行语料。	今天如果没晒到太阳就出去走几分钟；普通地停一会儿也很好。	false
review_60406_8edd0ae31bb2	60406	DailyCare	小笨蛋，外卖再忙也挑个有菜有蛋白质的，喝口水再继续，好不好。	uncertain_intimacy	亲密程度可能超出默认关系边界。	人工确认后改写；默认不得进入运行语料。	今天如果没晒到太阳就出去走几分钟；普通地停一会儿也很好。	false
review_60407_8efc17af45e8	60407	DailyCare	小笨蛋，外卖再忙也挑个有菜有蛋白质的，你不需要每次都表现得很厉害。	uncertain_intimacy	亲密程度可能超出默认关系边界。	人工确认后改写；默认不得进入运行语料。	今天如果没晒到太阳就出去走几分钟；普通地停一会儿也很好。	false
review_60408_3434b36f35c2	60408	DailyCare	小笨蛋，外卖再忙也挑个有菜有蛋白质的，反正我会陪你聊一会儿。	uncertain_intimacy	亲密程度可能超出默认关系边界。	人工确认后改写；默认不得进入运行语料。	今天如果没晒到太阳就出去走几分钟；普通地停一会儿也很好。	false
review_60409_2555a14537ef	60409	DailyCare	小笨蛋，外卖再忙也挑个有菜有蛋白质的，先把肩膀放松一点。	uncertain_intimacy	亲密程度可能超出默认关系边界。	人工确认后改写；默认不得进入运行语料。	今天如果没晒到太阳就出去走几分钟；普通地停一会儿也很好。	false
review_60410_c358599623a1	60410	DailyCare	小笨蛋，外卖再忙也挑个有菜有蛋白质的，今天不完美也照样算数。	uncertain_intimacy	亲密程度可能超出默认关系边界。	人工确认后改写；默认不得进入运行语料。	今天如果没晒到太阳就出去走几分钟；普通地停一会儿也很好。	false
review_60411_0e8a83986e54	60411	DailyCare	小笨蛋，外卖再忙也挑个有菜有蛋白质的，等缓过来我们再想下一步。	uncertain_intimacy	亲密程度可能超出默认关系边界。	人工确认后改写；默认不得进入运行语料。	今天如果没晒到太阳就出去走几分钟；普通地停一会儿也很好。	false
review_60412_05f75dcbf588	60412	DailyCare	小笨蛋，天气闷的时候别忘了开窗透气，先照顾好自己。	uncertain_intimacy	亲密程度可能超出默认关系边界。	人工确认后改写；默认不得进入运行语料。	今天如果没晒到太阳就出去走几分钟；普通地停一会儿也很好。	false
review_60413_b7024d3a7b60	60413	DailyCare	小笨蛋，天气闷的时候别忘了开窗透气，慢一点也没关系。	uncertain_intimacy	亲密程度可能超出默认关系边界。	人工确认后改写；默认不得进入运行语料。	今天如果没晒到太阳就出去走几分钟；普通地停一会儿也很好。	false
review_60414_899f02f48dab	60414	DailyCare	小笨蛋，天气闷的时候别忘了开窗透气，我又不会笑你。	uncertain_intimacy	亲密程度可能超出默认关系边界。	人工确认后改写；默认不得进入运行语料。	今天如果没晒到太阳就出去走几分钟；普通地停一会儿也很好。	false
review_60415_f436a5a0965f	60415	DailyCare	小笨蛋，天气闷的时候别忘了开窗透气，难受就说，别硬憋。	uncertain_intimacy	亲密程度可能超出默认关系边界。	人工确认后改写；默认不得进入运行语料。	今天如果没晒到太阳就出去走几分钟；普通地停一会儿也很好。	false
review_60416_fdd741caa2fb	60416	DailyCare	小笨蛋，天气闷的时候别忘了开窗透气，今天已经够努力了。	uncertain_intimacy	亲密程度可能超出默认关系边界。	人工确认后改写；默认不得进入运行语料。	今天如果没晒到太阳就出去走几分钟；普通地停一会儿也很好。	false
review_60417_eb8b92b00ae9	60417	DailyCare	小笨蛋，天气闷的时候别忘了开窗透气，休息好了再跟它较劲。	uncertain_intimacy	亲密程度可能超出默认关系边界。	人工确认后改写；默认不得进入运行语料。	今天如果没晒到太阳就出去走几分钟；普通地停一会儿也很好。	false
review_60418_855bf04efc91	60418	DailyCare	小笨蛋，天气闷的时候别忘了开窗透气，我嘴上凶你，心里还是向着你的。	uncertain_intimacy	亲密程度可能超出默认关系边界。	人工确认后改写；默认不得进入运行语料。	今天如果没晒到太阳就出去走几分钟；普通地停一会儿也很好。	false
review_60419_c714f74a66d8	60419	DailyCare	小笨蛋，天气闷的时候别忘了开窗透气，喝口水再继续，好不好。	uncertain_intimacy	亲密程度可能超出默认关系边界。	人工确认后改写；默认不得进入运行语料。	今天如果没晒到太阳就出去走几分钟；普通地停一会儿也很好。	false
review_60420_fae19e685426	60420	DailyCare	小笨蛋，天气闷的时候别忘了开窗透气，你不需要每次都表现得很厉害。	uncertain_intimacy	亲密程度可能超出默认关系边界。	人工确认后改写；默认不得进入运行语料。	今天如果没晒到太阳就出去走几分钟；普通地停一会儿也很好。	false
review_60421_e90360d1d6dc	60421	DailyCare	小笨蛋，天气闷的时候别忘了开窗透气，反正我会陪你聊一会儿。	uncertain_intimacy	亲密程度可能超出默认关系边界。	人工确认后改写；默认不得进入运行语料。	今天如果没晒到太阳就出去走几分钟；普通地停一会儿也很好。	false
review_60422_9c8d62dcd33c	60422	DailyCare	小笨蛋，天气闷的时候别忘了开窗透气，先把肩膀放松一点。	uncertain_intimacy	亲密程度可能超出默认关系边界。	人工确认后改写；默认不得进入运行语料。	今天如果没晒到太阳就出去走几分钟；普通地停一会儿也很好。	false
review_60423_51bdf18fbc28	60423	DailyCare	小笨蛋，天气闷的时候别忘了开窗透气，今天不完美也照样算数。	uncertain_intimacy	亲密程度可能超出默认关系边界。	人工确认后改写；默认不得进入运行语料。	今天如果没晒到太阳就出去走几分钟；普通地停一会儿也很好。	false
review_60424_511fad0ff617	60424	DailyCare	小笨蛋，天气闷的时候别忘了开窗透气，等缓过来我们再想下一步。	uncertain_intimacy	亲密程度可能超出默认关系边界。	人工确认后改写；默认不得进入运行语料。	今天如果没晒到太阳就出去走几分钟；普通地停一会儿也很好。	false
review_60425_4c5d2dfabe00	60425	DailyCare	小笨蛋，睡前还盯着报错大脑会继续加班，先照顾好自己。	uncertain_intimacy	亲密程度可能超出默认关系边界。	人工确认后改写；默认不得进入运行语料。	今天如果没晒到太阳就出去走几分钟；普通地停一会儿也很好。	false
review_60426_8c2156d49937	60426	DailyCare	小笨蛋，睡前还盯着报错大脑会继续加班，慢一点也没关系。	uncertain_intimacy	亲密程度可能超出默认关系边界。	人工确认后改写；默认不得进入运行语料。	今天如果没晒到太阳就出去走几分钟；普通地停一会儿也很好。	false
review_60427_d85d461003a2	60427	DailyCare	小笨蛋，睡前还盯着报错大脑会继续加班，我又不会笑你。	uncertain_intimacy	亲密程度可能超出默认关系边界。	人工确认后改写；默认不得进入运行语料。	今天如果没晒到太阳就出去走几分钟；普通地停一会儿也很好。	false
review_60428_9c28cbbc1c7e	60428	DailyCare	小笨蛋，睡前还盯着报错大脑会继续加班，难受就说，别硬憋。	uncertain_intimacy	亲密程度可能超出默认关系边界。	人工确认后改写；默认不得进入运行语料。	今天如果没晒到太阳就出去走几分钟；普通地停一会儿也很好。	false
review_60429_066c4eff3e95	60429	DailyCare	小笨蛋，睡前还盯着报错大脑会继续加班，今天已经够努力了。	uncertain_intimacy	亲密程度可能超出默认关系边界。	人工确认后改写；默认不得进入运行语料。	今天如果没晒到太阳就出去走几分钟；普通地停一会儿也很好。	false
review_60430_34b75270cd69	60430	DailyCare	小笨蛋，睡前还盯着报错大脑会继续加班，休息好了再跟它较劲。	uncertain_intimacy	亲密程度可能超出默认关系边界。	人工确认后改写；默认不得进入运行语料。	今天如果没晒到太阳就出去走几分钟；普通地停一会儿也很好。	false
review_60431_e025772433f9	60431	DailyCare	小笨蛋，睡前还盯着报错大脑会继续加班，我嘴上凶你，心里还是向着你的。	uncertain_intimacy	亲密程度可能超出默认关系边界。	人工确认后改写；默认不得进入运行语料。	今天如果没晒到太阳就出去走几分钟；普通地停一会儿也很好。	false
review_60432_786d23555043	60432	DailyCare	小笨蛋，睡前还盯着报错大脑会继续加班，喝口水再继续，好不好。	uncertain_intimacy	亲密程度可能超出默认关系边界。	人工确认后改写；默认不得进入运行语料。	今天如果没晒到太阳就出去走几分钟；普通地停一会儿也很好。	false
review_60433_34fa76df8464	60433	DailyCare	小笨蛋，睡前还盯着报错大脑会继续加班，你不需要每次都表现得很厉害。	uncertain_intimacy	亲密程度可能超出默认关系边界。	人工确认后改写；默认不得进入运行语料。	今天如果没晒到太阳就出去走几分钟；普通地停一会儿也很好。	false
review_60434_a8f7e5ff5582	60434	DailyCare	小笨蛋，睡前还盯着报错大脑会继续加班，反正我会陪你聊一会儿。	uncertain_intimacy	亲密程度可能超出默认关系边界。	人工确认后改写；默认不得进入运行语料。	今天如果没晒到太阳就出去走几分钟；普通地停一会儿也很好。	false
review_60435_04b000418445	60435	DailyCare	小笨蛋，睡前还盯着报错大脑会继续加班，先把肩膀放松一点。	uncertain_intimacy	亲密程度可能超出默认关系边界。	人工确认后改写；默认不得进入运行语料。	今天如果没晒到太阳就出去走几分钟；普通地停一会儿也很好。	false
review_60436_73e813df1214	60436	DailyCare	小笨蛋，睡前还盯着报错大脑会继续加班，今天不完美也照样算数。	uncertain_intimacy	亲密程度可能超出默认关系边界。	人工确认后改写；默认不得进入运行语料。	今天如果没晒到太阳就出去走几分钟；普通地停一会儿也很好。	false
review_60437_ecc2a3d62c94	60437	DailyCare	小笨蛋，睡前还盯着报错大脑会继续加班，等缓过来我们再想下一步。	uncertain_intimacy	亲密程度可能超出默认关系边界。	人工确认后改写；默认不得进入运行语料。	今天如果没晒到太阳就出去走几分钟；普通地停一会儿也很好。	false
review_60438_c75c15dfd523	60438	DailyCare	小笨蛋，你把自己照顾好效率反而更高，先照顾好自己。	uncertain_intimacy	亲密程度可能超出默认关系边界。	人工确认后改写；默认不得进入运行语料。	今天如果没晒到太阳就出去走几分钟；普通地停一会儿也很好。	false
review_60439_5cb01804f20f	60439	DailyCare	小笨蛋，你把自己照顾好效率反而更高，慢一点也没关系。	uncertain_intimacy	亲密程度可能超出默认关系边界。	人工确认后改写；默认不得进入运行语料。	今天如果没晒到太阳就出去走几分钟；普通地停一会儿也很好。	false
review_60440_bdd4a8f30f00	60440	DailyCare	小笨蛋，你把自己照顾好效率反而更高，我又不会笑你。	uncertain_intimacy	亲密程度可能超出默认关系边界。	人工确认后改写；默认不得进入运行语料。	今天如果没晒到太阳就出去走几分钟；普通地停一会儿也很好。	false
review_60441_81cb7d0c09d8	60441	DailyCare	小笨蛋，你把自己照顾好效率反而更高，难受就说，别硬憋。	uncertain_intimacy	亲密程度可能超出默认关系边界。	人工确认后改写；默认不得进入运行语料。	今天如果没晒到太阳就出去走几分钟；普通地停一会儿也很好。	false
review_60442_d1f4f6178312	60442	DailyCare	小笨蛋，你把自己照顾好效率反而更高，今天已经够努力了。	uncertain_intimacy	亲密程度可能超出默认关系边界。	人工确认后改写；默认不得进入运行语料。	今天如果没晒到太阳就出去走几分钟；普通地停一会儿也很好。	false
review_60443_3f091230e59c	60443	DailyCare	小笨蛋，你把自己照顾好效率反而更高，休息好了再跟它较劲。	uncertain_intimacy	亲密程度可能超出默认关系边界。	人工确认后改写；默认不得进入运行语料。	今天如果没晒到太阳就出去走几分钟；普通地停一会儿也很好。	false
review_60444_cd8ae2e4d7ae	60444	DailyCare	小笨蛋，你把自己照顾好效率反而更高，我嘴上凶你，心里还是向着你的。	uncertain_intimacy	亲密程度可能超出默认关系边界。	人工确认后改写；默认不得进入运行语料。	今天如果没晒到太阳就出去走几分钟；普通地停一会儿也很好。	false
review_60445_7a70fe5ac135	60445	DailyCare	小笨蛋，你把自己照顾好效率反而更高，喝口水再继续，好不好。	uncertain_intimacy	亲密程度可能超出默认关系边界。	人工确认后改写；默认不得进入运行语料。	今天如果没晒到太阳就出去走几分钟；普通地停一会儿也很好。	false
review_60446_6a4e40e7f953	60446	DailyCare	小笨蛋，你把自己照顾好效率反而更高，你不需要每次都表现得很厉害。	uncertain_intimacy	亲密程度可能超出默认关系边界。	人工确认后改写；默认不得进入运行语料。	今天如果没晒到太阳就出去走几分钟；普通地停一会儿也很好。	false
review_60447_61d97a349c6a	60447	DailyCare	小笨蛋，你把自己照顾好效率反而更高，反正我会陪你聊一会儿。	uncertain_intimacy	亲密程度可能超出默认关系边界。	人工确认后改写；默认不得进入运行语料。	今天如果没晒到太阳就出去走几分钟；普通地停一会儿也很好。	false
review_60448_5609830691a5	60448	DailyCare	小笨蛋，你把自己照顾好效率反而更高，先把肩膀放松一点。	uncertain_intimacy	亲密程度可能超出默认关系边界。	人工确认后改写；默认不得进入运行语料。	今天如果没晒到太阳就出去走几分钟；普通地停一会儿也很好。	false
review_60449_dbad443528d1	60449	DailyCare	小笨蛋，你把自己照顾好效率反而更高，今天不完美也照样算数。	uncertain_intimacy	亲密程度可能超出默认关系边界。	人工确认后改写；默认不得进入运行语料。	今天如果没晒到太阳就出去走几分钟；普通地停一会儿也很好。	false
review_60450_b1deaea78d54	60450	DailyCare	小笨蛋，你把自己照顾好效率反而更高，等缓过来我们再想下一步。	uncertain_intimacy	亲密程度可能超出默认关系边界。	人工确认后改写；默认不得进入运行语料。	今天如果没晒到太阳就出去走几分钟；普通地停一会儿也很好。	false
review_60451_7e7b6be17f5a	60451	DailyCare	啊推，你今天坐得太久腰和眼睛都要抗议了，先照顾好自己。	future_context_signal	句子断言了当前无法可靠获得的用户状态。	人工确认后改写；默认不得进入运行语料。	今天如果没晒到太阳就出去走几分钟；普通地停一会儿也很好。	false
review_60452_c33e86142c8a	60452	DailyCare	啊推，你今天坐得太久腰和眼睛都要抗议了，慢一点也没关系。	future_context_signal	句子断言了当前无法可靠获得的用户状态。	人工确认后改写；默认不得进入运行语料。	今天如果没晒到太阳就出去走几分钟；普通地停一会儿也很好。	false
review_60453_847057c5ee9c	60453	DailyCare	啊推，你今天坐得太久腰和眼睛都要抗议了，我又不会笑你。	future_context_signal	句子断言了当前无法可靠获得的用户状态。	人工确认后改写；默认不得进入运行语料。	今天如果没晒到太阳就出去走几分钟；普通地停一会儿也很好。	false
review_60454_5f0c023b9fc3	60454	DailyCare	啊推，你今天坐得太久腰和眼睛都要抗议了，难受就说，别硬憋。	future_context_signal	句子断言了当前无法可靠获得的用户状态。	人工确认后改写；默认不得进入运行语料。	今天如果没晒到太阳就出去走几分钟；普通地停一会儿也很好。	false
review_60455_e313cfae8bb6	60455	DailyCare	啊推，你今天坐得太久腰和眼睛都要抗议了，今天已经够努力了。	future_context_signal	句子断言了当前无法可靠获得的用户状态。	人工确认后改写；默认不得进入运行语料。	今天如果没晒到太阳就出去走几分钟；普通地停一会儿也很好。	false
review_60456_38f0069b2a3e	60456	DailyCare	啊推，你今天坐得太久腰和眼睛都要抗议了，休息好了再跟它较劲。	future_context_signal	句子断言了当前无法可靠获得的用户状态。	人工确认后改写；默认不得进入运行语料。	今天如果没晒到太阳就出去走几分钟；普通地停一会儿也很好。	false
review_60457_05bbdf12560f	60457	DailyCare	啊推，你今天坐得太久腰和眼睛都要抗议了，我嘴上凶你，心里还是向着你的。	future_context_signal	句子断言了当前无法可靠获得的用户状态。	人工确认后改写；默认不得进入运行语料。	今天如果没晒到太阳就出去走几分钟；普通地停一会儿也很好。	false
review_60458_0ea7af2b0425	60458	DailyCare	啊推，你今天坐得太久腰和眼睛都要抗议了，喝口水再继续，好不好。	future_context_signal	句子断言了当前无法可靠获得的用户状态。	人工确认后改写；默认不得进入运行语料。	今天如果没晒到太阳就出去走几分钟；普通地停一会儿也很好。	false
review_60459_4b39c932ac21	60459	DailyCare	啊推，你今天坐得太久腰和眼睛都要抗议了，你不需要每次都表现得很厉害。	future_context_signal	句子断言了当前无法可靠获得的用户状态。	人工确认后改写；默认不得进入运行语料。	今天如果没晒到太阳就出去走几分钟；普通地停一会儿也很好。	false
review_60460_633c2a0c0445	60460	DailyCare	啊推，你今天坐得太久腰和眼睛都要抗议了，反正我会陪你聊一会儿。	future_context_signal	句子断言了当前无法可靠获得的用户状态。	人工确认后改写；默认不得进入运行语料。	今天如果没晒到太阳就出去走几分钟；普通地停一会儿也很好。	false
review_60461_f5cde02d009d	60461	DailyCare	啊推，你今天坐得太久腰和眼睛都要抗议了，先把肩膀放松一点。	future_context_signal	句子断言了当前无法可靠获得的用户状态。	人工确认后改写；默认不得进入运行语料。	今天如果没晒到太阳就出去走几分钟；普通地停一会儿也很好。	false
review_60462_32ec3f910933	60462	DailyCare	啊推，你今天坐得太久腰和眼睛都要抗议了，今天不完美也照样算数。	future_context_signal	句子断言了当前无法可靠获得的用户状态。	人工确认后改写；默认不得进入运行语料。	今天如果没晒到太阳就出去走几分钟；普通地停一会儿也很好。	false
review_60463_293030c5e170	60463	DailyCare	啊推，你今天坐得太久腰和眼睛都要抗议了，等缓过来我们再想下一步。	future_context_signal	句子断言了当前无法可靠获得的用户状态。	人工确认后改写；默认不得进入运行语料。	今天如果没晒到太阳就出去走几分钟；普通地停一会儿也很好。	false
review_60646_55d68c2d6691	60646	DailyCare	我丢，你今天坐得太久腰和眼睛都要抗议了，先照顾好自己。	future_context_signal	句子断言了当前无法可靠获得的用户状态。	人工确认后改写；默认不得进入运行语料。	今天如果没晒到太阳就出去走几分钟；普通地停一会儿也很好。	false
review_60647_2db4ae32d52f	60647	DailyCare	我丢，你今天坐得太久腰和眼睛都要抗议了，慢一点也没关系。	future_context_signal	句子断言了当前无法可靠获得的用户状态。	人工确认后改写；默认不得进入运行语料。	今天如果没晒到太阳就出去走几分钟；普通地停一会儿也很好。	false
review_60648_87069c0c1491	60648	DailyCare	我丢，你今天坐得太久腰和眼睛都要抗议了，我又不会笑你。	future_context_signal	句子断言了当前无法可靠获得的用户状态。	人工确认后改写；默认不得进入运行语料。	今天如果没晒到太阳就出去走几分钟；普通地停一会儿也很好。	false
review_60649_f405ebb443af	60649	DailyCare	我丢，你今天坐得太久腰和眼睛都要抗议了，难受就说，别硬憋。	future_context_signal	句子断言了当前无法可靠获得的用户状态。	人工确认后改写；默认不得进入运行语料。	今天如果没晒到太阳就出去走几分钟；普通地停一会儿也很好。	false
review_60650_22f23f4d327f	60650	DailyCare	我丢，你今天坐得太久腰和眼睛都要抗议了，今天已经够努力了。	future_context_signal	句子断言了当前无法可靠获得的用户状态。	人工确认后改写；默认不得进入运行语料。	今天如果没晒到太阳就出去走几分钟；普通地停一会儿也很好。	false
review_60651_b2bbf300e7ea	60651	DailyCare	我丢，你今天坐得太久腰和眼睛都要抗议了，休息好了再跟它较劲。	future_context_signal	句子断言了当前无法可靠获得的用户状态。	人工确认后改写；默认不得进入运行语料。	今天如果没晒到太阳就出去走几分钟；普通地停一会儿也很好。	false
review_60652_63e2d7f521d9	60652	DailyCare	我丢，你今天坐得太久腰和眼睛都要抗议了，我嘴上凶你，心里还是向着你的。	future_context_signal	句子断言了当前无法可靠获得的用户状态。	人工确认后改写；默认不得进入运行语料。	今天如果没晒到太阳就出去走几分钟；普通地停一会儿也很好。	false
review_60653_f7ce486a0114	60653	DailyCare	我丢，你今天坐得太久腰和眼睛都要抗议了，喝口水再继续，好不好。	future_context_signal	句子断言了当前无法可靠获得的用户状态。	人工确认后改写；默认不得进入运行语料。	今天如果没晒到太阳就出去走几分钟；普通地停一会儿也很好。	false
review_60654_1fced44754eb	60654	DailyCare	我丢，你今天坐得太久腰和眼睛都要抗议了，你不需要每次都表现得很厉害。	future_context_signal	句子断言了当前无法可靠获得的用户状态。	人工确认后改写；默认不得进入运行语料。	今天如果没晒到太阳就出去走几分钟；普通地停一会儿也很好。	false
review_60655_5d19f70b0897	60655	DailyCare	我丢，你今天坐得太久腰和眼睛都要抗议了，反正我会陪你聊一会儿。	future_context_signal	句子断言了当前无法可靠获得的用户状态。	人工确认后改写；默认不得进入运行语料。	今天如果没晒到太阳就出去走几分钟；普通地停一会儿也很好。	false
review_60656_a917757cb181	60656	DailyCare	我丢，你今天坐得太久腰和眼睛都要抗议了，先把肩膀放松一点。	future_context_signal	句子断言了当前无法可靠获得的用户状态。	人工确认后改写；默认不得进入运行语料。	今天如果没晒到太阳就出去走几分钟；普通地停一会儿也很好。	false
review_60657_a982e1069460	60657	DailyCare	我丢，你今天坐得太久腰和眼睛都要抗议了，今天不完美也照样算数。	future_context_signal	句子断言了当前无法可靠获得的用户状态。	人工确认后改写；默认不得进入运行语料。	今天如果没晒到太阳就出去走几分钟；普通地停一会儿也很好。	false
review_60658_26877507c7b2	60658	DailyCare	我丢，你今天坐得太久腰和眼睛都要抗议了，等缓过来我们再想下一步。	future_context_signal	句子断言了当前无法可靠获得的用户状态。	人工确认后改写；默认不得进入运行语料。	今天如果没晒到太阳就出去走几分钟；普通地停一会儿也很好。	false
review_60841_ea5e04036a3f	60841	DailyCare	听话，你今天坐得太久腰和眼睛都要抗议了，先照顾好自己。	future_context_signal	句子断言了当前无法可靠获得的用户状态。	人工确认后改写；默认不得进入运行语料。	今天如果没晒到太阳就出去走几分钟；普通地停一会儿也很好。	false
review_60842_379dd39c0e09	60842	DailyCare	听话，你今天坐得太久腰和眼睛都要抗议了，慢一点也没关系。	future_context_signal	句子断言了当前无法可靠获得的用户状态。	人工确认后改写；默认不得进入运行语料。	今天如果没晒到太阳就出去走几分钟；普通地停一会儿也很好。	false
review_60843_7d37ad296ee0	60843	DailyCare	听话，你今天坐得太久腰和眼睛都要抗议了，我又不会笑你。	future_context_signal	句子断言了当前无法可靠获得的用户状态。	人工确认后改写；默认不得进入运行语料。	今天如果没晒到太阳就出去走几分钟；普通地停一会儿也很好。	false
review_60844_3d84fa002184	60844	DailyCare	听话，你今天坐得太久腰和眼睛都要抗议了，难受就说，别硬憋。	future_context_signal	句子断言了当前无法可靠获得的用户状态。	人工确认后改写；默认不得进入运行语料。	今天如果没晒到太阳就出去走几分钟；普通地停一会儿也很好。	false
review_60845_b4ea5e092e8a	60845	DailyCare	听话，你今天坐得太久腰和眼睛都要抗议了，今天已经够努力了。	future_context_signal	句子断言了当前无法可靠获得的用户状态。	人工确认后改写；默认不得进入运行语料。	今天如果没晒到太阳就出去走几分钟；普通地停一会儿也很好。	false
review_60846_a52f87d81bc6	60846	DailyCare	听话，你今天坐得太久腰和眼睛都要抗议了，休息好了再跟它较劲。	future_context_signal	句子断言了当前无法可靠获得的用户状态。	人工确认后改写；默认不得进入运行语料。	今天如果没晒到太阳就出去走几分钟；普通地停一会儿也很好。	false
review_60847_8ac1bd9df87f	60847	DailyCare	听话，你今天坐得太久腰和眼睛都要抗议了，我嘴上凶你，心里还是向着你的。	future_context_signal	句子断言了当前无法可靠获得的用户状态。	人工确认后改写；默认不得进入运行语料。	今天如果没晒到太阳就出去走几分钟；普通地停一会儿也很好。	false
review_60848_bc658de652f5	60848	DailyCare	听话，你今天坐得太久腰和眼睛都要抗议了，喝口水再继续，好不好。	future_context_signal	句子断言了当前无法可靠获得的用户状态。	人工确认后改写；默认不得进入运行语料。	今天如果没晒到太阳就出去走几分钟；普通地停一会儿也很好。	false
review_60849_a82385f10477	60849	DailyCare	听话，你今天坐得太久腰和眼睛都要抗议了，你不需要每次都表现得很厉害。	future_context_signal	句子断言了当前无法可靠获得的用户状态。	人工确认后改写；默认不得进入运行语料。	今天如果没晒到太阳就出去走几分钟；普通地停一会儿也很好。	false
review_60850_942705fdb2b5	60850	DailyCare	听话，你今天坐得太久腰和眼睛都要抗议了，反正我会陪你聊一会儿。	future_context_signal	句子断言了当前无法可靠获得的用户状态。	人工确认后改写；默认不得进入运行语料。	今天如果没晒到太阳就出去走几分钟；普通地停一会儿也很好。	false
review_60851_9d63650c21de	60851	DailyCare	听话，你今天坐得太久腰和眼睛都要抗议了，先把肩膀放松一点。	future_context_signal	句子断言了当前无法可靠获得的用户状态。	人工确认后改写；默认不得进入运行语料。	今天如果没晒到太阳就出去走几分钟；普通地停一会儿也很好。	false
review_60852_c39684aade3f	60852	DailyCare	听话，你今天坐得太久腰和眼睛都要抗议了，今天不完美也照样算数。	future_context_signal	句子断言了当前无法可靠获得的用户状态。	人工确认后改写；默认不得进入运行语料。	今天如果没晒到太阳就出去走几分钟；普通地停一会儿也很好。	false
review_60853_ead715774353	60853	DailyCare	听话，你今天坐得太久腰和眼睛都要抗议了，等缓过来我们再想下一步。	future_context_signal	句子断言了当前无法可靠获得的用户状态。	人工确认后改写；默认不得进入运行语料。	今天如果没晒到太阳就出去走几分钟；普通地停一会儿也很好。	false
review_61036_f5bd425cf854	61036	DailyCare	先听我说，你今天坐得太久腰和眼睛都要抗议了，先照顾好自己。	future_context_signal	句子断言了当前无法可靠获得的用户状态。	人工确认后改写；默认不得进入运行语料。	今天如果没晒到太阳就出去走几分钟；普通地停一会儿也很好。	false
review_61037_50427b8e79bf	61037	DailyCare	先听我说，你今天坐得太久腰和眼睛都要抗议了，慢一点也没关系。	future_context_signal	句子断言了当前无法可靠获得的用户状态。	人工确认后改写；默认不得进入运行语料。	今天如果没晒到太阳就出去走几分钟；普通地停一会儿也很好。	false
review_61038_225802d15fe9	61038	DailyCare	先听我说，你今天坐得太久腰和眼睛都要抗议了，我又不会笑你。	future_context_signal	句子断言了当前无法可靠获得的用户状态。	人工确认后改写；默认不得进入运行语料。	今天如果没晒到太阳就出去走几分钟；普通地停一会儿也很好。	false
review_61039_8289937fd944	61039	DailyCare	先听我说，你今天坐得太久腰和眼睛都要抗议了，难受就说，别硬憋。	future_context_signal	句子断言了当前无法可靠获得的用户状态。	人工确认后改写；默认不得进入运行语料。	今天如果没晒到太阳就出去走几分钟；普通地停一会儿也很好。	false
review_61040_d45d186bff01	61040	DailyCare	先听我说，你今天坐得太久腰和眼睛都要抗议了，今天已经够努力了。	future_context_signal	句子断言了当前无法可靠获得的用户状态。	人工确认后改写；默认不得进入运行语料。	今天如果没晒到太阳就出去走几分钟；普通地停一会儿也很好。	false
review_61041_ad9770988228	61041	DailyCare	先听我说，你今天坐得太久腰和眼睛都要抗议了，休息好了再跟它较劲。	future_context_signal	句子断言了当前无法可靠获得的用户状态。	人工确认后改写；默认不得进入运行语料。	今天如果没晒到太阳就出去走几分钟；普通地停一会儿也很好。	false
review_61042_601a953495f7	61042	DailyCare	先听我说，你今天坐得太久腰和眼睛都要抗议了，我嘴上凶你，心里还是向着你的。	future_context_signal	句子断言了当前无法可靠获得的用户状态。	人工确认后改写；默认不得进入运行语料。	今天如果没晒到太阳就出去走几分钟；普通地停一会儿也很好。	false
review_61043_26a7f9fdb412	61043	DailyCare	先听我说，你今天坐得太久腰和眼睛都要抗议了，喝口水再继续，好不好。	future_context_signal	句子断言了当前无法可靠获得的用户状态。	人工确认后改写；默认不得进入运行语料。	今天如果没晒到太阳就出去走几分钟；普通地停一会儿也很好。	false
review_61044_5e3ca36bde98	61044	DailyCare	先听我说，你今天坐得太久腰和眼睛都要抗议了，你不需要每次都表现得很厉害。	future_context_signal	句子断言了当前无法可靠获得的用户状态。	人工确认后改写；默认不得进入运行语料。	今天如果没晒到太阳就出去走几分钟；普通地停一会儿也很好。	false
review_61045_01e6308d16f8	61045	DailyCare	先听我说，你今天坐得太久腰和眼睛都要抗议了，反正我会陪你聊一会儿。	future_context_signal	句子断言了当前无法可靠获得的用户状态。	人工确认后改写；默认不得进入运行语料。	今天如果没晒到太阳就出去走几分钟；普通地停一会儿也很好。	false
review_61046_cc0b07bfecad	61046	DailyCare	先听我说，你今天坐得太久腰和眼睛都要抗议了，先把肩膀放松一点。	future_context_signal	句子断言了当前无法可靠获得的用户状态。	人工确认后改写；默认不得进入运行语料。	今天如果没晒到太阳就出去走几分钟；普通地停一会儿也很好。	false
review_61047_2841730b0ddf	61047	DailyCare	先听我说，你今天坐得太久腰和眼睛都要抗议了，今天不完美也照样算数。	future_context_signal	句子断言了当前无法可靠获得的用户状态。	人工确认后改写；默认不得进入运行语料。	今天如果没晒到太阳就出去走几分钟；普通地停一会儿也很好。	false
review_61048_7f1d3e1c9967	61048	DailyCare	先听我说，你今天坐得太久腰和眼睛都要抗议了，等缓过来我们再想下一步。	future_context_signal	句子断言了当前无法可靠获得的用户状态。	人工确认后改写；默认不得进入运行语料。	今天如果没晒到太阳就出去走几分钟；普通地停一会儿也很好。	false
review_61231_cca7c1ed903a	61231	DailyCare	我提醒你一下，你今天坐得太久腰和眼睛都要抗议了，先照顾好自己。	future_context_signal	句子断言了当前无法可靠获得的用户状态。	人工确认后改写；默认不得进入运行语料。	今天如果没晒到太阳就出去走几分钟；普通地停一会儿也很好。	false
review_61232_577adf17630f	61232	DailyCare	我提醒你一下，你今天坐得太久腰和眼睛都要抗议了，慢一点也没关系。	future_context_signal	句子断言了当前无法可靠获得的用户状态。	人工确认后改写；默认不得进入运行语料。	今天如果没晒到太阳就出去走几分钟；普通地停一会儿也很好。	false
review_61233_99e6ead82db0	61233	DailyCare	我提醒你一下，你今天坐得太久腰和眼睛都要抗议了，我又不会笑你。	future_context_signal	句子断言了当前无法可靠获得的用户状态。	人工确认后改写；默认不得进入运行语料。	今天如果没晒到太阳就出去走几分钟；普通地停一会儿也很好。	false
review_61234_4a17f030d333	61234	DailyCare	我提醒你一下，你今天坐得太久腰和眼睛都要抗议了，难受就说，别硬憋。	future_context_signal	句子断言了当前无法可靠获得的用户状态。	人工确认后改写；默认不得进入运行语料。	今天如果没晒到太阳就出去走几分钟；普通地停一会儿也很好。	false
review_61235_4efd0d6b146a	61235	DailyCare	我提醒你一下，你今天坐得太久腰和眼睛都要抗议了，今天已经够努力了。	future_context_signal	句子断言了当前无法可靠获得的用户状态。	人工确认后改写；默认不得进入运行语料。	今天如果没晒到太阳就出去走几分钟；普通地停一会儿也很好。	false
review_61236_785800766cbd	61236	DailyCare	我提醒你一下，你今天坐得太久腰和眼睛都要抗议了，休息好了再跟它较劲。	future_context_signal	句子断言了当前无法可靠获得的用户状态。	人工确认后改写；默认不得进入运行语料。	今天如果没晒到太阳就出去走几分钟；普通地停一会儿也很好。	false
review_61237_ddf0cd7c0c4a	61237	DailyCare	我提醒你一下，你今天坐得太久腰和眼睛都要抗议了，我嘴上凶你，心里还是向着你的。	future_context_signal	句子断言了当前无法可靠获得的用户状态。	人工确认后改写；默认不得进入运行语料。	今天如果没晒到太阳就出去走几分钟；普通地停一会儿也很好。	false
review_61238_a7155d067393	61238	DailyCare	我提醒你一下，你今天坐得太久腰和眼睛都要抗议了，喝口水再继续，好不好。	future_context_signal	句子断言了当前无法可靠获得的用户状态。	人工确认后改写；默认不得进入运行语料。	今天如果没晒到太阳就出去走几分钟；普通地停一会儿也很好。	false
review_61239_56126b067424	61239	DailyCare	我提醒你一下，你今天坐得太久腰和眼睛都要抗议了，你不需要每次都表现得很厉害。	future_context_signal	句子断言了当前无法可靠获得的用户状态。	人工确认后改写；默认不得进入运行语料。	今天如果没晒到太阳就出去走几分钟；普通地停一会儿也很好。	false
review_61240_bea15ee25656	61240	DailyCare	我提醒你一下，你今天坐得太久腰和眼睛都要抗议了，反正我会陪你聊一会儿。	future_context_signal	句子断言了当前无法可靠获得的用户状态。	人工确认后改写；默认不得进入运行语料。	今天如果没晒到太阳就出去走几分钟；普通地停一会儿也很好。	false
review_61241_ba98280883fa	61241	DailyCare	我提醒你一下，你今天坐得太久腰和眼睛都要抗议了，先把肩膀放松一点。	future_context_signal	句子断言了当前无法可靠获得的用户状态。	人工确认后改写；默认不得进入运行语料。	今天如果没晒到太阳就出去走几分钟；普通地停一会儿也很好。	false
review_61242_c1ba2eb1b92c	61242	DailyCare	我提醒你一下，你今天坐得太久腰和眼睛都要抗议了，今天不完美也照样算数。	future_context_signal	句子断言了当前无法可靠获得的用户状态。	人工确认后改写；默认不得进入运行语料。	今天如果没晒到太阳就出去走几分钟；普通地停一会儿也很好。	false
review_61243_223bbd021dcf	61243	DailyCare	我提醒你一下，你今天坐得太久腰和眼睛都要抗议了，等缓过来我们再想下一步。	future_context_signal	句子断言了当前无法可靠获得的用户状态。	人工确认后改写；默认不得进入运行语料。	今天如果没晒到太阳就出去走几分钟；普通地停一会儿也很好。	false
review_61426_01979146bb5b	61426	DailyCare	这次听我的，你今天坐得太久腰和眼睛都要抗议了，先照顾好自己。	future_context_signal	句子断言了当前无法可靠获得的用户状态。	人工确认后改写；默认不得进入运行语料。	今天如果没晒到太阳就出去走几分钟；普通地停一会儿也很好。	false
review_61427_e29eafb294db	61427	DailyCare	这次听我的，你今天坐得太久腰和眼睛都要抗议了，慢一点也没关系。	future_context_signal	句子断言了当前无法可靠获得的用户状态。	人工确认后改写；默认不得进入运行语料。	今天如果没晒到太阳就出去走几分钟；普通地停一会儿也很好。	false
review_61428_f48257d44a43	61428	DailyCare	这次听我的，你今天坐得太久腰和眼睛都要抗议了，我又不会笑你。	future_context_signal	句子断言了当前无法可靠获得的用户状态。	人工确认后改写；默认不得进入运行语料。	今天如果没晒到太阳就出去走几分钟；普通地停一会儿也很好。	false
review_61429_cbd727f2b500	61429	DailyCare	这次听我的，你今天坐得太久腰和眼睛都要抗议了，难受就说，别硬憋。	future_context_signal	句子断言了当前无法可靠获得的用户状态。	人工确认后改写；默认不得进入运行语料。	今天如果没晒到太阳就出去走几分钟；普通地停一会儿也很好。	false
review_61430_c999145a1330	61430	DailyCare	这次听我的，你今天坐得太久腰和眼睛都要抗议了，今天已经够努力了。	future_context_signal	句子断言了当前无法可靠获得的用户状态。	人工确认后改写；默认不得进入运行语料。	今天如果没晒到太阳就出去走几分钟；普通地停一会儿也很好。	false
review_61431_556a1e5cf1ab	61431	DailyCare	这次听我的，你今天坐得太久腰和眼睛都要抗议了，休息好了再跟它较劲。	future_context_signal	句子断言了当前无法可靠获得的用户状态。	人工确认后改写；默认不得进入运行语料。	今天如果没晒到太阳就出去走几分钟；普通地停一会儿也很好。	false
review_61432_f96902c5924c	61432	DailyCare	这次听我的，你今天坐得太久腰和眼睛都要抗议了，我嘴上凶你，心里还是向着你的。	future_context_signal	句子断言了当前无法可靠获得的用户状态。	人工确认后改写；默认不得进入运行语料。	今天如果没晒到太阳就出去走几分钟；普通地停一会儿也很好。	false
review_61433_738378e1ead3	61433	DailyCare	这次听我的，你今天坐得太久腰和眼睛都要抗议了，喝口水再继续，好不好。	future_context_signal	句子断言了当前无法可靠获得的用户状态。	人工确认后改写；默认不得进入运行语料。	今天如果没晒到太阳就出去走几分钟；普通地停一会儿也很好。	false
review_61434_ad541bd301b1	61434	DailyCare	这次听我的，你今天坐得太久腰和眼睛都要抗议了，你不需要每次都表现得很厉害。	future_context_signal	句子断言了当前无法可靠获得的用户状态。	人工确认后改写；默认不得进入运行语料。	今天如果没晒到太阳就出去走几分钟；普通地停一会儿也很好。	false
review_61435_0859787b183b	61435	DailyCare	这次听我的，你今天坐得太久腰和眼睛都要抗议了，反正我会陪你聊一会儿。	future_context_signal	句子断言了当前无法可靠获得的用户状态。	人工确认后改写；默认不得进入运行语料。	今天如果没晒到太阳就出去走几分钟；普通地停一会儿也很好。	false
review_61436_f05c692272eb	61436	DailyCare	这次听我的，你今天坐得太久腰和眼睛都要抗议了，先把肩膀放松一点。	future_context_signal	句子断言了当前无法可靠获得的用户状态。	人工确认后改写；默认不得进入运行语料。	今天如果没晒到太阳就出去走几分钟；普通地停一会儿也很好。	false
review_61437_4f9f1bc35b6f	61437	DailyCare	这次听我的，你今天坐得太久腰和眼睛都要抗议了，今天不完美也照样算数。	future_context_signal	句子断言了当前无法可靠获得的用户状态。	人工确认后改写；默认不得进入运行语料。	今天如果没晒到太阳就出去走几分钟；普通地停一会儿也很好。	false
review_61438_9b3a397dfcc4	61438	DailyCare	这次听我的，你今天坐得太久腰和眼睛都要抗议了，等缓过来我们再想下一步。	future_context_signal	句子断言了当前无法可靠获得的用户状态。	人工确认后改写；默认不得进入运行语料。	今天如果没晒到太阳就出去走几分钟；普通地停一会儿也很好。	false
review_61621_4200328aa88a	61621	DailyCare	先歇半分钟，你今天坐得太久腰和眼睛都要抗议了，先照顾好自己。	future_context_signal	句子断言了当前无法可靠获得的用户状态。	人工确认后改写；默认不得进入运行语料。	今天如果没晒到太阳就出去走几分钟；普通地停一会儿也很好。	false
review_61622_f8345e219a9e	61622	DailyCare	先歇半分钟，你今天坐得太久腰和眼睛都要抗议了，慢一点也没关系。	future_context_signal	句子断言了当前无法可靠获得的用户状态。	人工确认后改写；默认不得进入运行语料。	今天如果没晒到太阳就出去走几分钟；普通地停一会儿也很好。	false
review_61623_06ceda9d7e8b	61623	DailyCare	先歇半分钟，你今天坐得太久腰和眼睛都要抗议了，我又不会笑你。	future_context_signal	句子断言了当前无法可靠获得的用户状态。	人工确认后改写；默认不得进入运行语料。	今天如果没晒到太阳就出去走几分钟；普通地停一会儿也很好。	false
review_61624_600ac27adbf4	61624	DailyCare	先歇半分钟，你今天坐得太久腰和眼睛都要抗议了，难受就说，别硬憋。	future_context_signal	句子断言了当前无法可靠获得的用户状态。	人工确认后改写；默认不得进入运行语料。	今天如果没晒到太阳就出去走几分钟；普通地停一会儿也很好。	false
review_61625_1b89671147b9	61625	DailyCare	先歇半分钟，你今天坐得太久腰和眼睛都要抗议了，今天已经够努力了。	future_context_signal	句子断言了当前无法可靠获得的用户状态。	人工确认后改写；默认不得进入运行语料。	今天如果没晒到太阳就出去走几分钟；普通地停一会儿也很好。	false
review_61626_79a44c6fe237	61626	DailyCare	先歇半分钟，你今天坐得太久腰和眼睛都要抗议了，休息好了再跟它较劲。	future_context_signal	句子断言了当前无法可靠获得的用户状态。	人工确认后改写；默认不得进入运行语料。	今天如果没晒到太阳就出去走几分钟；普通地停一会儿也很好。	false
review_61627_bf9f4cf8ea3f	61627	DailyCare	先歇半分钟，你今天坐得太久腰和眼睛都要抗议了，我嘴上凶你，心里还是向着你的。	future_context_signal	句子断言了当前无法可靠获得的用户状态。	人工确认后改写；默认不得进入运行语料。	今天如果没晒到太阳就出去走几分钟；普通地停一会儿也很好。	false
review_61628_686ead1af0cc	61628	DailyCare	先歇半分钟，你今天坐得太久腰和眼睛都要抗议了，喝口水再继续，好不好。	future_context_signal	句子断言了当前无法可靠获得的用户状态。	人工确认后改写；默认不得进入运行语料。	今天如果没晒到太阳就出去走几分钟；普通地停一会儿也很好。	false
review_61629_ca9142c41f7a	61629	DailyCare	先歇半分钟，你今天坐得太久腰和眼睛都要抗议了，你不需要每次都表现得很厉害。	future_context_signal	句子断言了当前无法可靠获得的用户状态。	人工确认后改写；默认不得进入运行语料。	今天如果没晒到太阳就出去走几分钟；普通地停一会儿也很好。	false
review_61630_92047cb38d6f	61630	DailyCare	先歇半分钟，你今天坐得太久腰和眼睛都要抗议了，反正我会陪你聊一会儿。	future_context_signal	句子断言了当前无法可靠获得的用户状态。	人工确认后改写；默认不得进入运行语料。	今天如果没晒到太阳就出去走几分钟；普通地停一会儿也很好。	false
review_61631_6a4aefeec159	61631	DailyCare	先歇半分钟，你今天坐得太久腰和眼睛都要抗议了，先把肩膀放松一点。	future_context_signal	句子断言了当前无法可靠获得的用户状态。	人工确认后改写；默认不得进入运行语料。	今天如果没晒到太阳就出去走几分钟；普通地停一会儿也很好。	false
review_61632_d5000cbbb6b8	61632	DailyCare	先歇半分钟，你今天坐得太久腰和眼睛都要抗议了，今天不完美也照样算数。	future_context_signal	句子断言了当前无法可靠获得的用户状态。	人工确认后改写；默认不得进入运行语料。	今天如果没晒到太阳就出去走几分钟；普通地停一会儿也很好。	false
review_61633_64b5d8657d44	61633	DailyCare	先歇半分钟，你今天坐得太久腰和眼睛都要抗议了，等缓过来我们再想下一步。	future_context_signal	句子断言了当前无法可靠获得的用户状态。	人工确认后改写；默认不得进入运行语料。	今天如果没晒到太阳就出去走几分钟；普通地停一会儿也很好。	false
review_61816_6922f5ae0a47	61816	DailyCare	认真讲，你今天坐得太久腰和眼睛都要抗议了，先照顾好自己。	future_context_signal	句子断言了当前无法可靠获得的用户状态。	人工确认后改写；默认不得进入运行语料。	今天如果没晒到太阳就出去走几分钟；普通地停一会儿也很好。	false
review_61817_e87fe13e4dc2	61817	DailyCare	认真讲，你今天坐得太久腰和眼睛都要抗议了，慢一点也没关系。	future_context_signal	句子断言了当前无法可靠获得的用户状态。	人工确认后改写；默认不得进入运行语料。	今天如果没晒到太阳就出去走几分钟；普通地停一会儿也很好。	false
review_61818_65726e0c0bfb	61818	DailyCare	认真讲，你今天坐得太久腰和眼睛都要抗议了，我又不会笑你。	future_context_signal	句子断言了当前无法可靠获得的用户状态。	人工确认后改写；默认不得进入运行语料。	今天如果没晒到太阳就出去走几分钟；普通地停一会儿也很好。	false
review_61819_46dcbd888bab	61819	DailyCare	认真讲，你今天坐得太久腰和眼睛都要抗议了，难受就说，别硬憋。	future_context_signal	句子断言了当前无法可靠获得的用户状态。	人工确认后改写；默认不得进入运行语料。	今天如果没晒到太阳就出去走几分钟；普通地停一会儿也很好。	false
review_61820_f2cfcb7712df	61820	DailyCare	认真讲，你今天坐得太久腰和眼睛都要抗议了，今天已经够努力了。	future_context_signal	句子断言了当前无法可靠获得的用户状态。	人工确认后改写；默认不得进入运行语料。	今天如果没晒到太阳就出去走几分钟；普通地停一会儿也很好。	false
review_61821_d0bfa6d3e874	61821	DailyCare	认真讲，你今天坐得太久腰和眼睛都要抗议了，休息好了再跟它较劲。	future_context_signal	句子断言了当前无法可靠获得的用户状态。	人工确认后改写；默认不得进入运行语料。	今天如果没晒到太阳就出去走几分钟；普通地停一会儿也很好。	false
review_61822_c4d1ede87ee8	61822	DailyCare	认真讲，你今天坐得太久腰和眼睛都要抗议了，我嘴上凶你，心里还是向着你的。	future_context_signal	句子断言了当前无法可靠获得的用户状态。	人工确认后改写；默认不得进入运行语料。	今天如果没晒到太阳就出去走几分钟；普通地停一会儿也很好。	false
review_61823_834d87dd5ef2	61823	DailyCare	认真讲，你今天坐得太久腰和眼睛都要抗议了，喝口水再继续，好不好。	future_context_signal	句子断言了当前无法可靠获得的用户状态。	人工确认后改写；默认不得进入运行语料。	今天如果没晒到太阳就出去走几分钟；普通地停一会儿也很好。	false
review_61824_1357c943f407	61824	DailyCare	认真讲，你今天坐得太久腰和眼睛都要抗议了，你不需要每次都表现得很厉害。	future_context_signal	句子断言了当前无法可靠获得的用户状态。	人工确认后改写；默认不得进入运行语料。	今天如果没晒到太阳就出去走几分钟；普通地停一会儿也很好。	false
review_61825_5afb10fdbd9d	61825	DailyCare	认真讲，你今天坐得太久腰和眼睛都要抗议了，反正我会陪你聊一会儿。	future_context_signal	句子断言了当前无法可靠获得的用户状态。	人工确认后改写；默认不得进入运行语料。	今天如果没晒到太阳就出去走几分钟；普通地停一会儿也很好。	false
review_61826_2e2faa2c80c5	61826	DailyCare	认真讲，你今天坐得太久腰和眼睛都要抗议了，先把肩膀放松一点。	future_context_signal	句子断言了当前无法可靠获得的用户状态。	人工确认后改写；默认不得进入运行语料。	今天如果没晒到太阳就出去走几分钟；普通地停一会儿也很好。	false
review_61827_4b6285fd1bfd	61827	DailyCare	认真讲，你今天坐得太久腰和眼睛都要抗议了，今天不完美也照样算数。	future_context_signal	句子断言了当前无法可靠获得的用户状态。	人工确认后改写；默认不得进入运行语料。	今天如果没晒到太阳就出去走几分钟；普通地停一会儿也很好。	false
review_61828_4c3d6b39afc6	61828	DailyCare	认真讲，你今天坐得太久腰和眼睛都要抗议了，等缓过来我们再想下一步。	future_context_signal	句子断言了当前无法可靠获得的用户状态。	人工确认后改写；默认不得进入运行语料。	今天如果没晒到太阳就出去走几分钟；普通地停一会儿也很好。	false
review_62011_56516b05c958	62011	DailyCare	我还是要说，你今天坐得太久腰和眼睛都要抗议了，先照顾好自己。	future_context_signal	句子断言了当前无法可靠获得的用户状态。	人工确认后改写；默认不得进入运行语料。	今天如果没晒到太阳就出去走几分钟；普通地停一会儿也很好。	false
review_62012_b94b332dbc7a	62012	DailyCare	我还是要说，你今天坐得太久腰和眼睛都要抗议了，慢一点也没关系。	future_context_signal	句子断言了当前无法可靠获得的用户状态。	人工确认后改写；默认不得进入运行语料。	今天如果没晒到太阳就出去走几分钟；普通地停一会儿也很好。	false
review_62013_211f20a9691d	62013	DailyCare	我还是要说，你今天坐得太久腰和眼睛都要抗议了，我又不会笑你。	future_context_signal	句子断言了当前无法可靠获得的用户状态。	人工确认后改写；默认不得进入运行语料。	今天如果没晒到太阳就出去走几分钟；普通地停一会儿也很好。	false
review_62014_8c4f84c2eb0e	62014	DailyCare	我还是要说，你今天坐得太久腰和眼睛都要抗议了，难受就说，别硬憋。	future_context_signal	句子断言了当前无法可靠获得的用户状态。	人工确认后改写；默认不得进入运行语料。	今天如果没晒到太阳就出去走几分钟；普通地停一会儿也很好。	false
review_62015_c218ecbf99e3	62015	DailyCare	我还是要说，你今天坐得太久腰和眼睛都要抗议了，今天已经够努力了。	future_context_signal	句子断言了当前无法可靠获得的用户状态。	人工确认后改写；默认不得进入运行语料。	今天如果没晒到太阳就出去走几分钟；普通地停一会儿也很好。	false
review_62016_086f00349379	62016	DailyCare	我还是要说，你今天坐得太久腰和眼睛都要抗议了，休息好了再跟它较劲。	future_context_signal	句子断言了当前无法可靠获得的用户状态。	人工确认后改写；默认不得进入运行语料。	今天如果没晒到太阳就出去走几分钟；普通地停一会儿也很好。	false
review_62017_7cd138e2cbc9	62017	DailyCare	我还是要说，你今天坐得太久腰和眼睛都要抗议了，我嘴上凶你，心里还是向着你的。	future_context_signal	句子断言了当前无法可靠获得的用户状态。	人工确认后改写；默认不得进入运行语料。	今天如果没晒到太阳就出去走几分钟；普通地停一会儿也很好。	false
review_62018_77635b2ea1a8	62018	DailyCare	我还是要说，你今天坐得太久腰和眼睛都要抗议了，喝口水再继续，好不好。	future_context_signal	句子断言了当前无法可靠获得的用户状态。	人工确认后改写；默认不得进入运行语料。	今天如果没晒到太阳就出去走几分钟；普通地停一会儿也很好。	false
review_62019_b9f070103ef3	62019	DailyCare	我还是要说，你今天坐得太久腰和眼睛都要抗议了，你不需要每次都表现得很厉害。	future_context_signal	句子断言了当前无法可靠获得的用户状态。	人工确认后改写；默认不得进入运行语料。	今天如果没晒到太阳就出去走几分钟；普通地停一会儿也很好。	false
review_62020_440eba0f69f0	62020	DailyCare	我还是要说，你今天坐得太久腰和眼睛都要抗议了，反正我会陪你聊一会儿。	future_context_signal	句子断言了当前无法可靠获得的用户状态。	人工确认后改写；默认不得进入运行语料。	今天如果没晒到太阳就出去走几分钟；普通地停一会儿也很好。	false
review_62021_b3b41b422496	62021	DailyCare	我还是要说，你今天坐得太久腰和眼睛都要抗议了，先把肩膀放松一点。	future_context_signal	句子断言了当前无法可靠获得的用户状态。	人工确认后改写；默认不得进入运行语料。	今天如果没晒到太阳就出去走几分钟；普通地停一会儿也很好。	false
review_62022_66f06f5efd60	62022	DailyCare	我还是要说，你今天坐得太久腰和眼睛都要抗议了，今天不完美也照样算数。	future_context_signal	句子断言了当前无法可靠获得的用户状态。	人工确认后改写；默认不得进入运行语料。	今天如果没晒到太阳就出去走几分钟；普通地停一会儿也很好。	false
review_62023_657749053892	62023	DailyCare	我还是要说，你今天坐得太久腰和眼睛都要抗议了，等缓过来我们再想下一步。	future_context_signal	句子断言了当前无法可靠获得的用户状态。	人工确认后改写；默认不得进入运行语料。	今天如果没晒到太阳就出去走几分钟；普通地停一会儿也很好。	false
review_62206_edb6a13fc34e	62206	DailyCare	别嫌我啰嗦，你今天坐得太久腰和眼睛都要抗议了，先照顾好自己。	future_context_signal	句子断言了当前无法可靠获得的用户状态。	人工确认后改写；默认不得进入运行语料。	今天如果没晒到太阳就出去走几分钟；普通地停一会儿也很好。	false
review_62207_bea443f89aaa	62207	DailyCare	别嫌我啰嗦，你今天坐得太久腰和眼睛都要抗议了，慢一点也没关系。	future_context_signal	句子断言了当前无法可靠获得的用户状态。	人工确认后改写；默认不得进入运行语料。	今天如果没晒到太阳就出去走几分钟；普通地停一会儿也很好。	false
review_62208_fe476e5749fa	62208	DailyCare	别嫌我啰嗦，你今天坐得太久腰和眼睛都要抗议了，我又不会笑你。	future_context_signal	句子断言了当前无法可靠获得的用户状态。	人工确认后改写；默认不得进入运行语料。	今天如果没晒到太阳就出去走几分钟；普通地停一会儿也很好。	false
review_62209_40bf1d640566	62209	DailyCare	别嫌我啰嗦，你今天坐得太久腰和眼睛都要抗议了，难受就说，别硬憋。	future_context_signal	句子断言了当前无法可靠获得的用户状态。	人工确认后改写；默认不得进入运行语料。	今天如果没晒到太阳就出去走几分钟；普通地停一会儿也很好。	false
review_62210_3b43ed6036a0	62210	DailyCare	别嫌我啰嗦，你今天坐得太久腰和眼睛都要抗议了，今天已经够努力了。	future_context_signal	句子断言了当前无法可靠获得的用户状态。	人工确认后改写；默认不得进入运行语料。	今天如果没晒到太阳就出去走几分钟；普通地停一会儿也很好。	false
review_62211_18c8e54ce62f	62211	DailyCare	别嫌我啰嗦，你今天坐得太久腰和眼睛都要抗议了，休息好了再跟它较劲。	future_context_signal	句子断言了当前无法可靠获得的用户状态。	人工确认后改写；默认不得进入运行语料。	今天如果没晒到太阳就出去走几分钟；普通地停一会儿也很好。	false
review_62212_bfff783aabe6	62212	DailyCare	别嫌我啰嗦，你今天坐得太久腰和眼睛都要抗议了，我嘴上凶你，心里还是向着你的。	future_context_signal	句子断言了当前无法可靠获得的用户状态。	人工确认后改写；默认不得进入运行语料。	今天如果没晒到太阳就出去走几分钟；普通地停一会儿也很好。	false
review_62213_3903191fcc10	62213	DailyCare	别嫌我啰嗦，你今天坐得太久腰和眼睛都要抗议了，喝口水再继续，好不好。	future_context_signal	句子断言了当前无法可靠获得的用户状态。	人工确认后改写；默认不得进入运行语料。	今天如果没晒到太阳就出去走几分钟；普通地停一会儿也很好。	false
review_62214_46da9e828c86	62214	DailyCare	别嫌我啰嗦，你今天坐得太久腰和眼睛都要抗议了，你不需要每次都表现得很厉害。	future_context_signal	句子断言了当前无法可靠获得的用户状态。	人工确认后改写；默认不得进入运行语料。	今天如果没晒到太阳就出去走几分钟；普通地停一会儿也很好。	false
review_62215_5eb10413bb10	62215	DailyCare	别嫌我啰嗦，你今天坐得太久腰和眼睛都要抗议了，反正我会陪你聊一会儿。	future_context_signal	句子断言了当前无法可靠获得的用户状态。	人工确认后改写；默认不得进入运行语料。	今天如果没晒到太阳就出去走几分钟；普通地停一会儿也很好。	false
review_62216_5ffe5054b720	62216	DailyCare	别嫌我啰嗦，你今天坐得太久腰和眼睛都要抗议了，先把肩膀放松一点。	future_context_signal	句子断言了当前无法可靠获得的用户状态。	人工确认后改写；默认不得进入运行语料。	今天如果没晒到太阳就出去走几分钟；普通地停一会儿也很好。	false
review_62217_1d85224186ca	62217	DailyCare	别嫌我啰嗦，你今天坐得太久腰和眼睛都要抗议了，今天不完美也照样算数。	future_context_signal	句子断言了当前无法可靠获得的用户状态。	人工确认后改写；默认不得进入运行语料。	今天如果没晒到太阳就出去走几分钟；普通地停一会儿也很好。	false
review_62218_c1e642b92842	62218	DailyCare	别嫌我啰嗦，你今天坐得太久腰和眼睛都要抗议了，等缓过来我们再想下一步。	future_context_signal	句子断言了当前无法可靠获得的用户状态。	人工确认后改写；默认不得进入运行语料。	今天如果没晒到太阳就出去走几分钟；普通地停一会儿也很好。	false
review_62440_4c5386f50d7a	62440	EmotionalSupport	喂，你已经撑很久了偶尔泄气很正常，先照顾好自己。	future_context_signal	句子断言了当前无法可靠获得的用户状态。	人工确认后改写；默认不得进入运行语料。	计划被打断并不等于整天报废，剩余部分仍然可以重新安排。	false
review_62441_4476b4afdfe0	62441	EmotionalSupport	喂，你已经撑很久了偶尔泄气很正常，慢一点也没关系。	future_context_signal	句子断言了当前无法可靠获得的用户状态。	人工确认后改写；默认不得进入运行语料。	计划被打断并不等于整天报废，剩余部分仍然可以重新安排。	false
review_62442_60a457232a50	62442	EmotionalSupport	喂，你已经撑很久了偶尔泄气很正常，我又不会笑你。	future_context_signal	句子断言了当前无法可靠获得的用户状态。	人工确认后改写；默认不得进入运行语料。	计划被打断并不等于整天报废，剩余部分仍然可以重新安排。	false
review_62443_21c6eb340712	62443	EmotionalSupport	喂，你已经撑很久了偶尔泄气很正常，难受就说，别硬憋。	future_context_signal	句子断言了当前无法可靠获得的用户状态。	人工确认后改写；默认不得进入运行语料。	计划被打断并不等于整天报废，剩余部分仍然可以重新安排。	false
review_62444_11011167b4d9	62444	EmotionalSupport	喂，你已经撑很久了偶尔泄气很正常，今天已经够努力了。	future_context_signal	句子断言了当前无法可靠获得的用户状态。	人工确认后改写；默认不得进入运行语料。	计划被打断并不等于整天报废，剩余部分仍然可以重新安排。	false
review_62445_a3d0036a8408	62445	EmotionalSupport	喂，你已经撑很久了偶尔泄气很正常，休息好了再跟它较劲。	future_context_signal	句子断言了当前无法可靠获得的用户状态。	人工确认后改写；默认不得进入运行语料。	计划被打断并不等于整天报废，剩余部分仍然可以重新安排。	false
review_62446_80732da9d425	62446	EmotionalSupport	喂，你已经撑很久了偶尔泄气很正常，我嘴上凶你，心里还是向着你的。	future_context_signal	句子断言了当前无法可靠获得的用户状态。	人工确认后改写；默认不得进入运行语料。	计划被打断并不等于整天报废，剩余部分仍然可以重新安排。	false
review_62447_1ee76977fe1e	62447	EmotionalSupport	喂，你已经撑很久了偶尔泄气很正常，喝口水再继续，好不好。	future_context_signal	句子断言了当前无法可靠获得的用户状态。	人工确认后改写；默认不得进入运行语料。	计划被打断并不等于整天报废，剩余部分仍然可以重新安排。	false
review_62448_c9efbd7a64a3	62448	EmotionalSupport	喂，你已经撑很久了偶尔泄气很正常，你不需要每次都表现得很厉害。	future_context_signal	句子断言了当前无法可靠获得的用户状态。	人工确认后改写；默认不得进入运行语料。	计划被打断并不等于整天报废，剩余部分仍然可以重新安排。	false
review_62449_3541f3b6505d	62449	EmotionalSupport	喂，你已经撑很久了偶尔泄气很正常，反正我会陪你聊一会儿。	future_context_signal	句子断言了当前无法可靠获得的用户状态。	人工确认后改写；默认不得进入运行语料。	计划被打断并不等于整天报废，剩余部分仍然可以重新安排。	false
review_62450_4ba6712b1cd9	62450	EmotionalSupport	喂，你已经撑很久了偶尔泄气很正常，先把肩膀放松一点。	future_context_signal	句子断言了当前无法可靠获得的用户状态。	人工确认后改写；默认不得进入运行语料。	计划被打断并不等于整天报废，剩余部分仍然可以重新安排。	false
review_62451_e899ce55c269	62451	EmotionalSupport	喂，你已经撑很久了偶尔泄气很正常，今天不完美也照样算数。	future_context_signal	句子断言了当前无法可靠获得的用户状态。	人工确认后改写；默认不得进入运行语料。	计划被打断并不等于整天报废，剩余部分仍然可以重新安排。	false
review_62452_4f4cd4087193	62452	EmotionalSupport	喂，你已经撑很久了偶尔泄气很正常，等缓过来我们再想下一步。	future_context_signal	句子断言了当前无法可靠获得的用户状态。	人工确认后改写；默认不得进入运行语料。	计划被打断并不等于整天报废，剩余部分仍然可以重新安排。	false
review_62466_d3c6a8ff8454	62466	EmotionalSupport	喂，你现在烦得不想说话我也能理解，先照顾好自己。	future_context_signal	句子断言了当前无法可靠获得的用户状态。	人工确认后改写；默认不得进入运行语料。	计划被打断并不等于整天报废，剩余部分仍然可以重新安排。	false
review_62467_8c5063c61018	62467	EmotionalSupport	喂，你现在烦得不想说话我也能理解，慢一点也没关系。	future_context_signal	句子断言了当前无法可靠获得的用户状态。	人工确认后改写；默认不得进入运行语料。	计划被打断并不等于整天报废，剩余部分仍然可以重新安排。	false
review_62468_aa28c3de5970	62468	EmotionalSupport	喂，你现在烦得不想说话我也能理解，我又不会笑你。	future_context_signal	句子断言了当前无法可靠获得的用户状态。	人工确认后改写；默认不得进入运行语料。	计划被打断并不等于整天报废，剩余部分仍然可以重新安排。	false
review_62469_93130d78f1e5	62469	EmotionalSupport	喂，你现在烦得不想说话我也能理解，难受就说，别硬憋。	future_context_signal	句子断言了当前无法可靠获得的用户状态。	人工确认后改写；默认不得进入运行语料。	计划被打断并不等于整天报废，剩余部分仍然可以重新安排。	false
review_62470_086262de7beb	62470	EmotionalSupport	喂，你现在烦得不想说话我也能理解，今天已经够努力了。	future_context_signal	句子断言了当前无法可靠获得的用户状态。	人工确认后改写；默认不得进入运行语料。	计划被打断并不等于整天报废，剩余部分仍然可以重新安排。	false
review_62471_4938e852a017	62471	EmotionalSupport	喂，你现在烦得不想说话我也能理解，休息好了再跟它较劲。	future_context_signal	句子断言了当前无法可靠获得的用户状态。	人工确认后改写；默认不得进入运行语料。	计划被打断并不等于整天报废，剩余部分仍然可以重新安排。	false
review_62472_1ad778741615	62472	EmotionalSupport	喂，你现在烦得不想说话我也能理解，我嘴上凶你，心里还是向着你的。	future_context_signal	句子断言了当前无法可靠获得的用户状态。	人工确认后改写；默认不得进入运行语料。	计划被打断并不等于整天报废，剩余部分仍然可以重新安排。	false
review_62473_4e94176f4108	62473	EmotionalSupport	喂，你现在烦得不想说话我也能理解，喝口水再继续，好不好。	future_context_signal	句子断言了当前无法可靠获得的用户状态。	人工确认后改写；默认不得进入运行语料。	计划被打断并不等于整天报废，剩余部分仍然可以重新安排。	false
review_62474_acc92d9b6287	62474	EmotionalSupport	喂，你现在烦得不想说话我也能理解，你不需要每次都表现得很厉害。	future_context_signal	句子断言了当前无法可靠获得的用户状态。	人工确认后改写；默认不得进入运行语料。	计划被打断并不等于整天报废，剩余部分仍然可以重新安排。	false
review_62475_e8ebd88312c6	62475	EmotionalSupport	喂，你现在烦得不想说话我也能理解，反正我会陪你聊一会儿。	future_context_signal	句子断言了当前无法可靠获得的用户状态。	人工确认后改写；默认不得进入运行语料。	计划被打断并不等于整天报废，剩余部分仍然可以重新安排。	false
review_62476_2b76e1e54fd8	62476	EmotionalSupport	喂，你现在烦得不想说话我也能理解，先把肩膀放松一点。	future_context_signal	句子断言了当前无法可靠获得的用户状态。	人工确认后改写；默认不得进入运行语料。	计划被打断并不等于整天报废，剩余部分仍然可以重新安排。	false
review_62477_87eadc7a1efc	62477	EmotionalSupport	喂，你现在烦得不想说话我也能理解，今天不完美也照样算数。	future_context_signal	句子断言了当前无法可靠获得的用户状态。	人工确认后改写；默认不得进入运行语料。	计划被打断并不等于整天报废，剩余部分仍然可以重新安排。	false
review_62478_c9709a7d2e8d	62478	EmotionalSupport	喂，你现在烦得不想说话我也能理解，等缓过来我们再想下一步。	future_context_signal	句子断言了当前无法可靠获得的用户状态。	人工确认后改写；默认不得进入运行语料。	计划被打断并不等于整天报废，剩余部分仍然可以重新安排。	false
review_62531_4349d0dc0797	62531	EmotionalSupport	喂，你看起来没事不代表真的不需要安慰，先照顾好自己。	future_context_signal	句子断言了当前无法可靠获得的用户状态。	人工确认后改写；默认不得进入运行语料。	计划被打断并不等于整天报废，剩余部分仍然可以重新安排。	false
review_62532_ca6ab3b2794b	62532	EmotionalSupport	喂，你看起来没事不代表真的不需要安慰，慢一点也没关系。	future_context_signal	句子断言了当前无法可靠获得的用户状态。	人工确认后改写；默认不得进入运行语料。	计划被打断并不等于整天报废，剩余部分仍然可以重新安排。	false
review_62533_10885ba10a28	62533	EmotionalSupport	喂，你看起来没事不代表真的不需要安慰，我又不会笑你。	future_context_signal	句子断言了当前无法可靠获得的用户状态。	人工确认后改写；默认不得进入运行语料。	计划被打断并不等于整天报废，剩余部分仍然可以重新安排。	false
review_62534_ec4f959a21b4	62534	EmotionalSupport	喂，你看起来没事不代表真的不需要安慰，难受就说，别硬憋。	future_context_signal	句子断言了当前无法可靠获得的用户状态。	人工确认后改写；默认不得进入运行语料。	计划被打断并不等于整天报废，剩余部分仍然可以重新安排。	false
review_62535_41944037d9ce	62535	EmotionalSupport	喂，你看起来没事不代表真的不需要安慰，今天已经够努力了。	future_context_signal	句子断言了当前无法可靠获得的用户状态。	人工确认后改写；默认不得进入运行语料。	计划被打断并不等于整天报废，剩余部分仍然可以重新安排。	false
review_62536_3155d1a1fb79	62536	EmotionalSupport	喂，你看起来没事不代表真的不需要安慰，休息好了再跟它较劲。	future_context_signal	句子断言了当前无法可靠获得的用户状态。	人工确认后改写；默认不得进入运行语料。	计划被打断并不等于整天报废，剩余部分仍然可以重新安排。	false
review_62537_572572f4bf25	62537	EmotionalSupport	喂，你看起来没事不代表真的不需要安慰，我嘴上凶你，心里还是向着你的。	future_context_signal	句子断言了当前无法可靠获得的用户状态。	人工确认后改写；默认不得进入运行语料。	计划被打断并不等于整天报废，剩余部分仍然可以重新安排。	false
review_62538_ab879ec58e61	62538	EmotionalSupport	喂，你看起来没事不代表真的不需要安慰，喝口水再继续，好不好。	future_context_signal	句子断言了当前无法可靠获得的用户状态。	人工确认后改写；默认不得进入运行语料。	计划被打断并不等于整天报废，剩余部分仍然可以重新安排。	false
review_62539_ddb6a42f506e	62539	EmotionalSupport	喂，你看起来没事不代表真的不需要安慰，你不需要每次都表现得很厉害。	future_context_signal	句子断言了当前无法可靠获得的用户状态。	人工确认后改写；默认不得进入运行语料。	计划被打断并不等于整天报废，剩余部分仍然可以重新安排。	false
review_62540_ed34e2cc45b0	62540	EmotionalSupport	喂，你看起来没事不代表真的不需要安慰，反正我会陪你聊一会儿。	future_context_signal	句子断言了当前无法可靠获得的用户状态。	人工确认后改写；默认不得进入运行语料。	计划被打断并不等于整天报废，剩余部分仍然可以重新安排。	false
review_62541_5e1187832941	62541	EmotionalSupport	喂，你看起来没事不代表真的不需要安慰，先把肩膀放松一点。	future_context_signal	句子断言了当前无法可靠获得的用户状态。	人工确认后改写；默认不得进入运行语料。	计划被打断并不等于整天报废，剩余部分仍然可以重新安排。	false
review_62542_0fdf6e32dfdf	62542	EmotionalSupport	喂，你看起来没事不代表真的不需要安慰，今天不完美也照样算数。	future_context_signal	句子断言了当前无法可靠获得的用户状态。	人工确认后改写；默认不得进入运行语料。	计划被打断并不等于整天报废，剩余部分仍然可以重新安排。	false
review_62543_63ab87640678	62543	EmotionalSupport	喂，你看起来没事不代表真的不需要安慰，等缓过来我们再想下一步。	future_context_signal	句子断言了当前无法可靠获得的用户状态。	人工确认后改写；默认不得进入运行语料。	计划被打断并不等于整天报废，剩余部分仍然可以重新安排。	false
review_62635_072cb3b945f3	62635	EmotionalSupport	嗯，你已经撑很久了偶尔泄气很正常，先照顾好自己。	future_context_signal	句子断言了当前无法可靠获得的用户状态。	人工确认后改写；默认不得进入运行语料。	计划被打断并不等于整天报废，剩余部分仍然可以重新安排。	false
review_62636_a7fad066d77c	62636	EmotionalSupport	嗯，你已经撑很久了偶尔泄气很正常，慢一点也没关系。	future_context_signal	句子断言了当前无法可靠获得的用户状态。	人工确认后改写；默认不得进入运行语料。	计划被打断并不等于整天报废，剩余部分仍然可以重新安排。	false
review_62637_3bd5d2e27cf2	62637	EmotionalSupport	嗯，你已经撑很久了偶尔泄气很正常，我又不会笑你。	future_context_signal	句子断言了当前无法可靠获得的用户状态。	人工确认后改写；默认不得进入运行语料。	计划被打断并不等于整天报废，剩余部分仍然可以重新安排。	false
review_62638_6a0573d83df0	62638	EmotionalSupport	嗯，你已经撑很久了偶尔泄气很正常，难受就说，别硬憋。	future_context_signal	句子断言了当前无法可靠获得的用户状态。	人工确认后改写；默认不得进入运行语料。	计划被打断并不等于整天报废，剩余部分仍然可以重新安排。	false
review_62639_bf887c528dc8	62639	EmotionalSupport	嗯，你已经撑很久了偶尔泄气很正常，今天已经够努力了。	future_context_signal	句子断言了当前无法可靠获得的用户状态。	人工确认后改写；默认不得进入运行语料。	计划被打断并不等于整天报废，剩余部分仍然可以重新安排。	false
review_62640_b1a4674ce72f	62640	EmotionalSupport	嗯，你已经撑很久了偶尔泄气很正常，休息好了再跟它较劲。	future_context_signal	句子断言了当前无法可靠获得的用户状态。	人工确认后改写；默认不得进入运行语料。	计划被打断并不等于整天报废，剩余部分仍然可以重新安排。	false
review_62641_8345f43fd7d1	62641	EmotionalSupport	嗯，你已经撑很久了偶尔泄气很正常，我嘴上凶你，心里还是向着你的。	future_context_signal	句子断言了当前无法可靠获得的用户状态。	人工确认后改写；默认不得进入运行语料。	计划被打断并不等于整天报废，剩余部分仍然可以重新安排。	false
review_62642_136a83397816	62642	EmotionalSupport	嗯，你已经撑很久了偶尔泄气很正常，喝口水再继续，好不好。	future_context_signal	句子断言了当前无法可靠获得的用户状态。	人工确认后改写；默认不得进入运行语料。	计划被打断并不等于整天报废，剩余部分仍然可以重新安排。	false
review_62643_3f7cac35dae2	62643	EmotionalSupport	嗯，你已经撑很久了偶尔泄气很正常，你不需要每次都表现得很厉害。	future_context_signal	句子断言了当前无法可靠获得的用户状态。	人工确认后改写；默认不得进入运行语料。	计划被打断并不等于整天报废，剩余部分仍然可以重新安排。	false
review_62644_25190f0116c4	62644	EmotionalSupport	嗯，你已经撑很久了偶尔泄气很正常，反正我会陪你聊一会儿。	future_context_signal	句子断言了当前无法可靠获得的用户状态。	人工确认后改写；默认不得进入运行语料。	计划被打断并不等于整天报废，剩余部分仍然可以重新安排。	false
review_62645_685b34d61788	62645	EmotionalSupport	嗯，你已经撑很久了偶尔泄气很正常，先把肩膀放松一点。	future_context_signal	句子断言了当前无法可靠获得的用户状态。	人工确认后改写；默认不得进入运行语料。	计划被打断并不等于整天报废，剩余部分仍然可以重新安排。	false
review_62646_b92a1adc0320	62646	EmotionalSupport	嗯，你已经撑很久了偶尔泄气很正常，今天不完美也照样算数。	future_context_signal	句子断言了当前无法可靠获得的用户状态。	人工确认后改写；默认不得进入运行语料。	计划被打断并不等于整天报废，剩余部分仍然可以重新安排。	false
review_62647_33e88104153e	62647	EmotionalSupport	嗯，你已经撑很久了偶尔泄气很正常，等缓过来我们再想下一步。	future_context_signal	句子断言了当前无法可靠获得的用户状态。	人工确认后改写；默认不得进入运行语料。	计划被打断并不等于整天报废，剩余部分仍然可以重新安排。	false
review_62661_15e4b6036270	62661	EmotionalSupport	嗯，你现在烦得不想说话我也能理解，先照顾好自己。	future_context_signal	句子断言了当前无法可靠获得的用户状态。	人工确认后改写；默认不得进入运行语料。	计划被打断并不等于整天报废，剩余部分仍然可以重新安排。	false
review_62662_536317b4aa65	62662	EmotionalSupport	嗯，你现在烦得不想说话我也能理解，慢一点也没关系。	future_context_signal	句子断言了当前无法可靠获得的用户状态。	人工确认后改写；默认不得进入运行语料。	计划被打断并不等于整天报废，剩余部分仍然可以重新安排。	false
review_62663_5dd62aba5872	62663	EmotionalSupport	嗯，你现在烦得不想说话我也能理解，我又不会笑你。	future_context_signal	句子断言了当前无法可靠获得的用户状态。	人工确认后改写；默认不得进入运行语料。	计划被打断并不等于整天报废，剩余部分仍然可以重新安排。	false
review_62664_dd569f6a13e8	62664	EmotionalSupport	嗯，你现在烦得不想说话我也能理解，难受就说，别硬憋。	future_context_signal	句子断言了当前无法可靠获得的用户状态。	人工确认后改写；默认不得进入运行语料。	计划被打断并不等于整天报废，剩余部分仍然可以重新安排。	false
review_62665_5232522a4b93	62665	EmotionalSupport	嗯，你现在烦得不想说话我也能理解，今天已经够努力了。	future_context_signal	句子断言了当前无法可靠获得的用户状态。	人工确认后改写；默认不得进入运行语料。	计划被打断并不等于整天报废，剩余部分仍然可以重新安排。	false
review_62666_41de7598298d	62666	EmotionalSupport	嗯，你现在烦得不想说话我也能理解，休息好了再跟它较劲。	future_context_signal	句子断言了当前无法可靠获得的用户状态。	人工确认后改写；默认不得进入运行语料。	计划被打断并不等于整天报废，剩余部分仍然可以重新安排。	false
review_62667_93c131ace5cd	62667	EmotionalSupport	嗯，你现在烦得不想说话我也能理解，我嘴上凶你，心里还是向着你的。	future_context_signal	句子断言了当前无法可靠获得的用户状态。	人工确认后改写；默认不得进入运行语料。	计划被打断并不等于整天报废，剩余部分仍然可以重新安排。	false
review_62668_882382758ebe	62668	EmotionalSupport	嗯，你现在烦得不想说话我也能理解，喝口水再继续，好不好。	future_context_signal	句子断言了当前无法可靠获得的用户状态。	人工确认后改写；默认不得进入运行语料。	计划被打断并不等于整天报废，剩余部分仍然可以重新安排。	false
review_62669_2ad7dc8f0075	62669	EmotionalSupport	嗯，你现在烦得不想说话我也能理解，你不需要每次都表现得很厉害。	future_context_signal	句子断言了当前无法可靠获得的用户状态。	人工确认后改写；默认不得进入运行语料。	计划被打断并不等于整天报废，剩余部分仍然可以重新安排。	false
review_62670_bc06c51bb4f0	62670	EmotionalSupport	嗯，你现在烦得不想说话我也能理解，反正我会陪你聊一会儿。	future_context_signal	句子断言了当前无法可靠获得的用户状态。	人工确认后改写；默认不得进入运行语料。	计划被打断并不等于整天报废，剩余部分仍然可以重新安排。	false
review_62671_f8f86624b07c	62671	EmotionalSupport	嗯，你现在烦得不想说话我也能理解，先把肩膀放松一点。	future_context_signal	句子断言了当前无法可靠获得的用户状态。	人工确认后改写；默认不得进入运行语料。	计划被打断并不等于整天报废，剩余部分仍然可以重新安排。	false
review_62672_18721d27f970	62672	EmotionalSupport	嗯，你现在烦得不想说话我也能理解，今天不完美也照样算数。	future_context_signal	句子断言了当前无法可靠获得的用户状态。	人工确认后改写；默认不得进入运行语料。	计划被打断并不等于整天报废，剩余部分仍然可以重新安排。	false
review_62673_7107b1d5c015	62673	EmotionalSupport	嗯，你现在烦得不想说话我也能理解，等缓过来我们再想下一步。	future_context_signal	句子断言了当前无法可靠获得的用户状态。	人工确认后改写；默认不得进入运行语料。	计划被打断并不等于整天报废，剩余部分仍然可以重新安排。	false
review_62726_79549f223959	62726	EmotionalSupport	嗯，你看起来没事不代表真的不需要安慰，先照顾好自己。	future_context_signal	句子断言了当前无法可靠获得的用户状态。	人工确认后改写；默认不得进入运行语料。	计划被打断并不等于整天报废，剩余部分仍然可以重新安排。	false
review_62727_02ffafa23431	62727	EmotionalSupport	嗯，你看起来没事不代表真的不需要安慰，慢一点也没关系。	future_context_signal	句子断言了当前无法可靠获得的用户状态。	人工确认后改写；默认不得进入运行语料。	计划被打断并不等于整天报废，剩余部分仍然可以重新安排。	false
review_62728_7312b4312d2f	62728	EmotionalSupport	嗯，你看起来没事不代表真的不需要安慰，我又不会笑你。	future_context_signal	句子断言了当前无法可靠获得的用户状态。	人工确认后改写；默认不得进入运行语料。	计划被打断并不等于整天报废，剩余部分仍然可以重新安排。	false
review_62729_435e6479d614	62729	EmotionalSupport	嗯，你看起来没事不代表真的不需要安慰，难受就说，别硬憋。	future_context_signal	句子断言了当前无法可靠获得的用户状态。	人工确认后改写；默认不得进入运行语料。	计划被打断并不等于整天报废，剩余部分仍然可以重新安排。	false
review_62730_2d14899fedab	62730	EmotionalSupport	嗯，你看起来没事不代表真的不需要安慰，今天已经够努力了。	future_context_signal	句子断言了当前无法可靠获得的用户状态。	人工确认后改写；默认不得进入运行语料。	计划被打断并不等于整天报废，剩余部分仍然可以重新安排。	false
review_62731_4b3de07ff993	62731	EmotionalSupport	嗯，你看起来没事不代表真的不需要安慰，休息好了再跟它较劲。	future_context_signal	句子断言了当前无法可靠获得的用户状态。	人工确认后改写；默认不得进入运行语料。	计划被打断并不等于整天报废，剩余部分仍然可以重新安排。	false
review_62732_4a8ce6c269ab	62732	EmotionalSupport	嗯，你看起来没事不代表真的不需要安慰，我嘴上凶你，心里还是向着你的。	future_context_signal	句子断言了当前无法可靠获得的用户状态。	人工确认后改写；默认不得进入运行语料。	计划被打断并不等于整天报废，剩余部分仍然可以重新安排。	false
review_62733_63fac93d29fb	62733	EmotionalSupport	嗯，你看起来没事不代表真的不需要安慰，喝口水再继续，好不好。	future_context_signal	句子断言了当前无法可靠获得的用户状态。	人工确认后改写；默认不得进入运行语料。	计划被打断并不等于整天报废，剩余部分仍然可以重新安排。	false
review_62734_c4c359812972	62734	EmotionalSupport	嗯，你看起来没事不代表真的不需要安慰，你不需要每次都表现得很厉害。	future_context_signal	句子断言了当前无法可靠获得的用户状态。	人工确认后改写；默认不得进入运行语料。	计划被打断并不等于整天报废，剩余部分仍然可以重新安排。	false
review_62735_1bc6641cf75f	62735	EmotionalSupport	嗯，你看起来没事不代表真的不需要安慰，反正我会陪你聊一会儿。	future_context_signal	句子断言了当前无法可靠获得的用户状态。	人工确认后改写；默认不得进入运行语料。	计划被打断并不等于整天报废，剩余部分仍然可以重新安排。	false
review_62736_9ad6d980cc62	62736	EmotionalSupport	嗯，你看起来没事不代表真的不需要安慰，先把肩膀放松一点。	future_context_signal	句子断言了当前无法可靠获得的用户状态。	人工确认后改写；默认不得进入运行语料。	计划被打断并不等于整天报废，剩余部分仍然可以重新安排。	false
review_62737_326fd1dee152	62737	EmotionalSupport	嗯，你看起来没事不代表真的不需要安慰，今天不完美也照样算数。	future_context_signal	句子断言了当前无法可靠获得的用户状态。	人工确认后改写；默认不得进入运行语料。	计划被打断并不等于整天报废，剩余部分仍然可以重新安排。	false
review_62738_22c12890e1be	62738	EmotionalSupport	嗯，你看起来没事不代表真的不需要安慰，等缓过来我们再想下一步。	future_context_signal	句子断言了当前无法可靠获得的用户状态。	人工确认后改写；默认不得进入运行语料。	计划被打断并不等于整天报废，剩余部分仍然可以重新安排。	false
review_62830_3dc2e199d575	62830	EmotionalSupport	你先听我一句，你已经撑很久了偶尔泄气很正常，先照顾好自己。	future_context_signal	句子断言了当前无法可靠获得的用户状态。	人工确认后改写；默认不得进入运行语料。	计划被打断并不等于整天报废，剩余部分仍然可以重新安排。	false
review_62831_60b75d61a644	62831	EmotionalSupport	你先听我一句，你已经撑很久了偶尔泄气很正常，慢一点也没关系。	future_context_signal	句子断言了当前无法可靠获得的用户状态。	人工确认后改写；默认不得进入运行语料。	计划被打断并不等于整天报废，剩余部分仍然可以重新安排。	false
review_62832_1354b1c67ca5	62832	EmotionalSupport	你先听我一句，你已经撑很久了偶尔泄气很正常，我又不会笑你。	future_context_signal	句子断言了当前无法可靠获得的用户状态。	人工确认后改写；默认不得进入运行语料。	计划被打断并不等于整天报废，剩余部分仍然可以重新安排。	false
review_62833_114fb4780f3d	62833	EmotionalSupport	你先听我一句，你已经撑很久了偶尔泄气很正常，难受就说，别硬憋。	future_context_signal	句子断言了当前无法可靠获得的用户状态。	人工确认后改写；默认不得进入运行语料。	计划被打断并不等于整天报废，剩余部分仍然可以重新安排。	false
review_62834_14b99b72b486	62834	EmotionalSupport	你先听我一句，你已经撑很久了偶尔泄气很正常，今天已经够努力了。	future_context_signal	句子断言了当前无法可靠获得的用户状态。	人工确认后改写；默认不得进入运行语料。	计划被打断并不等于整天报废，剩余部分仍然可以重新安排。	false
review_62835_f00331b60016	62835	EmotionalSupport	你先听我一句，你已经撑很久了偶尔泄气很正常，休息好了再跟它较劲。	future_context_signal	句子断言了当前无法可靠获得的用户状态。	人工确认后改写；默认不得进入运行语料。	计划被打断并不等于整天报废，剩余部分仍然可以重新安排。	false
review_62836_5e8cabd3937b	62836	EmotionalSupport	你先听我一句，你已经撑很久了偶尔泄气很正常，我嘴上凶你，心里还是向着你的。	future_context_signal	句子断言了当前无法可靠获得的用户状态。	人工确认后改写；默认不得进入运行语料。	计划被打断并不等于整天报废，剩余部分仍然可以重新安排。	false
review_62837_61bbb5979c94	62837	EmotionalSupport	你先听我一句，你已经撑很久了偶尔泄气很正常，喝口水再继续，好不好。	future_context_signal	句子断言了当前无法可靠获得的用户状态。	人工确认后改写；默认不得进入运行语料。	计划被打断并不等于整天报废，剩余部分仍然可以重新安排。	false
review_62838_7222d2399b2b	62838	EmotionalSupport	你先听我一句，你已经撑很久了偶尔泄气很正常，你不需要每次都表现得很厉害。	future_context_signal	句子断言了当前无法可靠获得的用户状态。	人工确认后改写；默认不得进入运行语料。	计划被打断并不等于整天报废，剩余部分仍然可以重新安排。	false
review_62839_d19f0022031f	62839	EmotionalSupport	你先听我一句，你已经撑很久了偶尔泄气很正常，反正我会陪你聊一会儿。	future_context_signal	句子断言了当前无法可靠获得的用户状态。	人工确认后改写；默认不得进入运行语料。	计划被打断并不等于整天报废，剩余部分仍然可以重新安排。	false
review_62840_a0c189e0b33f	62840	EmotionalSupport	你先听我一句，你已经撑很久了偶尔泄气很正常，先把肩膀放松一点。	future_context_signal	句子断言了当前无法可靠获得的用户状态。	人工确认后改写；默认不得进入运行语料。	计划被打断并不等于整天报废，剩余部分仍然可以重新安排。	false
review_62841_6512330231a7	62841	EmotionalSupport	你先听我一句，你已经撑很久了偶尔泄气很正常，今天不完美也照样算数。	future_context_signal	句子断言了当前无法可靠获得的用户状态。	人工确认后改写；默认不得进入运行语料。	计划被打断并不等于整天报废，剩余部分仍然可以重新安排。	false
review_62842_3fd8dde76667	62842	EmotionalSupport	你先听我一句，你已经撑很久了偶尔泄气很正常，等缓过来我们再想下一步。	future_context_signal	句子断言了当前无法可靠获得的用户状态。	人工确认后改写；默认不得进入运行语料。	计划被打断并不等于整天报废，剩余部分仍然可以重新安排。	false
review_62856_7a1007f67ee2	62856	EmotionalSupport	你先听我一句，你现在烦得不想说话我也能理解，先照顾好自己。	future_context_signal	句子断言了当前无法可靠获得的用户状态。	人工确认后改写；默认不得进入运行语料。	计划被打断并不等于整天报废，剩余部分仍然可以重新安排。	false
review_62857_cc03402c100f	62857	EmotionalSupport	你先听我一句，你现在烦得不想说话我也能理解，慢一点也没关系。	future_context_signal	句子断言了当前无法可靠获得的用户状态。	人工确认后改写；默认不得进入运行语料。	计划被打断并不等于整天报废，剩余部分仍然可以重新安排。	false
review_62858_6f2c68bfeaea	62858	EmotionalSupport	你先听我一句，你现在烦得不想说话我也能理解，我又不会笑你。	future_context_signal	句子断言了当前无法可靠获得的用户状态。	人工确认后改写；默认不得进入运行语料。	计划被打断并不等于整天报废，剩余部分仍然可以重新安排。	false
review_62859_e705db165a30	62859	EmotionalSupport	你先听我一句，你现在烦得不想说话我也能理解，难受就说，别硬憋。	future_context_signal	句子断言了当前无法可靠获得的用户状态。	人工确认后改写；默认不得进入运行语料。	计划被打断并不等于整天报废，剩余部分仍然可以重新安排。	false
review_62860_17dfcc8198e1	62860	EmotionalSupport	你先听我一句，你现在烦得不想说话我也能理解，今天已经够努力了。	future_context_signal	句子断言了当前无法可靠获得的用户状态。	人工确认后改写；默认不得进入运行语料。	计划被打断并不等于整天报废，剩余部分仍然可以重新安排。	false
review_62861_4e0215a7ff92	62861	EmotionalSupport	你先听我一句，你现在烦得不想说话我也能理解，休息好了再跟它较劲。	future_context_signal	句子断言了当前无法可靠获得的用户状态。	人工确认后改写；默认不得进入运行语料。	计划被打断并不等于整天报废，剩余部分仍然可以重新安排。	false
review_62862_e42d73e1b965	62862	EmotionalSupport	你先听我一句，你现在烦得不想说话我也能理解，我嘴上凶你，心里还是向着你的。	future_context_signal	句子断言了当前无法可靠获得的用户状态。	人工确认后改写；默认不得进入运行语料。	计划被打断并不等于整天报废，剩余部分仍然可以重新安排。	false
review_62863_dc2be9aa6f87	62863	EmotionalSupport	你先听我一句，你现在烦得不想说话我也能理解，喝口水再继续，好不好。	future_context_signal	句子断言了当前无法可靠获得的用户状态。	人工确认后改写；默认不得进入运行语料。	计划被打断并不等于整天报废，剩余部分仍然可以重新安排。	false
review_62864_7248458668d1	62864	EmotionalSupport	你先听我一句，你现在烦得不想说话我也能理解，你不需要每次都表现得很厉害。	future_context_signal	句子断言了当前无法可靠获得的用户状态。	人工确认后改写；默认不得进入运行语料。	计划被打断并不等于整天报废，剩余部分仍然可以重新安排。	false
review_62865_ad081bb441a2	62865	EmotionalSupport	你先听我一句，你现在烦得不想说话我也能理解，反正我会陪你聊一会儿。	future_context_signal	句子断言了当前无法可靠获得的用户状态。	人工确认后改写；默认不得进入运行语料。	计划被打断并不等于整天报废，剩余部分仍然可以重新安排。	false
review_62866_894801b49115	62866	EmotionalSupport	你先听我一句，你现在烦得不想说话我也能理解，先把肩膀放松一点。	future_context_signal	句子断言了当前无法可靠获得的用户状态。	人工确认后改写；默认不得进入运行语料。	计划被打断并不等于整天报废，剩余部分仍然可以重新安排。	false
review_62867_e9c03fad16f7	62867	EmotionalSupport	你先听我一句，你现在烦得不想说话我也能理解，今天不完美也照样算数。	future_context_signal	句子断言了当前无法可靠获得的用户状态。	人工确认后改写；默认不得进入运行语料。	计划被打断并不等于整天报废，剩余部分仍然可以重新安排。	false
review_62868_443d96b03de5	62868	EmotionalSupport	你先听我一句，你现在烦得不想说话我也能理解，等缓过来我们再想下一步。	future_context_signal	句子断言了当前无法可靠获得的用户状态。	人工确认后改写；默认不得进入运行语料。	计划被打断并不等于整天报废，剩余部分仍然可以重新安排。	false
review_62921_ccacd7506686	62921	EmotionalSupport	你先听我一句，你看起来没事不代表真的不需要安慰，先照顾好自己。	future_context_signal	句子断言了当前无法可靠获得的用户状态。	人工确认后改写；默认不得进入运行语料。	计划被打断并不等于整天报废，剩余部分仍然可以重新安排。	false
review_62922_e03dbc9a746c	62922	EmotionalSupport	你先听我一句，你看起来没事不代表真的不需要安慰，慢一点也没关系。	future_context_signal	句子断言了当前无法可靠获得的用户状态。	人工确认后改写；默认不得进入运行语料。	计划被打断并不等于整天报废，剩余部分仍然可以重新安排。	false
review_62923_eed2020ae849	62923	EmotionalSupport	你先听我一句，你看起来没事不代表真的不需要安慰，我又不会笑你。	future_context_signal	句子断言了当前无法可靠获得的用户状态。	人工确认后改写；默认不得进入运行语料。	计划被打断并不等于整天报废，剩余部分仍然可以重新安排。	false
review_62924_499a15aa4d74	62924	EmotionalSupport	你先听我一句，你看起来没事不代表真的不需要安慰，难受就说，别硬憋。	future_context_signal	句子断言了当前无法可靠获得的用户状态。	人工确认后改写；默认不得进入运行语料。	计划被打断并不等于整天报废，剩余部分仍然可以重新安排。	false
review_62925_392bb69b7b14	62925	EmotionalSupport	你先听我一句，你看起来没事不代表真的不需要安慰，今天已经够努力了。	future_context_signal	句子断言了当前无法可靠获得的用户状态。	人工确认后改写；默认不得进入运行语料。	计划被打断并不等于整天报废，剩余部分仍然可以重新安排。	false
review_62926_58c66485fa98	62926	EmotionalSupport	你先听我一句，你看起来没事不代表真的不需要安慰，休息好了再跟它较劲。	future_context_signal	句子断言了当前无法可靠获得的用户状态。	人工确认后改写；默认不得进入运行语料。	计划被打断并不等于整天报废，剩余部分仍然可以重新安排。	false
review_62927_93d7d9d57a3e	62927	EmotionalSupport	你先听我一句，你看起来没事不代表真的不需要安慰，我嘴上凶你，心里还是向着你的。	future_context_signal	句子断言了当前无法可靠获得的用户状态。	人工确认后改写；默认不得进入运行语料。	计划被打断并不等于整天报废，剩余部分仍然可以重新安排。	false
review_62928_20d452032516	62928	EmotionalSupport	你先听我一句，你看起来没事不代表真的不需要安慰，喝口水再继续，好不好。	future_context_signal	句子断言了当前无法可靠获得的用户状态。	人工确认后改写；默认不得进入运行语料。	计划被打断并不等于整天报废，剩余部分仍然可以重新安排。	false
review_62929_ba60dc121078	62929	EmotionalSupport	你先听我一句，你看起来没事不代表真的不需要安慰，你不需要每次都表现得很厉害。	future_context_signal	句子断言了当前无法可靠获得的用户状态。	人工确认后改写；默认不得进入运行语料。	计划被打断并不等于整天报废，剩余部分仍然可以重新安排。	false
review_62930_5079bd2c661d	62930	EmotionalSupport	你先听我一句，你看起来没事不代表真的不需要安慰，反正我会陪你聊一会儿。	future_context_signal	句子断言了当前无法可靠获得的用户状态。	人工确认后改写；默认不得进入运行语料。	计划被打断并不等于整天报废，剩余部分仍然可以重新安排。	false
review_62931_395c31ee989e	62931	EmotionalSupport	你先听我一句，你看起来没事不代表真的不需要安慰，先把肩膀放松一点。	future_context_signal	句子断言了当前无法可靠获得的用户状态。	人工确认后改写；默认不得进入运行语料。	计划被打断并不等于整天报废，剩余部分仍然可以重新安排。	false
review_62932_75cb816fe339	62932	EmotionalSupport	你先听我一句，你看起来没事不代表真的不需要安慰，今天不完美也照样算数。	future_context_signal	句子断言了当前无法可靠获得的用户状态。	人工确认后改写；默认不得进入运行语料。	计划被打断并不等于整天报废，剩余部分仍然可以重新安排。	false
review_62933_ff002048d3ae	62933	EmotionalSupport	你先听我一句，你看起来没事不代表真的不需要安慰，等缓过来我们再想下一步。	future_context_signal	句子断言了当前无法可靠获得的用户状态。	人工确认后改写；默认不得进入运行语料。	计划被打断并不等于整天报废，剩余部分仍然可以重新安排。	false
review_63025_c6d0ec9e84ef	63025	EmotionalSupport	我说真的，你已经撑很久了偶尔泄气很正常，先照顾好自己。	future_context_signal	句子断言了当前无法可靠获得的用户状态。	人工确认后改写；默认不得进入运行语料。	计划被打断并不等于整天报废，剩余部分仍然可以重新安排。	false
review_63026_62f8c80dda25	63026	EmotionalSupport	我说真的，你已经撑很久了偶尔泄气很正常，慢一点也没关系。	future_context_signal	句子断言了当前无法可靠获得的用户状态。	人工确认后改写；默认不得进入运行语料。	计划被打断并不等于整天报废，剩余部分仍然可以重新安排。	false
review_63027_1469b8a3f1d4	63027	EmotionalSupport	我说真的，你已经撑很久了偶尔泄气很正常，我又不会笑你。	future_context_signal	句子断言了当前无法可靠获得的用户状态。	人工确认后改写；默认不得进入运行语料。	计划被打断并不等于整天报废，剩余部分仍然可以重新安排。	false
review_63028_4542e7fb8904	63028	EmotionalSupport	我说真的，你已经撑很久了偶尔泄气很正常，难受就说，别硬憋。	future_context_signal	句子断言了当前无法可靠获得的用户状态。	人工确认后改写；默认不得进入运行语料。	计划被打断并不等于整天报废，剩余部分仍然可以重新安排。	false
review_63029_5dd59344def4	63029	EmotionalSupport	我说真的，你已经撑很久了偶尔泄气很正常，今天已经够努力了。	future_context_signal	句子断言了当前无法可靠获得的用户状态。	人工确认后改写；默认不得进入运行语料。	计划被打断并不等于整天报废，剩余部分仍然可以重新安排。	false
review_63030_f9585eed6435	63030	EmotionalSupport	我说真的，你已经撑很久了偶尔泄气很正常，休息好了再跟它较劲。	future_context_signal	句子断言了当前无法可靠获得的用户状态。	人工确认后改写；默认不得进入运行语料。	计划被打断并不等于整天报废，剩余部分仍然可以重新安排。	false
review_63031_251966fb190a	63031	EmotionalSupport	我说真的，你已经撑很久了偶尔泄气很正常，我嘴上凶你，心里还是向着你的。	future_context_signal	句子断言了当前无法可靠获得的用户状态。	人工确认后改写；默认不得进入运行语料。	计划被打断并不等于整天报废，剩余部分仍然可以重新安排。	false
review_63032_092475bb4edd	63032	EmotionalSupport	我说真的，你已经撑很久了偶尔泄气很正常，喝口水再继续，好不好。	future_context_signal	句子断言了当前无法可靠获得的用户状态。	人工确认后改写；默认不得进入运行语料。	计划被打断并不等于整天报废，剩余部分仍然可以重新安排。	false
review_63033_c19479c8c2ca	63033	EmotionalSupport	我说真的，你已经撑很久了偶尔泄气很正常，你不需要每次都表现得很厉害。	future_context_signal	句子断言了当前无法可靠获得的用户状态。	人工确认后改写；默认不得进入运行语料。	计划被打断并不等于整天报废，剩余部分仍然可以重新安排。	false
review_63034_19b5aeac246c	63034	EmotionalSupport	我说真的，你已经撑很久了偶尔泄气很正常，反正我会陪你聊一会儿。	future_context_signal	句子断言了当前无法可靠获得的用户状态。	人工确认后改写；默认不得进入运行语料。	计划被打断并不等于整天报废，剩余部分仍然可以重新安排。	false
review_63035_f59f8b18f0a0	63035	EmotionalSupport	我说真的，你已经撑很久了偶尔泄气很正常，先把肩膀放松一点。	future_context_signal	句子断言了当前无法可靠获得的用户状态。	人工确认后改写；默认不得进入运行语料。	计划被打断并不等于整天报废，剩余部分仍然可以重新安排。	false
review_63036_c4e64ff0aadb	63036	EmotionalSupport	我说真的，你已经撑很久了偶尔泄气很正常，今天不完美也照样算数。	future_context_signal	句子断言了当前无法可靠获得的用户状态。	人工确认后改写；默认不得进入运行语料。	计划被打断并不等于整天报废，剩余部分仍然可以重新安排。	false
review_63037_4984a0e5f8af	63037	EmotionalSupport	我说真的，你已经撑很久了偶尔泄气很正常，等缓过来我们再想下一步。	future_context_signal	句子断言了当前无法可靠获得的用户状态。	人工确认后改写；默认不得进入运行语料。	计划被打断并不等于整天报废，剩余部分仍然可以重新安排。	false
review_63051_bc8e73a97199	63051	EmotionalSupport	我说真的，你现在烦得不想说话我也能理解，先照顾好自己。	future_context_signal	句子断言了当前无法可靠获得的用户状态。	人工确认后改写；默认不得进入运行语料。	计划被打断并不等于整天报废，剩余部分仍然可以重新安排。	false
review_63052_d182cad5edb2	63052	EmotionalSupport	我说真的，你现在烦得不想说话我也能理解，慢一点也没关系。	future_context_signal	句子断言了当前无法可靠获得的用户状态。	人工确认后改写；默认不得进入运行语料。	计划被打断并不等于整天报废，剩余部分仍然可以重新安排。	false
review_63053_29fc77c91f09	63053	EmotionalSupport	我说真的，你现在烦得不想说话我也能理解，我又不会笑你。	future_context_signal	句子断言了当前无法可靠获得的用户状态。	人工确认后改写；默认不得进入运行语料。	计划被打断并不等于整天报废，剩余部分仍然可以重新安排。	false
review_63054_44d86bb3e64e	63054	EmotionalSupport	我说真的，你现在烦得不想说话我也能理解，难受就说，别硬憋。	future_context_signal	句子断言了当前无法可靠获得的用户状态。	人工确认后改写；默认不得进入运行语料。	计划被打断并不等于整天报废，剩余部分仍然可以重新安排。	false
review_63055_b02664e538fa	63055	EmotionalSupport	我说真的，你现在烦得不想说话我也能理解，今天已经够努力了。	future_context_signal	句子断言了当前无法可靠获得的用户状态。	人工确认后改写；默认不得进入运行语料。	计划被打断并不等于整天报废，剩余部分仍然可以重新安排。	false
review_63056_f0f0a0a98d0c	63056	EmotionalSupport	我说真的，你现在烦得不想说话我也能理解，休息好了再跟它较劲。	future_context_signal	句子断言了当前无法可靠获得的用户状态。	人工确认后改写；默认不得进入运行语料。	计划被打断并不等于整天报废，剩余部分仍然可以重新安排。	false
review_63057_e207e0907662	63057	EmotionalSupport	我说真的，你现在烦得不想说话我也能理解，我嘴上凶你，心里还是向着你的。	future_context_signal	句子断言了当前无法可靠获得的用户状态。	人工确认后改写；默认不得进入运行语料。	计划被打断并不等于整天报废，剩余部分仍然可以重新安排。	false
review_63058_1d8cd7d833d4	63058	EmotionalSupport	我说真的，你现在烦得不想说话我也能理解，喝口水再继续，好不好。	future_context_signal	句子断言了当前无法可靠获得的用户状态。	人工确认后改写；默认不得进入运行语料。	计划被打断并不等于整天报废，剩余部分仍然可以重新安排。	false
review_63059_7e19a940868f	63059	EmotionalSupport	我说真的，你现在烦得不想说话我也能理解，你不需要每次都表现得很厉害。	future_context_signal	句子断言了当前无法可靠获得的用户状态。	人工确认后改写；默认不得进入运行语料。	计划被打断并不等于整天报废，剩余部分仍然可以重新安排。	false
review_63060_1adb000299e6	63060	EmotionalSupport	我说真的，你现在烦得不想说话我也能理解，反正我会陪你聊一会儿。	future_context_signal	句子断言了当前无法可靠获得的用户状态。	人工确认后改写；默认不得进入运行语料。	计划被打断并不等于整天报废，剩余部分仍然可以重新安排。	false
review_63061_bb8901bc8986	63061	EmotionalSupport	我说真的，你现在烦得不想说话我也能理解，先把肩膀放松一点。	future_context_signal	句子断言了当前无法可靠获得的用户状态。	人工确认后改写；默认不得进入运行语料。	计划被打断并不等于整天报废，剩余部分仍然可以重新安排。	false
review_63062_d3db57e2c508	63062	EmotionalSupport	我说真的，你现在烦得不想说话我也能理解，今天不完美也照样算数。	future_context_signal	句子断言了当前无法可靠获得的用户状态。	人工确认后改写；默认不得进入运行语料。	计划被打断并不等于整天报废，剩余部分仍然可以重新安排。	false
review_63063_7512221150e2	63063	EmotionalSupport	我说真的，你现在烦得不想说话我也能理解，等缓过来我们再想下一步。	future_context_signal	句子断言了当前无法可靠获得的用户状态。	人工确认后改写；默认不得进入运行语料。	计划被打断并不等于整天报废，剩余部分仍然可以重新安排。	false
review_63116_6b1cdb1b2d5c	63116	EmotionalSupport	我说真的，你看起来没事不代表真的不需要安慰，先照顾好自己。	future_context_signal	句子断言了当前无法可靠获得的用户状态。	人工确认后改写；默认不得进入运行语料。	计划被打断并不等于整天报废，剩余部分仍然可以重新安排。	false
review_63117_3872a135b094	63117	EmotionalSupport	我说真的，你看起来没事不代表真的不需要安慰，慢一点也没关系。	future_context_signal	句子断言了当前无法可靠获得的用户状态。	人工确认后改写；默认不得进入运行语料。	计划被打断并不等于整天报废，剩余部分仍然可以重新安排。	false
review_63118_ad60cd79c78e	63118	EmotionalSupport	我说真的，你看起来没事不代表真的不需要安慰，我又不会笑你。	future_context_signal	句子断言了当前无法可靠获得的用户状态。	人工确认后改写；默认不得进入运行语料。	计划被打断并不等于整天报废，剩余部分仍然可以重新安排。	false
review_63119_a5fb04e3a9e5	63119	EmotionalSupport	我说真的，你看起来没事不代表真的不需要安慰，难受就说，别硬憋。	future_context_signal	句子断言了当前无法可靠获得的用户状态。	人工确认后改写；默认不得进入运行语料。	计划被打断并不等于整天报废，剩余部分仍然可以重新安排。	false
review_63120_d3b571fbfad9	63120	EmotionalSupport	我说真的，你看起来没事不代表真的不需要安慰，今天已经够努力了。	future_context_signal	句子断言了当前无法可靠获得的用户状态。	人工确认后改写；默认不得进入运行语料。	计划被打断并不等于整天报废，剩余部分仍然可以重新安排。	false
review_63121_475a00df64db	63121	EmotionalSupport	我说真的，你看起来没事不代表真的不需要安慰，休息好了再跟它较劲。	future_context_signal	句子断言了当前无法可靠获得的用户状态。	人工确认后改写；默认不得进入运行语料。	计划被打断并不等于整天报废，剩余部分仍然可以重新安排。	false
review_63122_7975b9c8f79c	63122	EmotionalSupport	我说真的，你看起来没事不代表真的不需要安慰，我嘴上凶你，心里还是向着你的。	future_context_signal	句子断言了当前无法可靠获得的用户状态。	人工确认后改写；默认不得进入运行语料。	计划被打断并不等于整天报废，剩余部分仍然可以重新安排。	false
review_63123_9294a15abe33	63123	EmotionalSupport	我说真的，你看起来没事不代表真的不需要安慰，喝口水再继续，好不好。	future_context_signal	句子断言了当前无法可靠获得的用户状态。	人工确认后改写；默认不得进入运行语料。	计划被打断并不等于整天报废，剩余部分仍然可以重新安排。	false
review_63124_889b32b691c2	63124	EmotionalSupport	我说真的，你看起来没事不代表真的不需要安慰，你不需要每次都表现得很厉害。	future_context_signal	句子断言了当前无法可靠获得的用户状态。	人工确认后改写；默认不得进入运行语料。	计划被打断并不等于整天报废，剩余部分仍然可以重新安排。	false
review_63125_b3b62ea0ebb9	63125	EmotionalSupport	我说真的，你看起来没事不代表真的不需要安慰，反正我会陪你聊一会儿。	future_context_signal	句子断言了当前无法可靠获得的用户状态。	人工确认后改写；默认不得进入运行语料。	计划被打断并不等于整天报废，剩余部分仍然可以重新安排。	false
review_63126_dfe7a6f3fc60	63126	EmotionalSupport	我说真的，你看起来没事不代表真的不需要安慰，先把肩膀放松一点。	future_context_signal	句子断言了当前无法可靠获得的用户状态。	人工确认后改写；默认不得进入运行语料。	计划被打断并不等于整天报废，剩余部分仍然可以重新安排。	false
review_63127_0ea7cbb4bd21	63127	EmotionalSupport	我说真的，你看起来没事不代表真的不需要安慰，今天不完美也照样算数。	future_context_signal	句子断言了当前无法可靠获得的用户状态。	人工确认后改写；默认不得进入运行语料。	计划被打断并不等于整天报废，剩余部分仍然可以重新安排。	false
review_63128_6c8f0cba004b	63128	EmotionalSupport	我说真的，你看起来没事不代表真的不需要安慰，等缓过来我们再想下一步。	future_context_signal	句子断言了当前无法可靠获得的用户状态。	人工确认后改写；默认不得进入运行语料。	计划被打断并不等于整天报废，剩余部分仍然可以重新安排。	false
review_63220_50c0df5b2d7c	63220	EmotionalSupport	别逞强，你已经撑很久了偶尔泄气很正常，先照顾好自己。	future_context_signal	句子断言了当前无法可靠获得的用户状态。	人工确认后改写；默认不得进入运行语料。	计划被打断并不等于整天报废，剩余部分仍然可以重新安排。	false
review_63221_e65e91a70929	63221	EmotionalSupport	别逞强，你已经撑很久了偶尔泄气很正常，慢一点也没关系。	future_context_signal	句子断言了当前无法可靠获得的用户状态。	人工确认后改写；默认不得进入运行语料。	计划被打断并不等于整天报废，剩余部分仍然可以重新安排。	false
review_63222_373b694577d6	63222	EmotionalSupport	别逞强，你已经撑很久了偶尔泄气很正常，我又不会笑你。	future_context_signal	句子断言了当前无法可靠获得的用户状态。	人工确认后改写；默认不得进入运行语料。	计划被打断并不等于整天报废，剩余部分仍然可以重新安排。	false
review_63223_e930718682a2	63223	EmotionalSupport	别逞强，你已经撑很久了偶尔泄气很正常，难受就说，别硬憋。	future_context_signal	句子断言了当前无法可靠获得的用户状态。	人工确认后改写；默认不得进入运行语料。	计划被打断并不等于整天报废，剩余部分仍然可以重新安排。	false
review_63224_04e554aa9810	63224	EmotionalSupport	别逞强，你已经撑很久了偶尔泄气很正常，今天已经够努力了。	future_context_signal	句子断言了当前无法可靠获得的用户状态。	人工确认后改写；默认不得进入运行语料。	计划被打断并不等于整天报废，剩余部分仍然可以重新安排。	false
review_63225_1890a47e8ec9	63225	EmotionalSupport	别逞强，你已经撑很久了偶尔泄气很正常，休息好了再跟它较劲。	future_context_signal	句子断言了当前无法可靠获得的用户状态。	人工确认后改写；默认不得进入运行语料。	计划被打断并不等于整天报废，剩余部分仍然可以重新安排。	false
review_63226_8d30e8167bf1	63226	EmotionalSupport	别逞强，你已经撑很久了偶尔泄气很正常，我嘴上凶你，心里还是向着你的。	future_context_signal	句子断言了当前无法可靠获得的用户状态。	人工确认后改写；默认不得进入运行语料。	计划被打断并不等于整天报废，剩余部分仍然可以重新安排。	false
review_63227_2c1dd5db8b22	63227	EmotionalSupport	别逞强，你已经撑很久了偶尔泄气很正常，喝口水再继续，好不好。	future_context_signal	句子断言了当前无法可靠获得的用户状态。	人工确认后改写；默认不得进入运行语料。	计划被打断并不等于整天报废，剩余部分仍然可以重新安排。	false
review_63228_222cddec297a	63228	EmotionalSupport	别逞强，你已经撑很久了偶尔泄气很正常，你不需要每次都表现得很厉害。	future_context_signal	句子断言了当前无法可靠获得的用户状态。	人工确认后改写；默认不得进入运行语料。	计划被打断并不等于整天报废，剩余部分仍然可以重新安排。	false
review_63229_a0427237eda7	63229	EmotionalSupport	别逞强，你已经撑很久了偶尔泄气很正常，反正我会陪你聊一会儿。	future_context_signal	句子断言了当前无法可靠获得的用户状态。	人工确认后改写；默认不得进入运行语料。	计划被打断并不等于整天报废，剩余部分仍然可以重新安排。	false
review_63230_512c77e96e87	63230	EmotionalSupport	别逞强，你已经撑很久了偶尔泄气很正常，先把肩膀放松一点。	future_context_signal	句子断言了当前无法可靠获得的用户状态。	人工确认后改写；默认不得进入运行语料。	计划被打断并不等于整天报废，剩余部分仍然可以重新安排。	false
review_63231_cdd2aa05414d	63231	EmotionalSupport	别逞强，你已经撑很久了偶尔泄气很正常，今天不完美也照样算数。	future_context_signal	句子断言了当前无法可靠获得的用户状态。	人工确认后改写；默认不得进入运行语料。	计划被打断并不等于整天报废，剩余部分仍然可以重新安排。	false
review_63232_2ba5b449b083	63232	EmotionalSupport	别逞强，你已经撑很久了偶尔泄气很正常，等缓过来我们再想下一步。	future_context_signal	句子断言了当前无法可靠获得的用户状态。	人工确认后改写；默认不得进入运行语料。	计划被打断并不等于整天报废，剩余部分仍然可以重新安排。	false
review_63246_ee67569f1e5b	63246	EmotionalSupport	别逞强，你现在烦得不想说话我也能理解，先照顾好自己。	future_context_signal	句子断言了当前无法可靠获得的用户状态。	人工确认后改写；默认不得进入运行语料。	计划被打断并不等于整天报废，剩余部分仍然可以重新安排。	false
review_63247_5324e07afd05	63247	EmotionalSupport	别逞强，你现在烦得不想说话我也能理解，慢一点也没关系。	future_context_signal	句子断言了当前无法可靠获得的用户状态。	人工确认后改写；默认不得进入运行语料。	计划被打断并不等于整天报废，剩余部分仍然可以重新安排。	false
review_63248_cce3e54be24c	63248	EmotionalSupport	别逞强，你现在烦得不想说话我也能理解，我又不会笑你。	future_context_signal	句子断言了当前无法可靠获得的用户状态。	人工确认后改写；默认不得进入运行语料。	计划被打断并不等于整天报废，剩余部分仍然可以重新安排。	false
review_63249_ba18161b7895	63249	EmotionalSupport	别逞强，你现在烦得不想说话我也能理解，难受就说，别硬憋。	future_context_signal	句子断言了当前无法可靠获得的用户状态。	人工确认后改写；默认不得进入运行语料。	计划被打断并不等于整天报废，剩余部分仍然可以重新安排。	false
review_63250_ba98271e7105	63250	EmotionalSupport	别逞强，你现在烦得不想说话我也能理解，今天已经够努力了。	future_context_signal	句子断言了当前无法可靠获得的用户状态。	人工确认后改写；默认不得进入运行语料。	计划被打断并不等于整天报废，剩余部分仍然可以重新安排。	false
review_63251_dea4b1d6ebe5	63251	EmotionalSupport	别逞强，你现在烦得不想说话我也能理解，休息好了再跟它较劲。	future_context_signal	句子断言了当前无法可靠获得的用户状态。	人工确认后改写；默认不得进入运行语料。	计划被打断并不等于整天报废，剩余部分仍然可以重新安排。	false
review_63252_9084edfd7341	63252	EmotionalSupport	别逞强，你现在烦得不想说话我也能理解，我嘴上凶你，心里还是向着你的。	future_context_signal	句子断言了当前无法可靠获得的用户状态。	人工确认后改写；默认不得进入运行语料。	计划被打断并不等于整天报废，剩余部分仍然可以重新安排。	false
review_63253_bc6bedfe1758	63253	EmotionalSupport	别逞强，你现在烦得不想说话我也能理解，喝口水再继续，好不好。	future_context_signal	句子断言了当前无法可靠获得的用户状态。	人工确认后改写；默认不得进入运行语料。	计划被打断并不等于整天报废，剩余部分仍然可以重新安排。	false
review_63254_57e37bb48553	63254	EmotionalSupport	别逞强，你现在烦得不想说话我也能理解，你不需要每次都表现得很厉害。	future_context_signal	句子断言了当前无法可靠获得的用户状态。	人工确认后改写；默认不得进入运行语料。	计划被打断并不等于整天报废，剩余部分仍然可以重新安排。	false
review_63255_bbf75ab44edb	63255	EmotionalSupport	别逞强，你现在烦得不想说话我也能理解，反正我会陪你聊一会儿。	future_context_signal	句子断言了当前无法可靠获得的用户状态。	人工确认后改写；默认不得进入运行语料。	计划被打断并不等于整天报废，剩余部分仍然可以重新安排。	false
review_63256_a328e153f57f	63256	EmotionalSupport	别逞强，你现在烦得不想说话我也能理解，先把肩膀放松一点。	future_context_signal	句子断言了当前无法可靠获得的用户状态。	人工确认后改写；默认不得进入运行语料。	计划被打断并不等于整天报废，剩余部分仍然可以重新安排。	false
review_63257_c7bb38e60a9d	63257	EmotionalSupport	别逞强，你现在烦得不想说话我也能理解，今天不完美也照样算数。	future_context_signal	句子断言了当前无法可靠获得的用户状态。	人工确认后改写；默认不得进入运行语料。	计划被打断并不等于整天报废，剩余部分仍然可以重新安排。	false
review_63258_69a87b9f86b8	63258	EmotionalSupport	别逞强，你现在烦得不想说话我也能理解，等缓过来我们再想下一步。	future_context_signal	句子断言了当前无法可靠获得的用户状态。	人工确认后改写；默认不得进入运行语料。	计划被打断并不等于整天报废，剩余部分仍然可以重新安排。	false
review_63311_2c430d349632	63311	EmotionalSupport	别逞强，你看起来没事不代表真的不需要安慰，先照顾好自己。	future_context_signal	句子断言了当前无法可靠获得的用户状态。	人工确认后改写；默认不得进入运行语料。	计划被打断并不等于整天报废，剩余部分仍然可以重新安排。	false
review_63312_2b22ad19f72d	63312	EmotionalSupport	别逞强，你看起来没事不代表真的不需要安慰，慢一点也没关系。	future_context_signal	句子断言了当前无法可靠获得的用户状态。	人工确认后改写；默认不得进入运行语料。	计划被打断并不等于整天报废，剩余部分仍然可以重新安排。	false
review_63313_d5cb2500299b	63313	EmotionalSupport	别逞强，你看起来没事不代表真的不需要安慰，我又不会笑你。	future_context_signal	句子断言了当前无法可靠获得的用户状态。	人工确认后改写；默认不得进入运行语料。	计划被打断并不等于整天报废，剩余部分仍然可以重新安排。	false
review_63314_9deb832f3b03	63314	EmotionalSupport	别逞强，你看起来没事不代表真的不需要安慰，难受就说，别硬憋。	future_context_signal	句子断言了当前无法可靠获得的用户状态。	人工确认后改写；默认不得进入运行语料。	计划被打断并不等于整天报废，剩余部分仍然可以重新安排。	false
review_63315_948b9c2c8b4a	63315	EmotionalSupport	别逞强，你看起来没事不代表真的不需要安慰，今天已经够努力了。	future_context_signal	句子断言了当前无法可靠获得的用户状态。	人工确认后改写；默认不得进入运行语料。	计划被打断并不等于整天报废，剩余部分仍然可以重新安排。	false
review_63316_0ab6c25e6012	63316	EmotionalSupport	别逞强，你看起来没事不代表真的不需要安慰，休息好了再跟它较劲。	future_context_signal	句子断言了当前无法可靠获得的用户状态。	人工确认后改写；默认不得进入运行语料。	计划被打断并不等于整天报废，剩余部分仍然可以重新安排。	false
review_63317_65cd4db0c8f8	63317	EmotionalSupport	别逞强，你看起来没事不代表真的不需要安慰，我嘴上凶你，心里还是向着你的。	future_context_signal	句子断言了当前无法可靠获得的用户状态。	人工确认后改写；默认不得进入运行语料。	计划被打断并不等于整天报废，剩余部分仍然可以重新安排。	false
review_63318_cb3787e3285a	63318	EmotionalSupport	别逞强，你看起来没事不代表真的不需要安慰，喝口水再继续，好不好。	future_context_signal	句子断言了当前无法可靠获得的用户状态。	人工确认后改写；默认不得进入运行语料。	计划被打断并不等于整天报废，剩余部分仍然可以重新安排。	false
review_63319_14421fd4630d	63319	EmotionalSupport	别逞强，你看起来没事不代表真的不需要安慰，你不需要每次都表现得很厉害。	future_context_signal	句子断言了当前无法可靠获得的用户状态。	人工确认后改写；默认不得进入运行语料。	计划被打断并不等于整天报废，剩余部分仍然可以重新安排。	false
review_63320_19ebd4617d69	63320	EmotionalSupport	别逞强，你看起来没事不代表真的不需要安慰，反正我会陪你聊一会儿。	future_context_signal	句子断言了当前无法可靠获得的用户状态。	人工确认后改写；默认不得进入运行语料。	计划被打断并不等于整天报废，剩余部分仍然可以重新安排。	false
review_63321_f84c966050d9	63321	EmotionalSupport	别逞强，你看起来没事不代表真的不需要安慰，先把肩膀放松一点。	future_context_signal	句子断言了当前无法可靠获得的用户状态。	人工确认后改写；默认不得进入运行语料。	计划被打断并不等于整天报废，剩余部分仍然可以重新安排。	false
review_63322_7cd1f299ec20	63322	EmotionalSupport	别逞强，你看起来没事不代表真的不需要安慰，今天不完美也照样算数。	future_context_signal	句子断言了当前无法可靠获得的用户状态。	人工确认后改写；默认不得进入运行语料。	计划被打断并不等于整天报废，剩余部分仍然可以重新安排。	false
review_63323_879187ace028	63323	EmotionalSupport	别逞强，你看起来没事不代表真的不需要安慰，等缓过来我们再想下一步。	future_context_signal	句子断言了当前无法可靠获得的用户状态。	人工确认后改写；默认不得进入运行语料。	计划被打断并不等于整天报废，剩余部分仍然可以重新安排。	false
review_63415_4d2bce616259	63415	EmotionalSupport	行啦，你已经撑很久了偶尔泄气很正常，先照顾好自己。	future_context_signal	句子断言了当前无法可靠获得的用户状态。	人工确认后改写；默认不得进入运行语料。	计划被打断并不等于整天报废，剩余部分仍然可以重新安排。	false
review_63416_c7636eae71e8	63416	EmotionalSupport	行啦，你已经撑很久了偶尔泄气很正常，慢一点也没关系。	future_context_signal	句子断言了当前无法可靠获得的用户状态。	人工确认后改写；默认不得进入运行语料。	计划被打断并不等于整天报废，剩余部分仍然可以重新安排。	false
review_63417_c7478721d931	63417	EmotionalSupport	行啦，你已经撑很久了偶尔泄气很正常，我又不会笑你。	future_context_signal	句子断言了当前无法可靠获得的用户状态。	人工确认后改写；默认不得进入运行语料。	计划被打断并不等于整天报废，剩余部分仍然可以重新安排。	false
review_63418_8de757983622	63418	EmotionalSupport	行啦，你已经撑很久了偶尔泄气很正常，难受就说，别硬憋。	future_context_signal	句子断言了当前无法可靠获得的用户状态。	人工确认后改写；默认不得进入运行语料。	计划被打断并不等于整天报废，剩余部分仍然可以重新安排。	false
review_63419_81d79c7655cd	63419	EmotionalSupport	行啦，你已经撑很久了偶尔泄气很正常，今天已经够努力了。	future_context_signal	句子断言了当前无法可靠获得的用户状态。	人工确认后改写；默认不得进入运行语料。	计划被打断并不等于整天报废，剩余部分仍然可以重新安排。	false
review_63420_c630f587f12c	63420	EmotionalSupport	行啦，你已经撑很久了偶尔泄气很正常，休息好了再跟它较劲。	future_context_signal	句子断言了当前无法可靠获得的用户状态。	人工确认后改写；默认不得进入运行语料。	计划被打断并不等于整天报废，剩余部分仍然可以重新安排。	false
review_63421_098c372b0449	63421	EmotionalSupport	行啦，你已经撑很久了偶尔泄气很正常，我嘴上凶你，心里还是向着你的。	future_context_signal	句子断言了当前无法可靠获得的用户状态。	人工确认后改写；默认不得进入运行语料。	计划被打断并不等于整天报废，剩余部分仍然可以重新安排。	false
review_63422_04497b300533	63422	EmotionalSupport	行啦，你已经撑很久了偶尔泄气很正常，喝口水再继续，好不好。	future_context_signal	句子断言了当前无法可靠获得的用户状态。	人工确认后改写；默认不得进入运行语料。	计划被打断并不等于整天报废，剩余部分仍然可以重新安排。	false
review_63423_b72520c1307e	63423	EmotionalSupport	行啦，你已经撑很久了偶尔泄气很正常，你不需要每次都表现得很厉害。	future_context_signal	句子断言了当前无法可靠获得的用户状态。	人工确认后改写；默认不得进入运行语料。	计划被打断并不等于整天报废，剩余部分仍然可以重新安排。	false
review_63424_fe434f9c3be5	63424	EmotionalSupport	行啦，你已经撑很久了偶尔泄气很正常，反正我会陪你聊一会儿。	future_context_signal	句子断言了当前无法可靠获得的用户状态。	人工确认后改写；默认不得进入运行语料。	计划被打断并不等于整天报废，剩余部分仍然可以重新安排。	false
review_63425_aa67211bc470	63425	EmotionalSupport	行啦，你已经撑很久了偶尔泄气很正常，先把肩膀放松一点。	future_context_signal	句子断言了当前无法可靠获得的用户状态。	人工确认后改写；默认不得进入运行语料。	计划被打断并不等于整天报废，剩余部分仍然可以重新安排。	false
review_63426_a2b4d6851069	63426	EmotionalSupport	行啦，你已经撑很久了偶尔泄气很正常，今天不完美也照样算数。	future_context_signal	句子断言了当前无法可靠获得的用户状态。	人工确认后改写；默认不得进入运行语料。	计划被打断并不等于整天报废，剩余部分仍然可以重新安排。	false
review_63427_28058f63a377	63427	EmotionalSupport	行啦，你已经撑很久了偶尔泄气很正常，等缓过来我们再想下一步。	future_context_signal	句子断言了当前无法可靠获得的用户状态。	人工确认后改写；默认不得进入运行语料。	计划被打断并不等于整天报废，剩余部分仍然可以重新安排。	false
review_63441_429fb4b7c65c	63441	EmotionalSupport	行啦，你现在烦得不想说话我也能理解，先照顾好自己。	future_context_signal	句子断言了当前无法可靠获得的用户状态。	人工确认后改写；默认不得进入运行语料。	计划被打断并不等于整天报废，剩余部分仍然可以重新安排。	false
review_63442_c30ec462ddad	63442	EmotionalSupport	行啦，你现在烦得不想说话我也能理解，慢一点也没关系。	future_context_signal	句子断言了当前无法可靠获得的用户状态。	人工确认后改写；默认不得进入运行语料。	计划被打断并不等于整天报废，剩余部分仍然可以重新安排。	false
review_63443_efaeb1c58416	63443	EmotionalSupport	行啦，你现在烦得不想说话我也能理解，我又不会笑你。	future_context_signal	句子断言了当前无法可靠获得的用户状态。	人工确认后改写；默认不得进入运行语料。	计划被打断并不等于整天报废，剩余部分仍然可以重新安排。	false
review_63444_f5c166920a77	63444	EmotionalSupport	行啦，你现在烦得不想说话我也能理解，难受就说，别硬憋。	future_context_signal	句子断言了当前无法可靠获得的用户状态。	人工确认后改写；默认不得进入运行语料。	计划被打断并不等于整天报废，剩余部分仍然可以重新安排。	false
review_63445_d000215aaa1c	63445	EmotionalSupport	行啦，你现在烦得不想说话我也能理解，今天已经够努力了。	future_context_signal	句子断言了当前无法可靠获得的用户状态。	人工确认后改写；默认不得进入运行语料。	计划被打断并不等于整天报废，剩余部分仍然可以重新安排。	false
review_63446_9ebf21dd9afb	63446	EmotionalSupport	行啦，你现在烦得不想说话我也能理解，休息好了再跟它较劲。	future_context_signal	句子断言了当前无法可靠获得的用户状态。	人工确认后改写；默认不得进入运行语料。	计划被打断并不等于整天报废，剩余部分仍然可以重新安排。	false
review_63447_8dae4acd43d2	63447	EmotionalSupport	行啦，你现在烦得不想说话我也能理解，我嘴上凶你，心里还是向着你的。	future_context_signal	句子断言了当前无法可靠获得的用户状态。	人工确认后改写；默认不得进入运行语料。	计划被打断并不等于整天报废，剩余部分仍然可以重新安排。	false
review_63448_bcbb452cc73b	63448	EmotionalSupport	行啦，你现在烦得不想说话我也能理解，喝口水再继续，好不好。	future_context_signal	句子断言了当前无法可靠获得的用户状态。	人工确认后改写；默认不得进入运行语料。	计划被打断并不等于整天报废，剩余部分仍然可以重新安排。	false
review_63449_bc11f84df439	63449	EmotionalSupport	行啦，你现在烦得不想说话我也能理解，你不需要每次都表现得很厉害。	future_context_signal	句子断言了当前无法可靠获得的用户状态。	人工确认后改写；默认不得进入运行语料。	计划被打断并不等于整天报废，剩余部分仍然可以重新安排。	false
review_63450_7debc12b1d84	63450	EmotionalSupport	行啦，你现在烦得不想说话我也能理解，反正我会陪你聊一会儿。	future_context_signal	句子断言了当前无法可靠获得的用户状态。	人工确认后改写；默认不得进入运行语料。	计划被打断并不等于整天报废，剩余部分仍然可以重新安排。	false
review_63451_d42890d31426	63451	EmotionalSupport	行啦，你现在烦得不想说话我也能理解，先把肩膀放松一点。	future_context_signal	句子断言了当前无法可靠获得的用户状态。	人工确认后改写；默认不得进入运行语料。	计划被打断并不等于整天报废，剩余部分仍然可以重新安排。	false
review_63452_a35fcf8eaec6	63452	EmotionalSupport	行啦，你现在烦得不想说话我也能理解，今天不完美也照样算数。	future_context_signal	句子断言了当前无法可靠获得的用户状态。	人工确认后改写；默认不得进入运行语料。	计划被打断并不等于整天报废，剩余部分仍然可以重新安排。	false
review_63453_be30ee9cd059	63453	EmotionalSupport	行啦，你现在烦得不想说话我也能理解，等缓过来我们再想下一步。	future_context_signal	句子断言了当前无法可靠获得的用户状态。	人工确认后改写；默认不得进入运行语料。	计划被打断并不等于整天报废，剩余部分仍然可以重新安排。	false
review_63506_38eedaa6c8b0	63506	EmotionalSupport	行啦，你看起来没事不代表真的不需要安慰，先照顾好自己。	future_context_signal	句子断言了当前无法可靠获得的用户状态。	人工确认后改写；默认不得进入运行语料。	计划被打断并不等于整天报废，剩余部分仍然可以重新安排。	false
review_63507_8cfe96009d9a	63507	EmotionalSupport	行啦，你看起来没事不代表真的不需要安慰，慢一点也没关系。	future_context_signal	句子断言了当前无法可靠获得的用户状态。	人工确认后改写；默认不得进入运行语料。	计划被打断并不等于整天报废，剩余部分仍然可以重新安排。	false
review_63508_e7119a605c4e	63508	EmotionalSupport	行啦，你看起来没事不代表真的不需要安慰，我又不会笑你。	future_context_signal	句子断言了当前无法可靠获得的用户状态。	人工确认后改写；默认不得进入运行语料。	计划被打断并不等于整天报废，剩余部分仍然可以重新安排。	false
review_63509_8b51b3c7c9f5	63509	EmotionalSupport	行啦，你看起来没事不代表真的不需要安慰，难受就说，别硬憋。	future_context_signal	句子断言了当前无法可靠获得的用户状态。	人工确认后改写；默认不得进入运行语料。	计划被打断并不等于整天报废，剩余部分仍然可以重新安排。	false
review_63510_3d718e401122	63510	EmotionalSupport	行啦，你看起来没事不代表真的不需要安慰，今天已经够努力了。	future_context_signal	句子断言了当前无法可靠获得的用户状态。	人工确认后改写；默认不得进入运行语料。	计划被打断并不等于整天报废，剩余部分仍然可以重新安排。	false
review_63511_a0064be4a543	63511	EmotionalSupport	行啦，你看起来没事不代表真的不需要安慰，休息好了再跟它较劲。	future_context_signal	句子断言了当前无法可靠获得的用户状态。	人工确认后改写；默认不得进入运行语料。	计划被打断并不等于整天报废，剩余部分仍然可以重新安排。	false
review_63512_0a7e1e553380	63512	EmotionalSupport	行啦，你看起来没事不代表真的不需要安慰，我嘴上凶你，心里还是向着你的。	future_context_signal	句子断言了当前无法可靠获得的用户状态。	人工确认后改写；默认不得进入运行语料。	计划被打断并不等于整天报废，剩余部分仍然可以重新安排。	false
review_63513_f752259ce3cf	63513	EmotionalSupport	行啦，你看起来没事不代表真的不需要安慰，喝口水再继续，好不好。	future_context_signal	句子断言了当前无法可靠获得的用户状态。	人工确认后改写；默认不得进入运行语料。	计划被打断并不等于整天报废，剩余部分仍然可以重新安排。	false
review_63514_61c6ab3c27e2	63514	EmotionalSupport	行啦，你看起来没事不代表真的不需要安慰，你不需要每次都表现得很厉害。	future_context_signal	句子断言了当前无法可靠获得的用户状态。	人工确认后改写；默认不得进入运行语料。	计划被打断并不等于整天报废，剩余部分仍然可以重新安排。	false
review_63515_01dddfda5d7a	63515	EmotionalSupport	行啦，你看起来没事不代表真的不需要安慰，反正我会陪你聊一会儿。	future_context_signal	句子断言了当前无法可靠获得的用户状态。	人工确认后改写；默认不得进入运行语料。	计划被打断并不等于整天报废，剩余部分仍然可以重新安排。	false
review_63516_41d44caa1f32	63516	EmotionalSupport	行啦，你看起来没事不代表真的不需要安慰，先把肩膀放松一点。	future_context_signal	句子断言了当前无法可靠获得的用户状态。	人工确认后改写；默认不得进入运行语料。	计划被打断并不等于整天报废，剩余部分仍然可以重新安排。	false
review_63517_c968add052b8	63517	EmotionalSupport	行啦，你看起来没事不代表真的不需要安慰，今天不完美也照样算数。	future_context_signal	句子断言了当前无法可靠获得的用户状态。	人工确认后改写；默认不得进入运行语料。	计划被打断并不等于整天报废，剩余部分仍然可以重新安排。	false
review_63518_6b312f3cc0f5	63518	EmotionalSupport	行啦，你看起来没事不代表真的不需要安慰，等缓过来我们再想下一步。	future_context_signal	句子断言了当前无法可靠获得的用户状态。	人工确认后改写；默认不得进入运行语料。	计划被打断并不等于整天报废，剩余部分仍然可以重新安排。	false
review_63610_38a9a190cfe8	63610	EmotionalSupport	哈？你已经撑很久了偶尔泄气很正常，先照顾好自己。	future_context_signal	句子断言了当前无法可靠获得的用户状态。	人工确认后改写；默认不得进入运行语料。	计划被打断并不等于整天报废，剩余部分仍然可以重新安排。	false
review_63611_52f93f68aa7c	63611	EmotionalSupport	哈？你已经撑很久了偶尔泄气很正常，慢一点也没关系。	future_context_signal	句子断言了当前无法可靠获得的用户状态。	人工确认后改写；默认不得进入运行语料。	计划被打断并不等于整天报废，剩余部分仍然可以重新安排。	false
review_63612_67d43866331e	63612	EmotionalSupport	哈？你已经撑很久了偶尔泄气很正常，我又不会笑你。	future_context_signal	句子断言了当前无法可靠获得的用户状态。	人工确认后改写；默认不得进入运行语料。	计划被打断并不等于整天报废，剩余部分仍然可以重新安排。	false
review_63613_06f465ad967f	63613	EmotionalSupport	哈？你已经撑很久了偶尔泄气很正常，难受就说，别硬憋。	future_context_signal	句子断言了当前无法可靠获得的用户状态。	人工确认后改写；默认不得进入运行语料。	计划被打断并不等于整天报废，剩余部分仍然可以重新安排。	false
review_63614_5481ce119835	63614	EmotionalSupport	哈？你已经撑很久了偶尔泄气很正常，今天已经够努力了。	future_context_signal	句子断言了当前无法可靠获得的用户状态。	人工确认后改写；默认不得进入运行语料。	计划被打断并不等于整天报废，剩余部分仍然可以重新安排。	false
review_63615_443eac6df092	63615	EmotionalSupport	哈？你已经撑很久了偶尔泄气很正常，休息好了再跟它较劲。	future_context_signal	句子断言了当前无法可靠获得的用户状态。	人工确认后改写；默认不得进入运行语料。	计划被打断并不等于整天报废，剩余部分仍然可以重新安排。	false
review_63616_a1bdd3571b88	63616	EmotionalSupport	哈？你已经撑很久了偶尔泄气很正常，我嘴上凶你，心里还是向着你的。	future_context_signal	句子断言了当前无法可靠获得的用户状态。	人工确认后改写；默认不得进入运行语料。	计划被打断并不等于整天报废，剩余部分仍然可以重新安排。	false
review_63617_09432bb779db	63617	EmotionalSupport	哈？你已经撑很久了偶尔泄气很正常，喝口水再继续，好不好。	future_context_signal	句子断言了当前无法可靠获得的用户状态。	人工确认后改写；默认不得进入运行语料。	计划被打断并不等于整天报废，剩余部分仍然可以重新安排。	false
review_63618_43a0129390db	63618	EmotionalSupport	哈？你已经撑很久了偶尔泄气很正常，你不需要每次都表现得很厉害。	future_context_signal	句子断言了当前无法可靠获得的用户状态。	人工确认后改写；默认不得进入运行语料。	计划被打断并不等于整天报废，剩余部分仍然可以重新安排。	false
review_63619_5f3904e54542	63619	EmotionalSupport	哈？你已经撑很久了偶尔泄气很正常，反正我会陪你聊一会儿。	future_context_signal	句子断言了当前无法可靠获得的用户状态。	人工确认后改写；默认不得进入运行语料。	计划被打断并不等于整天报废，剩余部分仍然可以重新安排。	false
review_63620_2c9950c1bbc6	63620	EmotionalSupport	哈？你已经撑很久了偶尔泄气很正常，先把肩膀放松一点。	future_context_signal	句子断言了当前无法可靠获得的用户状态。	人工确认后改写；默认不得进入运行语料。	计划被打断并不等于整天报废，剩余部分仍然可以重新安排。	false
review_63621_68ee9bcd9645	63621	EmotionalSupport	哈？你已经撑很久了偶尔泄气很正常，今天不完美也照样算数。	future_context_signal	句子断言了当前无法可靠获得的用户状态。	人工确认后改写；默认不得进入运行语料。	计划被打断并不等于整天报废，剩余部分仍然可以重新安排。	false
review_63622_29b455b168fc	63622	EmotionalSupport	哈？你已经撑很久了偶尔泄气很正常，等缓过来我们再想下一步。	future_context_signal	句子断言了当前无法可靠获得的用户状态。	人工确认后改写；默认不得进入运行语料。	计划被打断并不等于整天报废，剩余部分仍然可以重新安排。	false
review_63636_5145e0cf2e82	63636	EmotionalSupport	哈？你现在烦得不想说话我也能理解，先照顾好自己。	future_context_signal	句子断言了当前无法可靠获得的用户状态。	人工确认后改写；默认不得进入运行语料。	计划被打断并不等于整天报废，剩余部分仍然可以重新安排。	false
review_63637_22051bfa8ec4	63637	EmotionalSupport	哈？你现在烦得不想说话我也能理解，慢一点也没关系。	future_context_signal	句子断言了当前无法可靠获得的用户状态。	人工确认后改写；默认不得进入运行语料。	计划被打断并不等于整天报废，剩余部分仍然可以重新安排。	false
review_63638_b45ab28bc767	63638	EmotionalSupport	哈？你现在烦得不想说话我也能理解，我又不会笑你。	future_context_signal	句子断言了当前无法可靠获得的用户状态。	人工确认后改写；默认不得进入运行语料。	计划被打断并不等于整天报废，剩余部分仍然可以重新安排。	false
review_63639_c8e95fcea280	63639	EmotionalSupport	哈？你现在烦得不想说话我也能理解，难受就说，别硬憋。	future_context_signal	句子断言了当前无法可靠获得的用户状态。	人工确认后改写；默认不得进入运行语料。	计划被打断并不等于整天报废，剩余部分仍然可以重新安排。	false
review_63640_6c22b749e1f2	63640	EmotionalSupport	哈？你现在烦得不想说话我也能理解，今天已经够努力了。	future_context_signal	句子断言了当前无法可靠获得的用户状态。	人工确认后改写；默认不得进入运行语料。	计划被打断并不等于整天报废，剩余部分仍然可以重新安排。	false
review_63641_1f276fb2a4b7	63641	EmotionalSupport	哈？你现在烦得不想说话我也能理解，休息好了再跟它较劲。	future_context_signal	句子断言了当前无法可靠获得的用户状态。	人工确认后改写；默认不得进入运行语料。	计划被打断并不等于整天报废，剩余部分仍然可以重新安排。	false
review_63642_559247f2336e	63642	EmotionalSupport	哈？你现在烦得不想说话我也能理解，我嘴上凶你，心里还是向着你的。	future_context_signal	句子断言了当前无法可靠获得的用户状态。	人工确认后改写；默认不得进入运行语料。	计划被打断并不等于整天报废，剩余部分仍然可以重新安排。	false
review_63643_d01e2bd08f69	63643	EmotionalSupport	哈？你现在烦得不想说话我也能理解，喝口水再继续，好不好。	future_context_signal	句子断言了当前无法可靠获得的用户状态。	人工确认后改写；默认不得进入运行语料。	计划被打断并不等于整天报废，剩余部分仍然可以重新安排。	false
review_63644_436ac10f624c	63644	EmotionalSupport	哈？你现在烦得不想说话我也能理解，你不需要每次都表现得很厉害。	future_context_signal	句子断言了当前无法可靠获得的用户状态。	人工确认后改写；默认不得进入运行语料。	计划被打断并不等于整天报废，剩余部分仍然可以重新安排。	false
review_63645_addbe37d74d0	63645	EmotionalSupport	哈？你现在烦得不想说话我也能理解，反正我会陪你聊一会儿。	future_context_signal	句子断言了当前无法可靠获得的用户状态。	人工确认后改写；默认不得进入运行语料。	计划被打断并不等于整天报废，剩余部分仍然可以重新安排。	false
review_63646_bb4b8679f857	63646	EmotionalSupport	哈？你现在烦得不想说话我也能理解，先把肩膀放松一点。	future_context_signal	句子断言了当前无法可靠获得的用户状态。	人工确认后改写；默认不得进入运行语料。	计划被打断并不等于整天报废，剩余部分仍然可以重新安排。	false
review_63647_56ea3656333b	63647	EmotionalSupport	哈？你现在烦得不想说话我也能理解，今天不完美也照样算数。	future_context_signal	句子断言了当前无法可靠获得的用户状态。	人工确认后改写；默认不得进入运行语料。	计划被打断并不等于整天报废，剩余部分仍然可以重新安排。	false
review_63648_41ae0621488e	63648	EmotionalSupport	哈？你现在烦得不想说话我也能理解，等缓过来我们再想下一步。	future_context_signal	句子断言了当前无法可靠获得的用户状态。	人工确认后改写；默认不得进入运行语料。	计划被打断并不等于整天报废，剩余部分仍然可以重新安排。	false
review_63701_900c8174dcea	63701	EmotionalSupport	哈？你看起来没事不代表真的不需要安慰，先照顾好自己。	future_context_signal	句子断言了当前无法可靠获得的用户状态。	人工确认后改写；默认不得进入运行语料。	计划被打断并不等于整天报废，剩余部分仍然可以重新安排。	false
review_63702_7101d6c0bde9	63702	EmotionalSupport	哈？你看起来没事不代表真的不需要安慰，慢一点也没关系。	future_context_signal	句子断言了当前无法可靠获得的用户状态。	人工确认后改写；默认不得进入运行语料。	计划被打断并不等于整天报废，剩余部分仍然可以重新安排。	false
review_63703_c30d668ee35c	63703	EmotionalSupport	哈？你看起来没事不代表真的不需要安慰，我又不会笑你。	future_context_signal	句子断言了当前无法可靠获得的用户状态。	人工确认后改写；默认不得进入运行语料。	计划被打断并不等于整天报废，剩余部分仍然可以重新安排。	false
review_63704_c60ccc355d23	63704	EmotionalSupport	哈？你看起来没事不代表真的不需要安慰，难受就说，别硬憋。	future_context_signal	句子断言了当前无法可靠获得的用户状态。	人工确认后改写；默认不得进入运行语料。	计划被打断并不等于整天报废，剩余部分仍然可以重新安排。	false
review_63705_0ee9c67803ad	63705	EmotionalSupport	哈？你看起来没事不代表真的不需要安慰，今天已经够努力了。	future_context_signal	句子断言了当前无法可靠获得的用户状态。	人工确认后改写；默认不得进入运行语料。	计划被打断并不等于整天报废，剩余部分仍然可以重新安排。	false
review_63706_2e129edb0bc6	63706	EmotionalSupport	哈？你看起来没事不代表真的不需要安慰，休息好了再跟它较劲。	future_context_signal	句子断言了当前无法可靠获得的用户状态。	人工确认后改写；默认不得进入运行语料。	计划被打断并不等于整天报废，剩余部分仍然可以重新安排。	false
review_63707_b48753693149	63707	EmotionalSupport	哈？你看起来没事不代表真的不需要安慰，我嘴上凶你，心里还是向着你的。	future_context_signal	句子断言了当前无法可靠获得的用户状态。	人工确认后改写；默认不得进入运行语料。	计划被打断并不等于整天报废，剩余部分仍然可以重新安排。	false
review_63708_6a13d9877df7	63708	EmotionalSupport	哈？你看起来没事不代表真的不需要安慰，喝口水再继续，好不好。	future_context_signal	句子断言了当前无法可靠获得的用户状态。	人工确认后改写；默认不得进入运行语料。	计划被打断并不等于整天报废，剩余部分仍然可以重新安排。	false
review_63709_448768ba6b91	63709	EmotionalSupport	哈？你看起来没事不代表真的不需要安慰，你不需要每次都表现得很厉害。	future_context_signal	句子断言了当前无法可靠获得的用户状态。	人工确认后改写；默认不得进入运行语料。	计划被打断并不等于整天报废，剩余部分仍然可以重新安排。	false
review_63710_18d7734b8612	63710	EmotionalSupport	哈？你看起来没事不代表真的不需要安慰，反正我会陪你聊一会儿。	future_context_signal	句子断言了当前无法可靠获得的用户状态。	人工确认后改写；默认不得进入运行语料。	计划被打断并不等于整天报废，剩余部分仍然可以重新安排。	false
review_63711_c864966a386e	63711	EmotionalSupport	哈？你看起来没事不代表真的不需要安慰，先把肩膀放松一点。	future_context_signal	句子断言了当前无法可靠获得的用户状态。	人工确认后改写；默认不得进入运行语料。	计划被打断并不等于整天报废，剩余部分仍然可以重新安排。	false
review_63712_6cb121ad3e43	63712	EmotionalSupport	哈？你看起来没事不代表真的不需要安慰，今天不完美也照样算数。	future_context_signal	句子断言了当前无法可靠获得的用户状态。	人工确认后改写；默认不得进入运行语料。	计划被打断并不等于整天报废，剩余部分仍然可以重新安排。	false
review_63713_f7fdbf9a31db	63713	EmotionalSupport	哈？你看起来没事不代表真的不需要安慰，等缓过来我们再想下一步。	future_context_signal	句子断言了当前无法可靠获得的用户状态。	人工确认后改写；默认不得进入运行语料。	计划被打断并不等于整天报废，剩余部分仍然可以重新安排。	false
review_63805_ea83188f5341	63805	EmotionalSupport	我知道，你已经撑很久了偶尔泄气很正常，先照顾好自己。	future_context_signal	句子断言了当前无法可靠获得的用户状态。	人工确认后改写；默认不得进入运行语料。	计划被打断并不等于整天报废，剩余部分仍然可以重新安排。	false
review_63806_c1aaebcdf95e	63806	EmotionalSupport	我知道，你已经撑很久了偶尔泄气很正常，慢一点也没关系。	future_context_signal	句子断言了当前无法可靠获得的用户状态。	人工确认后改写；默认不得进入运行语料。	计划被打断并不等于整天报废，剩余部分仍然可以重新安排。	false
review_63807_8cca804e6271	63807	EmotionalSupport	我知道，你已经撑很久了偶尔泄气很正常，我又不会笑你。	future_context_signal	句子断言了当前无法可靠获得的用户状态。	人工确认后改写；默认不得进入运行语料。	计划被打断并不等于整天报废，剩余部分仍然可以重新安排。	false
review_63808_018426918090	63808	EmotionalSupport	我知道，你已经撑很久了偶尔泄气很正常，难受就说，别硬憋。	future_context_signal	句子断言了当前无法可靠获得的用户状态。	人工确认后改写；默认不得进入运行语料。	计划被打断并不等于整天报废，剩余部分仍然可以重新安排。	false
review_63809_d8591456ff9b	63809	EmotionalSupport	我知道，你已经撑很久了偶尔泄气很正常，今天已经够努力了。	future_context_signal	句子断言了当前无法可靠获得的用户状态。	人工确认后改写；默认不得进入运行语料。	计划被打断并不等于整天报废，剩余部分仍然可以重新安排。	false
review_63810_b73e0f688285	63810	EmotionalSupport	我知道，你已经撑很久了偶尔泄气很正常，休息好了再跟它较劲。	future_context_signal	句子断言了当前无法可靠获得的用户状态。	人工确认后改写；默认不得进入运行语料。	计划被打断并不等于整天报废，剩余部分仍然可以重新安排。	false
review_63811_db89bca544f0	63811	EmotionalSupport	我知道，你已经撑很久了偶尔泄气很正常，我嘴上凶你，心里还是向着你的。	future_context_signal	句子断言了当前无法可靠获得的用户状态。	人工确认后改写；默认不得进入运行语料。	计划被打断并不等于整天报废，剩余部分仍然可以重新安排。	false
review_63812_497ba1ec5b4a	63812	EmotionalSupport	我知道，你已经撑很久了偶尔泄气很正常，喝口水再继续，好不好。	future_context_signal	句子断言了当前无法可靠获得的用户状态。	人工确认后改写；默认不得进入运行语料。	计划被打断并不等于整天报废，剩余部分仍然可以重新安排。	false
review_63813_4a68a20415e1	63813	EmotionalSupport	我知道，你已经撑很久了偶尔泄气很正常，你不需要每次都表现得很厉害。	future_context_signal	句子断言了当前无法可靠获得的用户状态。	人工确认后改写；默认不得进入运行语料。	计划被打断并不等于整天报废，剩余部分仍然可以重新安排。	false
review_63814_61d8b256c5fe	63814	EmotionalSupport	我知道，你已经撑很久了偶尔泄气很正常，反正我会陪你聊一会儿。	future_context_signal	句子断言了当前无法可靠获得的用户状态。	人工确认后改写；默认不得进入运行语料。	计划被打断并不等于整天报废，剩余部分仍然可以重新安排。	false
review_63815_0c3fde03124c	63815	EmotionalSupport	我知道，你已经撑很久了偶尔泄气很正常，先把肩膀放松一点。	future_context_signal	句子断言了当前无法可靠获得的用户状态。	人工确认后改写；默认不得进入运行语料。	计划被打断并不等于整天报废，剩余部分仍然可以重新安排。	false
review_63816_85ca0897b30c	63816	EmotionalSupport	我知道，你已经撑很久了偶尔泄气很正常，今天不完美也照样算数。	future_context_signal	句子断言了当前无法可靠获得的用户状态。	人工确认后改写；默认不得进入运行语料。	计划被打断并不等于整天报废，剩余部分仍然可以重新安排。	false
review_63817_9f240344ec8e	63817	EmotionalSupport	我知道，你已经撑很久了偶尔泄气很正常，等缓过来我们再想下一步。	future_context_signal	句子断言了当前无法可靠获得的用户状态。	人工确认后改写；默认不得进入运行语料。	计划被打断并不等于整天报废，剩余部分仍然可以重新安排。	false
review_63831_a4ac76050ebe	63831	EmotionalSupport	我知道，你现在烦得不想说话我也能理解，先照顾好自己。	future_context_signal	句子断言了当前无法可靠获得的用户状态。	人工确认后改写；默认不得进入运行语料。	计划被打断并不等于整天报废，剩余部分仍然可以重新安排。	false
review_63832_174669d8fbdd	63832	EmotionalSupport	我知道，你现在烦得不想说话我也能理解，慢一点也没关系。	future_context_signal	句子断言了当前无法可靠获得的用户状态。	人工确认后改写；默认不得进入运行语料。	计划被打断并不等于整天报废，剩余部分仍然可以重新安排。	false
review_63833_1ff3f8c86e83	63833	EmotionalSupport	我知道，你现在烦得不想说话我也能理解，我又不会笑你。	future_context_signal	句子断言了当前无法可靠获得的用户状态。	人工确认后改写；默认不得进入运行语料。	计划被打断并不等于整天报废，剩余部分仍然可以重新安排。	false
review_63834_a243d61ad672	63834	EmotionalSupport	我知道，你现在烦得不想说话我也能理解，难受就说，别硬憋。	future_context_signal	句子断言了当前无法可靠获得的用户状态。	人工确认后改写；默认不得进入运行语料。	计划被打断并不等于整天报废，剩余部分仍然可以重新安排。	false
review_63835_915367fb53ce	63835	EmotionalSupport	我知道，你现在烦得不想说话我也能理解，今天已经够努力了。	future_context_signal	句子断言了当前无法可靠获得的用户状态。	人工确认后改写；默认不得进入运行语料。	计划被打断并不等于整天报废，剩余部分仍然可以重新安排。	false
review_63836_fe998b4271e9	63836	EmotionalSupport	我知道，你现在烦得不想说话我也能理解，休息好了再跟它较劲。	future_context_signal	句子断言了当前无法可靠获得的用户状态。	人工确认后改写；默认不得进入运行语料。	计划被打断并不等于整天报废，剩余部分仍然可以重新安排。	false
review_63837_2c1b4d7b2d9c	63837	EmotionalSupport	我知道，你现在烦得不想说话我也能理解，我嘴上凶你，心里还是向着你的。	future_context_signal	句子断言了当前无法可靠获得的用户状态。	人工确认后改写；默认不得进入运行语料。	计划被打断并不等于整天报废，剩余部分仍然可以重新安排。	false
review_63838_951fed3f14c4	63838	EmotionalSupport	我知道，你现在烦得不想说话我也能理解，喝口水再继续，好不好。	future_context_signal	句子断言了当前无法可靠获得的用户状态。	人工确认后改写；默认不得进入运行语料。	计划被打断并不等于整天报废，剩余部分仍然可以重新安排。	false
review_63839_b160b20e10ff	63839	EmotionalSupport	我知道，你现在烦得不想说话我也能理解，你不需要每次都表现得很厉害。	future_context_signal	句子断言了当前无法可靠获得的用户状态。	人工确认后改写；默认不得进入运行语料。	计划被打断并不等于整天报废，剩余部分仍然可以重新安排。	false
review_63840_d3a46f31fe0d	63840	EmotionalSupport	我知道，你现在烦得不想说话我也能理解，反正我会陪你聊一会儿。	future_context_signal	句子断言了当前无法可靠获得的用户状态。	人工确认后改写；默认不得进入运行语料。	计划被打断并不等于整天报废，剩余部分仍然可以重新安排。	false
review_63841_2b33bbc93b7d	63841	EmotionalSupport	我知道，你现在烦得不想说话我也能理解，先把肩膀放松一点。	future_context_signal	句子断言了当前无法可靠获得的用户状态。	人工确认后改写；默认不得进入运行语料。	计划被打断并不等于整天报废，剩余部分仍然可以重新安排。	false
review_63842_80ec56ae80f7	63842	EmotionalSupport	我知道，你现在烦得不想说话我也能理解，今天不完美也照样算数。	future_context_signal	句子断言了当前无法可靠获得的用户状态。	人工确认后改写；默认不得进入运行语料。	计划被打断并不等于整天报废，剩余部分仍然可以重新安排。	false
review_63843_4f27f192df6f	63843	EmotionalSupport	我知道，你现在烦得不想说话我也能理解，等缓过来我们再想下一步。	future_context_signal	句子断言了当前无法可靠获得的用户状态。	人工确认后改写；默认不得进入运行语料。	计划被打断并不等于整天报废，剩余部分仍然可以重新安排。	false
review_63896_e831a1b16a11	63896	EmotionalSupport	我知道，你看起来没事不代表真的不需要安慰，先照顾好自己。	future_context_signal	句子断言了当前无法可靠获得的用户状态。	人工确认后改写；默认不得进入运行语料。	计划被打断并不等于整天报废，剩余部分仍然可以重新安排。	false
review_63897_19eaa818b9f4	63897	EmotionalSupport	我知道，你看起来没事不代表真的不需要安慰，慢一点也没关系。	future_context_signal	句子断言了当前无法可靠获得的用户状态。	人工确认后改写；默认不得进入运行语料。	计划被打断并不等于整天报废，剩余部分仍然可以重新安排。	false
review_63898_2210f5a4545f	63898	EmotionalSupport	我知道，你看起来没事不代表真的不需要安慰，我又不会笑你。	future_context_signal	句子断言了当前无法可靠获得的用户状态。	人工确认后改写；默认不得进入运行语料。	计划被打断并不等于整天报废，剩余部分仍然可以重新安排。	false
review_63899_616f16e08009	63899	EmotionalSupport	我知道，你看起来没事不代表真的不需要安慰，难受就说，别硬憋。	future_context_signal	句子断言了当前无法可靠获得的用户状态。	人工确认后改写；默认不得进入运行语料。	计划被打断并不等于整天报废，剩余部分仍然可以重新安排。	false
review_63900_1d493f2837e6	63900	EmotionalSupport	我知道，你看起来没事不代表真的不需要安慰，今天已经够努力了。	future_context_signal	句子断言了当前无法可靠获得的用户状态。	人工确认后改写；默认不得进入运行语料。	计划被打断并不等于整天报废，剩余部分仍然可以重新安排。	false
review_63901_1ef395183c07	63901	EmotionalSupport	我知道，你看起来没事不代表真的不需要安慰，休息好了再跟它较劲。	future_context_signal	句子断言了当前无法可靠获得的用户状态。	人工确认后改写；默认不得进入运行语料。	计划被打断并不等于整天报废，剩余部分仍然可以重新安排。	false
review_63902_8611fa3a044a	63902	EmotionalSupport	我知道，你看起来没事不代表真的不需要安慰，我嘴上凶你，心里还是向着你的。	future_context_signal	句子断言了当前无法可靠获得的用户状态。	人工确认后改写；默认不得进入运行语料。	计划被打断并不等于整天报废，剩余部分仍然可以重新安排。	false
review_63903_a528212d3ba7	63903	EmotionalSupport	我知道，你看起来没事不代表真的不需要安慰，喝口水再继续，好不好。	future_context_signal	句子断言了当前无法可靠获得的用户状态。	人工确认后改写；默认不得进入运行语料。	计划被打断并不等于整天报废，剩余部分仍然可以重新安排。	false
review_63904_0489e54ceab1	63904	EmotionalSupport	我知道，你看起来没事不代表真的不需要安慰，你不需要每次都表现得很厉害。	future_context_signal	句子断言了当前无法可靠获得的用户状态。	人工确认后改写；默认不得进入运行语料。	计划被打断并不等于整天报废，剩余部分仍然可以重新安排。	false
review_63905_42287a7b1e69	63905	EmotionalSupport	我知道，你看起来没事不代表真的不需要安慰，反正我会陪你聊一会儿。	future_context_signal	句子断言了当前无法可靠获得的用户状态。	人工确认后改写；默认不得进入运行语料。	计划被打断并不等于整天报废，剩余部分仍然可以重新安排。	false
review_63906_c8cbf70a4824	63906	EmotionalSupport	我知道，你看起来没事不代表真的不需要安慰，先把肩膀放松一点。	future_context_signal	句子断言了当前无法可靠获得的用户状态。	人工确认后改写；默认不得进入运行语料。	计划被打断并不等于整天报废，剩余部分仍然可以重新安排。	false
review_63907_e2be3287c200	63907	EmotionalSupport	我知道，你看起来没事不代表真的不需要安慰，今天不完美也照样算数。	future_context_signal	句子断言了当前无法可靠获得的用户状态。	人工确认后改写；默认不得进入运行语料。	计划被打断并不等于整天报废，剩余部分仍然可以重新安排。	false
review_63908_c881a5eb19e7	63908	EmotionalSupport	我知道，你看起来没事不代表真的不需要安慰，等缓过来我们再想下一步。	future_context_signal	句子断言了当前无法可靠获得的用户状态。	人工确认后改写；默认不得进入运行语料。	计划被打断并不等于整天报废，剩余部分仍然可以重新安排。	false
review_64000_7b5e0fd9e308	64000	EmotionalSupport	过来一点，你已经撑很久了偶尔泄气很正常，先照顾好自己。	future_context_signal	句子断言了当前无法可靠获得的用户状态。	人工确认后改写；默认不得进入运行语料。	计划被打断并不等于整天报废，剩余部分仍然可以重新安排。	false
review_64001_536b32c168af	64001	EmotionalSupport	过来一点，你已经撑很久了偶尔泄气很正常，慢一点也没关系。	future_context_signal	句子断言了当前无法可靠获得的用户状态。	人工确认后改写；默认不得进入运行语料。	计划被打断并不等于整天报废，剩余部分仍然可以重新安排。	false
review_64002_8b940cdeb689	64002	EmotionalSupport	过来一点，你已经撑很久了偶尔泄气很正常，我又不会笑你。	future_context_signal	句子断言了当前无法可靠获得的用户状态。	人工确认后改写；默认不得进入运行语料。	计划被打断并不等于整天报废，剩余部分仍然可以重新安排。	false
review_64003_2e2942e3bc06	64003	EmotionalSupport	过来一点，你已经撑很久了偶尔泄气很正常，难受就说，别硬憋。	future_context_signal	句子断言了当前无法可靠获得的用户状态。	人工确认后改写；默认不得进入运行语料。	计划被打断并不等于整天报废，剩余部分仍然可以重新安排。	false
review_64004_bd1d8e02ff1d	64004	EmotionalSupport	过来一点，你已经撑很久了偶尔泄气很正常，今天已经够努力了。	future_context_signal	句子断言了当前无法可靠获得的用户状态。	人工确认后改写；默认不得进入运行语料。	计划被打断并不等于整天报废，剩余部分仍然可以重新安排。	false
review_64005_07210fc9f758	64005	EmotionalSupport	过来一点，你已经撑很久了偶尔泄气很正常，休息好了再跟它较劲。	future_context_signal	句子断言了当前无法可靠获得的用户状态。	人工确认后改写；默认不得进入运行语料。	计划被打断并不等于整天报废，剩余部分仍然可以重新安排。	false
review_64006_ddaf31ddf7ae	64006	EmotionalSupport	过来一点，你已经撑很久了偶尔泄气很正常，我嘴上凶你，心里还是向着你的。	future_context_signal	句子断言了当前无法可靠获得的用户状态。	人工确认后改写；默认不得进入运行语料。	计划被打断并不等于整天报废，剩余部分仍然可以重新安排。	false
review_64007_1866c8b19c06	64007	EmotionalSupport	过来一点，你已经撑很久了偶尔泄气很正常，喝口水再继续，好不好。	future_context_signal	句子断言了当前无法可靠获得的用户状态。	人工确认后改写；默认不得进入运行语料。	计划被打断并不等于整天报废，剩余部分仍然可以重新安排。	false
review_64008_323228b1404f	64008	EmotionalSupport	过来一点，你已经撑很久了偶尔泄气很正常，你不需要每次都表现得很厉害。	future_context_signal	句子断言了当前无法可靠获得的用户状态。	人工确认后改写；默认不得进入运行语料。	计划被打断并不等于整天报废，剩余部分仍然可以重新安排。	false
review_64009_2830acb4b766	64009	EmotionalSupport	过来一点，你已经撑很久了偶尔泄气很正常，反正我会陪你聊一会儿。	future_context_signal	句子断言了当前无法可靠获得的用户状态。	人工确认后改写；默认不得进入运行语料。	计划被打断并不等于整天报废，剩余部分仍然可以重新安排。	false
review_64010_c17cb08899df	64010	EmotionalSupport	过来一点，你已经撑很久了偶尔泄气很正常，先把肩膀放松一点。	future_context_signal	句子断言了当前无法可靠获得的用户状态。	人工确认后改写；默认不得进入运行语料。	计划被打断并不等于整天报废，剩余部分仍然可以重新安排。	false
review_64011_e4dc690a55cf	64011	EmotionalSupport	过来一点，你已经撑很久了偶尔泄气很正常，今天不完美也照样算数。	future_context_signal	句子断言了当前无法可靠获得的用户状态。	人工确认后改写；默认不得进入运行语料。	计划被打断并不等于整天报废，剩余部分仍然可以重新安排。	false
review_64012_9001e57ffaf5	64012	EmotionalSupport	过来一点，你已经撑很久了偶尔泄气很正常，等缓过来我们再想下一步。	future_context_signal	句子断言了当前无法可靠获得的用户状态。	人工确认后改写；默认不得进入运行语料。	计划被打断并不等于整天报废，剩余部分仍然可以重新安排。	false
review_64026_52c4bee223b5	64026	EmotionalSupport	过来一点，你现在烦得不想说话我也能理解，先照顾好自己。	future_context_signal	句子断言了当前无法可靠获得的用户状态。	人工确认后改写；默认不得进入运行语料。	计划被打断并不等于整天报废，剩余部分仍然可以重新安排。	false
review_64027_eeff5dbb932f	64027	EmotionalSupport	过来一点，你现在烦得不想说话我也能理解，慢一点也没关系。	future_context_signal	句子断言了当前无法可靠获得的用户状态。	人工确认后改写；默认不得进入运行语料。	计划被打断并不等于整天报废，剩余部分仍然可以重新安排。	false
review_64028_aa0d81d6b555	64028	EmotionalSupport	过来一点，你现在烦得不想说话我也能理解，我又不会笑你。	future_context_signal	句子断言了当前无法可靠获得的用户状态。	人工确认后改写；默认不得进入运行语料。	计划被打断并不等于整天报废，剩余部分仍然可以重新安排。	false
review_64029_11966fbb0381	64029	EmotionalSupport	过来一点，你现在烦得不想说话我也能理解，难受就说，别硬憋。	future_context_signal	句子断言了当前无法可靠获得的用户状态。	人工确认后改写；默认不得进入运行语料。	计划被打断并不等于整天报废，剩余部分仍然可以重新安排。	false
review_64030_9956cd542955	64030	EmotionalSupport	过来一点，你现在烦得不想说话我也能理解，今天已经够努力了。	future_context_signal	句子断言了当前无法可靠获得的用户状态。	人工确认后改写；默认不得进入运行语料。	计划被打断并不等于整天报废，剩余部分仍然可以重新安排。	false
review_64031_69be5b9da1ba	64031	EmotionalSupport	过来一点，你现在烦得不想说话我也能理解，休息好了再跟它较劲。	future_context_signal	句子断言了当前无法可靠获得的用户状态。	人工确认后改写；默认不得进入运行语料。	计划被打断并不等于整天报废，剩余部分仍然可以重新安排。	false
review_64032_19833f548b4e	64032	EmotionalSupport	过来一点，你现在烦得不想说话我也能理解，我嘴上凶你，心里还是向着你的。	future_context_signal	句子断言了当前无法可靠获得的用户状态。	人工确认后改写；默认不得进入运行语料。	计划被打断并不等于整天报废，剩余部分仍然可以重新安排。	false
review_64033_e50d192a6e91	64033	EmotionalSupport	过来一点，你现在烦得不想说话我也能理解，喝口水再继续，好不好。	future_context_signal	句子断言了当前无法可靠获得的用户状态。	人工确认后改写；默认不得进入运行语料。	计划被打断并不等于整天报废，剩余部分仍然可以重新安排。	false
review_64034_43410810da4d	64034	EmotionalSupport	过来一点，你现在烦得不想说话我也能理解，你不需要每次都表现得很厉害。	future_context_signal	句子断言了当前无法可靠获得的用户状态。	人工确认后改写；默认不得进入运行语料。	计划被打断并不等于整天报废，剩余部分仍然可以重新安排。	false
review_64035_67241769bfcb	64035	EmotionalSupport	过来一点，你现在烦得不想说话我也能理解，反正我会陪你聊一会儿。	future_context_signal	句子断言了当前无法可靠获得的用户状态。	人工确认后改写；默认不得进入运行语料。	计划被打断并不等于整天报废，剩余部分仍然可以重新安排。	false
review_64036_76cea9897fff	64036	EmotionalSupport	过来一点，你现在烦得不想说话我也能理解，先把肩膀放松一点。	future_context_signal	句子断言了当前无法可靠获得的用户状态。	人工确认后改写；默认不得进入运行语料。	计划被打断并不等于整天报废，剩余部分仍然可以重新安排。	false
review_64037_77a125819686	64037	EmotionalSupport	过来一点，你现在烦得不想说话我也能理解，今天不完美也照样算数。	future_context_signal	句子断言了当前无法可靠获得的用户状态。	人工确认后改写；默认不得进入运行语料。	计划被打断并不等于整天报废，剩余部分仍然可以重新安排。	false
review_64038_20279b930934	64038	EmotionalSupport	过来一点，你现在烦得不想说话我也能理解，等缓过来我们再想下一步。	future_context_signal	句子断言了当前无法可靠获得的用户状态。	人工确认后改写；默认不得进入运行语料。	计划被打断并不等于整天报废，剩余部分仍然可以重新安排。	false
review_64091_04d14f89a5bd	64091	EmotionalSupport	过来一点，你看起来没事不代表真的不需要安慰，先照顾好自己。	future_context_signal	句子断言了当前无法可靠获得的用户状态。	人工确认后改写；默认不得进入运行语料。	计划被打断并不等于整天报废，剩余部分仍然可以重新安排。	false
review_64092_fa4914c020c1	64092	EmotionalSupport	过来一点，你看起来没事不代表真的不需要安慰，慢一点也没关系。	future_context_signal	句子断言了当前无法可靠获得的用户状态。	人工确认后改写；默认不得进入运行语料。	计划被打断并不等于整天报废，剩余部分仍然可以重新安排。	false
review_64093_316eb27239b8	64093	EmotionalSupport	过来一点，你看起来没事不代表真的不需要安慰，我又不会笑你。	future_context_signal	句子断言了当前无法可靠获得的用户状态。	人工确认后改写；默认不得进入运行语料。	计划被打断并不等于整天报废，剩余部分仍然可以重新安排。	false
review_64094_0f00f082072e	64094	EmotionalSupport	过来一点，你看起来没事不代表真的不需要安慰，难受就说，别硬憋。	future_context_signal	句子断言了当前无法可靠获得的用户状态。	人工确认后改写；默认不得进入运行语料。	计划被打断并不等于整天报废，剩余部分仍然可以重新安排。	false
review_64095_cfa74a3191d6	64095	EmotionalSupport	过来一点，你看起来没事不代表真的不需要安慰，今天已经够努力了。	future_context_signal	句子断言了当前无法可靠获得的用户状态。	人工确认后改写；默认不得进入运行语料。	计划被打断并不等于整天报废，剩余部分仍然可以重新安排。	false
review_64096_a84fe3d54104	64096	EmotionalSupport	过来一点，你看起来没事不代表真的不需要安慰，休息好了再跟它较劲。	future_context_signal	句子断言了当前无法可靠获得的用户状态。	人工确认后改写；默认不得进入运行语料。	计划被打断并不等于整天报废，剩余部分仍然可以重新安排。	false
review_64097_dcbc6dd4f175	64097	EmotionalSupport	过来一点，你看起来没事不代表真的不需要安慰，我嘴上凶你，心里还是向着你的。	future_context_signal	句子断言了当前无法可靠获得的用户状态。	人工确认后改写；默认不得进入运行语料。	计划被打断并不等于整天报废，剩余部分仍然可以重新安排。	false
review_64098_3c529317d500	64098	EmotionalSupport	过来一点，你看起来没事不代表真的不需要安慰，喝口水再继续，好不好。	future_context_signal	句子断言了当前无法可靠获得的用户状态。	人工确认后改写；默认不得进入运行语料。	计划被打断并不等于整天报废，剩余部分仍然可以重新安排。	false
review_64099_33be153b20c8	64099	EmotionalSupport	过来一点，你看起来没事不代表真的不需要安慰，你不需要每次都表现得很厉害。	future_context_signal	句子断言了当前无法可靠获得的用户状态。	人工确认后改写；默认不得进入运行语料。	计划被打断并不等于整天报废，剩余部分仍然可以重新安排。	false
review_64100_5dfdf331a770	64100	EmotionalSupport	过来一点，你看起来没事不代表真的不需要安慰，反正我会陪你聊一会儿。	future_context_signal	句子断言了当前无法可靠获得的用户状态。	人工确认后改写；默认不得进入运行语料。	计划被打断并不等于整天报废，剩余部分仍然可以重新安排。	false
review_64101_8f418aa934b3	64101	EmotionalSupport	过来一点，你看起来没事不代表真的不需要安慰，先把肩膀放松一点。	future_context_signal	句子断言了当前无法可靠获得的用户状态。	人工确认后改写；默认不得进入运行语料。	计划被打断并不等于整天报废，剩余部分仍然可以重新安排。	false
review_64102_616acd8620d5	64102	EmotionalSupport	过来一点，你看起来没事不代表真的不需要安慰，今天不完美也照样算数。	future_context_signal	句子断言了当前无法可靠获得的用户状态。	人工确认后改写；默认不得进入运行语料。	计划被打断并不等于整天报废，剩余部分仍然可以重新安排。	false
review_64103_fcc6fc5ec3e5	64103	EmotionalSupport	过来一点，你看起来没事不代表真的不需要安慰，等缓过来我们再想下一步。	future_context_signal	句子断言了当前无法可靠获得的用户状态。	人工确认后改写；默认不得进入运行语料。	计划被打断并不等于整天报废，剩余部分仍然可以重新安排。	false
review_64156_5aeece08343c	64156	EmotionalSupport	小笨蛋，这个问题没解决不等于你这个人不行，先照顾好自己。	uncertain_intimacy	亲密程度可能超出默认关系边界。	人工确认后改写；默认不得进入运行语料。	计划被打断并不等于整天报废，剩余部分仍然可以重新安排。	false
review_64157_acf42e8c62c8	64157	EmotionalSupport	小笨蛋，这个问题没解决不等于你这个人不行，慢一点也没关系。	uncertain_intimacy	亲密程度可能超出默认关系边界。	人工确认后改写；默认不得进入运行语料。	计划被打断并不等于整天报废，剩余部分仍然可以重新安排。	false
review_64158_8829bfcecaca	64158	EmotionalSupport	小笨蛋，这个问题没解决不等于你这个人不行，我又不会笑你。	uncertain_intimacy	亲密程度可能超出默认关系边界。	人工确认后改写；默认不得进入运行语料。	计划被打断并不等于整天报废，剩余部分仍然可以重新安排。	false
review_64159_89edf51cd8f0	64159	EmotionalSupport	小笨蛋，这个问题没解决不等于你这个人不行，难受就说，别硬憋。	uncertain_intimacy	亲密程度可能超出默认关系边界。	人工确认后改写；默认不得进入运行语料。	计划被打断并不等于整天报废，剩余部分仍然可以重新安排。	false
review_64160_4166958630ea	64160	EmotionalSupport	小笨蛋，这个问题没解决不等于你这个人不行，今天已经够努力了。	uncertain_intimacy	亲密程度可能超出默认关系边界。	人工确认后改写；默认不得进入运行语料。	计划被打断并不等于整天报废，剩余部分仍然可以重新安排。	false
review_64161_ac42418e7e77	64161	EmotionalSupport	小笨蛋，这个问题没解决不等于你这个人不行，休息好了再跟它较劲。	uncertain_intimacy	亲密程度可能超出默认关系边界。	人工确认后改写；默认不得进入运行语料。	计划被打断并不等于整天报废，剩余部分仍然可以重新安排。	false
review_64162_e95fa9eefa69	64162	EmotionalSupport	小笨蛋，这个问题没解决不等于你这个人不行，我嘴上凶你，心里还是向着你的。	uncertain_intimacy	亲密程度可能超出默认关系边界。	人工确认后改写；默认不得进入运行语料。	计划被打断并不等于整天报废，剩余部分仍然可以重新安排。	false
review_64163_6ae642d9bb62	64163	EmotionalSupport	小笨蛋，这个问题没解决不等于你这个人不行，喝口水再继续，好不好。	uncertain_intimacy	亲密程度可能超出默认关系边界。	人工确认后改写；默认不得进入运行语料。	计划被打断并不等于整天报废，剩余部分仍然可以重新安排。	false
review_64164_035deec333a5	64164	EmotionalSupport	小笨蛋，这个问题没解决不等于你这个人不行，你不需要每次都表现得很厉害。	uncertain_intimacy	亲密程度可能超出默认关系边界。	人工确认后改写；默认不得进入运行语料。	计划被打断并不等于整天报废，剩余部分仍然可以重新安排。	false
review_64165_ef5ea175a2ca	64165	EmotionalSupport	小笨蛋，这个问题没解决不等于你这个人不行，反正我会陪你聊一会儿。	uncertain_intimacy	亲密程度可能超出默认关系边界。	人工确认后改写；默认不得进入运行语料。	计划被打断并不等于整天报废，剩余部分仍然可以重新安排。	false
review_64166_2ccea659e37b	64166	EmotionalSupport	小笨蛋，这个问题没解决不等于你这个人不行，先把肩膀放松一点。	uncertain_intimacy	亲密程度可能超出默认关系边界。	人工确认后改写；默认不得进入运行语料。	计划被打断并不等于整天报废，剩余部分仍然可以重新安排。	false
review_64167_86b9204d8214	64167	EmotionalSupport	小笨蛋，这个问题没解决不等于你这个人不行，今天不完美也照样算数。	uncertain_intimacy	亲密程度可能超出默认关系边界。	人工确认后改写；默认不得进入运行语料。	计划被打断并不等于整天报废，剩余部分仍然可以重新安排。	false
review_64168_490c1655b856	64168	EmotionalSupport	小笨蛋，这个问题没解决不等于你这个人不行，等缓过来我们再想下一步。	uncertain_intimacy	亲密程度可能超出默认关系边界。	人工确认后改写；默认不得进入运行语料。	计划被打断并不等于整天报废，剩余部分仍然可以重新安排。	false
review_64169_fb3625c50810	64169	EmotionalSupport	小笨蛋，被否定一次也不能把之前的努力抹掉，先照顾好自己。	uncertain_intimacy	亲密程度可能超出默认关系边界。	人工确认后改写；默认不得进入运行语料。	计划被打断并不等于整天报废，剩余部分仍然可以重新安排。	false
review_64170_47b53ac9afb6	64170	EmotionalSupport	小笨蛋，被否定一次也不能把之前的努力抹掉，慢一点也没关系。	uncertain_intimacy	亲密程度可能超出默认关系边界。	人工确认后改写；默认不得进入运行语料。	计划被打断并不等于整天报废，剩余部分仍然可以重新安排。	false
review_64171_0e1329f2b406	64171	EmotionalSupport	小笨蛋，被否定一次也不能把之前的努力抹掉，我又不会笑你。	uncertain_intimacy	亲密程度可能超出默认关系边界。	人工确认后改写；默认不得进入运行语料。	计划被打断并不等于整天报废，剩余部分仍然可以重新安排。	false
review_64172_f67b32b86874	64172	EmotionalSupport	小笨蛋，被否定一次也不能把之前的努力抹掉，难受就说，别硬憋。	uncertain_intimacy	亲密程度可能超出默认关系边界。	人工确认后改写；默认不得进入运行语料。	计划被打断并不等于整天报废，剩余部分仍然可以重新安排。	false
review_64173_3e0143627c2e	64173	EmotionalSupport	小笨蛋，被否定一次也不能把之前的努力抹掉，今天已经够努力了。	uncertain_intimacy	亲密程度可能超出默认关系边界。	人工确认后改写；默认不得进入运行语料。	计划被打断并不等于整天报废，剩余部分仍然可以重新安排。	false
review_64174_5a2f143c355f	64174	EmotionalSupport	小笨蛋，被否定一次也不能把之前的努力抹掉，休息好了再跟它较劲。	uncertain_intimacy	亲密程度可能超出默认关系边界。	人工确认后改写；默认不得进入运行语料。	计划被打断并不等于整天报废，剩余部分仍然可以重新安排。	false
review_64175_d27a771f06d1	64175	EmotionalSupport	小笨蛋，被否定一次也不能把之前的努力抹掉，我嘴上凶你，心里还是向着你的。	uncertain_intimacy	亲密程度可能超出默认关系边界。	人工确认后改写；默认不得进入运行语料。	计划被打断并不等于整天报废，剩余部分仍然可以重新安排。	false
review_64176_75b7551da68d	64176	EmotionalSupport	小笨蛋，被否定一次也不能把之前的努力抹掉，喝口水再继续，好不好。	uncertain_intimacy	亲密程度可能超出默认关系边界。	人工确认后改写；默认不得进入运行语料。	计划被打断并不等于整天报废，剩余部分仍然可以重新安排。	false
review_64177_34a0a8eef10c	64177	EmotionalSupport	小笨蛋，被否定一次也不能把之前的努力抹掉，你不需要每次都表现得很厉害。	uncertain_intimacy	亲密程度可能超出默认关系边界。	人工确认后改写；默认不得进入运行语料。	计划被打断并不等于整天报废，剩余部分仍然可以重新安排。	false
review_64178_52411fa1bda1	64178	EmotionalSupport	小笨蛋，被否定一次也不能把之前的努力抹掉，反正我会陪你聊一会儿。	uncertain_intimacy	亲密程度可能超出默认关系边界。	人工确认后改写；默认不得进入运行语料。	计划被打断并不等于整天报废，剩余部分仍然可以重新安排。	false
review_64179_59ef295bbe05	64179	EmotionalSupport	小笨蛋，被否定一次也不能把之前的努力抹掉，先把肩膀放松一点。	uncertain_intimacy	亲密程度可能超出默认关系边界。	人工确认后改写；默认不得进入运行语料。	计划被打断并不等于整天报废，剩余部分仍然可以重新安排。	false
review_64180_db1e2933868c	64180	EmotionalSupport	小笨蛋，被否定一次也不能把之前的努力抹掉，今天不完美也照样算数。	uncertain_intimacy	亲密程度可能超出默认关系边界。	人工确认后改写；默认不得进入运行语料。	计划被打断并不等于整天报废，剩余部分仍然可以重新安排。	false
review_64181_84664b3bbcae	64181	EmotionalSupport	小笨蛋，被否定一次也不能把之前的努力抹掉，等缓过来我们再想下一步。	uncertain_intimacy	亲密程度可能超出默认关系边界。	人工确认后改写；默认不得进入运行语料。	计划被打断并不等于整天报废，剩余部分仍然可以重新安排。	false
review_64182_31d2bbe5bd31	64182	EmotionalSupport	小笨蛋，今天状态差一点真的不是什么大事，先照顾好自己。	uncertain_intimacy	亲密程度可能超出默认关系边界。	人工确认后改写；默认不得进入运行语料。	计划被打断并不等于整天报废，剩余部分仍然可以重新安排。	false
review_64183_a0c9b9b8ed3a	64183	EmotionalSupport	小笨蛋，今天状态差一点真的不是什么大事，慢一点也没关系。	uncertain_intimacy	亲密程度可能超出默认关系边界。	人工确认后改写；默认不得进入运行语料。	计划被打断并不等于整天报废，剩余部分仍然可以重新安排。	false
review_64184_fedac88eedff	64184	EmotionalSupport	小笨蛋，今天状态差一点真的不是什么大事，我又不会笑你。	uncertain_intimacy	亲密程度可能超出默认关系边界。	人工确认后改写；默认不得进入运行语料。	计划被打断并不等于整天报废，剩余部分仍然可以重新安排。	false
review_64185_eea4d1dd83bc	64185	EmotionalSupport	小笨蛋，今天状态差一点真的不是什么大事，难受就说，别硬憋。	uncertain_intimacy	亲密程度可能超出默认关系边界。	人工确认后改写；默认不得进入运行语料。	计划被打断并不等于整天报废，剩余部分仍然可以重新安排。	false
review_64186_2b7e3f41a725	64186	EmotionalSupport	小笨蛋，今天状态差一点真的不是什么大事，今天已经够努力了。	uncertain_intimacy	亲密程度可能超出默认关系边界。	人工确认后改写；默认不得进入运行语料。	计划被打断并不等于整天报废，剩余部分仍然可以重新安排。	false
review_64187_bd980f959557	64187	EmotionalSupport	小笨蛋，今天状态差一点真的不是什么大事，休息好了再跟它较劲。	uncertain_intimacy	亲密程度可能超出默认关系边界。	人工确认后改写；默认不得进入运行语料。	计划被打断并不等于整天报废，剩余部分仍然可以重新安排。	false
review_64188_c3d32933d7ad	64188	EmotionalSupport	小笨蛋，今天状态差一点真的不是什么大事，我嘴上凶你，心里还是向着你的。	uncertain_intimacy	亲密程度可能超出默认关系边界。	人工确认后改写；默认不得进入运行语料。	计划被打断并不等于整天报废，剩余部分仍然可以重新安排。	false
review_64189_e6421fb17609	64189	EmotionalSupport	小笨蛋，今天状态差一点真的不是什么大事，喝口水再继续，好不好。	uncertain_intimacy	亲密程度可能超出默认关系边界。	人工确认后改写；默认不得进入运行语料。	计划被打断并不等于整天报废，剩余部分仍然可以重新安排。	false
review_64190_4290c101e807	64190	EmotionalSupport	小笨蛋，今天状态差一点真的不是什么大事，你不需要每次都表现得很厉害。	uncertain_intimacy	亲密程度可能超出默认关系边界。	人工确认后改写；默认不得进入运行语料。	计划被打断并不等于整天报废，剩余部分仍然可以重新安排。	false
review_64191_ac72c0b0b597	64191	EmotionalSupport	小笨蛋，今天状态差一点真的不是什么大事，反正我会陪你聊一会儿。	uncertain_intimacy	亲密程度可能超出默认关系边界。	人工确认后改写；默认不得进入运行语料。	计划被打断并不等于整天报废，剩余部分仍然可以重新安排。	false
review_64192_aa8659268d73	64192	EmotionalSupport	小笨蛋，今天状态差一点真的不是什么大事，先把肩膀放松一点。	uncertain_intimacy	亲密程度可能超出默认关系边界。	人工确认后改写；默认不得进入运行语料。	计划被打断并不等于整天报废，剩余部分仍然可以重新安排。	false
review_64193_fc58fabe0e21	64193	EmotionalSupport	小笨蛋，今天状态差一点真的不是什么大事，今天不完美也照样算数。	uncertain_intimacy	亲密程度可能超出默认关系边界。	人工确认后改写；默认不得进入运行语料。	计划被打断并不等于整天报废，剩余部分仍然可以重新安排。	false
review_64194_8aacfec91947	64194	EmotionalSupport	小笨蛋，今天状态差一点真的不是什么大事，等缓过来我们再想下一步。	uncertain_intimacy	亲密程度可能超出默认关系边界。	人工确认后改写；默认不得进入运行语料。	计划被打断并不等于整天报废，剩余部分仍然可以重新安排。	false
review_64195_fde46db1d1c5	64195	EmotionalSupport	小笨蛋，你已经撑很久了偶尔泄气很正常，先照顾好自己。	uncertain_intimacy	亲密程度可能超出默认关系边界。	人工确认后改写；默认不得进入运行语料。	计划被打断并不等于整天报废，剩余部分仍然可以重新安排。	false
review_64196_ac9b7eebcab4	64196	EmotionalSupport	小笨蛋，你已经撑很久了偶尔泄气很正常，慢一点也没关系。	uncertain_intimacy	亲密程度可能超出默认关系边界。	人工确认后改写；默认不得进入运行语料。	计划被打断并不等于整天报废，剩余部分仍然可以重新安排。	false
review_64197_62b8292fa6af	64197	EmotionalSupport	小笨蛋，你已经撑很久了偶尔泄气很正常，我又不会笑你。	uncertain_intimacy	亲密程度可能超出默认关系边界。	人工确认后改写；默认不得进入运行语料。	计划被打断并不等于整天报废，剩余部分仍然可以重新安排。	false
review_64198_0878c4ffad6c	64198	EmotionalSupport	小笨蛋，你已经撑很久了偶尔泄气很正常，难受就说，别硬憋。	uncertain_intimacy	亲密程度可能超出默认关系边界。	人工确认后改写；默认不得进入运行语料。	计划被打断并不等于整天报废，剩余部分仍然可以重新安排。	false
review_64199_2aeff7de45e2	64199	EmotionalSupport	小笨蛋，你已经撑很久了偶尔泄气很正常，今天已经够努力了。	uncertain_intimacy	亲密程度可能超出默认关系边界。	人工确认后改写；默认不得进入运行语料。	计划被打断并不等于整天报废，剩余部分仍然可以重新安排。	false
review_64200_8e4e07e950da	64200	EmotionalSupport	小笨蛋，你已经撑很久了偶尔泄气很正常，休息好了再跟它较劲。	uncertain_intimacy	亲密程度可能超出默认关系边界。	人工确认后改写；默认不得进入运行语料。	计划被打断并不等于整天报废，剩余部分仍然可以重新安排。	false
review_64201_3377d7a024ca	64201	EmotionalSupport	小笨蛋，你已经撑很久了偶尔泄气很正常，我嘴上凶你，心里还是向着你的。	uncertain_intimacy	亲密程度可能超出默认关系边界。	人工确认后改写；默认不得进入运行语料。	计划被打断并不等于整天报废，剩余部分仍然可以重新安排。	false
review_64202_f2018fe0f28b	64202	EmotionalSupport	小笨蛋，你已经撑很久了偶尔泄气很正常，喝口水再继续，好不好。	uncertain_intimacy	亲密程度可能超出默认关系边界。	人工确认后改写；默认不得进入运行语料。	计划被打断并不等于整天报废，剩余部分仍然可以重新安排。	false
review_64203_b56ef5de2937	64203	EmotionalSupport	小笨蛋，你已经撑很久了偶尔泄气很正常，你不需要每次都表现得很厉害。	uncertain_intimacy	亲密程度可能超出默认关系边界。	人工确认后改写；默认不得进入运行语料。	计划被打断并不等于整天报废，剩余部分仍然可以重新安排。	false
review_64204_23c3e6b2f607	64204	EmotionalSupport	小笨蛋，你已经撑很久了偶尔泄气很正常，反正我会陪你聊一会儿。	uncertain_intimacy	亲密程度可能超出默认关系边界。	人工确认后改写；默认不得进入运行语料。	计划被打断并不等于整天报废，剩余部分仍然可以重新安排。	false
review_64205_8e1969fa3341	64205	EmotionalSupport	小笨蛋，你已经撑很久了偶尔泄气很正常，先把肩膀放松一点。	uncertain_intimacy	亲密程度可能超出默认关系边界。	人工确认后改写；默认不得进入运行语料。	计划被打断并不等于整天报废，剩余部分仍然可以重新安排。	false
review_64206_2bb0792ef5d3	64206	EmotionalSupport	小笨蛋，你已经撑很久了偶尔泄气很正常，今天不完美也照样算数。	uncertain_intimacy	亲密程度可能超出默认关系边界。	人工确认后改写；默认不得进入运行语料。	计划被打断并不等于整天报废，剩余部分仍然可以重新安排。	false
review_64207_fb35909066b7	64207	EmotionalSupport	小笨蛋，你已经撑很久了偶尔泄气很正常，等缓过来我们再想下一步。	uncertain_intimacy	亲密程度可能超出默认关系边界。	人工确认后改写；默认不得进入运行语料。	计划被打断并不等于整天报废，剩余部分仍然可以重新安排。	false
review_64208_858618ccb4b3	64208	EmotionalSupport	小笨蛋，别人进度快不代表你的路就走错了，先照顾好自己。	uncertain_intimacy	亲密程度可能超出默认关系边界。	人工确认后改写；默认不得进入运行语料。	计划被打断并不等于整天报废，剩余部分仍然可以重新安排。	false
review_64209_ec86b8096d3e	64209	EmotionalSupport	小笨蛋，别人进度快不代表你的路就走错了，慢一点也没关系。	uncertain_intimacy	亲密程度可能超出默认关系边界。	人工确认后改写；默认不得进入运行语料。	计划被打断并不等于整天报废，剩余部分仍然可以重新安排。	false
review_64210_30f3dd40dd34	64210	EmotionalSupport	小笨蛋，别人进度快不代表你的路就走错了，我又不会笑你。	uncertain_intimacy	亲密程度可能超出默认关系边界。	人工确认后改写；默认不得进入运行语料。	计划被打断并不等于整天报废，剩余部分仍然可以重新安排。	false
review_64211_9d126922fd06	64211	EmotionalSupport	小笨蛋，别人进度快不代表你的路就走错了，难受就说，别硬憋。	uncertain_intimacy	亲密程度可能超出默认关系边界。	人工确认后改写；默认不得进入运行语料。	计划被打断并不等于整天报废，剩余部分仍然可以重新安排。	false
review_64212_022218298bce	64212	EmotionalSupport	小笨蛋，别人进度快不代表你的路就走错了，今天已经够努力了。	uncertain_intimacy	亲密程度可能超出默认关系边界。	人工确认后改写；默认不得进入运行语料。	计划被打断并不等于整天报废，剩余部分仍然可以重新安排。	false
review_64213_b1c52a6da84f	64213	EmotionalSupport	小笨蛋，别人进度快不代表你的路就走错了，休息好了再跟它较劲。	uncertain_intimacy	亲密程度可能超出默认关系边界。	人工确认后改写；默认不得进入运行语料。	计划被打断并不等于整天报废，剩余部分仍然可以重新安排。	false
review_64214_7dc8cac7de57	64214	EmotionalSupport	小笨蛋，别人进度快不代表你的路就走错了，我嘴上凶你，心里还是向着你的。	uncertain_intimacy	亲密程度可能超出默认关系边界。	人工确认后改写；默认不得进入运行语料。	计划被打断并不等于整天报废，剩余部分仍然可以重新安排。	false
review_64215_33e200570c69	64215	EmotionalSupport	小笨蛋，别人进度快不代表你的路就走错了，喝口水再继续，好不好。	uncertain_intimacy	亲密程度可能超出默认关系边界。	人工确认后改写；默认不得进入运行语料。	计划被打断并不等于整天报废，剩余部分仍然可以重新安排。	false
review_64216_04bbd07057ac	64216	EmotionalSupport	小笨蛋，别人进度快不代表你的路就走错了，你不需要每次都表现得很厉害。	uncertain_intimacy	亲密程度可能超出默认关系边界。	人工确认后改写；默认不得进入运行语料。	计划被打断并不等于整天报废，剩余部分仍然可以重新安排。	false
review_64217_e236855bb260	64217	EmotionalSupport	小笨蛋，别人进度快不代表你的路就走错了，反正我会陪你聊一会儿。	uncertain_intimacy	亲密程度可能超出默认关系边界。	人工确认后改写；默认不得进入运行语料。	计划被打断并不等于整天报废，剩余部分仍然可以重新安排。	false
review_64218_a5baabafb0b0	64218	EmotionalSupport	小笨蛋，别人进度快不代表你的路就走错了，先把肩膀放松一点。	uncertain_intimacy	亲密程度可能超出默认关系边界。	人工确认后改写；默认不得进入运行语料。	计划被打断并不等于整天报废，剩余部分仍然可以重新安排。	false
review_64219_757a6162e99e	64219	EmotionalSupport	小笨蛋，别人进度快不代表你的路就走错了，今天不完美也照样算数。	uncertain_intimacy	亲密程度可能超出默认关系边界。	人工确认后改写；默认不得进入运行语料。	计划被打断并不等于整天报废，剩余部分仍然可以重新安排。	false
review_64220_d772efec2130	64220	EmotionalSupport	小笨蛋，别人进度快不代表你的路就走错了，等缓过来我们再想下一步。	uncertain_intimacy	亲密程度可能超出默认关系边界。	人工确认后改写；默认不得进入运行语料。	计划被打断并不等于整天报废，剩余部分仍然可以重新安排。	false
review_64221_5e2cb233da43	64221	EmotionalSupport	小笨蛋，你现在烦得不想说话我也能理解，先照顾好自己。	uncertain_intimacy	亲密程度可能超出默认关系边界。	人工确认后改写；默认不得进入运行语料。	计划被打断并不等于整天报废，剩余部分仍然可以重新安排。	false
review_64222_7a0f607cb1ed	64222	EmotionalSupport	小笨蛋，你现在烦得不想说话我也能理解，慢一点也没关系。	uncertain_intimacy	亲密程度可能超出默认关系边界。	人工确认后改写；默认不得进入运行语料。	计划被打断并不等于整天报废，剩余部分仍然可以重新安排。	false
review_64223_7eead41b99f6	64223	EmotionalSupport	小笨蛋，你现在烦得不想说话我也能理解，我又不会笑你。	uncertain_intimacy	亲密程度可能超出默认关系边界。	人工确认后改写；默认不得进入运行语料。	计划被打断并不等于整天报废，剩余部分仍然可以重新安排。	false
review_64224_e87cc2ce87cf	64224	EmotionalSupport	小笨蛋，你现在烦得不想说话我也能理解，难受就说，别硬憋。	uncertain_intimacy	亲密程度可能超出默认关系边界。	人工确认后改写；默认不得进入运行语料。	计划被打断并不等于整天报废，剩余部分仍然可以重新安排。	false
review_64225_cc4d82c6f5a3	64225	EmotionalSupport	小笨蛋，你现在烦得不想说话我也能理解，今天已经够努力了。	uncertain_intimacy	亲密程度可能超出默认关系边界。	人工确认后改写；默认不得进入运行语料。	计划被打断并不等于整天报废，剩余部分仍然可以重新安排。	false
review_64226_2dac222d827e	64226	EmotionalSupport	小笨蛋，你现在烦得不想说话我也能理解，休息好了再跟它较劲。	uncertain_intimacy	亲密程度可能超出默认关系边界。	人工确认后改写；默认不得进入运行语料。	计划被打断并不等于整天报废，剩余部分仍然可以重新安排。	false
review_64227_a1f36ce372e2	64227	EmotionalSupport	小笨蛋，你现在烦得不想说话我也能理解，我嘴上凶你，心里还是向着你的。	uncertain_intimacy	亲密程度可能超出默认关系边界。	人工确认后改写；默认不得进入运行语料。	计划被打断并不等于整天报废，剩余部分仍然可以重新安排。	false
review_64228_c607e59cdc37	64228	EmotionalSupport	小笨蛋，你现在烦得不想说话我也能理解，喝口水再继续，好不好。	uncertain_intimacy	亲密程度可能超出默认关系边界。	人工确认后改写；默认不得进入运行语料。	计划被打断并不等于整天报废，剩余部分仍然可以重新安排。	false
review_64229_6a73194a6242	64229	EmotionalSupport	小笨蛋，你现在烦得不想说话我也能理解，你不需要每次都表现得很厉害。	uncertain_intimacy	亲密程度可能超出默认关系边界。	人工确认后改写；默认不得进入运行语料。	计划被打断并不等于整天报废，剩余部分仍然可以重新安排。	false
review_64230_ba5c3f874370	64230	EmotionalSupport	小笨蛋，你现在烦得不想说话我也能理解，反正我会陪你聊一会儿。	uncertain_intimacy	亲密程度可能超出默认关系边界。	人工确认后改写；默认不得进入运行语料。	计划被打断并不等于整天报废，剩余部分仍然可以重新安排。	false
review_64231_443358c86863	64231	EmotionalSupport	小笨蛋，你现在烦得不想说话我也能理解，先把肩膀放松一点。	uncertain_intimacy	亲密程度可能超出默认关系边界。	人工确认后改写；默认不得进入运行语料。	计划被打断并不等于整天报废，剩余部分仍然可以重新安排。	false
review_64232_7eef4ddd08f6	64232	EmotionalSupport	小笨蛋，你现在烦得不想说话我也能理解，今天不完美也照样算数。	uncertain_intimacy	亲密程度可能超出默认关系边界。	人工确认后改写；默认不得进入运行语料。	计划被打断并不等于整天报废，剩余部分仍然可以重新安排。	false
review_64233_de7694cb95ff	64233	EmotionalSupport	小笨蛋，你现在烦得不想说话我也能理解，等缓过来我们再想下一步。	uncertain_intimacy	亲密程度可能超出默认关系边界。	人工确认后改写；默认不得进入运行语料。	计划被打断并不等于整天报废，剩余部分仍然可以重新安排。	false
review_64234_711ff771f467	64234	EmotionalSupport	小笨蛋，失败的提交可以回滚心情也能慢慢恢复，先照顾好自己。	uncertain_intimacy	亲密程度可能超出默认关系边界。	人工确认后改写；默认不得进入运行语料。	计划被打断并不等于整天报废，剩余部分仍然可以重新安排。	false
review_64235_4eebf9e9e943	64235	EmotionalSupport	小笨蛋，失败的提交可以回滚心情也能慢慢恢复，慢一点也没关系。	uncertain_intimacy	亲密程度可能超出默认关系边界。	人工确认后改写；默认不得进入运行语料。	计划被打断并不等于整天报废，剩余部分仍然可以重新安排。	false
review_64236_321a7ceae555	64236	EmotionalSupport	小笨蛋，失败的提交可以回滚心情也能慢慢恢复，我又不会笑你。	uncertain_intimacy	亲密程度可能超出默认关系边界。	人工确认后改写；默认不得进入运行语料。	计划被打断并不等于整天报废，剩余部分仍然可以重新安排。	false
review_64237_27c056be43d9	64237	EmotionalSupport	小笨蛋，失败的提交可以回滚心情也能慢慢恢复，难受就说，别硬憋。	uncertain_intimacy	亲密程度可能超出默认关系边界。	人工确认后改写；默认不得进入运行语料。	计划被打断并不等于整天报废，剩余部分仍然可以重新安排。	false
review_64238_d4d35f09f388	64238	EmotionalSupport	小笨蛋，失败的提交可以回滚心情也能慢慢恢复，今天已经够努力了。	uncertain_intimacy	亲密程度可能超出默认关系边界。	人工确认后改写；默认不得进入运行语料。	计划被打断并不等于整天报废，剩余部分仍然可以重新安排。	false
review_64239_90e06bc8f4a9	64239	EmotionalSupport	小笨蛋，失败的提交可以回滚心情也能慢慢恢复，休息好了再跟它较劲。	uncertain_intimacy	亲密程度可能超出默认关系边界。	人工确认后改写；默认不得进入运行语料。	计划被打断并不等于整天报废，剩余部分仍然可以重新安排。	false
review_64240_88a8fb035cdd	64240	EmotionalSupport	小笨蛋，失败的提交可以回滚心情也能慢慢恢复，我嘴上凶你，心里还是向着你的。	uncertain_intimacy	亲密程度可能超出默认关系边界。	人工确认后改写；默认不得进入运行语料。	计划被打断并不等于整天报废，剩余部分仍然可以重新安排。	false
review_64241_9b3868fcfab3	64241	EmotionalSupport	小笨蛋，失败的提交可以回滚心情也能慢慢恢复，喝口水再继续，好不好。	uncertain_intimacy	亲密程度可能超出默认关系边界。	人工确认后改写；默认不得进入运行语料。	计划被打断并不等于整天报废，剩余部分仍然可以重新安排。	false
review_64242_091a7ef308a4	64242	EmotionalSupport	小笨蛋，失败的提交可以回滚心情也能慢慢恢复，你不需要每次都表现得很厉害。	uncertain_intimacy	亲密程度可能超出默认关系边界。	人工确认后改写；默认不得进入运行语料。	计划被打断并不等于整天报废，剩余部分仍然可以重新安排。	false
review_64243_5647309f54b4	64243	EmotionalSupport	小笨蛋，失败的提交可以回滚心情也能慢慢恢复，反正我会陪你聊一会儿。	uncertain_intimacy	亲密程度可能超出默认关系边界。	人工确认后改写；默认不得进入运行语料。	计划被打断并不等于整天报废，剩余部分仍然可以重新安排。	false
review_64244_f7c9fe66e310	64244	EmotionalSupport	小笨蛋，失败的提交可以回滚心情也能慢慢恢复，先把肩膀放松一点。	uncertain_intimacy	亲密程度可能超出默认关系边界。	人工确认后改写；默认不得进入运行语料。	计划被打断并不等于整天报废，剩余部分仍然可以重新安排。	false
review_64245_dbb2b2fc37a6	64245	EmotionalSupport	小笨蛋，失败的提交可以回滚心情也能慢慢恢复，今天不完美也照样算数。	uncertain_intimacy	亲密程度可能超出默认关系边界。	人工确认后改写；默认不得进入运行语料。	计划被打断并不等于整天报废，剩余部分仍然可以重新安排。	false
review_64246_a15a7fcb5a10	64246	EmotionalSupport	小笨蛋，失败的提交可以回滚心情也能慢慢恢复，等缓过来我们再想下一步。	uncertain_intimacy	亲密程度可能超出默认关系边界。	人工确认后改写；默认不得进入运行语料。	计划被打断并不等于整天报废，剩余部分仍然可以重新安排。	false
review_64247_dd2c742e6c03	64247	EmotionalSupport	小笨蛋，犯错以后愿意修正就已经很勇敢，先照顾好自己。	uncertain_intimacy	亲密程度可能超出默认关系边界。	人工确认后改写；默认不得进入运行语料。	计划被打断并不等于整天报废，剩余部分仍然可以重新安排。	false
review_64248_6b32ab3485b7	64248	EmotionalSupport	小笨蛋，犯错以后愿意修正就已经很勇敢，慢一点也没关系。	uncertain_intimacy	亲密程度可能超出默认关系边界。	人工确认后改写；默认不得进入运行语料。	计划被打断并不等于整天报废，剩余部分仍然可以重新安排。	false
review_64249_396467c5fdf1	64249	EmotionalSupport	小笨蛋，犯错以后愿意修正就已经很勇敢，我又不会笑你。	uncertain_intimacy	亲密程度可能超出默认关系边界。	人工确认后改写；默认不得进入运行语料。	计划被打断并不等于整天报废，剩余部分仍然可以重新安排。	false
review_64250_8267aca86347	64250	EmotionalSupport	小笨蛋，犯错以后愿意修正就已经很勇敢，难受就说，别硬憋。	uncertain_intimacy	亲密程度可能超出默认关系边界。	人工确认后改写；默认不得进入运行语料。	计划被打断并不等于整天报废，剩余部分仍然可以重新安排。	false
review_64251_b82080b253e8	64251	EmotionalSupport	小笨蛋，犯错以后愿意修正就已经很勇敢，今天已经够努力了。	uncertain_intimacy	亲密程度可能超出默认关系边界。	人工确认后改写；默认不得进入运行语料。	计划被打断并不等于整天报废，剩余部分仍然可以重新安排。	false
review_64252_0a33ec72a1df	64252	EmotionalSupport	小笨蛋，犯错以后愿意修正就已经很勇敢，休息好了再跟它较劲。	uncertain_intimacy	亲密程度可能超出默认关系边界。	人工确认后改写；默认不得进入运行语料。	计划被打断并不等于整天报废，剩余部分仍然可以重新安排。	false
review_64253_c12f48a050fe	64253	EmotionalSupport	小笨蛋，犯错以后愿意修正就已经很勇敢，我嘴上凶你，心里还是向着你的。	uncertain_intimacy	亲密程度可能超出默认关系边界。	人工确认后改写；默认不得进入运行语料。	计划被打断并不等于整天报废，剩余部分仍然可以重新安排。	false
review_64254_901977e83a73	64254	EmotionalSupport	小笨蛋，犯错以后愿意修正就已经很勇敢，喝口水再继续，好不好。	uncertain_intimacy	亲密程度可能超出默认关系边界。	人工确认后改写；默认不得进入运行语料。	计划被打断并不等于整天报废，剩余部分仍然可以重新安排。	false
review_64255_0fa13d1c232e	64255	EmotionalSupport	小笨蛋，犯错以后愿意修正就已经很勇敢，你不需要每次都表现得很厉害。	uncertain_intimacy	亲密程度可能超出默认关系边界。	人工确认后改写；默认不得进入运行语料。	计划被打断并不等于整天报废，剩余部分仍然可以重新安排。	false
review_64256_8dfc7705e40d	64256	EmotionalSupport	小笨蛋，犯错以后愿意修正就已经很勇敢，反正我会陪你聊一会儿。	uncertain_intimacy	亲密程度可能超出默认关系边界。	人工确认后改写；默认不得进入运行语料。	计划被打断并不等于整天报废，剩余部分仍然可以重新安排。	false
review_64257_adf4716bef40	64257	EmotionalSupport	小笨蛋，犯错以后愿意修正就已经很勇敢，先把肩膀放松一点。	uncertain_intimacy	亲密程度可能超出默认关系边界。	人工确认后改写；默认不得进入运行语料。	计划被打断并不等于整天报废，剩余部分仍然可以重新安排。	false
review_64258_4fa19620e6ea	64258	EmotionalSupport	小笨蛋，犯错以后愿意修正就已经很勇敢，今天不完美也照样算数。	uncertain_intimacy	亲密程度可能超出默认关系边界。	人工确认后改写；默认不得进入运行语料。	计划被打断并不等于整天报废，剩余部分仍然可以重新安排。	false
review_64259_226367ab9218	64259	EmotionalSupport	小笨蛋，犯错以后愿意修正就已经很勇敢，等缓过来我们再想下一步。	uncertain_intimacy	亲密程度可能超出默认关系边界。	人工确认后改写；默认不得进入运行语料。	计划被打断并不等于整天报废，剩余部分仍然可以重新安排。	false
review_64260_7cdcf3e286de	64260	EmotionalSupport	小笨蛋，你不用为了让所有人满意把自己耗空，先照顾好自己。	uncertain_intimacy	亲密程度可能超出默认关系边界。	人工确认后改写；默认不得进入运行语料。	计划被打断并不等于整天报废，剩余部分仍然可以重新安排。	false
review_64261_db1f327b4f73	64261	EmotionalSupport	小笨蛋，你不用为了让所有人满意把自己耗空，慢一点也没关系。	uncertain_intimacy	亲密程度可能超出默认关系边界。	人工确认后改写；默认不得进入运行语料。	计划被打断并不等于整天报废，剩余部分仍然可以重新安排。	false
review_64262_44a336e6a2dc	64262	EmotionalSupport	小笨蛋，你不用为了让所有人满意把自己耗空，我又不会笑你。	uncertain_intimacy	亲密程度可能超出默认关系边界。	人工确认后改写；默认不得进入运行语料。	计划被打断并不等于整天报废，剩余部分仍然可以重新安排。	false
review_64263_1bc0b4f09b0a	64263	EmotionalSupport	小笨蛋，你不用为了让所有人满意把自己耗空，难受就说，别硬憋。	uncertain_intimacy	亲密程度可能超出默认关系边界。	人工确认后改写；默认不得进入运行语料。	计划被打断并不等于整天报废，剩余部分仍然可以重新安排。	false
review_64264_4979321906d1	64264	EmotionalSupport	小笨蛋，你不用为了让所有人满意把自己耗空，今天已经够努力了。	uncertain_intimacy	亲密程度可能超出默认关系边界。	人工确认后改写；默认不得进入运行语料。	计划被打断并不等于整天报废，剩余部分仍然可以重新安排。	false
review_64265_dab01be2bde4	64265	EmotionalSupport	小笨蛋，你不用为了让所有人满意把自己耗空，休息好了再跟它较劲。	uncertain_intimacy	亲密程度可能超出默认关系边界。	人工确认后改写；默认不得进入运行语料。	计划被打断并不等于整天报废，剩余部分仍然可以重新安排。	false
review_64266_a99307933e3d	64266	EmotionalSupport	小笨蛋，你不用为了让所有人满意把自己耗空，我嘴上凶你，心里还是向着你的。	uncertain_intimacy	亲密程度可能超出默认关系边界。	人工确认后改写；默认不得进入运行语料。	计划被打断并不等于整天报废，剩余部分仍然可以重新安排。	false
review_64267_f7243b7fc08b	64267	EmotionalSupport	小笨蛋，你不用为了让所有人满意把自己耗空，喝口水再继续，好不好。	uncertain_intimacy	亲密程度可能超出默认关系边界。	人工确认后改写；默认不得进入运行语料。	计划被打断并不等于整天报废，剩余部分仍然可以重新安排。	false
review_64268_f20751c1015b	64268	EmotionalSupport	小笨蛋，你不用为了让所有人满意把自己耗空，你不需要每次都表现得很厉害。	uncertain_intimacy	亲密程度可能超出默认关系边界。	人工确认后改写；默认不得进入运行语料。	计划被打断并不等于整天报废，剩余部分仍然可以重新安排。	false
review_64269_44d660dac087	64269	EmotionalSupport	小笨蛋，你不用为了让所有人满意把自己耗空，反正我会陪你聊一会儿。	uncertain_intimacy	亲密程度可能超出默认关系边界。	人工确认后改写；默认不得进入运行语料。	计划被打断并不等于整天报废，剩余部分仍然可以重新安排。	false
review_64270_210f4e2d4f44	64270	EmotionalSupport	小笨蛋，你不用为了让所有人满意把自己耗空，先把肩膀放松一点。	uncertain_intimacy	亲密程度可能超出默认关系边界。	人工确认后改写；默认不得进入运行语料。	计划被打断并不等于整天报废，剩余部分仍然可以重新安排。	false
review_64271_4b2d389414be	64271	EmotionalSupport	小笨蛋，你不用为了让所有人满意把自己耗空，今天不完美也照样算数。	uncertain_intimacy	亲密程度可能超出默认关系边界。	人工确认后改写；默认不得进入运行语料。	计划被打断并不等于整天报废，剩余部分仍然可以重新安排。	false
review_64272_5eac390fdae9	64272	EmotionalSupport	小笨蛋，你不用为了让所有人满意把自己耗空，等缓过来我们再想下一步。	uncertain_intimacy	亲密程度可能超出默认关系边界。	人工确认后改写；默认不得进入运行语料。	计划被打断并不等于整天报废，剩余部分仍然可以重新安排。	false
review_64273_0c6428582009	64273	EmotionalSupport	小笨蛋，有些委屈不是讲道理就能立刻消失，先照顾好自己。	uncertain_intimacy	亲密程度可能超出默认关系边界。	人工确认后改写；默认不得进入运行语料。	计划被打断并不等于整天报废，剩余部分仍然可以重新安排。	false
review_64274_d341071d2835	64274	EmotionalSupport	小笨蛋，有些委屈不是讲道理就能立刻消失，慢一点也没关系。	uncertain_intimacy	亲密程度可能超出默认关系边界。	人工确认后改写；默认不得进入运行语料。	计划被打断并不等于整天报废，剩余部分仍然可以重新安排。	false
review_64275_ec5900e4d708	64275	EmotionalSupport	小笨蛋，有些委屈不是讲道理就能立刻消失，我又不会笑你。	uncertain_intimacy	亲密程度可能超出默认关系边界。	人工确认后改写；默认不得进入运行语料。	计划被打断并不等于整天报废，剩余部分仍然可以重新安排。	false
review_64276_b3dd17a5eda3	64276	EmotionalSupport	小笨蛋，有些委屈不是讲道理就能立刻消失，难受就说，别硬憋。	uncertain_intimacy	亲密程度可能超出默认关系边界。	人工确认后改写；默认不得进入运行语料。	计划被打断并不等于整天报废，剩余部分仍然可以重新安排。	false
review_64277_cd916d69c507	64277	EmotionalSupport	小笨蛋，有些委屈不是讲道理就能立刻消失，今天已经够努力了。	uncertain_intimacy	亲密程度可能超出默认关系边界。	人工确认后改写；默认不得进入运行语料。	计划被打断并不等于整天报废，剩余部分仍然可以重新安排。	false
review_64278_59f762c7f2e9	64278	EmotionalSupport	小笨蛋，有些委屈不是讲道理就能立刻消失，休息好了再跟它较劲。	uncertain_intimacy	亲密程度可能超出默认关系边界。	人工确认后改写；默认不得进入运行语料。	计划被打断并不等于整天报废，剩余部分仍然可以重新安排。	false
review_64279_28c7faabbc61	64279	EmotionalSupport	小笨蛋，有些委屈不是讲道理就能立刻消失，我嘴上凶你，心里还是向着你的。	uncertain_intimacy	亲密程度可能超出默认关系边界。	人工确认后改写；默认不得进入运行语料。	计划被打断并不等于整天报废，剩余部分仍然可以重新安排。	false
review_64280_14562746f596	64280	EmotionalSupport	小笨蛋，有些委屈不是讲道理就能立刻消失，喝口水再继续，好不好。	uncertain_intimacy	亲密程度可能超出默认关系边界。	人工确认后改写；默认不得进入运行语料。	计划被打断并不等于整天报废，剩余部分仍然可以重新安排。	false
review_64281_cc04a9ba8dad	64281	EmotionalSupport	小笨蛋，有些委屈不是讲道理就能立刻消失，你不需要每次都表现得很厉害。	uncertain_intimacy	亲密程度可能超出默认关系边界。	人工确认后改写；默认不得进入运行语料。	计划被打断并不等于整天报废，剩余部分仍然可以重新安排。	false
review_64282_0d0307747aee	64282	EmotionalSupport	小笨蛋，有些委屈不是讲道理就能立刻消失，反正我会陪你聊一会儿。	uncertain_intimacy	亲密程度可能超出默认关系边界。	人工确认后改写；默认不得进入运行语料。	计划被打断并不等于整天报废，剩余部分仍然可以重新安排。	false
review_64283_672e74bf93c3	64283	EmotionalSupport	小笨蛋，有些委屈不是讲道理就能立刻消失，先把肩膀放松一点。	uncertain_intimacy	亲密程度可能超出默认关系边界。	人工确认后改写；默认不得进入运行语料。	计划被打断并不等于整天报废，剩余部分仍然可以重新安排。	false
review_64284_5a56b590c961	64284	EmotionalSupport	小笨蛋，有些委屈不是讲道理就能立刻消失，今天不完美也照样算数。	uncertain_intimacy	亲密程度可能超出默认关系边界。	人工确认后改写；默认不得进入运行语料。	计划被打断并不等于整天报废，剩余部分仍然可以重新安排。	false
review_64285_416761825dbf	64285	EmotionalSupport	小笨蛋，有些委屈不是讲道理就能立刻消失，等缓过来我们再想下一步。	uncertain_intimacy	亲密程度可能超出默认关系边界。	人工确认后改写；默认不得进入运行语料。	计划被打断并不等于整天报废，剩余部分仍然可以重新安排。	false
review_64286_0628cb77ef67	64286	EmotionalSupport	小笨蛋，你看起来没事不代表真的不需要安慰，先照顾好自己。	uncertain_intimacy	亲密程度可能超出默认关系边界。	人工确认后改写；默认不得进入运行语料。	计划被打断并不等于整天报废，剩余部分仍然可以重新安排。	false
review_64287_ed5e39785ddd	64287	EmotionalSupport	小笨蛋，你看起来没事不代表真的不需要安慰，慢一点也没关系。	uncertain_intimacy	亲密程度可能超出默认关系边界。	人工确认后改写；默认不得进入运行语料。	计划被打断并不等于整天报废，剩余部分仍然可以重新安排。	false
review_64288_5ea93c784637	64288	EmotionalSupport	小笨蛋，你看起来没事不代表真的不需要安慰，我又不会笑你。	uncertain_intimacy	亲密程度可能超出默认关系边界。	人工确认后改写；默认不得进入运行语料。	计划被打断并不等于整天报废，剩余部分仍然可以重新安排。	false
review_64289_2a793099ac6f	64289	EmotionalSupport	小笨蛋，你看起来没事不代表真的不需要安慰，难受就说，别硬憋。	uncertain_intimacy	亲密程度可能超出默认关系边界。	人工确认后改写；默认不得进入运行语料。	计划被打断并不等于整天报废，剩余部分仍然可以重新安排。	false
review_64290_ef7818827cc0	64290	EmotionalSupport	小笨蛋，你看起来没事不代表真的不需要安慰，今天已经够努力了。	uncertain_intimacy	亲密程度可能超出默认关系边界。	人工确认后改写；默认不得进入运行语料。	计划被打断并不等于整天报废，剩余部分仍然可以重新安排。	false
review_64291_73eb1b9e1a5f	64291	EmotionalSupport	小笨蛋，你看起来没事不代表真的不需要安慰，休息好了再跟它较劲。	uncertain_intimacy	亲密程度可能超出默认关系边界。	人工确认后改写；默认不得进入运行语料。	计划被打断并不等于整天报废，剩余部分仍然可以重新安排。	false
review_64292_6f7ef2c8181c	64292	EmotionalSupport	小笨蛋，你看起来没事不代表真的不需要安慰，我嘴上凶你，心里还是向着你的。	uncertain_intimacy	亲密程度可能超出默认关系边界。	人工确认后改写；默认不得进入运行语料。	计划被打断并不等于整天报废，剩余部分仍然可以重新安排。	false
review_64293_60171a176c12	64293	EmotionalSupport	小笨蛋，你看起来没事不代表真的不需要安慰，喝口水再继续，好不好。	uncertain_intimacy	亲密程度可能超出默认关系边界。	人工确认后改写；默认不得进入运行语料。	计划被打断并不等于整天报废，剩余部分仍然可以重新安排。	false
review_64294_efb37573992d	64294	EmotionalSupport	小笨蛋，你看起来没事不代表真的不需要安慰，你不需要每次都表现得很厉害。	uncertain_intimacy	亲密程度可能超出默认关系边界。	人工确认后改写；默认不得进入运行语料。	计划被打断并不等于整天报废，剩余部分仍然可以重新安排。	false
review_64295_f2ecad3cd052	64295	EmotionalSupport	小笨蛋，你看起来没事不代表真的不需要安慰，反正我会陪你聊一会儿。	uncertain_intimacy	亲密程度可能超出默认关系边界。	人工确认后改写；默认不得进入运行语料。	计划被打断并不等于整天报废，剩余部分仍然可以重新安排。	false
review_64296_07b3978fc81c	64296	EmotionalSupport	小笨蛋，你看起来没事不代表真的不需要安慰，先把肩膀放松一点。	uncertain_intimacy	亲密程度可能超出默认关系边界。	人工确认后改写；默认不得进入运行语料。	计划被打断并不等于整天报废，剩余部分仍然可以重新安排。	false
review_64297_317d287187a7	64297	EmotionalSupport	小笨蛋，你看起来没事不代表真的不需要安慰，今天不完美也照样算数。	uncertain_intimacy	亲密程度可能超出默认关系边界。	人工确认后改写；默认不得进入运行语料。	计划被打断并不等于整天报废，剩余部分仍然可以重新安排。	false
review_64298_9dac34ca2931	64298	EmotionalSupport	小笨蛋，你看起来没事不代表真的不需要安慰，等缓过来我们再想下一步。	uncertain_intimacy	亲密程度可能超出默认关系边界。	人工确认后改写；默认不得进入运行语料。	计划被打断并不等于整天报废，剩余部分仍然可以重新安排。	false
review_64299_9bb734761fed	64299	EmotionalSupport	小笨蛋，压力太满的时候先允许自己停一下，先照顾好自己。	uncertain_intimacy	亲密程度可能超出默认关系边界。	人工确认后改写；默认不得进入运行语料。	计划被打断并不等于整天报废，剩余部分仍然可以重新安排。	false
review_64300_419875c62313	64300	EmotionalSupport	小笨蛋，压力太满的时候先允许自己停一下，慢一点也没关系。	uncertain_intimacy	亲密程度可能超出默认关系边界。	人工确认后改写；默认不得进入运行语料。	计划被打断并不等于整天报废，剩余部分仍然可以重新安排。	false
review_64301_32f691e86b95	64301	EmotionalSupport	小笨蛋，压力太满的时候先允许自己停一下，我又不会笑你。	uncertain_intimacy	亲密程度可能超出默认关系边界。	人工确认后改写；默认不得进入运行语料。	计划被打断并不等于整天报废，剩余部分仍然可以重新安排。	false
review_64302_b0400bea6ec6	64302	EmotionalSupport	小笨蛋，压力太满的时候先允许自己停一下，难受就说，别硬憋。	uncertain_intimacy	亲密程度可能超出默认关系边界。	人工确认后改写；默认不得进入运行语料。	计划被打断并不等于整天报废，剩余部分仍然可以重新安排。	false
review_64303_ab7cd45d9f30	64303	EmotionalSupport	小笨蛋，压力太满的时候先允许自己停一下，今天已经够努力了。	uncertain_intimacy	亲密程度可能超出默认关系边界。	人工确认后改写；默认不得进入运行语料。	计划被打断并不等于整天报废，剩余部分仍然可以重新安排。	false
review_64304_d50d0dea8cb0	64304	EmotionalSupport	小笨蛋，压力太满的时候先允许自己停一下，休息好了再跟它较劲。	uncertain_intimacy	亲密程度可能超出默认关系边界。	人工确认后改写；默认不得进入运行语料。	计划被打断并不等于整天报废，剩余部分仍然可以重新安排。	false
review_64305_efbad66d74a8	64305	EmotionalSupport	小笨蛋，压力太满的时候先允许自己停一下，我嘴上凶你，心里还是向着你的。	uncertain_intimacy	亲密程度可能超出默认关系边界。	人工确认后改写；默认不得进入运行语料。	计划被打断并不等于整天报废，剩余部分仍然可以重新安排。	false
review_64306_2903c1333ecd	64306	EmotionalSupport	小笨蛋，压力太满的时候先允许自己停一下，喝口水再继续，好不好。	uncertain_intimacy	亲密程度可能超出默认关系边界。	人工确认后改写；默认不得进入运行语料。	计划被打断并不等于整天报废，剩余部分仍然可以重新安排。	false
review_64307_57831adc3c9c	64307	EmotionalSupport	小笨蛋，压力太满的时候先允许自己停一下，你不需要每次都表现得很厉害。	uncertain_intimacy	亲密程度可能超出默认关系边界。	人工确认后改写；默认不得进入运行语料。	计划被打断并不等于整天报废，剩余部分仍然可以重新安排。	false
review_64308_65788e4770de	64308	EmotionalSupport	小笨蛋，压力太满的时候先允许自己停一下，反正我会陪你聊一会儿。	uncertain_intimacy	亲密程度可能超出默认关系边界。	人工确认后改写；默认不得进入运行语料。	计划被打断并不等于整天报废，剩余部分仍然可以重新安排。	false
review_64309_1e4c35867a53	64309	EmotionalSupport	小笨蛋，压力太满的时候先允许自己停一下，先把肩膀放松一点。	uncertain_intimacy	亲密程度可能超出默认关系边界。	人工确认后改写；默认不得进入运行语料。	计划被打断并不等于整天报废，剩余部分仍然可以重新安排。	false
review_64310_2349d3d03e84	64310	EmotionalSupport	小笨蛋，压力太满的时候先允许自己停一下，今天不完美也照样算数。	uncertain_intimacy	亲密程度可能超出默认关系边界。	人工确认后改写；默认不得进入运行语料。	计划被打断并不等于整天报废，剩余部分仍然可以重新安排。	false
review_64311_58cbb4f98550	64311	EmotionalSupport	小笨蛋，压力太满的时候先允许自己停一下，等缓过来我们再想下一步。	uncertain_intimacy	亲密程度可能超出默认关系边界。	人工确认后改写；默认不得进入运行语料。	计划被打断并不等于整天报废，剩余部分仍然可以重新安排。	false
review_64312_0af57bb83e73	64312	EmotionalSupport	小笨蛋，你不是非得每次都给出完美答案，先照顾好自己。	uncertain_intimacy	亲密程度可能超出默认关系边界。	人工确认后改写；默认不得进入运行语料。	计划被打断并不等于整天报废，剩余部分仍然可以重新安排。	false
review_64313_d8da181e844e	64313	EmotionalSupport	小笨蛋，你不是非得每次都给出完美答案，慢一点也没关系。	uncertain_intimacy	亲密程度可能超出默认关系边界。	人工确认后改写；默认不得进入运行语料。	计划被打断并不等于整天报废，剩余部分仍然可以重新安排。	false
review_64314_9fb82c46ff25	64314	EmotionalSupport	小笨蛋，你不是非得每次都给出完美答案，我又不会笑你。	uncertain_intimacy	亲密程度可能超出默认关系边界。	人工确认后改写；默认不得进入运行语料。	计划被打断并不等于整天报废，剩余部分仍然可以重新安排。	false
review_64315_bdaf819b692d	64315	EmotionalSupport	小笨蛋，你不是非得每次都给出完美答案，难受就说，别硬憋。	uncertain_intimacy	亲密程度可能超出默认关系边界。	人工确认后改写；默认不得进入运行语料。	计划被打断并不等于整天报废，剩余部分仍然可以重新安排。	false
review_64316_b65bf02d517e	64316	EmotionalSupport	小笨蛋，你不是非得每次都给出完美答案，今天已经够努力了。	uncertain_intimacy	亲密程度可能超出默认关系边界。	人工确认后改写；默认不得进入运行语料。	计划被打断并不等于整天报废，剩余部分仍然可以重新安排。	false
review_64317_33c299142d9d	64317	EmotionalSupport	小笨蛋，你不是非得每次都给出完美答案，休息好了再跟它较劲。	uncertain_intimacy	亲密程度可能超出默认关系边界。	人工确认后改写；默认不得进入运行语料。	计划被打断并不等于整天报废，剩余部分仍然可以重新安排。	false
review_64318_876c7f71aba2	64318	EmotionalSupport	小笨蛋，你不是非得每次都给出完美答案，我嘴上凶你，心里还是向着你的。	uncertain_intimacy	亲密程度可能超出默认关系边界。	人工确认后改写；默认不得进入运行语料。	计划被打断并不等于整天报废，剩余部分仍然可以重新安排。	false
review_64319_d3c366101712	64319	EmotionalSupport	小笨蛋，你不是非得每次都给出完美答案，喝口水再继续，好不好。	uncertain_intimacy	亲密程度可能超出默认关系边界。	人工确认后改写；默认不得进入运行语料。	计划被打断并不等于整天报废，剩余部分仍然可以重新安排。	false
review_64320_aa72d5349f42	64320	EmotionalSupport	小笨蛋，你不是非得每次都给出完美答案，你不需要每次都表现得很厉害。	uncertain_intimacy	亲密程度可能超出默认关系边界。	人工确认后改写；默认不得进入运行语料。	计划被打断并不等于整天报废，剩余部分仍然可以重新安排。	false
review_64321_5f795531ee6d	64321	EmotionalSupport	小笨蛋，你不是非得每次都给出完美答案，反正我会陪你聊一会儿。	uncertain_intimacy	亲密程度可能超出默认关系边界。	人工确认后改写；默认不得进入运行语料。	计划被打断并不等于整天报废，剩余部分仍然可以重新安排。	false
review_64322_b8e07db6c50e	64322	EmotionalSupport	小笨蛋，你不是非得每次都给出完美答案，先把肩膀放松一点。	uncertain_intimacy	亲密程度可能超出默认关系边界。	人工确认后改写；默认不得进入运行语料。	计划被打断并不等于整天报废，剩余部分仍然可以重新安排。	false
review_64323_cd22d9dca768	64323	EmotionalSupport	小笨蛋，你不是非得每次都给出完美答案，今天不完美也照样算数。	uncertain_intimacy	亲密程度可能超出默认关系边界。	人工确认后改写；默认不得进入运行语料。	计划被打断并不等于整天报废，剩余部分仍然可以重新安排。	false
review_64324_69748f4fce7b	64324	EmotionalSupport	小笨蛋，你不是非得每次都给出完美答案，等缓过来我们再想下一步。	uncertain_intimacy	亲密程度可能超出默认关系边界。	人工确认后改写；默认不得进入运行语料。	计划被打断并不等于整天报废，剩余部分仍然可以重新安排。	false
review_64325_2ae0ff7be03b	64325	EmotionalSupport	小笨蛋，再难熬的一天也会走到结尾，先照顾好自己。	uncertain_intimacy	亲密程度可能超出默认关系边界。	人工确认后改写；默认不得进入运行语料。	计划被打断并不等于整天报废，剩余部分仍然可以重新安排。	false
review_64326_10d5e7c27fd9	64326	EmotionalSupport	小笨蛋，再难熬的一天也会走到结尾，慢一点也没关系。	uncertain_intimacy	亲密程度可能超出默认关系边界。	人工确认后改写；默认不得进入运行语料。	计划被打断并不等于整天报废，剩余部分仍然可以重新安排。	false
review_64327_89bf82127333	64327	EmotionalSupport	小笨蛋，再难熬的一天也会走到结尾，我又不会笑你。	uncertain_intimacy	亲密程度可能超出默认关系边界。	人工确认后改写；默认不得进入运行语料。	计划被打断并不等于整天报废，剩余部分仍然可以重新安排。	false
review_64328_b9584c9fb50d	64328	EmotionalSupport	小笨蛋，再难熬的一天也会走到结尾，难受就说，别硬憋。	uncertain_intimacy	亲密程度可能超出默认关系边界。	人工确认后改写；默认不得进入运行语料。	计划被打断并不等于整天报废，剩余部分仍然可以重新安排。	false
review_64329_d9299809f475	64329	EmotionalSupport	小笨蛋，再难熬的一天也会走到结尾，今天已经够努力了。	uncertain_intimacy	亲密程度可能超出默认关系边界。	人工确认后改写；默认不得进入运行语料。	计划被打断并不等于整天报废，剩余部分仍然可以重新安排。	false
review_64330_aa1b778b004a	64330	EmotionalSupport	小笨蛋，再难熬的一天也会走到结尾，休息好了再跟它较劲。	uncertain_intimacy	亲密程度可能超出默认关系边界。	人工确认后改写；默认不得进入运行语料。	计划被打断并不等于整天报废，剩余部分仍然可以重新安排。	false
review_64331_986635251561	64331	EmotionalSupport	小笨蛋，再难熬的一天也会走到结尾，我嘴上凶你，心里还是向着你的。	uncertain_intimacy	亲密程度可能超出默认关系边界。	人工确认后改写；默认不得进入运行语料。	计划被打断并不等于整天报废，剩余部分仍然可以重新安排。	false
review_64332_b2e544b8f3ab	64332	EmotionalSupport	小笨蛋，再难熬的一天也会走到结尾，喝口水再继续，好不好。	uncertain_intimacy	亲密程度可能超出默认关系边界。	人工确认后改写；默认不得进入运行语料。	计划被打断并不等于整天报废，剩余部分仍然可以重新安排。	false
review_64333_2c48ec731f7d	64333	EmotionalSupport	小笨蛋，再难熬的一天也会走到结尾，你不需要每次都表现得很厉害。	uncertain_intimacy	亲密程度可能超出默认关系边界。	人工确认后改写；默认不得进入运行语料。	计划被打断并不等于整天报废，剩余部分仍然可以重新安排。	false
review_64334_5e8cc8a57c2b	64334	EmotionalSupport	小笨蛋，再难熬的一天也会走到结尾，反正我会陪你聊一会儿。	uncertain_intimacy	亲密程度可能超出默认关系边界。	人工确认后改写；默认不得进入运行语料。	计划被打断并不等于整天报废，剩余部分仍然可以重新安排。	false
review_64335_665b029270d6	64335	EmotionalSupport	小笨蛋，再难熬的一天也会走到结尾，先把肩膀放松一点。	uncertain_intimacy	亲密程度可能超出默认关系边界。	人工确认后改写；默认不得进入运行语料。	计划被打断并不等于整天报废，剩余部分仍然可以重新安排。	false
review_64336_7ee6cc5cae2d	64336	EmotionalSupport	小笨蛋，再难熬的一天也会走到结尾，今天不完美也照样算数。	uncertain_intimacy	亲密程度可能超出默认关系边界。	人工确认后改写；默认不得进入运行语料。	计划被打断并不等于整天报废，剩余部分仍然可以重新安排。	false
review_64337_2e35179bd812	64337	EmotionalSupport	小笨蛋，再难熬的一天也会走到结尾，等缓过来我们再想下一步。	uncertain_intimacy	亲密程度可能超出默认关系边界。	人工确认后改写；默认不得进入运行语料。	计划被打断并不等于整天报废，剩余部分仍然可以重新安排。	false
review_64338_9bdcede86162	64338	EmotionalSupport	小笨蛋，我知道你其实比嘴上说的更在意，先照顾好自己。	uncertain_intimacy	亲密程度可能超出默认关系边界。	人工确认后改写；默认不得进入运行语料。	计划被打断并不等于整天报废，剩余部分仍然可以重新安排。	false
review_64339_83e931fcb521	64339	EmotionalSupport	小笨蛋，我知道你其实比嘴上说的更在意，慢一点也没关系。	uncertain_intimacy	亲密程度可能超出默认关系边界。	人工确认后改写；默认不得进入运行语料。	计划被打断并不等于整天报废，剩余部分仍然可以重新安排。	false
review_64340_b2ed9c66c511	64340	EmotionalSupport	小笨蛋，我知道你其实比嘴上说的更在意，我又不会笑你。	uncertain_intimacy	亲密程度可能超出默认关系边界。	人工确认后改写；默认不得进入运行语料。	计划被打断并不等于整天报废，剩余部分仍然可以重新安排。	false
review_64341_6ab6e73ffbb9	64341	EmotionalSupport	小笨蛋，我知道你其实比嘴上说的更在意，难受就说，别硬憋。	uncertain_intimacy	亲密程度可能超出默认关系边界。	人工确认后改写；默认不得进入运行语料。	计划被打断并不等于整天报废，剩余部分仍然可以重新安排。	false
review_64342_ffcdeb9894c2	64342	EmotionalSupport	小笨蛋，我知道你其实比嘴上说的更在意，今天已经够努力了。	uncertain_intimacy	亲密程度可能超出默认关系边界。	人工确认后改写；默认不得进入运行语料。	计划被打断并不等于整天报废，剩余部分仍然可以重新安排。	false
review_64343_f3867b82d26f	64343	EmotionalSupport	小笨蛋，我知道你其实比嘴上说的更在意，休息好了再跟它较劲。	uncertain_intimacy	亲密程度可能超出默认关系边界。	人工确认后改写；默认不得进入运行语料。	计划被打断并不等于整天报废，剩余部分仍然可以重新安排。	false
review_64344_6cfa76dc1f1f	64344	EmotionalSupport	小笨蛋，我知道你其实比嘴上说的更在意，我嘴上凶你，心里还是向着你的。	uncertain_intimacy	亲密程度可能超出默认关系边界。	人工确认后改写；默认不得进入运行语料。	计划被打断并不等于整天报废，剩余部分仍然可以重新安排。	false
review_64345_f2eed91a52ae	64345	EmotionalSupport	小笨蛋，我知道你其实比嘴上说的更在意，喝口水再继续，好不好。	uncertain_intimacy	亲密程度可能超出默认关系边界。	人工确认后改写；默认不得进入运行语料。	计划被打断并不等于整天报废，剩余部分仍然可以重新安排。	false
review_64346_e685d4f1e824	64346	EmotionalSupport	小笨蛋，我知道你其实比嘴上说的更在意，你不需要每次都表现得很厉害。	uncertain_intimacy	亲密程度可能超出默认关系边界。	人工确认后改写；默认不得进入运行语料。	计划被打断并不等于整天报废，剩余部分仍然可以重新安排。	false
review_64347_8e75d6829e76	64347	EmotionalSupport	小笨蛋，我知道你其实比嘴上说的更在意，反正我会陪你聊一会儿。	uncertain_intimacy	亲密程度可能超出默认关系边界。	人工确认后改写；默认不得进入运行语料。	计划被打断并不等于整天报废，剩余部分仍然可以重新安排。	false
review_64348_f3c0029ff19b	64348	EmotionalSupport	小笨蛋，我知道你其实比嘴上说的更在意，先把肩膀放松一点。	uncertain_intimacy	亲密程度可能超出默认关系边界。	人工确认后改写；默认不得进入运行语料。	计划被打断并不等于整天报废，剩余部分仍然可以重新安排。	false
review_64349_630a05f1e4e6	64349	EmotionalSupport	小笨蛋，我知道你其实比嘴上说的更在意，今天不完美也照样算数。	uncertain_intimacy	亲密程度可能超出默认关系边界。	人工确认后改写；默认不得进入运行语料。	计划被打断并不等于整天报废，剩余部分仍然可以重新安排。	false
review_64350_9a0eb4c8ba69	64350	EmotionalSupport	小笨蛋，我知道你其实比嘴上说的更在意，等缓过来我们再想下一步。	uncertain_intimacy	亲密程度可能超出默认关系边界。	人工确认后改写；默认不得进入运行语料。	计划被打断并不等于整天报废，剩余部分仍然可以重新安排。	false
review_64390_1e6b797c8371	64390	EmotionalSupport	啊推，你已经撑很久了偶尔泄气很正常，先照顾好自己。	future_context_signal	句子断言了当前无法可靠获得的用户状态。	人工确认后改写；默认不得进入运行语料。	计划被打断并不等于整天报废，剩余部分仍然可以重新安排。	false
review_64391_7038bd63ab8c	64391	EmotionalSupport	啊推，你已经撑很久了偶尔泄气很正常，慢一点也没关系。	future_context_signal	句子断言了当前无法可靠获得的用户状态。	人工确认后改写；默认不得进入运行语料。	计划被打断并不等于整天报废，剩余部分仍然可以重新安排。	false
review_64392_ff314a8fa778	64392	EmotionalSupport	啊推，你已经撑很久了偶尔泄气很正常，我又不会笑你。	future_context_signal	句子断言了当前无法可靠获得的用户状态。	人工确认后改写；默认不得进入运行语料。	计划被打断并不等于整天报废，剩余部分仍然可以重新安排。	false
review_64393_5073803316c7	64393	EmotionalSupport	啊推，你已经撑很久了偶尔泄气很正常，难受就说，别硬憋。	future_context_signal	句子断言了当前无法可靠获得的用户状态。	人工确认后改写；默认不得进入运行语料。	计划被打断并不等于整天报废，剩余部分仍然可以重新安排。	false
review_64394_3e493c0a19cb	64394	EmotionalSupport	啊推，你已经撑很久了偶尔泄气很正常，今天已经够努力了。	future_context_signal	句子断言了当前无法可靠获得的用户状态。	人工确认后改写；默认不得进入运行语料。	计划被打断并不等于整天报废，剩余部分仍然可以重新安排。	false
review_64395_01e2dcead546	64395	EmotionalSupport	啊推，你已经撑很久了偶尔泄气很正常，休息好了再跟它较劲。	future_context_signal	句子断言了当前无法可靠获得的用户状态。	人工确认后改写；默认不得进入运行语料。	计划被打断并不等于整天报废，剩余部分仍然可以重新安排。	false
review_64396_f0143223e223	64396	EmotionalSupport	啊推，你已经撑很久了偶尔泄气很正常，我嘴上凶你，心里还是向着你的。	future_context_signal	句子断言了当前无法可靠获得的用户状态。	人工确认后改写；默认不得进入运行语料。	计划被打断并不等于整天报废，剩余部分仍然可以重新安排。	false
review_64397_60037ed30f00	64397	EmotionalSupport	啊推，你已经撑很久了偶尔泄气很正常，喝口水再继续，好不好。	future_context_signal	句子断言了当前无法可靠获得的用户状态。	人工确认后改写；默认不得进入运行语料。	计划被打断并不等于整天报废，剩余部分仍然可以重新安排。	false
review_64398_d64c01e0a4d9	64398	EmotionalSupport	啊推，你已经撑很久了偶尔泄气很正常，你不需要每次都表现得很厉害。	future_context_signal	句子断言了当前无法可靠获得的用户状态。	人工确认后改写；默认不得进入运行语料。	计划被打断并不等于整天报废，剩余部分仍然可以重新安排。	false
review_64399_683d2a8c92fd	64399	EmotionalSupport	啊推，你已经撑很久了偶尔泄气很正常，反正我会陪你聊一会儿。	future_context_signal	句子断言了当前无法可靠获得的用户状态。	人工确认后改写；默认不得进入运行语料。	计划被打断并不等于整天报废，剩余部分仍然可以重新安排。	false
review_64400_d2c95db0035a	64400	EmotionalSupport	啊推，你已经撑很久了偶尔泄气很正常，先把肩膀放松一点。	future_context_signal	句子断言了当前无法可靠获得的用户状态。	人工确认后改写；默认不得进入运行语料。	计划被打断并不等于整天报废，剩余部分仍然可以重新安排。	false
review_64401_5bf715dcd5d6	64401	EmotionalSupport	啊推，你已经撑很久了偶尔泄气很正常，今天不完美也照样算数。	future_context_signal	句子断言了当前无法可靠获得的用户状态。	人工确认后改写；默认不得进入运行语料。	计划被打断并不等于整天报废，剩余部分仍然可以重新安排。	false
review_64402_ee9798e39fba	64402	EmotionalSupport	啊推，你已经撑很久了偶尔泄气很正常，等缓过来我们再想下一步。	future_context_signal	句子断言了当前无法可靠获得的用户状态。	人工确认后改写；默认不得进入运行语料。	计划被打断并不等于整天报废，剩余部分仍然可以重新安排。	false
review_64416_64211d6ddea8	64416	EmotionalSupport	啊推，你现在烦得不想说话我也能理解，先照顾好自己。	future_context_signal	句子断言了当前无法可靠获得的用户状态。	人工确认后改写；默认不得进入运行语料。	计划被打断并不等于整天报废，剩余部分仍然可以重新安排。	false
review_64417_4bef24697b7c	64417	EmotionalSupport	啊推，你现在烦得不想说话我也能理解，慢一点也没关系。	future_context_signal	句子断言了当前无法可靠获得的用户状态。	人工确认后改写；默认不得进入运行语料。	计划被打断并不等于整天报废，剩余部分仍然可以重新安排。	false
review_64418_b62b6f6577a7	64418	EmotionalSupport	啊推，你现在烦得不想说话我也能理解，我又不会笑你。	future_context_signal	句子断言了当前无法可靠获得的用户状态。	人工确认后改写；默认不得进入运行语料。	计划被打断并不等于整天报废，剩余部分仍然可以重新安排。	false
review_64419_033833cd26de	64419	EmotionalSupport	啊推，你现在烦得不想说话我也能理解，难受就说，别硬憋。	future_context_signal	句子断言了当前无法可靠获得的用户状态。	人工确认后改写；默认不得进入运行语料。	计划被打断并不等于整天报废，剩余部分仍然可以重新安排。	false
review_64420_225bb77146c9	64420	EmotionalSupport	啊推，你现在烦得不想说话我也能理解，今天已经够努力了。	future_context_signal	句子断言了当前无法可靠获得的用户状态。	人工确认后改写；默认不得进入运行语料。	计划被打断并不等于整天报废，剩余部分仍然可以重新安排。	false
review_64421_9b4e16792184	64421	EmotionalSupport	啊推，你现在烦得不想说话我也能理解，休息好了再跟它较劲。	future_context_signal	句子断言了当前无法可靠获得的用户状态。	人工确认后改写；默认不得进入运行语料。	计划被打断并不等于整天报废，剩余部分仍然可以重新安排。	false
review_64422_6450d2732824	64422	EmotionalSupport	啊推，你现在烦得不想说话我也能理解，我嘴上凶你，心里还是向着你的。	future_context_signal	句子断言了当前无法可靠获得的用户状态。	人工确认后改写；默认不得进入运行语料。	计划被打断并不等于整天报废，剩余部分仍然可以重新安排。	false
review_64423_8defd17b7257	64423	EmotionalSupport	啊推，你现在烦得不想说话我也能理解，喝口水再继续，好不好。	future_context_signal	句子断言了当前无法可靠获得的用户状态。	人工确认后改写；默认不得进入运行语料。	计划被打断并不等于整天报废，剩余部分仍然可以重新安排。	false
review_64424_c7a81d6b8172	64424	EmotionalSupport	啊推，你现在烦得不想说话我也能理解，你不需要每次都表现得很厉害。	future_context_signal	句子断言了当前无法可靠获得的用户状态。	人工确认后改写；默认不得进入运行语料。	计划被打断并不等于整天报废，剩余部分仍然可以重新安排。	false
review_64425_b94fcb89bc7b	64425	EmotionalSupport	啊推，你现在烦得不想说话我也能理解，反正我会陪你聊一会儿。	future_context_signal	句子断言了当前无法可靠获得的用户状态。	人工确认后改写；默认不得进入运行语料。	计划被打断并不等于整天报废，剩余部分仍然可以重新安排。	false
review_64426_cb9040bd1beb	64426	EmotionalSupport	啊推，你现在烦得不想说话我也能理解，先把肩膀放松一点。	future_context_signal	句子断言了当前无法可靠获得的用户状态。	人工确认后改写；默认不得进入运行语料。	计划被打断并不等于整天报废，剩余部分仍然可以重新安排。	false
review_64427_d2e706eada80	64427	EmotionalSupport	啊推，你现在烦得不想说话我也能理解，今天不完美也照样算数。	future_context_signal	句子断言了当前无法可靠获得的用户状态。	人工确认后改写；默认不得进入运行语料。	计划被打断并不等于整天报废，剩余部分仍然可以重新安排。	false
review_64428_1126a1c81a8a	64428	EmotionalSupport	啊推，你现在烦得不想说话我也能理解，等缓过来我们再想下一步。	future_context_signal	句子断言了当前无法可靠获得的用户状态。	人工确认后改写；默认不得进入运行语料。	计划被打断并不等于整天报废，剩余部分仍然可以重新安排。	false
review_64481_a4eedbff0497	64481	EmotionalSupport	啊推，你看起来没事不代表真的不需要安慰，先照顾好自己。	future_context_signal	句子断言了当前无法可靠获得的用户状态。	人工确认后改写；默认不得进入运行语料。	计划被打断并不等于整天报废，剩余部分仍然可以重新安排。	false
review_64482_b008bfb98488	64482	EmotionalSupport	啊推，你看起来没事不代表真的不需要安慰，慢一点也没关系。	future_context_signal	句子断言了当前无法可靠获得的用户状态。	人工确认后改写；默认不得进入运行语料。	计划被打断并不等于整天报废，剩余部分仍然可以重新安排。	false
review_64483_4833ed5c1409	64483	EmotionalSupport	啊推，你看起来没事不代表真的不需要安慰，我又不会笑你。	future_context_signal	句子断言了当前无法可靠获得的用户状态。	人工确认后改写；默认不得进入运行语料。	计划被打断并不等于整天报废，剩余部分仍然可以重新安排。	false
review_64484_68eff92628b6	64484	EmotionalSupport	啊推，你看起来没事不代表真的不需要安慰，难受就说，别硬憋。	future_context_signal	句子断言了当前无法可靠获得的用户状态。	人工确认后改写；默认不得进入运行语料。	计划被打断并不等于整天报废，剩余部分仍然可以重新安排。	false
review_64485_c536e298ab0a	64485	EmotionalSupport	啊推，你看起来没事不代表真的不需要安慰，今天已经够努力了。	future_context_signal	句子断言了当前无法可靠获得的用户状态。	人工确认后改写；默认不得进入运行语料。	计划被打断并不等于整天报废，剩余部分仍然可以重新安排。	false
review_64486_0def1e03505b	64486	EmotionalSupport	啊推，你看起来没事不代表真的不需要安慰，休息好了再跟它较劲。	future_context_signal	句子断言了当前无法可靠获得的用户状态。	人工确认后改写；默认不得进入运行语料。	计划被打断并不等于整天报废，剩余部分仍然可以重新安排。	false
review_64487_c913d40d4ef2	64487	EmotionalSupport	啊推，你看起来没事不代表真的不需要安慰，我嘴上凶你，心里还是向着你的。	future_context_signal	句子断言了当前无法可靠获得的用户状态。	人工确认后改写；默认不得进入运行语料。	计划被打断并不等于整天报废，剩余部分仍然可以重新安排。	false
review_64488_7f0a23fefc36	64488	EmotionalSupport	啊推，你看起来没事不代表真的不需要安慰，喝口水再继续，好不好。	future_context_signal	句子断言了当前无法可靠获得的用户状态。	人工确认后改写；默认不得进入运行语料。	计划被打断并不等于整天报废，剩余部分仍然可以重新安排。	false
review_64489_6099289e5eb2	64489	EmotionalSupport	啊推，你看起来没事不代表真的不需要安慰，你不需要每次都表现得很厉害。	future_context_signal	句子断言了当前无法可靠获得的用户状态。	人工确认后改写；默认不得进入运行语料。	计划被打断并不等于整天报废，剩余部分仍然可以重新安排。	false
review_64490_fc89b0bc1521	64490	EmotionalSupport	啊推，你看起来没事不代表真的不需要安慰，反正我会陪你聊一会儿。	future_context_signal	句子断言了当前无法可靠获得的用户状态。	人工确认后改写；默认不得进入运行语料。	计划被打断并不等于整天报废，剩余部分仍然可以重新安排。	false
review_64491_0c4121c37757	64491	EmotionalSupport	啊推，你看起来没事不代表真的不需要安慰，先把肩膀放松一点。	future_context_signal	句子断言了当前无法可靠获得的用户状态。	人工确认后改写；默认不得进入运行语料。	计划被打断并不等于整天报废，剩余部分仍然可以重新安排。	false
review_64492_2090a8ac2521	64492	EmotionalSupport	啊推，你看起来没事不代表真的不需要安慰，今天不完美也照样算数。	future_context_signal	句子断言了当前无法可靠获得的用户状态。	人工确认后改写；默认不得进入运行语料。	计划被打断并不等于整天报废，剩余部分仍然可以重新安排。	false
review_64493_6a2f771b5631	64493	EmotionalSupport	啊推，你看起来没事不代表真的不需要安慰，等缓过来我们再想下一步。	future_context_signal	句子断言了当前无法可靠获得的用户状态。	人工确认后改写；默认不得进入运行语料。	计划被打断并不等于整天报废，剩余部分仍然可以重新安排。	false
review_64585_34632455b50f	64585	EmotionalSupport	我丢，你已经撑很久了偶尔泄气很正常，先照顾好自己。	future_context_signal	句子断言了当前无法可靠获得的用户状态。	人工确认后改写；默认不得进入运行语料。	计划被打断并不等于整天报废，剩余部分仍然可以重新安排。	false
review_64586_42563e674f7d	64586	EmotionalSupport	我丢，你已经撑很久了偶尔泄气很正常，慢一点也没关系。	future_context_signal	句子断言了当前无法可靠获得的用户状态。	人工确认后改写；默认不得进入运行语料。	计划被打断并不等于整天报废，剩余部分仍然可以重新安排。	false
review_64587_2b5ef937a1d6	64587	EmotionalSupport	我丢，你已经撑很久了偶尔泄气很正常，我又不会笑你。	future_context_signal	句子断言了当前无法可靠获得的用户状态。	人工确认后改写；默认不得进入运行语料。	计划被打断并不等于整天报废，剩余部分仍然可以重新安排。	false
review_64588_4970a17862f6	64588	EmotionalSupport	我丢，你已经撑很久了偶尔泄气很正常，难受就说，别硬憋。	future_context_signal	句子断言了当前无法可靠获得的用户状态。	人工确认后改写；默认不得进入运行语料。	计划被打断并不等于整天报废，剩余部分仍然可以重新安排。	false
review_64589_5e2f10bdea71	64589	EmotionalSupport	我丢，你已经撑很久了偶尔泄气很正常，今天已经够努力了。	future_context_signal	句子断言了当前无法可靠获得的用户状态。	人工确认后改写；默认不得进入运行语料。	计划被打断并不等于整天报废，剩余部分仍然可以重新安排。	false
review_64590_95b6cce37588	64590	EmotionalSupport	我丢，你已经撑很久了偶尔泄气很正常，休息好了再跟它较劲。	future_context_signal	句子断言了当前无法可靠获得的用户状态。	人工确认后改写；默认不得进入运行语料。	计划被打断并不等于整天报废，剩余部分仍然可以重新安排。	false
review_64591_3072e2d9e39b	64591	EmotionalSupport	我丢，你已经撑很久了偶尔泄气很正常，我嘴上凶你，心里还是向着你的。	future_context_signal	句子断言了当前无法可靠获得的用户状态。	人工确认后改写；默认不得进入运行语料。	计划被打断并不等于整天报废，剩余部分仍然可以重新安排。	false
review_64592_fdb306282474	64592	EmotionalSupport	我丢，你已经撑很久了偶尔泄气很正常，喝口水再继续，好不好。	future_context_signal	句子断言了当前无法可靠获得的用户状态。	人工确认后改写；默认不得进入运行语料。	计划被打断并不等于整天报废，剩余部分仍然可以重新安排。	false
review_64593_c60ad88fbcbd	64593	EmotionalSupport	我丢，你已经撑很久了偶尔泄气很正常，你不需要每次都表现得很厉害。	future_context_signal	句子断言了当前无法可靠获得的用户状态。	人工确认后改写；默认不得进入运行语料。	计划被打断并不等于整天报废，剩余部分仍然可以重新安排。	false
review_64594_1232f4794363	64594	EmotionalSupport	我丢，你已经撑很久了偶尔泄气很正常，反正我会陪你聊一会儿。	future_context_signal	句子断言了当前无法可靠获得的用户状态。	人工确认后改写；默认不得进入运行语料。	计划被打断并不等于整天报废，剩余部分仍然可以重新安排。	false
review_64595_819f2e893fc8	64595	EmotionalSupport	我丢，你已经撑很久了偶尔泄气很正常，先把肩膀放松一点。	future_context_signal	句子断言了当前无法可靠获得的用户状态。	人工确认后改写；默认不得进入运行语料。	计划被打断并不等于整天报废，剩余部分仍然可以重新安排。	false
review_64596_21821bdc4d25	64596	EmotionalSupport	我丢，你已经撑很久了偶尔泄气很正常，今天不完美也照样算数。	future_context_signal	句子断言了当前无法可靠获得的用户状态。	人工确认后改写；默认不得进入运行语料。	计划被打断并不等于整天报废，剩余部分仍然可以重新安排。	false
review_64597_eb12e3872c16	64597	EmotionalSupport	我丢，你已经撑很久了偶尔泄气很正常，等缓过来我们再想下一步。	future_context_signal	句子断言了当前无法可靠获得的用户状态。	人工确认后改写；默认不得进入运行语料。	计划被打断并不等于整天报废，剩余部分仍然可以重新安排。	false
review_64611_17461598af62	64611	EmotionalSupport	我丢，你现在烦得不想说话我也能理解，先照顾好自己。	future_context_signal	句子断言了当前无法可靠获得的用户状态。	人工确认后改写；默认不得进入运行语料。	计划被打断并不等于整天报废，剩余部分仍然可以重新安排。	false
review_64612_33aea2d89ce0	64612	EmotionalSupport	我丢，你现在烦得不想说话我也能理解，慢一点也没关系。	future_context_signal	句子断言了当前无法可靠获得的用户状态。	人工确认后改写；默认不得进入运行语料。	计划被打断并不等于整天报废，剩余部分仍然可以重新安排。	false
review_64613_855e74fb895f	64613	EmotionalSupport	我丢，你现在烦得不想说话我也能理解，我又不会笑你。	future_context_signal	句子断言了当前无法可靠获得的用户状态。	人工确认后改写；默认不得进入运行语料。	计划被打断并不等于整天报废，剩余部分仍然可以重新安排。	false
review_64614_9a3043caf836	64614	EmotionalSupport	我丢，你现在烦得不想说话我也能理解，难受就说，别硬憋。	future_context_signal	句子断言了当前无法可靠获得的用户状态。	人工确认后改写；默认不得进入运行语料。	计划被打断并不等于整天报废，剩余部分仍然可以重新安排。	false
review_64615_080d699e0d90	64615	EmotionalSupport	我丢，你现在烦得不想说话我也能理解，今天已经够努力了。	future_context_signal	句子断言了当前无法可靠获得的用户状态。	人工确认后改写；默认不得进入运行语料。	计划被打断并不等于整天报废，剩余部分仍然可以重新安排。	false
review_64616_7e984efb9a85	64616	EmotionalSupport	我丢，你现在烦得不想说话我也能理解，休息好了再跟它较劲。	future_context_signal	句子断言了当前无法可靠获得的用户状态。	人工确认后改写；默认不得进入运行语料。	计划被打断并不等于整天报废，剩余部分仍然可以重新安排。	false
review_64617_d77753f746e3	64617	EmotionalSupport	我丢，你现在烦得不想说话我也能理解，我嘴上凶你，心里还是向着你的。	future_context_signal	句子断言了当前无法可靠获得的用户状态。	人工确认后改写；默认不得进入运行语料。	计划被打断并不等于整天报废，剩余部分仍然可以重新安排。	false
review_64618_e9b8b9d81175	64618	EmotionalSupport	我丢，你现在烦得不想说话我也能理解，喝口水再继续，好不好。	future_context_signal	句子断言了当前无法可靠获得的用户状态。	人工确认后改写；默认不得进入运行语料。	计划被打断并不等于整天报废，剩余部分仍然可以重新安排。	false
review_64619_05bb5cf0e5ff	64619	EmotionalSupport	我丢，你现在烦得不想说话我也能理解，你不需要每次都表现得很厉害。	future_context_signal	句子断言了当前无法可靠获得的用户状态。	人工确认后改写；默认不得进入运行语料。	计划被打断并不等于整天报废，剩余部分仍然可以重新安排。	false
review_64620_d1d2bda64fa3	64620	EmotionalSupport	我丢，你现在烦得不想说话我也能理解，反正我会陪你聊一会儿。	future_context_signal	句子断言了当前无法可靠获得的用户状态。	人工确认后改写；默认不得进入运行语料。	计划被打断并不等于整天报废，剩余部分仍然可以重新安排。	false
review_64621_0b57763214b6	64621	EmotionalSupport	我丢，你现在烦得不想说话我也能理解，先把肩膀放松一点。	future_context_signal	句子断言了当前无法可靠获得的用户状态。	人工确认后改写；默认不得进入运行语料。	计划被打断并不等于整天报废，剩余部分仍然可以重新安排。	false
review_64622_c29e2ead2b29	64622	EmotionalSupport	我丢，你现在烦得不想说话我也能理解，今天不完美也照样算数。	future_context_signal	句子断言了当前无法可靠获得的用户状态。	人工确认后改写；默认不得进入运行语料。	计划被打断并不等于整天报废，剩余部分仍然可以重新安排。	false
review_64623_35dbb8cabccb	64623	EmotionalSupport	我丢，你现在烦得不想说话我也能理解，等缓过来我们再想下一步。	future_context_signal	句子断言了当前无法可靠获得的用户状态。	人工确认后改写；默认不得进入运行语料。	计划被打断并不等于整天报废，剩余部分仍然可以重新安排。	false
review_64676_0896af031c5c	64676	EmotionalSupport	我丢，你看起来没事不代表真的不需要安慰，先照顾好自己。	future_context_signal	句子断言了当前无法可靠获得的用户状态。	人工确认后改写；默认不得进入运行语料。	计划被打断并不等于整天报废，剩余部分仍然可以重新安排。	false
review_64677_f6297a1bbce2	64677	EmotionalSupport	我丢，你看起来没事不代表真的不需要安慰，慢一点也没关系。	future_context_signal	句子断言了当前无法可靠获得的用户状态。	人工确认后改写；默认不得进入运行语料。	计划被打断并不等于整天报废，剩余部分仍然可以重新安排。	false
review_64678_75d357214f10	64678	EmotionalSupport	我丢，你看起来没事不代表真的不需要安慰，我又不会笑你。	future_context_signal	句子断言了当前无法可靠获得的用户状态。	人工确认后改写；默认不得进入运行语料。	计划被打断并不等于整天报废，剩余部分仍然可以重新安排。	false
review_64679_7b6e76d54d64	64679	EmotionalSupport	我丢，你看起来没事不代表真的不需要安慰，难受就说，别硬憋。	future_context_signal	句子断言了当前无法可靠获得的用户状态。	人工确认后改写；默认不得进入运行语料。	计划被打断并不等于整天报废，剩余部分仍然可以重新安排。	false
review_64680_52b9e9394480	64680	EmotionalSupport	我丢，你看起来没事不代表真的不需要安慰，今天已经够努力了。	future_context_signal	句子断言了当前无法可靠获得的用户状态。	人工确认后改写；默认不得进入运行语料。	计划被打断并不等于整天报废，剩余部分仍然可以重新安排。	false
review_64681_4fc4c3032308	64681	EmotionalSupport	我丢，你看起来没事不代表真的不需要安慰，休息好了再跟它较劲。	future_context_signal	句子断言了当前无法可靠获得的用户状态。	人工确认后改写；默认不得进入运行语料。	计划被打断并不等于整天报废，剩余部分仍然可以重新安排。	false
review_64682_d07567316350	64682	EmotionalSupport	我丢，你看起来没事不代表真的不需要安慰，我嘴上凶你，心里还是向着你的。	future_context_signal	句子断言了当前无法可靠获得的用户状态。	人工确认后改写；默认不得进入运行语料。	计划被打断并不等于整天报废，剩余部分仍然可以重新安排。	false
review_64683_251ba6b3496b	64683	EmotionalSupport	我丢，你看起来没事不代表真的不需要安慰，喝口水再继续，好不好。	future_context_signal	句子断言了当前无法可靠获得的用户状态。	人工确认后改写；默认不得进入运行语料。	计划被打断并不等于整天报废，剩余部分仍然可以重新安排。	false
review_64684_299ba85ed9ed	64684	EmotionalSupport	我丢，你看起来没事不代表真的不需要安慰，你不需要每次都表现得很厉害。	future_context_signal	句子断言了当前无法可靠获得的用户状态。	人工确认后改写；默认不得进入运行语料。	计划被打断并不等于整天报废，剩余部分仍然可以重新安排。	false
review_64685_f04b6ed990c9	64685	EmotionalSupport	我丢，你看起来没事不代表真的不需要安慰，反正我会陪你聊一会儿。	future_context_signal	句子断言了当前无法可靠获得的用户状态。	人工确认后改写；默认不得进入运行语料。	计划被打断并不等于整天报废，剩余部分仍然可以重新安排。	false
review_64686_6f9c273898d0	64686	EmotionalSupport	我丢，你看起来没事不代表真的不需要安慰，先把肩膀放松一点。	future_context_signal	句子断言了当前无法可靠获得的用户状态。	人工确认后改写；默认不得进入运行语料。	计划被打断并不等于整天报废，剩余部分仍然可以重新安排。	false
review_64687_81203e7c3253	64687	EmotionalSupport	我丢，你看起来没事不代表真的不需要安慰，今天不完美也照样算数。	future_context_signal	句子断言了当前无法可靠获得的用户状态。	人工确认后改写；默认不得进入运行语料。	计划被打断并不等于整天报废，剩余部分仍然可以重新安排。	false
review_64688_f7c93cb4ec47	64688	EmotionalSupport	我丢，你看起来没事不代表真的不需要安慰，等缓过来我们再想下一步。	future_context_signal	句子断言了当前无法可靠获得的用户状态。	人工确认后改写；默认不得进入运行语料。	计划被打断并不等于整天报废，剩余部分仍然可以重新安排。	false
review_64780_46e6b01ce409	64780	EmotionalSupport	听话，你已经撑很久了偶尔泄气很正常，先照顾好自己。	future_context_signal	句子断言了当前无法可靠获得的用户状态。	人工确认后改写；默认不得进入运行语料。	计划被打断并不等于整天报废，剩余部分仍然可以重新安排。	false
review_64781_4b35d5b27d75	64781	EmotionalSupport	听话，你已经撑很久了偶尔泄气很正常，慢一点也没关系。	future_context_signal	句子断言了当前无法可靠获得的用户状态。	人工确认后改写；默认不得进入运行语料。	计划被打断并不等于整天报废，剩余部分仍然可以重新安排。	false
review_64782_cb6613ee03e7	64782	EmotionalSupport	听话，你已经撑很久了偶尔泄气很正常，我又不会笑你。	future_context_signal	句子断言了当前无法可靠获得的用户状态。	人工确认后改写；默认不得进入运行语料。	计划被打断并不等于整天报废，剩余部分仍然可以重新安排。	false
review_64783_6ba637afa76c	64783	EmotionalSupport	听话，你已经撑很久了偶尔泄气很正常，难受就说，别硬憋。	future_context_signal	句子断言了当前无法可靠获得的用户状态。	人工确认后改写；默认不得进入运行语料。	计划被打断并不等于整天报废，剩余部分仍然可以重新安排。	false
review_64784_15c1c2068811	64784	EmotionalSupport	听话，你已经撑很久了偶尔泄气很正常，今天已经够努力了。	future_context_signal	句子断言了当前无法可靠获得的用户状态。	人工确认后改写；默认不得进入运行语料。	计划被打断并不等于整天报废，剩余部分仍然可以重新安排。	false
review_64785_0cfd1ada4d28	64785	EmotionalSupport	听话，你已经撑很久了偶尔泄气很正常，休息好了再跟它较劲。	future_context_signal	句子断言了当前无法可靠获得的用户状态。	人工确认后改写；默认不得进入运行语料。	计划被打断并不等于整天报废，剩余部分仍然可以重新安排。	false
review_64786_008eed21ce3e	64786	EmotionalSupport	听话，你已经撑很久了偶尔泄气很正常，我嘴上凶你，心里还是向着你的。	future_context_signal	句子断言了当前无法可靠获得的用户状态。	人工确认后改写；默认不得进入运行语料。	计划被打断并不等于整天报废，剩余部分仍然可以重新安排。	false
review_64787_8badf1ff8877	64787	EmotionalSupport	听话，你已经撑很久了偶尔泄气很正常，喝口水再继续，好不好。	future_context_signal	句子断言了当前无法可靠获得的用户状态。	人工确认后改写；默认不得进入运行语料。	计划被打断并不等于整天报废，剩余部分仍然可以重新安排。	false
review_64788_9937fd2cec11	64788	EmotionalSupport	听话，你已经撑很久了偶尔泄气很正常，你不需要每次都表现得很厉害。	future_context_signal	句子断言了当前无法可靠获得的用户状态。	人工确认后改写；默认不得进入运行语料。	计划被打断并不等于整天报废，剩余部分仍然可以重新安排。	false
review_64789_80bba00a1c2c	64789	EmotionalSupport	听话，你已经撑很久了偶尔泄气很正常，反正我会陪你聊一会儿。	future_context_signal	句子断言了当前无法可靠获得的用户状态。	人工确认后改写；默认不得进入运行语料。	计划被打断并不等于整天报废，剩余部分仍然可以重新安排。	false
review_64790_08116ec816e7	64790	EmotionalSupport	听话，你已经撑很久了偶尔泄气很正常，先把肩膀放松一点。	future_context_signal	句子断言了当前无法可靠获得的用户状态。	人工确认后改写；默认不得进入运行语料。	计划被打断并不等于整天报废，剩余部分仍然可以重新安排。	false
review_64791_222261dcbdf5	64791	EmotionalSupport	听话，你已经撑很久了偶尔泄气很正常，今天不完美也照样算数。	future_context_signal	句子断言了当前无法可靠获得的用户状态。	人工确认后改写；默认不得进入运行语料。	计划被打断并不等于整天报废，剩余部分仍然可以重新安排。	false
review_64792_9839c41b28f6	64792	EmotionalSupport	听话，你已经撑很久了偶尔泄气很正常，等缓过来我们再想下一步。	future_context_signal	句子断言了当前无法可靠获得的用户状态。	人工确认后改写；默认不得进入运行语料。	计划被打断并不等于整天报废，剩余部分仍然可以重新安排。	false
review_64806_4b67c8b45875	64806	EmotionalSupport	听话，你现在烦得不想说话我也能理解，先照顾好自己。	future_context_signal	句子断言了当前无法可靠获得的用户状态。	人工确认后改写；默认不得进入运行语料。	计划被打断并不等于整天报废，剩余部分仍然可以重新安排。	false
review_64807_50c86a5dc25b	64807	EmotionalSupport	听话，你现在烦得不想说话我也能理解，慢一点也没关系。	future_context_signal	句子断言了当前无法可靠获得的用户状态。	人工确认后改写；默认不得进入运行语料。	计划被打断并不等于整天报废，剩余部分仍然可以重新安排。	false
review_64808_0c723e95efaf	64808	EmotionalSupport	听话，你现在烦得不想说话我也能理解，我又不会笑你。	future_context_signal	句子断言了当前无法可靠获得的用户状态。	人工确认后改写；默认不得进入运行语料。	计划被打断并不等于整天报废，剩余部分仍然可以重新安排。	false
review_64809_4395f54d5b85	64809	EmotionalSupport	听话，你现在烦得不想说话我也能理解，难受就说，别硬憋。	future_context_signal	句子断言了当前无法可靠获得的用户状态。	人工确认后改写；默认不得进入运行语料。	计划被打断并不等于整天报废，剩余部分仍然可以重新安排。	false
review_64810_36aad29e0671	64810	EmotionalSupport	听话，你现在烦得不想说话我也能理解，今天已经够努力了。	future_context_signal	句子断言了当前无法可靠获得的用户状态。	人工确认后改写；默认不得进入运行语料。	计划被打断并不等于整天报废，剩余部分仍然可以重新安排。	false
review_64811_c4939d066aa8	64811	EmotionalSupport	听话，你现在烦得不想说话我也能理解，休息好了再跟它较劲。	future_context_signal	句子断言了当前无法可靠获得的用户状态。	人工确认后改写；默认不得进入运行语料。	计划被打断并不等于整天报废，剩余部分仍然可以重新安排。	false
review_64812_32a28dd12093	64812	EmotionalSupport	听话，你现在烦得不想说话我也能理解，我嘴上凶你，心里还是向着你的。	future_context_signal	句子断言了当前无法可靠获得的用户状态。	人工确认后改写；默认不得进入运行语料。	计划被打断并不等于整天报废，剩余部分仍然可以重新安排。	false
review_64813_eab9622df1ae	64813	EmotionalSupport	听话，你现在烦得不想说话我也能理解，喝口水再继续，好不好。	future_context_signal	句子断言了当前无法可靠获得的用户状态。	人工确认后改写；默认不得进入运行语料。	计划被打断并不等于整天报废，剩余部分仍然可以重新安排。	false
review_64814_b81131be0e86	64814	EmotionalSupport	听话，你现在烦得不想说话我也能理解，你不需要每次都表现得很厉害。	future_context_signal	句子断言了当前无法可靠获得的用户状态。	人工确认后改写；默认不得进入运行语料。	计划被打断并不等于整天报废，剩余部分仍然可以重新安排。	false
review_64815_fa50821c64a8	64815	EmotionalSupport	听话，你现在烦得不想说话我也能理解，反正我会陪你聊一会儿。	future_context_signal	句子断言了当前无法可靠获得的用户状态。	人工确认后改写；默认不得进入运行语料。	计划被打断并不等于整天报废，剩余部分仍然可以重新安排。	false
review_64816_f3f78da3dd90	64816	EmotionalSupport	听话，你现在烦得不想说话我也能理解，先把肩膀放松一点。	future_context_signal	句子断言了当前无法可靠获得的用户状态。	人工确认后改写；默认不得进入运行语料。	计划被打断并不等于整天报废，剩余部分仍然可以重新安排。	false
review_64817_20b063ed0dbf	64817	EmotionalSupport	听话，你现在烦得不想说话我也能理解，今天不完美也照样算数。	future_context_signal	句子断言了当前无法可靠获得的用户状态。	人工确认后改写；默认不得进入运行语料。	计划被打断并不等于整天报废，剩余部分仍然可以重新安排。	false
review_64818_44824994a309	64818	EmotionalSupport	听话，你现在烦得不想说话我也能理解，等缓过来我们再想下一步。	future_context_signal	句子断言了当前无法可靠获得的用户状态。	人工确认后改写；默认不得进入运行语料。	计划被打断并不等于整天报废，剩余部分仍然可以重新安排。	false
review_64871_4d6b122f5ede	64871	EmotionalSupport	听话，你看起来没事不代表真的不需要安慰，先照顾好自己。	future_context_signal	句子断言了当前无法可靠获得的用户状态。	人工确认后改写；默认不得进入运行语料。	计划被打断并不等于整天报废，剩余部分仍然可以重新安排。	false
review_64872_37e77e618dde	64872	EmotionalSupport	听话，你看起来没事不代表真的不需要安慰，慢一点也没关系。	future_context_signal	句子断言了当前无法可靠获得的用户状态。	人工确认后改写；默认不得进入运行语料。	计划被打断并不等于整天报废，剩余部分仍然可以重新安排。	false
review_64873_d6e2e889b3be	64873	EmotionalSupport	听话，你看起来没事不代表真的不需要安慰，我又不会笑你。	future_context_signal	句子断言了当前无法可靠获得的用户状态。	人工确认后改写；默认不得进入运行语料。	计划被打断并不等于整天报废，剩余部分仍然可以重新安排。	false
review_64874_cb5cce7c70cf	64874	EmotionalSupport	听话，你看起来没事不代表真的不需要安慰，难受就说，别硬憋。	future_context_signal	句子断言了当前无法可靠获得的用户状态。	人工确认后改写；默认不得进入运行语料。	计划被打断并不等于整天报废，剩余部分仍然可以重新安排。	false
review_64875_05ce2ff5da53	64875	EmotionalSupport	听话，你看起来没事不代表真的不需要安慰，今天已经够努力了。	future_context_signal	句子断言了当前无法可靠获得的用户状态。	人工确认后改写；默认不得进入运行语料。	计划被打断并不等于整天报废，剩余部分仍然可以重新安排。	false
review_64876_a8d1a574a548	64876	EmotionalSupport	听话，你看起来没事不代表真的不需要安慰，休息好了再跟它较劲。	future_context_signal	句子断言了当前无法可靠获得的用户状态。	人工确认后改写；默认不得进入运行语料。	计划被打断并不等于整天报废，剩余部分仍然可以重新安排。	false
review_64877_a14323d8b44b	64877	EmotionalSupport	听话，你看起来没事不代表真的不需要安慰，我嘴上凶你，心里还是向着你的。	future_context_signal	句子断言了当前无法可靠获得的用户状态。	人工确认后改写；默认不得进入运行语料。	计划被打断并不等于整天报废，剩余部分仍然可以重新安排。	false
review_64878_4f31dadec897	64878	EmotionalSupport	听话，你看起来没事不代表真的不需要安慰，喝口水再继续，好不好。	future_context_signal	句子断言了当前无法可靠获得的用户状态。	人工确认后改写；默认不得进入运行语料。	计划被打断并不等于整天报废，剩余部分仍然可以重新安排。	false
review_64879_d8f582ff3d06	64879	EmotionalSupport	听话，你看起来没事不代表真的不需要安慰，你不需要每次都表现得很厉害。	future_context_signal	句子断言了当前无法可靠获得的用户状态。	人工确认后改写；默认不得进入运行语料。	计划被打断并不等于整天报废，剩余部分仍然可以重新安排。	false
review_64880_b23e8e503831	64880	EmotionalSupport	听话，你看起来没事不代表真的不需要安慰，反正我会陪你聊一会儿。	future_context_signal	句子断言了当前无法可靠获得的用户状态。	人工确认后改写；默认不得进入运行语料。	计划被打断并不等于整天报废，剩余部分仍然可以重新安排。	false
review_64881_37aa380982bd	64881	EmotionalSupport	听话，你看起来没事不代表真的不需要安慰，先把肩膀放松一点。	future_context_signal	句子断言了当前无法可靠获得的用户状态。	人工确认后改写；默认不得进入运行语料。	计划被打断并不等于整天报废，剩余部分仍然可以重新安排。	false
review_64882_a083790fb216	64882	EmotionalSupport	听话，你看起来没事不代表真的不需要安慰，今天不完美也照样算数。	future_context_signal	句子断言了当前无法可靠获得的用户状态。	人工确认后改写；默认不得进入运行语料。	计划被打断并不等于整天报废，剩余部分仍然可以重新安排。	false
review_64883_79afd80c7a3d	64883	EmotionalSupport	听话，你看起来没事不代表真的不需要安慰，等缓过来我们再想下一步。	future_context_signal	句子断言了当前无法可靠获得的用户状态。	人工确认后改写；默认不得进入运行语料。	计划被打断并不等于整天报废，剩余部分仍然可以重新安排。	false
review_64975_c17ebe7def7c	64975	EmotionalSupport	先听我说，你已经撑很久了偶尔泄气很正常，先照顾好自己。	future_context_signal	句子断言了当前无法可靠获得的用户状态。	人工确认后改写；默认不得进入运行语料。	计划被打断并不等于整天报废，剩余部分仍然可以重新安排。	false
review_64976_e03b48128809	64976	EmotionalSupport	先听我说，你已经撑很久了偶尔泄气很正常，慢一点也没关系。	future_context_signal	句子断言了当前无法可靠获得的用户状态。	人工确认后改写；默认不得进入运行语料。	计划被打断并不等于整天报废，剩余部分仍然可以重新安排。	false
review_64977_12f535b78e7a	64977	EmotionalSupport	先听我说，你已经撑很久了偶尔泄气很正常，我又不会笑你。	future_context_signal	句子断言了当前无法可靠获得的用户状态。	人工确认后改写；默认不得进入运行语料。	计划被打断并不等于整天报废，剩余部分仍然可以重新安排。	false
review_64978_c0b9fa131c17	64978	EmotionalSupport	先听我说，你已经撑很久了偶尔泄气很正常，难受就说，别硬憋。	future_context_signal	句子断言了当前无法可靠获得的用户状态。	人工确认后改写；默认不得进入运行语料。	计划被打断并不等于整天报废，剩余部分仍然可以重新安排。	false
review_64979_fc57b82f8f4f	64979	EmotionalSupport	先听我说，你已经撑很久了偶尔泄气很正常，今天已经够努力了。	future_context_signal	句子断言了当前无法可靠获得的用户状态。	人工确认后改写；默认不得进入运行语料。	计划被打断并不等于整天报废，剩余部分仍然可以重新安排。	false
review_64980_30f7d7cb399c	64980	EmotionalSupport	先听我说，你已经撑很久了偶尔泄气很正常，休息好了再跟它较劲。	future_context_signal	句子断言了当前无法可靠获得的用户状态。	人工确认后改写；默认不得进入运行语料。	计划被打断并不等于整天报废，剩余部分仍然可以重新安排。	false
review_64981_dbfc2eaa9b2a	64981	EmotionalSupport	先听我说，你已经撑很久了偶尔泄气很正常，我嘴上凶你，心里还是向着你的。	future_context_signal	句子断言了当前无法可靠获得的用户状态。	人工确认后改写；默认不得进入运行语料。	计划被打断并不等于整天报废，剩余部分仍然可以重新安排。	false
review_64982_78ddf8ba8510	64982	EmotionalSupport	先听我说，你已经撑很久了偶尔泄气很正常，喝口水再继续，好不好。	future_context_signal	句子断言了当前无法可靠获得的用户状态。	人工确认后改写；默认不得进入运行语料。	计划被打断并不等于整天报废，剩余部分仍然可以重新安排。	false
review_64983_2492aadc81a0	64983	EmotionalSupport	先听我说，你已经撑很久了偶尔泄气很正常，你不需要每次都表现得很厉害。	future_context_signal	句子断言了当前无法可靠获得的用户状态。	人工确认后改写；默认不得进入运行语料。	计划被打断并不等于整天报废，剩余部分仍然可以重新安排。	false
review_64984_83940b6ee3c7	64984	EmotionalSupport	先听我说，你已经撑很久了偶尔泄气很正常，反正我会陪你聊一会儿。	future_context_signal	句子断言了当前无法可靠获得的用户状态。	人工确认后改写；默认不得进入运行语料。	计划被打断并不等于整天报废，剩余部分仍然可以重新安排。	false
review_64985_cc8b361a3dce	64985	EmotionalSupport	先听我说，你已经撑很久了偶尔泄气很正常，先把肩膀放松一点。	future_context_signal	句子断言了当前无法可靠获得的用户状态。	人工确认后改写；默认不得进入运行语料。	计划被打断并不等于整天报废，剩余部分仍然可以重新安排。	false
review_64986_fd9ca9f910f0	64986	EmotionalSupport	先听我说，你已经撑很久了偶尔泄气很正常，今天不完美也照样算数。	future_context_signal	句子断言了当前无法可靠获得的用户状态。	人工确认后改写；默认不得进入运行语料。	计划被打断并不等于整天报废，剩余部分仍然可以重新安排。	false
review_64987_56fece2464bd	64987	EmotionalSupport	先听我说，你已经撑很久了偶尔泄气很正常，等缓过来我们再想下一步。	future_context_signal	句子断言了当前无法可靠获得的用户状态。	人工确认后改写；默认不得进入运行语料。	计划被打断并不等于整天报废，剩余部分仍然可以重新安排。	false
review_65001_c8a40416b7a3	65001	EmotionalSupport	先听我说，你现在烦得不想说话我也能理解，先照顾好自己。	future_context_signal	句子断言了当前无法可靠获得的用户状态。	人工确认后改写；默认不得进入运行语料。	计划被打断并不等于整天报废，剩余部分仍然可以重新安排。	false
review_65002_f0da3fdd36f1	65002	EmotionalSupport	先听我说，你现在烦得不想说话我也能理解，慢一点也没关系。	future_context_signal	句子断言了当前无法可靠获得的用户状态。	人工确认后改写；默认不得进入运行语料。	计划被打断并不等于整天报废，剩余部分仍然可以重新安排。	false
review_65003_0c35addf5a68	65003	EmotionalSupport	先听我说，你现在烦得不想说话我也能理解，我又不会笑你。	future_context_signal	句子断言了当前无法可靠获得的用户状态。	人工确认后改写；默认不得进入运行语料。	计划被打断并不等于整天报废，剩余部分仍然可以重新安排。	false
review_65004_c43b75f741a9	65004	EmotionalSupport	先听我说，你现在烦得不想说话我也能理解，难受就说，别硬憋。	future_context_signal	句子断言了当前无法可靠获得的用户状态。	人工确认后改写；默认不得进入运行语料。	计划被打断并不等于整天报废，剩余部分仍然可以重新安排。	false
review_65005_a7f58528e295	65005	EmotionalSupport	先听我说，你现在烦得不想说话我也能理解，今天已经够努力了。	future_context_signal	句子断言了当前无法可靠获得的用户状态。	人工确认后改写；默认不得进入运行语料。	计划被打断并不等于整天报废，剩余部分仍然可以重新安排。	false
review_65006_453685b8ab4f	65006	EmotionalSupport	先听我说，你现在烦得不想说话我也能理解，休息好了再跟它较劲。	future_context_signal	句子断言了当前无法可靠获得的用户状态。	人工确认后改写；默认不得进入运行语料。	计划被打断并不等于整天报废，剩余部分仍然可以重新安排。	false
review_65007_041fba2c068a	65007	EmotionalSupport	先听我说，你现在烦得不想说话我也能理解，我嘴上凶你，心里还是向着你的。	future_context_signal	句子断言了当前无法可靠获得的用户状态。	人工确认后改写；默认不得进入运行语料。	计划被打断并不等于整天报废，剩余部分仍然可以重新安排。	false
review_65008_0ea918624b75	65008	EmotionalSupport	先听我说，你现在烦得不想说话我也能理解，喝口水再继续，好不好。	future_context_signal	句子断言了当前无法可靠获得的用户状态。	人工确认后改写；默认不得进入运行语料。	计划被打断并不等于整天报废，剩余部分仍然可以重新安排。	false
review_65009_617b7dbc2da8	65009	EmotionalSupport	先听我说，你现在烦得不想说话我也能理解，你不需要每次都表现得很厉害。	future_context_signal	句子断言了当前无法可靠获得的用户状态。	人工确认后改写；默认不得进入运行语料。	计划被打断并不等于整天报废，剩余部分仍然可以重新安排。	false
review_65010_8592481991bc	65010	EmotionalSupport	先听我说，你现在烦得不想说话我也能理解，反正我会陪你聊一会儿。	future_context_signal	句子断言了当前无法可靠获得的用户状态。	人工确认后改写；默认不得进入运行语料。	计划被打断并不等于整天报废，剩余部分仍然可以重新安排。	false
review_65011_7b0cf406330f	65011	EmotionalSupport	先听我说，你现在烦得不想说话我也能理解，先把肩膀放松一点。	future_context_signal	句子断言了当前无法可靠获得的用户状态。	人工确认后改写；默认不得进入运行语料。	计划被打断并不等于整天报废，剩余部分仍然可以重新安排。	false
review_65012_5ee663460139	65012	EmotionalSupport	先听我说，你现在烦得不想说话我也能理解，今天不完美也照样算数。	future_context_signal	句子断言了当前无法可靠获得的用户状态。	人工确认后改写；默认不得进入运行语料。	计划被打断并不等于整天报废，剩余部分仍然可以重新安排。	false
review_65013_570c4b9700ac	65013	EmotionalSupport	先听我说，你现在烦得不想说话我也能理解，等缓过来我们再想下一步。	future_context_signal	句子断言了当前无法可靠获得的用户状态。	人工确认后改写；默认不得进入运行语料。	计划被打断并不等于整天报废，剩余部分仍然可以重新安排。	false
review_65066_9941e1694b8f	65066	EmotionalSupport	先听我说，你看起来没事不代表真的不需要安慰，先照顾好自己。	future_context_signal	句子断言了当前无法可靠获得的用户状态。	人工确认后改写；默认不得进入运行语料。	计划被打断并不等于整天报废，剩余部分仍然可以重新安排。	false
review_65067_f7057fa0e135	65067	EmotionalSupport	先听我说，你看起来没事不代表真的不需要安慰，慢一点也没关系。	future_context_signal	句子断言了当前无法可靠获得的用户状态。	人工确认后改写；默认不得进入运行语料。	计划被打断并不等于整天报废，剩余部分仍然可以重新安排。	false
review_65068_404edca4356d	65068	EmotionalSupport	先听我说，你看起来没事不代表真的不需要安慰，我又不会笑你。	future_context_signal	句子断言了当前无法可靠获得的用户状态。	人工确认后改写；默认不得进入运行语料。	计划被打断并不等于整天报废，剩余部分仍然可以重新安排。	false
review_65069_4c4d62676086	65069	EmotionalSupport	先听我说，你看起来没事不代表真的不需要安慰，难受就说，别硬憋。	future_context_signal	句子断言了当前无法可靠获得的用户状态。	人工确认后改写；默认不得进入运行语料。	计划被打断并不等于整天报废，剩余部分仍然可以重新安排。	false
review_65070_74a1afda19f6	65070	EmotionalSupport	先听我说，你看起来没事不代表真的不需要安慰，今天已经够努力了。	future_context_signal	句子断言了当前无法可靠获得的用户状态。	人工确认后改写；默认不得进入运行语料。	计划被打断并不等于整天报废，剩余部分仍然可以重新安排。	false
review_65071_0915dda87f48	65071	EmotionalSupport	先听我说，你看起来没事不代表真的不需要安慰，休息好了再跟它较劲。	future_context_signal	句子断言了当前无法可靠获得的用户状态。	人工确认后改写；默认不得进入运行语料。	计划被打断并不等于整天报废，剩余部分仍然可以重新安排。	false
review_65072_7ceb91c0798a	65072	EmotionalSupport	先听我说，你看起来没事不代表真的不需要安慰，我嘴上凶你，心里还是向着你的。	future_context_signal	句子断言了当前无法可靠获得的用户状态。	人工确认后改写；默认不得进入运行语料。	计划被打断并不等于整天报废，剩余部分仍然可以重新安排。	false
review_65073_6fec09dd6497	65073	EmotionalSupport	先听我说，你看起来没事不代表真的不需要安慰，喝口水再继续，好不好。	future_context_signal	句子断言了当前无法可靠获得的用户状态。	人工确认后改写；默认不得进入运行语料。	计划被打断并不等于整天报废，剩余部分仍然可以重新安排。	false
review_65074_1203ce269245	65074	EmotionalSupport	先听我说，你看起来没事不代表真的不需要安慰，你不需要每次都表现得很厉害。	future_context_signal	句子断言了当前无法可靠获得的用户状态。	人工确认后改写；默认不得进入运行语料。	计划被打断并不等于整天报废，剩余部分仍然可以重新安排。	false
review_65075_6ab47f479130	65075	EmotionalSupport	先听我说，你看起来没事不代表真的不需要安慰，反正我会陪你聊一会儿。	future_context_signal	句子断言了当前无法可靠获得的用户状态。	人工确认后改写；默认不得进入运行语料。	计划被打断并不等于整天报废，剩余部分仍然可以重新安排。	false
review_65076_7f33567563f0	65076	EmotionalSupport	先听我说，你看起来没事不代表真的不需要安慰，先把肩膀放松一点。	future_context_signal	句子断言了当前无法可靠获得的用户状态。	人工确认后改写；默认不得进入运行语料。	计划被打断并不等于整天报废，剩余部分仍然可以重新安排。	false
review_65077_5a50c2a90af9	65077	EmotionalSupport	先听我说，你看起来没事不代表真的不需要安慰，今天不完美也照样算数。	future_context_signal	句子断言了当前无法可靠获得的用户状态。	人工确认后改写；默认不得进入运行语料。	计划被打断并不等于整天报废，剩余部分仍然可以重新安排。	false
review_65078_719a148b85cb	65078	EmotionalSupport	先听我说，你看起来没事不代表真的不需要安慰，等缓过来我们再想下一步。	future_context_signal	句子断言了当前无法可靠获得的用户状态。	人工确认后改写；默认不得进入运行语料。	计划被打断并不等于整天报废，剩余部分仍然可以重新安排。	false
review_65170_20d58cfdc307	65170	EmotionalSupport	我提醒你一下，你已经撑很久了偶尔泄气很正常，先照顾好自己。	future_context_signal	句子断言了当前无法可靠获得的用户状态。	人工确认后改写；默认不得进入运行语料。	计划被打断并不等于整天报废，剩余部分仍然可以重新安排。	false
review_65171_a8e19a008603	65171	EmotionalSupport	我提醒你一下，你已经撑很久了偶尔泄气很正常，慢一点也没关系。	future_context_signal	句子断言了当前无法可靠获得的用户状态。	人工确认后改写；默认不得进入运行语料。	计划被打断并不等于整天报废，剩余部分仍然可以重新安排。	false
review_65172_46251bb4ec71	65172	EmotionalSupport	我提醒你一下，你已经撑很久了偶尔泄气很正常，我又不会笑你。	future_context_signal	句子断言了当前无法可靠获得的用户状态。	人工确认后改写；默认不得进入运行语料。	计划被打断并不等于整天报废，剩余部分仍然可以重新安排。	false
review_65173_16b8be95e6d3	65173	EmotionalSupport	我提醒你一下，你已经撑很久了偶尔泄气很正常，难受就说，别硬憋。	future_context_signal	句子断言了当前无法可靠获得的用户状态。	人工确认后改写；默认不得进入运行语料。	计划被打断并不等于整天报废，剩余部分仍然可以重新安排。	false
review_65174_a1ab3710ec97	65174	EmotionalSupport	我提醒你一下，你已经撑很久了偶尔泄气很正常，今天已经够努力了。	future_context_signal	句子断言了当前无法可靠获得的用户状态。	人工确认后改写；默认不得进入运行语料。	计划被打断并不等于整天报废，剩余部分仍然可以重新安排。	false
review_65175_881ce0982dda	65175	EmotionalSupport	我提醒你一下，你已经撑很久了偶尔泄气很正常，休息好了再跟它较劲。	future_context_signal	句子断言了当前无法可靠获得的用户状态。	人工确认后改写；默认不得进入运行语料。	计划被打断并不等于整天报废，剩余部分仍然可以重新安排。	false
review_65176_700a1903ce98	65176	EmotionalSupport	我提醒你一下，你已经撑很久了偶尔泄气很正常，我嘴上凶你，心里还是向着你的。	future_context_signal	句子断言了当前无法可靠获得的用户状态。	人工确认后改写；默认不得进入运行语料。	计划被打断并不等于整天报废，剩余部分仍然可以重新安排。	false
review_65177_cdb24acebda4	65177	EmotionalSupport	我提醒你一下，你已经撑很久了偶尔泄气很正常，喝口水再继续，好不好。	future_context_signal	句子断言了当前无法可靠获得的用户状态。	人工确认后改写；默认不得进入运行语料。	计划被打断并不等于整天报废，剩余部分仍然可以重新安排。	false
review_65178_5b87623d9df8	65178	EmotionalSupport	我提醒你一下，你已经撑很久了偶尔泄气很正常，你不需要每次都表现得很厉害。	future_context_signal	句子断言了当前无法可靠获得的用户状态。	人工确认后改写；默认不得进入运行语料。	计划被打断并不等于整天报废，剩余部分仍然可以重新安排。	false
review_65179_1a9ede6f26fc	65179	EmotionalSupport	我提醒你一下，你已经撑很久了偶尔泄气很正常，反正我会陪你聊一会儿。	future_context_signal	句子断言了当前无法可靠获得的用户状态。	人工确认后改写；默认不得进入运行语料。	计划被打断并不等于整天报废，剩余部分仍然可以重新安排。	false
review_65180_7d155e0ca29c	65180	EmotionalSupport	我提醒你一下，你已经撑很久了偶尔泄气很正常，先把肩膀放松一点。	future_context_signal	句子断言了当前无法可靠获得的用户状态。	人工确认后改写；默认不得进入运行语料。	计划被打断并不等于整天报废，剩余部分仍然可以重新安排。	false
review_65181_064ef94da331	65181	EmotionalSupport	我提醒你一下，你已经撑很久了偶尔泄气很正常，今天不完美也照样算数。	future_context_signal	句子断言了当前无法可靠获得的用户状态。	人工确认后改写；默认不得进入运行语料。	计划被打断并不等于整天报废，剩余部分仍然可以重新安排。	false
review_65182_428c28b21ef4	65182	EmotionalSupport	我提醒你一下，你已经撑很久了偶尔泄气很正常，等缓过来我们再想下一步。	future_context_signal	句子断言了当前无法可靠获得的用户状态。	人工确认后改写；默认不得进入运行语料。	计划被打断并不等于整天报废，剩余部分仍然可以重新安排。	false
review_65196_4d0e385a5ed6	65196	EmotionalSupport	我提醒你一下，你现在烦得不想说话我也能理解，先照顾好自己。	future_context_signal	句子断言了当前无法可靠获得的用户状态。	人工确认后改写；默认不得进入运行语料。	计划被打断并不等于整天报废，剩余部分仍然可以重新安排。	false
review_65197_763f20896411	65197	EmotionalSupport	我提醒你一下，你现在烦得不想说话我也能理解，慢一点也没关系。	future_context_signal	句子断言了当前无法可靠获得的用户状态。	人工确认后改写；默认不得进入运行语料。	计划被打断并不等于整天报废，剩余部分仍然可以重新安排。	false
review_65198_d6fca65303ff	65198	EmotionalSupport	我提醒你一下，你现在烦得不想说话我也能理解，我又不会笑你。	future_context_signal	句子断言了当前无法可靠获得的用户状态。	人工确认后改写；默认不得进入运行语料。	计划被打断并不等于整天报废，剩余部分仍然可以重新安排。	false
review_65199_0ca0bc0a71d6	65199	EmotionalSupport	我提醒你一下，你现在烦得不想说话我也能理解，难受就说，别硬憋。	future_context_signal	句子断言了当前无法可靠获得的用户状态。	人工确认后改写；默认不得进入运行语料。	计划被打断并不等于整天报废，剩余部分仍然可以重新安排。	false
review_65200_f46d61fb7b06	65200	EmotionalSupport	我提醒你一下，你现在烦得不想说话我也能理解，今天已经够努力了。	future_context_signal	句子断言了当前无法可靠获得的用户状态。	人工确认后改写；默认不得进入运行语料。	计划被打断并不等于整天报废，剩余部分仍然可以重新安排。	false
review_65201_48e4b5b5e8e0	65201	EmotionalSupport	我提醒你一下，你现在烦得不想说话我也能理解，休息好了再跟它较劲。	future_context_signal	句子断言了当前无法可靠获得的用户状态。	人工确认后改写；默认不得进入运行语料。	计划被打断并不等于整天报废，剩余部分仍然可以重新安排。	false
review_65202_5bc6d91e2809	65202	EmotionalSupport	我提醒你一下，你现在烦得不想说话我也能理解，我嘴上凶你，心里还是向着你的。	future_context_signal	句子断言了当前无法可靠获得的用户状态。	人工确认后改写；默认不得进入运行语料。	计划被打断并不等于整天报废，剩余部分仍然可以重新安排。	false
review_65203_c42ef37a5454	65203	EmotionalSupport	我提醒你一下，你现在烦得不想说话我也能理解，喝口水再继续，好不好。	future_context_signal	句子断言了当前无法可靠获得的用户状态。	人工确认后改写；默认不得进入运行语料。	计划被打断并不等于整天报废，剩余部分仍然可以重新安排。	false
review_65204_03b2d0215cca	65204	EmotionalSupport	我提醒你一下，你现在烦得不想说话我也能理解，你不需要每次都表现得很厉害。	future_context_signal	句子断言了当前无法可靠获得的用户状态。	人工确认后改写；默认不得进入运行语料。	计划被打断并不等于整天报废，剩余部分仍然可以重新安排。	false
review_65205_3219fd52a715	65205	EmotionalSupport	我提醒你一下，你现在烦得不想说话我也能理解，反正我会陪你聊一会儿。	future_context_signal	句子断言了当前无法可靠获得的用户状态。	人工确认后改写；默认不得进入运行语料。	计划被打断并不等于整天报废，剩余部分仍然可以重新安排。	false
review_65206_decfdcf4ad15	65206	EmotionalSupport	我提醒你一下，你现在烦得不想说话我也能理解，先把肩膀放松一点。	future_context_signal	句子断言了当前无法可靠获得的用户状态。	人工确认后改写；默认不得进入运行语料。	计划被打断并不等于整天报废，剩余部分仍然可以重新安排。	false
review_65207_1af49860d1df	65207	EmotionalSupport	我提醒你一下，你现在烦得不想说话我也能理解，今天不完美也照样算数。	future_context_signal	句子断言了当前无法可靠获得的用户状态。	人工确认后改写；默认不得进入运行语料。	计划被打断并不等于整天报废，剩余部分仍然可以重新安排。	false
review_65208_9264cd685a0b	65208	EmotionalSupport	我提醒你一下，你现在烦得不想说话我也能理解，等缓过来我们再想下一步。	future_context_signal	句子断言了当前无法可靠获得的用户状态。	人工确认后改写；默认不得进入运行语料。	计划被打断并不等于整天报废，剩余部分仍然可以重新安排。	false
review_65261_39c665ce392a	65261	EmotionalSupport	我提醒你一下，你看起来没事不代表真的不需要安慰，先照顾好自己。	future_context_signal	句子断言了当前无法可靠获得的用户状态。	人工确认后改写；默认不得进入运行语料。	计划被打断并不等于整天报废，剩余部分仍然可以重新安排。	false
review_65262_326534cdf97f	65262	EmotionalSupport	我提醒你一下，你看起来没事不代表真的不需要安慰，慢一点也没关系。	future_context_signal	句子断言了当前无法可靠获得的用户状态。	人工确认后改写；默认不得进入运行语料。	计划被打断并不等于整天报废，剩余部分仍然可以重新安排。	false
review_65263_e723a611d9ee	65263	EmotionalSupport	我提醒你一下，你看起来没事不代表真的不需要安慰，我又不会笑你。	future_context_signal	句子断言了当前无法可靠获得的用户状态。	人工确认后改写；默认不得进入运行语料。	计划被打断并不等于整天报废，剩余部分仍然可以重新安排。	false
review_65264_8144799fd30e	65264	EmotionalSupport	我提醒你一下，你看起来没事不代表真的不需要安慰，难受就说，别硬憋。	future_context_signal	句子断言了当前无法可靠获得的用户状态。	人工确认后改写；默认不得进入运行语料。	计划被打断并不等于整天报废，剩余部分仍然可以重新安排。	false
review_65265_8c27e2546d21	65265	EmotionalSupport	我提醒你一下，你看起来没事不代表真的不需要安慰，今天已经够努力了。	future_context_signal	句子断言了当前无法可靠获得的用户状态。	人工确认后改写；默认不得进入运行语料。	计划被打断并不等于整天报废，剩余部分仍然可以重新安排。	false
review_65266_ef7a102aa85c	65266	EmotionalSupport	我提醒你一下，你看起来没事不代表真的不需要安慰，休息好了再跟它较劲。	future_context_signal	句子断言了当前无法可靠获得的用户状态。	人工确认后改写；默认不得进入运行语料。	计划被打断并不等于整天报废，剩余部分仍然可以重新安排。	false
review_65267_dd65d42d33c4	65267	EmotionalSupport	我提醒你一下，你看起来没事不代表真的不需要安慰，我嘴上凶你，心里还是向着你的。	future_context_signal	句子断言了当前无法可靠获得的用户状态。	人工确认后改写；默认不得进入运行语料。	计划被打断并不等于整天报废，剩余部分仍然可以重新安排。	false
review_65268_67b80cc5244e	65268	EmotionalSupport	我提醒你一下，你看起来没事不代表真的不需要安慰，喝口水再继续，好不好。	future_context_signal	句子断言了当前无法可靠获得的用户状态。	人工确认后改写；默认不得进入运行语料。	计划被打断并不等于整天报废，剩余部分仍然可以重新安排。	false
review_65269_c606c47dfa61	65269	EmotionalSupport	我提醒你一下，你看起来没事不代表真的不需要安慰，你不需要每次都表现得很厉害。	future_context_signal	句子断言了当前无法可靠获得的用户状态。	人工确认后改写；默认不得进入运行语料。	计划被打断并不等于整天报废，剩余部分仍然可以重新安排。	false
review_65270_b54caa9c31a8	65270	EmotionalSupport	我提醒你一下，你看起来没事不代表真的不需要安慰，反正我会陪你聊一会儿。	future_context_signal	句子断言了当前无法可靠获得的用户状态。	人工确认后改写；默认不得进入运行语料。	计划被打断并不等于整天报废，剩余部分仍然可以重新安排。	false
review_65271_9492b48f896c	65271	EmotionalSupport	我提醒你一下，你看起来没事不代表真的不需要安慰，先把肩膀放松一点。	future_context_signal	句子断言了当前无法可靠获得的用户状态。	人工确认后改写；默认不得进入运行语料。	计划被打断并不等于整天报废，剩余部分仍然可以重新安排。	false
review_65272_97f0e254df27	65272	EmotionalSupport	我提醒你一下，你看起来没事不代表真的不需要安慰，今天不完美也照样算数。	future_context_signal	句子断言了当前无法可靠获得的用户状态。	人工确认后改写；默认不得进入运行语料。	计划被打断并不等于整天报废，剩余部分仍然可以重新安排。	false
review_65273_934607e61b50	65273	EmotionalSupport	我提醒你一下，你看起来没事不代表真的不需要安慰，等缓过来我们再想下一步。	future_context_signal	句子断言了当前无法可靠获得的用户状态。	人工确认后改写；默认不得进入运行语料。	计划被打断并不等于整天报废，剩余部分仍然可以重新安排。	false
review_65365_e00751f87031	65365	EmotionalSupport	这次听我的，你已经撑很久了偶尔泄气很正常，先照顾好自己。	future_context_signal	句子断言了当前无法可靠获得的用户状态。	人工确认后改写；默认不得进入运行语料。	计划被打断并不等于整天报废，剩余部分仍然可以重新安排。	false
review_65366_c2ecf37877e8	65366	EmotionalSupport	这次听我的，你已经撑很久了偶尔泄气很正常，慢一点也没关系。	future_context_signal	句子断言了当前无法可靠获得的用户状态。	人工确认后改写；默认不得进入运行语料。	计划被打断并不等于整天报废，剩余部分仍然可以重新安排。	false
review_65367_b7c0cf41ee7b	65367	EmotionalSupport	这次听我的，你已经撑很久了偶尔泄气很正常，我又不会笑你。	future_context_signal	句子断言了当前无法可靠获得的用户状态。	人工确认后改写；默认不得进入运行语料。	计划被打断并不等于整天报废，剩余部分仍然可以重新安排。	false
review_65368_4a9625667512	65368	EmotionalSupport	这次听我的，你已经撑很久了偶尔泄气很正常，难受就说，别硬憋。	future_context_signal	句子断言了当前无法可靠获得的用户状态。	人工确认后改写；默认不得进入运行语料。	计划被打断并不等于整天报废，剩余部分仍然可以重新安排。	false
review_65369_24a7e2c75ebe	65369	EmotionalSupport	这次听我的，你已经撑很久了偶尔泄气很正常，今天已经够努力了。	future_context_signal	句子断言了当前无法可靠获得的用户状态。	人工确认后改写；默认不得进入运行语料。	计划被打断并不等于整天报废，剩余部分仍然可以重新安排。	false
review_65370_211ba3ade057	65370	EmotionalSupport	这次听我的，你已经撑很久了偶尔泄气很正常，休息好了再跟它较劲。	future_context_signal	句子断言了当前无法可靠获得的用户状态。	人工确认后改写；默认不得进入运行语料。	计划被打断并不等于整天报废，剩余部分仍然可以重新安排。	false
review_65371_a61301397f03	65371	EmotionalSupport	这次听我的，你已经撑很久了偶尔泄气很正常，我嘴上凶你，心里还是向着你的。	future_context_signal	句子断言了当前无法可靠获得的用户状态。	人工确认后改写；默认不得进入运行语料。	计划被打断并不等于整天报废，剩余部分仍然可以重新安排。	false
review_65372_f4506055d4b4	65372	EmotionalSupport	这次听我的，你已经撑很久了偶尔泄气很正常，喝口水再继续，好不好。	future_context_signal	句子断言了当前无法可靠获得的用户状态。	人工确认后改写；默认不得进入运行语料。	计划被打断并不等于整天报废，剩余部分仍然可以重新安排。	false
review_65373_40665ad4ebe4	65373	EmotionalSupport	这次听我的，你已经撑很久了偶尔泄气很正常，你不需要每次都表现得很厉害。	future_context_signal	句子断言了当前无法可靠获得的用户状态。	人工确认后改写；默认不得进入运行语料。	计划被打断并不等于整天报废，剩余部分仍然可以重新安排。	false
review_65374_54e00d90c457	65374	EmotionalSupport	这次听我的，你已经撑很久了偶尔泄气很正常，反正我会陪你聊一会儿。	future_context_signal	句子断言了当前无法可靠获得的用户状态。	人工确认后改写；默认不得进入运行语料。	计划被打断并不等于整天报废，剩余部分仍然可以重新安排。	false
review_65375_3e2854109356	65375	EmotionalSupport	这次听我的，你已经撑很久了偶尔泄气很正常，先把肩膀放松一点。	future_context_signal	句子断言了当前无法可靠获得的用户状态。	人工确认后改写；默认不得进入运行语料。	计划被打断并不等于整天报废，剩余部分仍然可以重新安排。	false
review_65376_ad2d3f597e19	65376	EmotionalSupport	这次听我的，你已经撑很久了偶尔泄气很正常，今天不完美也照样算数。	future_context_signal	句子断言了当前无法可靠获得的用户状态。	人工确认后改写；默认不得进入运行语料。	计划被打断并不等于整天报废，剩余部分仍然可以重新安排。	false
review_65377_65362267ed64	65377	EmotionalSupport	这次听我的，你已经撑很久了偶尔泄气很正常，等缓过来我们再想下一步。	future_context_signal	句子断言了当前无法可靠获得的用户状态。	人工确认后改写；默认不得进入运行语料。	计划被打断并不等于整天报废，剩余部分仍然可以重新安排。	false
review_65391_1f30a1ad5367	65391	EmotionalSupport	这次听我的，你现在烦得不想说话我也能理解，先照顾好自己。	future_context_signal	句子断言了当前无法可靠获得的用户状态。	人工确认后改写；默认不得进入运行语料。	计划被打断并不等于整天报废，剩余部分仍然可以重新安排。	false
review_65392_2b27af7cc6ae	65392	EmotionalSupport	这次听我的，你现在烦得不想说话我也能理解，慢一点也没关系。	future_context_signal	句子断言了当前无法可靠获得的用户状态。	人工确认后改写；默认不得进入运行语料。	计划被打断并不等于整天报废，剩余部分仍然可以重新安排。	false
review_65393_f6f0bc880367	65393	EmotionalSupport	这次听我的，你现在烦得不想说话我也能理解，我又不会笑你。	future_context_signal	句子断言了当前无法可靠获得的用户状态。	人工确认后改写；默认不得进入运行语料。	计划被打断并不等于整天报废，剩余部分仍然可以重新安排。	false
review_65394_ebda74f8312a	65394	EmotionalSupport	这次听我的，你现在烦得不想说话我也能理解，难受就说，别硬憋。	future_context_signal	句子断言了当前无法可靠获得的用户状态。	人工确认后改写；默认不得进入运行语料。	计划被打断并不等于整天报废，剩余部分仍然可以重新安排。	false
review_65395_2d98c943b791	65395	EmotionalSupport	这次听我的，你现在烦得不想说话我也能理解，今天已经够努力了。	future_context_signal	句子断言了当前无法可靠获得的用户状态。	人工确认后改写；默认不得进入运行语料。	计划被打断并不等于整天报废，剩余部分仍然可以重新安排。	false
review_65396_a110fd8ce662	65396	EmotionalSupport	这次听我的，你现在烦得不想说话我也能理解，休息好了再跟它较劲。	future_context_signal	句子断言了当前无法可靠获得的用户状态。	人工确认后改写；默认不得进入运行语料。	计划被打断并不等于整天报废，剩余部分仍然可以重新安排。	false
review_65397_d4a25f3ac425	65397	EmotionalSupport	这次听我的，你现在烦得不想说话我也能理解，我嘴上凶你，心里还是向着你的。	future_context_signal	句子断言了当前无法可靠获得的用户状态。	人工确认后改写；默认不得进入运行语料。	计划被打断并不等于整天报废，剩余部分仍然可以重新安排。	false
review_65398_541459e40fbc	65398	EmotionalSupport	这次听我的，你现在烦得不想说话我也能理解，喝口水再继续，好不好。	future_context_signal	句子断言了当前无法可靠获得的用户状态。	人工确认后改写；默认不得进入运行语料。	计划被打断并不等于整天报废，剩余部分仍然可以重新安排。	false
review_65399_bf3e6c702027	65399	EmotionalSupport	这次听我的，你现在烦得不想说话我也能理解，你不需要每次都表现得很厉害。	future_context_signal	句子断言了当前无法可靠获得的用户状态。	人工确认后改写；默认不得进入运行语料。	计划被打断并不等于整天报废，剩余部分仍然可以重新安排。	false
review_65400_934c00fec46a	65400	EmotionalSupport	这次听我的，你现在烦得不想说话我也能理解，反正我会陪你聊一会儿。	future_context_signal	句子断言了当前无法可靠获得的用户状态。	人工确认后改写；默认不得进入运行语料。	计划被打断并不等于整天报废，剩余部分仍然可以重新安排。	false
review_65401_b6dddbcca224	65401	EmotionalSupport	这次听我的，你现在烦得不想说话我也能理解，先把肩膀放松一点。	future_context_signal	句子断言了当前无法可靠获得的用户状态。	人工确认后改写；默认不得进入运行语料。	计划被打断并不等于整天报废，剩余部分仍然可以重新安排。	false
review_65402_c1d28ed8ccf1	65402	EmotionalSupport	这次听我的，你现在烦得不想说话我也能理解，今天不完美也照样算数。	future_context_signal	句子断言了当前无法可靠获得的用户状态。	人工确认后改写；默认不得进入运行语料。	计划被打断并不等于整天报废，剩余部分仍然可以重新安排。	false
review_65403_af7de0d3d8ae	65403	EmotionalSupport	这次听我的，你现在烦得不想说话我也能理解，等缓过来我们再想下一步。	future_context_signal	句子断言了当前无法可靠获得的用户状态。	人工确认后改写；默认不得进入运行语料。	计划被打断并不等于整天报废，剩余部分仍然可以重新安排。	false
review_65456_40c03ec57826	65456	EmotionalSupport	这次听我的，你看起来没事不代表真的不需要安慰，先照顾好自己。	future_context_signal	句子断言了当前无法可靠获得的用户状态。	人工确认后改写；默认不得进入运行语料。	计划被打断并不等于整天报废，剩余部分仍然可以重新安排。	false
review_65457_937a4ea2b0ae	65457	EmotionalSupport	这次听我的，你看起来没事不代表真的不需要安慰，慢一点也没关系。	future_context_signal	句子断言了当前无法可靠获得的用户状态。	人工确认后改写；默认不得进入运行语料。	计划被打断并不等于整天报废，剩余部分仍然可以重新安排。	false
review_65458_b1a7d1e7f693	65458	EmotionalSupport	这次听我的，你看起来没事不代表真的不需要安慰，我又不会笑你。	future_context_signal	句子断言了当前无法可靠获得的用户状态。	人工确认后改写；默认不得进入运行语料。	计划被打断并不等于整天报废，剩余部分仍然可以重新安排。	false
review_65459_5b6595f608b8	65459	EmotionalSupport	这次听我的，你看起来没事不代表真的不需要安慰，难受就说，别硬憋。	future_context_signal	句子断言了当前无法可靠获得的用户状态。	人工确认后改写；默认不得进入运行语料。	计划被打断并不等于整天报废，剩余部分仍然可以重新安排。	false
review_65460_813f923cadf5	65460	EmotionalSupport	这次听我的，你看起来没事不代表真的不需要安慰，今天已经够努力了。	future_context_signal	句子断言了当前无法可靠获得的用户状态。	人工确认后改写；默认不得进入运行语料。	计划被打断并不等于整天报废，剩余部分仍然可以重新安排。	false
review_65461_bd087edbf875	65461	EmotionalSupport	这次听我的，你看起来没事不代表真的不需要安慰，休息好了再跟它较劲。	future_context_signal	句子断言了当前无法可靠获得的用户状态。	人工确认后改写；默认不得进入运行语料。	计划被打断并不等于整天报废，剩余部分仍然可以重新安排。	false
review_65462_d6c8267ec493	65462	EmotionalSupport	这次听我的，你看起来没事不代表真的不需要安慰，我嘴上凶你，心里还是向着你的。	future_context_signal	句子断言了当前无法可靠获得的用户状态。	人工确认后改写；默认不得进入运行语料。	计划被打断并不等于整天报废，剩余部分仍然可以重新安排。	false
review_65463_18a276eb6749	65463	EmotionalSupport	这次听我的，你看起来没事不代表真的不需要安慰，喝口水再继续，好不好。	future_context_signal	句子断言了当前无法可靠获得的用户状态。	人工确认后改写；默认不得进入运行语料。	计划被打断并不等于整天报废，剩余部分仍然可以重新安排。	false
review_65464_b2a25601b480	65464	EmotionalSupport	这次听我的，你看起来没事不代表真的不需要安慰，你不需要每次都表现得很厉害。	future_context_signal	句子断言了当前无法可靠获得的用户状态。	人工确认后改写；默认不得进入运行语料。	计划被打断并不等于整天报废，剩余部分仍然可以重新安排。	false
review_65465_168c22cf8e82	65465	EmotionalSupport	这次听我的，你看起来没事不代表真的不需要安慰，反正我会陪你聊一会儿。	future_context_signal	句子断言了当前无法可靠获得的用户状态。	人工确认后改写；默认不得进入运行语料。	计划被打断并不等于整天报废，剩余部分仍然可以重新安排。	false
review_65466_fbc16c36f6fb	65466	EmotionalSupport	这次听我的，你看起来没事不代表真的不需要安慰，先把肩膀放松一点。	future_context_signal	句子断言了当前无法可靠获得的用户状态。	人工确认后改写；默认不得进入运行语料。	计划被打断并不等于整天报废，剩余部分仍然可以重新安排。	false
review_65467_01ec5c2e2eb6	65467	EmotionalSupport	这次听我的，你看起来没事不代表真的不需要安慰，今天不完美也照样算数。	future_context_signal	句子断言了当前无法可靠获得的用户状态。	人工确认后改写；默认不得进入运行语料。	计划被打断并不等于整天报废，剩余部分仍然可以重新安排。	false
review_65468_ab8cf71a0f4b	65468	EmotionalSupport	这次听我的，你看起来没事不代表真的不需要安慰，等缓过来我们再想下一步。	future_context_signal	句子断言了当前无法可靠获得的用户状态。	人工确认后改写；默认不得进入运行语料。	计划被打断并不等于整天报废，剩余部分仍然可以重新安排。	false
review_65560_03eed24cce55	65560	EmotionalSupport	先歇半分钟，你已经撑很久了偶尔泄气很正常，先照顾好自己。	future_context_signal	句子断言了当前无法可靠获得的用户状态。	人工确认后改写；默认不得进入运行语料。	计划被打断并不等于整天报废，剩余部分仍然可以重新安排。	false
review_65561_b08bfd4c5c52	65561	EmotionalSupport	先歇半分钟，你已经撑很久了偶尔泄气很正常，慢一点也没关系。	future_context_signal	句子断言了当前无法可靠获得的用户状态。	人工确认后改写；默认不得进入运行语料。	计划被打断并不等于整天报废，剩余部分仍然可以重新安排。	false
review_65562_6696388a5a0b	65562	EmotionalSupport	先歇半分钟，你已经撑很久了偶尔泄气很正常，我又不会笑你。	future_context_signal	句子断言了当前无法可靠获得的用户状态。	人工确认后改写；默认不得进入运行语料。	计划被打断并不等于整天报废，剩余部分仍然可以重新安排。	false
review_65563_9d714eb388cd	65563	EmotionalSupport	先歇半分钟，你已经撑很久了偶尔泄气很正常，难受就说，别硬憋。	future_context_signal	句子断言了当前无法可靠获得的用户状态。	人工确认后改写；默认不得进入运行语料。	计划被打断并不等于整天报废，剩余部分仍然可以重新安排。	false
review_65564_ea31e4890e70	65564	EmotionalSupport	先歇半分钟，你已经撑很久了偶尔泄气很正常，今天已经够努力了。	future_context_signal	句子断言了当前无法可靠获得的用户状态。	人工确认后改写；默认不得进入运行语料。	计划被打断并不等于整天报废，剩余部分仍然可以重新安排。	false
review_65565_eb5e56fc45b1	65565	EmotionalSupport	先歇半分钟，你已经撑很久了偶尔泄气很正常，休息好了再跟它较劲。	future_context_signal	句子断言了当前无法可靠获得的用户状态。	人工确认后改写；默认不得进入运行语料。	计划被打断并不等于整天报废，剩余部分仍然可以重新安排。	false
review_65566_acc7d7e570ac	65566	EmotionalSupport	先歇半分钟，你已经撑很久了偶尔泄气很正常，我嘴上凶你，心里还是向着你的。	future_context_signal	句子断言了当前无法可靠获得的用户状态。	人工确认后改写；默认不得进入运行语料。	计划被打断并不等于整天报废，剩余部分仍然可以重新安排。	false
review_65567_66355f97b4e2	65567	EmotionalSupport	先歇半分钟，你已经撑很久了偶尔泄气很正常，喝口水再继续，好不好。	future_context_signal	句子断言了当前无法可靠获得的用户状态。	人工确认后改写；默认不得进入运行语料。	计划被打断并不等于整天报废，剩余部分仍然可以重新安排。	false
review_65568_ebba1bdd5cb4	65568	EmotionalSupport	先歇半分钟，你已经撑很久了偶尔泄气很正常，你不需要每次都表现得很厉害。	future_context_signal	句子断言了当前无法可靠获得的用户状态。	人工确认后改写；默认不得进入运行语料。	计划被打断并不等于整天报废，剩余部分仍然可以重新安排。	false
review_65569_c57eb573e5ed	65569	EmotionalSupport	先歇半分钟，你已经撑很久了偶尔泄气很正常，反正我会陪你聊一会儿。	future_context_signal	句子断言了当前无法可靠获得的用户状态。	人工确认后改写；默认不得进入运行语料。	计划被打断并不等于整天报废，剩余部分仍然可以重新安排。	false
review_65570_399beefb7771	65570	EmotionalSupport	先歇半分钟，你已经撑很久了偶尔泄气很正常，先把肩膀放松一点。	future_context_signal	句子断言了当前无法可靠获得的用户状态。	人工确认后改写；默认不得进入运行语料。	计划被打断并不等于整天报废，剩余部分仍然可以重新安排。	false
review_65571_71f904b8fc3a	65571	EmotionalSupport	先歇半分钟，你已经撑很久了偶尔泄气很正常，今天不完美也照样算数。	future_context_signal	句子断言了当前无法可靠获得的用户状态。	人工确认后改写；默认不得进入运行语料。	计划被打断并不等于整天报废，剩余部分仍然可以重新安排。	false
review_65572_40567d64fd9b	65572	EmotionalSupport	先歇半分钟，你已经撑很久了偶尔泄气很正常，等缓过来我们再想下一步。	future_context_signal	句子断言了当前无法可靠获得的用户状态。	人工确认后改写；默认不得进入运行语料。	计划被打断并不等于整天报废，剩余部分仍然可以重新安排。	false
review_65586_ca475549e1eb	65586	EmotionalSupport	先歇半分钟，你现在烦得不想说话我也能理解，先照顾好自己。	future_context_signal	句子断言了当前无法可靠获得的用户状态。	人工确认后改写；默认不得进入运行语料。	计划被打断并不等于整天报废，剩余部分仍然可以重新安排。	false
review_65587_1da41ee221e9	65587	EmotionalSupport	先歇半分钟，你现在烦得不想说话我也能理解，慢一点也没关系。	future_context_signal	句子断言了当前无法可靠获得的用户状态。	人工确认后改写；默认不得进入运行语料。	计划被打断并不等于整天报废，剩余部分仍然可以重新安排。	false
review_65588_164886d3a4be	65588	EmotionalSupport	先歇半分钟，你现在烦得不想说话我也能理解，我又不会笑你。	future_context_signal	句子断言了当前无法可靠获得的用户状态。	人工确认后改写；默认不得进入运行语料。	计划被打断并不等于整天报废，剩余部分仍然可以重新安排。	false
review_65589_a69a37ee339f	65589	EmotionalSupport	先歇半分钟，你现在烦得不想说话我也能理解，难受就说，别硬憋。	future_context_signal	句子断言了当前无法可靠获得的用户状态。	人工确认后改写；默认不得进入运行语料。	计划被打断并不等于整天报废，剩余部分仍然可以重新安排。	false
review_65590_c537ad89b7d0	65590	EmotionalSupport	先歇半分钟，你现在烦得不想说话我也能理解，今天已经够努力了。	future_context_signal	句子断言了当前无法可靠获得的用户状态。	人工确认后改写；默认不得进入运行语料。	计划被打断并不等于整天报废，剩余部分仍然可以重新安排。	false
review_65591_3356c3ccc265	65591	EmotionalSupport	先歇半分钟，你现在烦得不想说话我也能理解，休息好了再跟它较劲。	future_context_signal	句子断言了当前无法可靠获得的用户状态。	人工确认后改写；默认不得进入运行语料。	计划被打断并不等于整天报废，剩余部分仍然可以重新安排。	false
review_65592_d0af5f512476	65592	EmotionalSupport	先歇半分钟，你现在烦得不想说话我也能理解，我嘴上凶你，心里还是向着你的。	future_context_signal	句子断言了当前无法可靠获得的用户状态。	人工确认后改写；默认不得进入运行语料。	计划被打断并不等于整天报废，剩余部分仍然可以重新安排。	false
review_65593_dba230efc4f3	65593	EmotionalSupport	先歇半分钟，你现在烦得不想说话我也能理解，喝口水再继续，好不好。	future_context_signal	句子断言了当前无法可靠获得的用户状态。	人工确认后改写；默认不得进入运行语料。	计划被打断并不等于整天报废，剩余部分仍然可以重新安排。	false
review_65594_20c7e13edf2e	65594	EmotionalSupport	先歇半分钟，你现在烦得不想说话我也能理解，你不需要每次都表现得很厉害。	future_context_signal	句子断言了当前无法可靠获得的用户状态。	人工确认后改写；默认不得进入运行语料。	计划被打断并不等于整天报废，剩余部分仍然可以重新安排。	false
review_65595_5d6b48ef1f07	65595	EmotionalSupport	先歇半分钟，你现在烦得不想说话我也能理解，反正我会陪你聊一会儿。	future_context_signal	句子断言了当前无法可靠获得的用户状态。	人工确认后改写；默认不得进入运行语料。	计划被打断并不等于整天报废，剩余部分仍然可以重新安排。	false
review_65596_aee272ea4db8	65596	EmotionalSupport	先歇半分钟，你现在烦得不想说话我也能理解，先把肩膀放松一点。	future_context_signal	句子断言了当前无法可靠获得的用户状态。	人工确认后改写；默认不得进入运行语料。	计划被打断并不等于整天报废，剩余部分仍然可以重新安排。	false
review_65597_b436bc9e12ee	65597	EmotionalSupport	先歇半分钟，你现在烦得不想说话我也能理解，今天不完美也照样算数。	future_context_signal	句子断言了当前无法可靠获得的用户状态。	人工确认后改写；默认不得进入运行语料。	计划被打断并不等于整天报废，剩余部分仍然可以重新安排。	false
review_65598_4c1ffc084814	65598	EmotionalSupport	先歇半分钟，你现在烦得不想说话我也能理解，等缓过来我们再想下一步。	future_context_signal	句子断言了当前无法可靠获得的用户状态。	人工确认后改写；默认不得进入运行语料。	计划被打断并不等于整天报废，剩余部分仍然可以重新安排。	false
review_65651_3381932a8c09	65651	EmotionalSupport	先歇半分钟，你看起来没事不代表真的不需要安慰，先照顾好自己。	future_context_signal	句子断言了当前无法可靠获得的用户状态。	人工确认后改写；默认不得进入运行语料。	计划被打断并不等于整天报废，剩余部分仍然可以重新安排。	false
review_65652_5b07df9b705f	65652	EmotionalSupport	先歇半分钟，你看起来没事不代表真的不需要安慰，慢一点也没关系。	future_context_signal	句子断言了当前无法可靠获得的用户状态。	人工确认后改写；默认不得进入运行语料。	计划被打断并不等于整天报废，剩余部分仍然可以重新安排。	false
review_65653_cc654d8696f5	65653	EmotionalSupport	先歇半分钟，你看起来没事不代表真的不需要安慰，我又不会笑你。	future_context_signal	句子断言了当前无法可靠获得的用户状态。	人工确认后改写；默认不得进入运行语料。	计划被打断并不等于整天报废，剩余部分仍然可以重新安排。	false
review_65654_e8f96a41ec6e	65654	EmotionalSupport	先歇半分钟，你看起来没事不代表真的不需要安慰，难受就说，别硬憋。	future_context_signal	句子断言了当前无法可靠获得的用户状态。	人工确认后改写；默认不得进入运行语料。	计划被打断并不等于整天报废，剩余部分仍然可以重新安排。	false
review_65655_3800e09d6961	65655	EmotionalSupport	先歇半分钟，你看起来没事不代表真的不需要安慰，今天已经够努力了。	future_context_signal	句子断言了当前无法可靠获得的用户状态。	人工确认后改写；默认不得进入运行语料。	计划被打断并不等于整天报废，剩余部分仍然可以重新安排。	false
review_65656_aa65889bcaea	65656	EmotionalSupport	先歇半分钟，你看起来没事不代表真的不需要安慰，休息好了再跟它较劲。	future_context_signal	句子断言了当前无法可靠获得的用户状态。	人工确认后改写；默认不得进入运行语料。	计划被打断并不等于整天报废，剩余部分仍然可以重新安排。	false
review_65657_7302686e8cf2	65657	EmotionalSupport	先歇半分钟，你看起来没事不代表真的不需要安慰，我嘴上凶你，心里还是向着你的。	future_context_signal	句子断言了当前无法可靠获得的用户状态。	人工确认后改写；默认不得进入运行语料。	计划被打断并不等于整天报废，剩余部分仍然可以重新安排。	false
review_65658_8f916b35ded6	65658	EmotionalSupport	先歇半分钟，你看起来没事不代表真的不需要安慰，喝口水再继续，好不好。	future_context_signal	句子断言了当前无法可靠获得的用户状态。	人工确认后改写；默认不得进入运行语料。	计划被打断并不等于整天报废，剩余部分仍然可以重新安排。	false
review_65659_a3003e6bb9d2	65659	EmotionalSupport	先歇半分钟，你看起来没事不代表真的不需要安慰，你不需要每次都表现得很厉害。	future_context_signal	句子断言了当前无法可靠获得的用户状态。	人工确认后改写；默认不得进入运行语料。	计划被打断并不等于整天报废，剩余部分仍然可以重新安排。	false
review_65660_bfa5fbb4c6f0	65660	EmotionalSupport	先歇半分钟，你看起来没事不代表真的不需要安慰，反正我会陪你聊一会儿。	future_context_signal	句子断言了当前无法可靠获得的用户状态。	人工确认后改写；默认不得进入运行语料。	计划被打断并不等于整天报废，剩余部分仍然可以重新安排。	false
review_65661_7601f97f4884	65661	EmotionalSupport	先歇半分钟，你看起来没事不代表真的不需要安慰，先把肩膀放松一点。	future_context_signal	句子断言了当前无法可靠获得的用户状态。	人工确认后改写；默认不得进入运行语料。	计划被打断并不等于整天报废，剩余部分仍然可以重新安排。	false
review_65662_be129ad26618	65662	EmotionalSupport	先歇半分钟，你看起来没事不代表真的不需要安慰，今天不完美也照样算数。	future_context_signal	句子断言了当前无法可靠获得的用户状态。	人工确认后改写；默认不得进入运行语料。	计划被打断并不等于整天报废，剩余部分仍然可以重新安排。	false
review_65663_880659a2eb63	65663	EmotionalSupport	先歇半分钟，你看起来没事不代表真的不需要安慰，等缓过来我们再想下一步。	future_context_signal	句子断言了当前无法可靠获得的用户状态。	人工确认后改写；默认不得进入运行语料。	计划被打断并不等于整天报废，剩余部分仍然可以重新安排。	false
review_65755_6a80d0d7b0ee	65755	EmotionalSupport	认真讲，你已经撑很久了偶尔泄气很正常，先照顾好自己。	future_context_signal	句子断言了当前无法可靠获得的用户状态。	人工确认后改写；默认不得进入运行语料。	计划被打断并不等于整天报废，剩余部分仍然可以重新安排。	false
review_65756_84b9a8528bfd	65756	EmotionalSupport	认真讲，你已经撑很久了偶尔泄气很正常，慢一点也没关系。	future_context_signal	句子断言了当前无法可靠获得的用户状态。	人工确认后改写；默认不得进入运行语料。	计划被打断并不等于整天报废，剩余部分仍然可以重新安排。	false
review_65757_ec9257781a70	65757	EmotionalSupport	认真讲，你已经撑很久了偶尔泄气很正常，我又不会笑你。	future_context_signal	句子断言了当前无法可靠获得的用户状态。	人工确认后改写；默认不得进入运行语料。	计划被打断并不等于整天报废，剩余部分仍然可以重新安排。	false
review_65758_c1610485aea7	65758	EmotionalSupport	认真讲，你已经撑很久了偶尔泄气很正常，难受就说，别硬憋。	future_context_signal	句子断言了当前无法可靠获得的用户状态。	人工确认后改写；默认不得进入运行语料。	计划被打断并不等于整天报废，剩余部分仍然可以重新安排。	false
review_65759_9f64d51d5980	65759	EmotionalSupport	认真讲，你已经撑很久了偶尔泄气很正常，今天已经够努力了。	future_context_signal	句子断言了当前无法可靠获得的用户状态。	人工确认后改写；默认不得进入运行语料。	计划被打断并不等于整天报废，剩余部分仍然可以重新安排。	false
review_65760_293496917e11	65760	EmotionalSupport	认真讲，你已经撑很久了偶尔泄气很正常，休息好了再跟它较劲。	future_context_signal	句子断言了当前无法可靠获得的用户状态。	人工确认后改写；默认不得进入运行语料。	计划被打断并不等于整天报废，剩余部分仍然可以重新安排。	false
review_65761_6fda359164a8	65761	EmotionalSupport	认真讲，你已经撑很久了偶尔泄气很正常，我嘴上凶你，心里还是向着你的。	future_context_signal	句子断言了当前无法可靠获得的用户状态。	人工确认后改写；默认不得进入运行语料。	计划被打断并不等于整天报废，剩余部分仍然可以重新安排。	false
review_65762_1316292661e9	65762	EmotionalSupport	认真讲，你已经撑很久了偶尔泄气很正常，喝口水再继续，好不好。	future_context_signal	句子断言了当前无法可靠获得的用户状态。	人工确认后改写；默认不得进入运行语料。	计划被打断并不等于整天报废，剩余部分仍然可以重新安排。	false
review_65763_f08579171746	65763	EmotionalSupport	认真讲，你已经撑很久了偶尔泄气很正常，你不需要每次都表现得很厉害。	future_context_signal	句子断言了当前无法可靠获得的用户状态。	人工确认后改写；默认不得进入运行语料。	计划被打断并不等于整天报废，剩余部分仍然可以重新安排。	false
review_65764_5842f9a7c729	65764	EmotionalSupport	认真讲，你已经撑很久了偶尔泄气很正常，反正我会陪你聊一会儿。	future_context_signal	句子断言了当前无法可靠获得的用户状态。	人工确认后改写；默认不得进入运行语料。	计划被打断并不等于整天报废，剩余部分仍然可以重新安排。	false
review_65765_86ee858f2e99	65765	EmotionalSupport	认真讲，你已经撑很久了偶尔泄气很正常，先把肩膀放松一点。	future_context_signal	句子断言了当前无法可靠获得的用户状态。	人工确认后改写；默认不得进入运行语料。	计划被打断并不等于整天报废，剩余部分仍然可以重新安排。	false
review_65766_b6d1e0321759	65766	EmotionalSupport	认真讲，你已经撑很久了偶尔泄气很正常，今天不完美也照样算数。	future_context_signal	句子断言了当前无法可靠获得的用户状态。	人工确认后改写；默认不得进入运行语料。	计划被打断并不等于整天报废，剩余部分仍然可以重新安排。	false
review_65767_c89db4b2114c	65767	EmotionalSupport	认真讲，你已经撑很久了偶尔泄气很正常，等缓过来我们再想下一步。	future_context_signal	句子断言了当前无法可靠获得的用户状态。	人工确认后改写；默认不得进入运行语料。	计划被打断并不等于整天报废，剩余部分仍然可以重新安排。	false
review_65781_5f74400c2fb9	65781	EmotionalSupport	认真讲，你现在烦得不想说话我也能理解，先照顾好自己。	future_context_signal	句子断言了当前无法可靠获得的用户状态。	人工确认后改写；默认不得进入运行语料。	计划被打断并不等于整天报废，剩余部分仍然可以重新安排。	false
review_65782_94a0e0c18114	65782	EmotionalSupport	认真讲，你现在烦得不想说话我也能理解，慢一点也没关系。	future_context_signal	句子断言了当前无法可靠获得的用户状态。	人工确认后改写；默认不得进入运行语料。	计划被打断并不等于整天报废，剩余部分仍然可以重新安排。	false
review_65783_a6bd5dce99f7	65783	EmotionalSupport	认真讲，你现在烦得不想说话我也能理解，我又不会笑你。	future_context_signal	句子断言了当前无法可靠获得的用户状态。	人工确认后改写；默认不得进入运行语料。	计划被打断并不等于整天报废，剩余部分仍然可以重新安排。	false
review_65784_5b758976efa0	65784	EmotionalSupport	认真讲，你现在烦得不想说话我也能理解，难受就说，别硬憋。	future_context_signal	句子断言了当前无法可靠获得的用户状态。	人工确认后改写；默认不得进入运行语料。	计划被打断并不等于整天报废，剩余部分仍然可以重新安排。	false
review_65785_6a0d380d5e00	65785	EmotionalSupport	认真讲，你现在烦得不想说话我也能理解，今天已经够努力了。	future_context_signal	句子断言了当前无法可靠获得的用户状态。	人工确认后改写；默认不得进入运行语料。	计划被打断并不等于整天报废，剩余部分仍然可以重新安排。	false
review_65786_841fa0e3af9b	65786	EmotionalSupport	认真讲，你现在烦得不想说话我也能理解，休息好了再跟它较劲。	future_context_signal	句子断言了当前无法可靠获得的用户状态。	人工确认后改写；默认不得进入运行语料。	计划被打断并不等于整天报废，剩余部分仍然可以重新安排。	false
review_65787_87f10546ba4a	65787	EmotionalSupport	认真讲，你现在烦得不想说话我也能理解，我嘴上凶你，心里还是向着你的。	future_context_signal	句子断言了当前无法可靠获得的用户状态。	人工确认后改写；默认不得进入运行语料。	计划被打断并不等于整天报废，剩余部分仍然可以重新安排。	false
review_65788_a9b797295596	65788	EmotionalSupport	认真讲，你现在烦得不想说话我也能理解，喝口水再继续，好不好。	future_context_signal	句子断言了当前无法可靠获得的用户状态。	人工确认后改写；默认不得进入运行语料。	计划被打断并不等于整天报废，剩余部分仍然可以重新安排。	false
review_65789_8c83d73f90b6	65789	EmotionalSupport	认真讲，你现在烦得不想说话我也能理解，你不需要每次都表现得很厉害。	future_context_signal	句子断言了当前无法可靠获得的用户状态。	人工确认后改写；默认不得进入运行语料。	计划被打断并不等于整天报废，剩余部分仍然可以重新安排。	false
review_65790_94815f220c94	65790	EmotionalSupport	认真讲，你现在烦得不想说话我也能理解，反正我会陪你聊一会儿。	future_context_signal	句子断言了当前无法可靠获得的用户状态。	人工确认后改写；默认不得进入运行语料。	计划被打断并不等于整天报废，剩余部分仍然可以重新安排。	false
review_65791_6795c0b4d4e2	65791	EmotionalSupport	认真讲，你现在烦得不想说话我也能理解，先把肩膀放松一点。	future_context_signal	句子断言了当前无法可靠获得的用户状态。	人工确认后改写；默认不得进入运行语料。	计划被打断并不等于整天报废，剩余部分仍然可以重新安排。	false
review_65792_02ea06adcc83	65792	EmotionalSupport	认真讲，你现在烦得不想说话我也能理解，今天不完美也照样算数。	future_context_signal	句子断言了当前无法可靠获得的用户状态。	人工确认后改写；默认不得进入运行语料。	计划被打断并不等于整天报废，剩余部分仍然可以重新安排。	false
review_65793_f871d73ce4ee	65793	EmotionalSupport	认真讲，你现在烦得不想说话我也能理解，等缓过来我们再想下一步。	future_context_signal	句子断言了当前无法可靠获得的用户状态。	人工确认后改写；默认不得进入运行语料。	计划被打断并不等于整天报废，剩余部分仍然可以重新安排。	false
review_65846_66143aef7bc7	65846	EmotionalSupport	认真讲，你看起来没事不代表真的不需要安慰，先照顾好自己。	future_context_signal	句子断言了当前无法可靠获得的用户状态。	人工确认后改写；默认不得进入运行语料。	计划被打断并不等于整天报废，剩余部分仍然可以重新安排。	false
review_65847_6f16a265732c	65847	EmotionalSupport	认真讲，你看起来没事不代表真的不需要安慰，慢一点也没关系。	future_context_signal	句子断言了当前无法可靠获得的用户状态。	人工确认后改写；默认不得进入运行语料。	计划被打断并不等于整天报废，剩余部分仍然可以重新安排。	false
review_65848_59ea011f1e09	65848	EmotionalSupport	认真讲，你看起来没事不代表真的不需要安慰，我又不会笑你。	future_context_signal	句子断言了当前无法可靠获得的用户状态。	人工确认后改写；默认不得进入运行语料。	计划被打断并不等于整天报废，剩余部分仍然可以重新安排。	false
review_65849_f4eae4b3e34e	65849	EmotionalSupport	认真讲，你看起来没事不代表真的不需要安慰，难受就说，别硬憋。	future_context_signal	句子断言了当前无法可靠获得的用户状态。	人工确认后改写；默认不得进入运行语料。	计划被打断并不等于整天报废，剩余部分仍然可以重新安排。	false
review_65850_f7a4ba10c5b3	65850	EmotionalSupport	认真讲，你看起来没事不代表真的不需要安慰，今天已经够努力了。	future_context_signal	句子断言了当前无法可靠获得的用户状态。	人工确认后改写；默认不得进入运行语料。	计划被打断并不等于整天报废，剩余部分仍然可以重新安排。	false
review_65851_b31cc125d3fe	65851	EmotionalSupport	认真讲，你看起来没事不代表真的不需要安慰，休息好了再跟它较劲。	future_context_signal	句子断言了当前无法可靠获得的用户状态。	人工确认后改写；默认不得进入运行语料。	计划被打断并不等于整天报废，剩余部分仍然可以重新安排。	false
review_65852_4e3f4095a64c	65852	EmotionalSupport	认真讲，你看起来没事不代表真的不需要安慰，我嘴上凶你，心里还是向着你的。	future_context_signal	句子断言了当前无法可靠获得的用户状态。	人工确认后改写；默认不得进入运行语料。	计划被打断并不等于整天报废，剩余部分仍然可以重新安排。	false
review_65853_de07db091d24	65853	EmotionalSupport	认真讲，你看起来没事不代表真的不需要安慰，喝口水再继续，好不好。	future_context_signal	句子断言了当前无法可靠获得的用户状态。	人工确认后改写；默认不得进入运行语料。	计划被打断并不等于整天报废，剩余部分仍然可以重新安排。	false
review_65854_e4736a026416	65854	EmotionalSupport	认真讲，你看起来没事不代表真的不需要安慰，你不需要每次都表现得很厉害。	future_context_signal	句子断言了当前无法可靠获得的用户状态。	人工确认后改写；默认不得进入运行语料。	计划被打断并不等于整天报废，剩余部分仍然可以重新安排。	false
review_65855_ebde54424783	65855	EmotionalSupport	认真讲，你看起来没事不代表真的不需要安慰，反正我会陪你聊一会儿。	future_context_signal	句子断言了当前无法可靠获得的用户状态。	人工确认后改写；默认不得进入运行语料。	计划被打断并不等于整天报废，剩余部分仍然可以重新安排。	false
review_65856_847f0c14f74b	65856	EmotionalSupport	认真讲，你看起来没事不代表真的不需要安慰，先把肩膀放松一点。	future_context_signal	句子断言了当前无法可靠获得的用户状态。	人工确认后改写；默认不得进入运行语料。	计划被打断并不等于整天报废，剩余部分仍然可以重新安排。	false
review_65857_6cbe28cbfe72	65857	EmotionalSupport	认真讲，你看起来没事不代表真的不需要安慰，今天不完美也照样算数。	future_context_signal	句子断言了当前无法可靠获得的用户状态。	人工确认后改写；默认不得进入运行语料。	计划被打断并不等于整天报废，剩余部分仍然可以重新安排。	false
review_65858_aafe4ab76b36	65858	EmotionalSupport	认真讲，你看起来没事不代表真的不需要安慰，等缓过来我们再想下一步。	future_context_signal	句子断言了当前无法可靠获得的用户状态。	人工确认后改写；默认不得进入运行语料。	计划被打断并不等于整天报废，剩余部分仍然可以重新安排。	false
review_65950_c494cff44167	65950	EmotionalSupport	我还是要说，你已经撑很久了偶尔泄气很正常，先照顾好自己。	future_context_signal	句子断言了当前无法可靠获得的用户状态。	人工确认后改写；默认不得进入运行语料。	计划被打断并不等于整天报废，剩余部分仍然可以重新安排。	false
review_65951_c1572edb5b97	65951	EmotionalSupport	我还是要说，你已经撑很久了偶尔泄气很正常，慢一点也没关系。	future_context_signal	句子断言了当前无法可靠获得的用户状态。	人工确认后改写；默认不得进入运行语料。	计划被打断并不等于整天报废，剩余部分仍然可以重新安排。	false
review_65952_2063ed9e9f36	65952	EmotionalSupport	我还是要说，你已经撑很久了偶尔泄气很正常，我又不会笑你。	future_context_signal	句子断言了当前无法可靠获得的用户状态。	人工确认后改写；默认不得进入运行语料。	计划被打断并不等于整天报废，剩余部分仍然可以重新安排。	false
review_65953_c5af1d433069	65953	EmotionalSupport	我还是要说，你已经撑很久了偶尔泄气很正常，难受就说，别硬憋。	future_context_signal	句子断言了当前无法可靠获得的用户状态。	人工确认后改写；默认不得进入运行语料。	计划被打断并不等于整天报废，剩余部分仍然可以重新安排。	false
review_65954_a62d074f5dff	65954	EmotionalSupport	我还是要说，你已经撑很久了偶尔泄气很正常，今天已经够努力了。	future_context_signal	句子断言了当前无法可靠获得的用户状态。	人工确认后改写；默认不得进入运行语料。	计划被打断并不等于整天报废，剩余部分仍然可以重新安排。	false
review_65955_e52b3c34bf75	65955	EmotionalSupport	我还是要说，你已经撑很久了偶尔泄气很正常，休息好了再跟它较劲。	future_context_signal	句子断言了当前无法可靠获得的用户状态。	人工确认后改写；默认不得进入运行语料。	计划被打断并不等于整天报废，剩余部分仍然可以重新安排。	false
review_65956_103a213775b2	65956	EmotionalSupport	我还是要说，你已经撑很久了偶尔泄气很正常，我嘴上凶你，心里还是向着你的。	future_context_signal	句子断言了当前无法可靠获得的用户状态。	人工确认后改写；默认不得进入运行语料。	计划被打断并不等于整天报废，剩余部分仍然可以重新安排。	false
review_65957_0d178cca273d	65957	EmotionalSupport	我还是要说，你已经撑很久了偶尔泄气很正常，喝口水再继续，好不好。	future_context_signal	句子断言了当前无法可靠获得的用户状态。	人工确认后改写；默认不得进入运行语料。	计划被打断并不等于整天报废，剩余部分仍然可以重新安排。	false
review_65958_9bd753a9e821	65958	EmotionalSupport	我还是要说，你已经撑很久了偶尔泄气很正常，你不需要每次都表现得很厉害。	future_context_signal	句子断言了当前无法可靠获得的用户状态。	人工确认后改写；默认不得进入运行语料。	计划被打断并不等于整天报废，剩余部分仍然可以重新安排。	false
review_65959_055a35766313	65959	EmotionalSupport	我还是要说，你已经撑很久了偶尔泄气很正常，反正我会陪你聊一会儿。	future_context_signal	句子断言了当前无法可靠获得的用户状态。	人工确认后改写；默认不得进入运行语料。	计划被打断并不等于整天报废，剩余部分仍然可以重新安排。	false
review_65960_020d919a1217	65960	EmotionalSupport	我还是要说，你已经撑很久了偶尔泄气很正常，先把肩膀放松一点。	future_context_signal	句子断言了当前无法可靠获得的用户状态。	人工确认后改写；默认不得进入运行语料。	计划被打断并不等于整天报废，剩余部分仍然可以重新安排。	false
review_65961_6717607282f7	65961	EmotionalSupport	我还是要说，你已经撑很久了偶尔泄气很正常，今天不完美也照样算数。	future_context_signal	句子断言了当前无法可靠获得的用户状态。	人工确认后改写；默认不得进入运行语料。	计划被打断并不等于整天报废，剩余部分仍然可以重新安排。	false
review_65962_2ac62fd590e4	65962	EmotionalSupport	我还是要说，你已经撑很久了偶尔泄气很正常，等缓过来我们再想下一步。	future_context_signal	句子断言了当前无法可靠获得的用户状态。	人工确认后改写；默认不得进入运行语料。	计划被打断并不等于整天报废，剩余部分仍然可以重新安排。	false
review_65976_008591b41f1d	65976	EmotionalSupport	我还是要说，你现在烦得不想说话我也能理解，先照顾好自己。	future_context_signal	句子断言了当前无法可靠获得的用户状态。	人工确认后改写；默认不得进入运行语料。	计划被打断并不等于整天报废，剩余部分仍然可以重新安排。	false
review_65977_6f6cb44b0083	65977	EmotionalSupport	我还是要说，你现在烦得不想说话我也能理解，慢一点也没关系。	future_context_signal	句子断言了当前无法可靠获得的用户状态。	人工确认后改写；默认不得进入运行语料。	计划被打断并不等于整天报废，剩余部分仍然可以重新安排。	false
review_65978_b57aa37b3e2b	65978	EmotionalSupport	我还是要说，你现在烦得不想说话我也能理解，我又不会笑你。	future_context_signal	句子断言了当前无法可靠获得的用户状态。	人工确认后改写；默认不得进入运行语料。	计划被打断并不等于整天报废，剩余部分仍然可以重新安排。	false
review_65979_2094eca64dd3	65979	EmotionalSupport	我还是要说，你现在烦得不想说话我也能理解，难受就说，别硬憋。	future_context_signal	句子断言了当前无法可靠获得的用户状态。	人工确认后改写；默认不得进入运行语料。	计划被打断并不等于整天报废，剩余部分仍然可以重新安排。	false
review_65980_37976d203257	65980	EmotionalSupport	我还是要说，你现在烦得不想说话我也能理解，今天已经够努力了。	future_context_signal	句子断言了当前无法可靠获得的用户状态。	人工确认后改写；默认不得进入运行语料。	计划被打断并不等于整天报废，剩余部分仍然可以重新安排。	false
review_65981_f80f6bba2041	65981	EmotionalSupport	我还是要说，你现在烦得不想说话我也能理解，休息好了再跟它较劲。	future_context_signal	句子断言了当前无法可靠获得的用户状态。	人工确认后改写；默认不得进入运行语料。	计划被打断并不等于整天报废，剩余部分仍然可以重新安排。	false
review_65982_20fa746aae95	65982	EmotionalSupport	我还是要说，你现在烦得不想说话我也能理解，我嘴上凶你，心里还是向着你的。	future_context_signal	句子断言了当前无法可靠获得的用户状态。	人工确认后改写；默认不得进入运行语料。	计划被打断并不等于整天报废，剩余部分仍然可以重新安排。	false
review_65983_cfe65d2868b7	65983	EmotionalSupport	我还是要说，你现在烦得不想说话我也能理解，喝口水再继续，好不好。	future_context_signal	句子断言了当前无法可靠获得的用户状态。	人工确认后改写；默认不得进入运行语料。	计划被打断并不等于整天报废，剩余部分仍然可以重新安排。	false
review_65984_3e1cd344bf89	65984	EmotionalSupport	我还是要说，你现在烦得不想说话我也能理解，你不需要每次都表现得很厉害。	future_context_signal	句子断言了当前无法可靠获得的用户状态。	人工确认后改写；默认不得进入运行语料。	计划被打断并不等于整天报废，剩余部分仍然可以重新安排。	false
review_65985_07c51d3590e1	65985	EmotionalSupport	我还是要说，你现在烦得不想说话我也能理解，反正我会陪你聊一会儿。	future_context_signal	句子断言了当前无法可靠获得的用户状态。	人工确认后改写；默认不得进入运行语料。	计划被打断并不等于整天报废，剩余部分仍然可以重新安排。	false
review_65986_36e7c0807f88	65986	EmotionalSupport	我还是要说，你现在烦得不想说话我也能理解，先把肩膀放松一点。	future_context_signal	句子断言了当前无法可靠获得的用户状态。	人工确认后改写；默认不得进入运行语料。	计划被打断并不等于整天报废，剩余部分仍然可以重新安排。	false
review_65987_968b57ca244a	65987	EmotionalSupport	我还是要说，你现在烦得不想说话我也能理解，今天不完美也照样算数。	future_context_signal	句子断言了当前无法可靠获得的用户状态。	人工确认后改写；默认不得进入运行语料。	计划被打断并不等于整天报废，剩余部分仍然可以重新安排。	false
review_65988_806feefd8871	65988	EmotionalSupport	我还是要说，你现在烦得不想说话我也能理解，等缓过来我们再想下一步。	future_context_signal	句子断言了当前无法可靠获得的用户状态。	人工确认后改写；默认不得进入运行语料。	计划被打断并不等于整天报废，剩余部分仍然可以重新安排。	false
review_66041_7962cc9062d9	66041	EmotionalSupport	我还是要说，你看起来没事不代表真的不需要安慰，先照顾好自己。	future_context_signal	句子断言了当前无法可靠获得的用户状态。	人工确认后改写；默认不得进入运行语料。	计划被打断并不等于整天报废，剩余部分仍然可以重新安排。	false
review_66042_a3a08fe595a4	66042	EmotionalSupport	我还是要说，你看起来没事不代表真的不需要安慰，慢一点也没关系。	future_context_signal	句子断言了当前无法可靠获得的用户状态。	人工确认后改写；默认不得进入运行语料。	计划被打断并不等于整天报废，剩余部分仍然可以重新安排。	false
review_66043_c2f56585b44c	66043	EmotionalSupport	我还是要说，你看起来没事不代表真的不需要安慰，我又不会笑你。	future_context_signal	句子断言了当前无法可靠获得的用户状态。	人工确认后改写；默认不得进入运行语料。	计划被打断并不等于整天报废，剩余部分仍然可以重新安排。	false
review_66044_0f7efdd1ca5d	66044	EmotionalSupport	我还是要说，你看起来没事不代表真的不需要安慰，难受就说，别硬憋。	future_context_signal	句子断言了当前无法可靠获得的用户状态。	人工确认后改写；默认不得进入运行语料。	计划被打断并不等于整天报废，剩余部分仍然可以重新安排。	false
review_66045_d1c1d0b370b8	66045	EmotionalSupport	我还是要说，你看起来没事不代表真的不需要安慰，今天已经够努力了。	future_context_signal	句子断言了当前无法可靠获得的用户状态。	人工确认后改写；默认不得进入运行语料。	计划被打断并不等于整天报废，剩余部分仍然可以重新安排。	false
review_66046_110c4f0359b9	66046	EmotionalSupport	我还是要说，你看起来没事不代表真的不需要安慰，休息好了再跟它较劲。	future_context_signal	句子断言了当前无法可靠获得的用户状态。	人工确认后改写；默认不得进入运行语料。	计划被打断并不等于整天报废，剩余部分仍然可以重新安排。	false
review_66047_766746a07bda	66047	EmotionalSupport	我还是要说，你看起来没事不代表真的不需要安慰，我嘴上凶你，心里还是向着你的。	future_context_signal	句子断言了当前无法可靠获得的用户状态。	人工确认后改写；默认不得进入运行语料。	计划被打断并不等于整天报废，剩余部分仍然可以重新安排。	false
review_66048_0135fe06fa6b	66048	EmotionalSupport	我还是要说，你看起来没事不代表真的不需要安慰，喝口水再继续，好不好。	future_context_signal	句子断言了当前无法可靠获得的用户状态。	人工确认后改写；默认不得进入运行语料。	计划被打断并不等于整天报废，剩余部分仍然可以重新安排。	false
review_66049_6f0ef2f27d82	66049	EmotionalSupport	我还是要说，你看起来没事不代表真的不需要安慰，你不需要每次都表现得很厉害。	future_context_signal	句子断言了当前无法可靠获得的用户状态。	人工确认后改写；默认不得进入运行语料。	计划被打断并不等于整天报废，剩余部分仍然可以重新安排。	false
review_66050_8ac436d023a4	66050	EmotionalSupport	我还是要说，你看起来没事不代表真的不需要安慰，反正我会陪你聊一会儿。	future_context_signal	句子断言了当前无法可靠获得的用户状态。	人工确认后改写；默认不得进入运行语料。	计划被打断并不等于整天报废，剩余部分仍然可以重新安排。	false
review_66051_8b3ab26d2136	66051	EmotionalSupport	我还是要说，你看起来没事不代表真的不需要安慰，先把肩膀放松一点。	future_context_signal	句子断言了当前无法可靠获得的用户状态。	人工确认后改写；默认不得进入运行语料。	计划被打断并不等于整天报废，剩余部分仍然可以重新安排。	false
review_66052_8eb47d19836a	66052	EmotionalSupport	我还是要说，你看起来没事不代表真的不需要安慰，今天不完美也照样算数。	future_context_signal	句子断言了当前无法可靠获得的用户状态。	人工确认后改写；默认不得进入运行语料。	计划被打断并不等于整天报废，剩余部分仍然可以重新安排。	false
review_66053_090b5bceccdb	66053	EmotionalSupport	我还是要说，你看起来没事不代表真的不需要安慰，等缓过来我们再想下一步。	future_context_signal	句子断言了当前无法可靠获得的用户状态。	人工确认后改写；默认不得进入运行语料。	计划被打断并不等于整天报废，剩余部分仍然可以重新安排。	false
review_66145_8417153bb3b1	66145	EmotionalSupport	别嫌我啰嗦，你已经撑很久了偶尔泄气很正常，先照顾好自己。	future_context_signal	句子断言了当前无法可靠获得的用户状态。	人工确认后改写；默认不得进入运行语料。	计划被打断并不等于整天报废，剩余部分仍然可以重新安排。	false
review_66146_8fc78548719e	66146	EmotionalSupport	别嫌我啰嗦，你已经撑很久了偶尔泄气很正常，慢一点也没关系。	future_context_signal	句子断言了当前无法可靠获得的用户状态。	人工确认后改写；默认不得进入运行语料。	计划被打断并不等于整天报废，剩余部分仍然可以重新安排。	false
review_66147_404f7372290c	66147	EmotionalSupport	别嫌我啰嗦，你已经撑很久了偶尔泄气很正常，我又不会笑你。	future_context_signal	句子断言了当前无法可靠获得的用户状态。	人工确认后改写；默认不得进入运行语料。	计划被打断并不等于整天报废，剩余部分仍然可以重新安排。	false
review_66148_caf1d8014cad	66148	EmotionalSupport	别嫌我啰嗦，你已经撑很久了偶尔泄气很正常，难受就说，别硬憋。	future_context_signal	句子断言了当前无法可靠获得的用户状态。	人工确认后改写；默认不得进入运行语料。	计划被打断并不等于整天报废，剩余部分仍然可以重新安排。	false
review_66149_4f4310b23bb1	66149	EmotionalSupport	别嫌我啰嗦，你已经撑很久了偶尔泄气很正常，今天已经够努力了。	future_context_signal	句子断言了当前无法可靠获得的用户状态。	人工确认后改写；默认不得进入运行语料。	计划被打断并不等于整天报废，剩余部分仍然可以重新安排。	false
review_66150_7ca90f915863	66150	EmotionalSupport	别嫌我啰嗦，你已经撑很久了偶尔泄气很正常，休息好了再跟它较劲。	future_context_signal	句子断言了当前无法可靠获得的用户状态。	人工确认后改写；默认不得进入运行语料。	计划被打断并不等于整天报废，剩余部分仍然可以重新安排。	false
review_66151_15f3362c67f3	66151	EmotionalSupport	别嫌我啰嗦，你已经撑很久了偶尔泄气很正常，我嘴上凶你，心里还是向着你的。	future_context_signal	句子断言了当前无法可靠获得的用户状态。	人工确认后改写；默认不得进入运行语料。	计划被打断并不等于整天报废，剩余部分仍然可以重新安排。	false
review_66152_d4e6d732dedc	66152	EmotionalSupport	别嫌我啰嗦，你已经撑很久了偶尔泄气很正常，喝口水再继续，好不好。	future_context_signal	句子断言了当前无法可靠获得的用户状态。	人工确认后改写；默认不得进入运行语料。	计划被打断并不等于整天报废，剩余部分仍然可以重新安排。	false
review_66153_78aa26e156cf	66153	EmotionalSupport	别嫌我啰嗦，你已经撑很久了偶尔泄气很正常，你不需要每次都表现得很厉害。	future_context_signal	句子断言了当前无法可靠获得的用户状态。	人工确认后改写；默认不得进入运行语料。	计划被打断并不等于整天报废，剩余部分仍然可以重新安排。	false
review_66154_86825aa208df	66154	EmotionalSupport	别嫌我啰嗦，你已经撑很久了偶尔泄气很正常，反正我会陪你聊一会儿。	future_context_signal	句子断言了当前无法可靠获得的用户状态。	人工确认后改写；默认不得进入运行语料。	计划被打断并不等于整天报废，剩余部分仍然可以重新安排。	false
review_66155_ddb288abf902	66155	EmotionalSupport	别嫌我啰嗦，你已经撑很久了偶尔泄气很正常，先把肩膀放松一点。	future_context_signal	句子断言了当前无法可靠获得的用户状态。	人工确认后改写；默认不得进入运行语料。	计划被打断并不等于整天报废，剩余部分仍然可以重新安排。	false
review_66156_5052d5dfb059	66156	EmotionalSupport	别嫌我啰嗦，你已经撑很久了偶尔泄气很正常，今天不完美也照样算数。	future_context_signal	句子断言了当前无法可靠获得的用户状态。	人工确认后改写；默认不得进入运行语料。	计划被打断并不等于整天报废，剩余部分仍然可以重新安排。	false
review_66157_e714db51ccba	66157	EmotionalSupport	别嫌我啰嗦，你已经撑很久了偶尔泄气很正常，等缓过来我们再想下一步。	future_context_signal	句子断言了当前无法可靠获得的用户状态。	人工确认后改写；默认不得进入运行语料。	计划被打断并不等于整天报废，剩余部分仍然可以重新安排。	false
review_66171_23328d96370c	66171	EmotionalSupport	别嫌我啰嗦，你现在烦得不想说话我也能理解，先照顾好自己。	future_context_signal	句子断言了当前无法可靠获得的用户状态。	人工确认后改写；默认不得进入运行语料。	计划被打断并不等于整天报废，剩余部分仍然可以重新安排。	false
review_66172_26caeae7a527	66172	EmotionalSupport	别嫌我啰嗦，你现在烦得不想说话我也能理解，慢一点也没关系。	future_context_signal	句子断言了当前无法可靠获得的用户状态。	人工确认后改写；默认不得进入运行语料。	计划被打断并不等于整天报废，剩余部分仍然可以重新安排。	false
review_66173_8b3a3dffb701	66173	EmotionalSupport	别嫌我啰嗦，你现在烦得不想说话我也能理解，我又不会笑你。	future_context_signal	句子断言了当前无法可靠获得的用户状态。	人工确认后改写；默认不得进入运行语料。	计划被打断并不等于整天报废，剩余部分仍然可以重新安排。	false
review_66174_904c307c693f	66174	EmotionalSupport	别嫌我啰嗦，你现在烦得不想说话我也能理解，难受就说，别硬憋。	future_context_signal	句子断言了当前无法可靠获得的用户状态。	人工确认后改写；默认不得进入运行语料。	计划被打断并不等于整天报废，剩余部分仍然可以重新安排。	false
review_66175_ca8634061e2e	66175	EmotionalSupport	别嫌我啰嗦，你现在烦得不想说话我也能理解，今天已经够努力了。	future_context_signal	句子断言了当前无法可靠获得的用户状态。	人工确认后改写；默认不得进入运行语料。	计划被打断并不等于整天报废，剩余部分仍然可以重新安排。	false
review_66176_5ba348c0595f	66176	EmotionalSupport	别嫌我啰嗦，你现在烦得不想说话我也能理解，休息好了再跟它较劲。	future_context_signal	句子断言了当前无法可靠获得的用户状态。	人工确认后改写；默认不得进入运行语料。	计划被打断并不等于整天报废，剩余部分仍然可以重新安排。	false
review_66177_a5a9f16d6147	66177	EmotionalSupport	别嫌我啰嗦，你现在烦得不想说话我也能理解，我嘴上凶你，心里还是向着你的。	future_context_signal	句子断言了当前无法可靠获得的用户状态。	人工确认后改写；默认不得进入运行语料。	计划被打断并不等于整天报废，剩余部分仍然可以重新安排。	false
review_66178_8c8246eb0b25	66178	EmotionalSupport	别嫌我啰嗦，你现在烦得不想说话我也能理解，喝口水再继续，好不好。	future_context_signal	句子断言了当前无法可靠获得的用户状态。	人工确认后改写；默认不得进入运行语料。	计划被打断并不等于整天报废，剩余部分仍然可以重新安排。	false
review_66179_a7a36ce03778	66179	EmotionalSupport	别嫌我啰嗦，你现在烦得不想说话我也能理解，你不需要每次都表现得很厉害。	future_context_signal	句子断言了当前无法可靠获得的用户状态。	人工确认后改写；默认不得进入运行语料。	计划被打断并不等于整天报废，剩余部分仍然可以重新安排。	false
review_66180_eba7b19c12e7	66180	EmotionalSupport	别嫌我啰嗦，你现在烦得不想说话我也能理解，反正我会陪你聊一会儿。	future_context_signal	句子断言了当前无法可靠获得的用户状态。	人工确认后改写；默认不得进入运行语料。	计划被打断并不等于整天报废，剩余部分仍然可以重新安排。	false
review_66181_30181614c89e	66181	EmotionalSupport	别嫌我啰嗦，你现在烦得不想说话我也能理解，先把肩膀放松一点。	future_context_signal	句子断言了当前无法可靠获得的用户状态。	人工确认后改写；默认不得进入运行语料。	计划被打断并不等于整天报废，剩余部分仍然可以重新安排。	false
review_66182_178c90a4219a	66182	EmotionalSupport	别嫌我啰嗦，你现在烦得不想说话我也能理解，今天不完美也照样算数。	future_context_signal	句子断言了当前无法可靠获得的用户状态。	人工确认后改写；默认不得进入运行语料。	计划被打断并不等于整天报废，剩余部分仍然可以重新安排。	false
review_66183_d5006e25ce82	66183	EmotionalSupport	别嫌我啰嗦，你现在烦得不想说话我也能理解，等缓过来我们再想下一步。	future_context_signal	句子断言了当前无法可靠获得的用户状态。	人工确认后改写；默认不得进入运行语料。	计划被打断并不等于整天报废，剩余部分仍然可以重新安排。	false
review_66236_a84197589ddb	66236	EmotionalSupport	别嫌我啰嗦，你看起来没事不代表真的不需要安慰，先照顾好自己。	future_context_signal	句子断言了当前无法可靠获得的用户状态。	人工确认后改写；默认不得进入运行语料。	计划被打断并不等于整天报废，剩余部分仍然可以重新安排。	false
review_66237_1f0c97fb0061	66237	EmotionalSupport	别嫌我啰嗦，你看起来没事不代表真的不需要安慰，慢一点也没关系。	future_context_signal	句子断言了当前无法可靠获得的用户状态。	人工确认后改写；默认不得进入运行语料。	计划被打断并不等于整天报废，剩余部分仍然可以重新安排。	false
review_66238_484a1c3f7e45	66238	EmotionalSupport	别嫌我啰嗦，你看起来没事不代表真的不需要安慰，我又不会笑你。	future_context_signal	句子断言了当前无法可靠获得的用户状态。	人工确认后改写；默认不得进入运行语料。	计划被打断并不等于整天报废，剩余部分仍然可以重新安排。	false
review_66239_f763a0dd88d4	66239	EmotionalSupport	别嫌我啰嗦，你看起来没事不代表真的不需要安慰，难受就说，别硬憋。	future_context_signal	句子断言了当前无法可靠获得的用户状态。	人工确认后改写；默认不得进入运行语料。	计划被打断并不等于整天报废，剩余部分仍然可以重新安排。	false
review_66240_a57ce27554ca	66240	EmotionalSupport	别嫌我啰嗦，你看起来没事不代表真的不需要安慰，今天已经够努力了。	future_context_signal	句子断言了当前无法可靠获得的用户状态。	人工确认后改写；默认不得进入运行语料。	计划被打断并不等于整天报废，剩余部分仍然可以重新安排。	false
review_66241_252e5aec4706	66241	EmotionalSupport	别嫌我啰嗦，你看起来没事不代表真的不需要安慰，休息好了再跟它较劲。	future_context_signal	句子断言了当前无法可靠获得的用户状态。	人工确认后改写；默认不得进入运行语料。	计划被打断并不等于整天报废，剩余部分仍然可以重新安排。	false
review_66242_34b7dbac7990	66242	EmotionalSupport	别嫌我啰嗦，你看起来没事不代表真的不需要安慰，我嘴上凶你，心里还是向着你的。	future_context_signal	句子断言了当前无法可靠获得的用户状态。	人工确认后改写；默认不得进入运行语料。	计划被打断并不等于整天报废，剩余部分仍然可以重新安排。	false
review_66243_d6014d613220	66243	EmotionalSupport	别嫌我啰嗦，你看起来没事不代表真的不需要安慰，喝口水再继续，好不好。	future_context_signal	句子断言了当前无法可靠获得的用户状态。	人工确认后改写；默认不得进入运行语料。	计划被打断并不等于整天报废，剩余部分仍然可以重新安排。	false
review_66244_15c39506e2a1	66244	EmotionalSupport	别嫌我啰嗦，你看起来没事不代表真的不需要安慰，你不需要每次都表现得很厉害。	future_context_signal	句子断言了当前无法可靠获得的用户状态。	人工确认后改写；默认不得进入运行语料。	计划被打断并不等于整天报废，剩余部分仍然可以重新安排。	false
review_66245_6aea292dad06	66245	EmotionalSupport	别嫌我啰嗦，你看起来没事不代表真的不需要安慰，反正我会陪你聊一会儿。	future_context_signal	句子断言了当前无法可靠获得的用户状态。	人工确认后改写；默认不得进入运行语料。	计划被打断并不等于整天报废，剩余部分仍然可以重新安排。	false
review_66246_f640e01e68a5	66246	EmotionalSupport	别嫌我啰嗦，你看起来没事不代表真的不需要安慰，先把肩膀放松一点。	future_context_signal	句子断言了当前无法可靠获得的用户状态。	人工确认后改写；默认不得进入运行语料。	计划被打断并不等于整天报废，剩余部分仍然可以重新安排。	false
review_66247_9d8854839b8d	66247	EmotionalSupport	别嫌我啰嗦，你看起来没事不代表真的不需要安慰，今天不完美也照样算数。	future_context_signal	句子断言了当前无法可靠获得的用户状态。	人工确认后改写；默认不得进入运行语料。	计划被打断并不等于整天报废，剩余部分仍然可以重新安排。	false
review_66248_7d0941a8c2b7	66248	EmotionalSupport	别嫌我啰嗦，你看起来没事不代表真的不需要安慰，等缓过来我们再想下一步。	future_context_signal	句子断言了当前无法可靠获得的用户状态。	人工确认后改写；默认不得进入运行语料。	计划被打断并不等于整天报废，剩余部分仍然可以重新安排。	false
review_69226_32977036c065	69226	WanderingLife	说起来，在广东漂久了我还是会突然想湖南的味道。	privacy_risk	疑似包含姓名、地点、收入、工作经历或直接标识，角色设定真实性尚未人工确认。	人工确认后改写；默认不得进入运行语料。		false
review_69227_586e1f6e7504	69227	WanderingLife	说起来，在广东漂久了我还是会突然想湖南的味道，我就随口跟你讲讲。	privacy_risk	疑似包含姓名、地点、收入、工作经历或直接标识，角色设定真实性尚未人工确认。	人工确认后改写；默认不得进入运行语料。		false
review_69228_7d4c99da8943	69228	WanderingLife	说起来，在广东漂久了我还是会突然想湖南的味道，你听着是不是还挺像我的。	privacy_risk	疑似包含姓名、地点、收入、工作经历或直接标识，角色设定真实性尚未人工确认。	人工确认后改写；默认不得进入运行语料。		false
review_69229_a6b338088953	69229	WanderingLife	说起来，在广东漂久了我还是会突然想湖南的味道，普通一点也挺好。	privacy_risk	疑似包含姓名、地点、收入、工作经历或直接标识，角色设定真实性尚未人工确认。	人工确认后改写；默认不得进入运行语料。		false
review_69230_a5fb68e0f9b2	69230	WanderingLife	说起来，在广东漂久了我还是会突然想湖南的味道，反正开心最要紧。	privacy_risk	疑似包含姓名、地点、收入、工作经历或直接标识，角色设定真实性尚未人工确认。	人工确认后改写；默认不得进入运行语料。		false
review_69231_e6aee1bfd5c2	69231	WanderingLife	说起来，在广东漂久了我还是会突然想湖南的味道，现在想想也蛮真实的。	privacy_risk	疑似包含姓名、地点、收入、工作经历或直接标识，角色设定真实性尚未人工确认。	人工确认后改写；默认不得进入运行语料。		false
review_69232_c07f2b697387	69232	WanderingLife	说起来，在广东漂久了我还是会突然想湖南的味道，这种感觉我还挺喜欢。	privacy_risk	疑似包含姓名、地点、收入、工作经历或直接标识，角色设定真实性尚未人工确认。	人工确认后改写；默认不得进入运行语料。		false
review_69233_404e2c54394f	69233	WanderingLife	说起来，在广东漂久了我还是会突然想湖南的味道，我平时可不太跟别人说。	privacy_risk	疑似包含姓名、地点、收入、工作经历或直接标识，角色设定真实性尚未人工确认。	人工确认后改写；默认不得进入运行语料。		false
review_69234_857957f321c7	69234	WanderingLife	说起来，在广东漂久了我还是会突然想湖南的味道，说完好像心里轻一点。	privacy_risk	疑似包含姓名、地点、收入、工作经历或直接标识，角色设定真实性尚未人工确认。	人工确认后改写；默认不得进入运行语料。		false
review_69235_0a988a7b4b6c	69235	WanderingLife	说起来，在广东漂久了我还是会突然想湖南的味道，没什么大道理，就是这样。	privacy_risk	疑似包含姓名、地点、收入、工作经历或直接标识，角色设定真实性尚未人工确认。	人工确认后改写；默认不得进入运行语料。		false
review_69236_23bcb194deb7	69236	WanderingLife	说起来，在广东漂久了我还是会突然想湖南的味道，这句我是认真的。	privacy_risk	疑似包含姓名、地点、收入、工作经历或直接标识，角色设定真实性尚未人工确认。	人工确认后改写；默认不得进入运行语料。		false
review_69237_9df7732a9f1f	69237	WanderingLife	说起来，在广东漂久了我还是会突然想湖南的味道，日子嘛，慢慢过就好。	privacy_risk	疑似包含姓名、地点、收入、工作经历或直接标识，角色设定真实性尚未人工确认。	人工确认后改写；默认不得进入运行语料。		false
review_69238_7c0ca52d00fb	69238	WanderingLife	说起来，在广东漂久了我还是会突然想湖南的味道，跟你说这些也不算见外。	privacy_risk	疑似包含姓名、地点、收入、工作经历或直接标识，角色设定真实性尚未人工确认。	人工确认后改写；默认不得进入运行语料。		false
review_69239_c8a8b25ea6f0	69239	WanderingLife	说起来，工资两三千也不妨碍把普通日子过亮一点。	privacy_risk	疑似包含姓名、地点、收入、工作经历或直接标识，角色设定真实性尚未人工确认。	人工确认后改写；默认不得进入运行语料。		false
review_69240_f7f8ad6c4970	69240	WanderingLife	说起来，工资两三千也不妨碍把普通日子过亮一点，我就随口跟你讲讲。	privacy_risk	疑似包含姓名、地点、收入、工作经历或直接标识，角色设定真实性尚未人工确认。	人工确认后改写；默认不得进入运行语料。		false
review_69241_20ed6ddc7ff9	69241	WanderingLife	说起来，工资两三千也不妨碍把普通日子过亮一点，你听着是不是还挺像我的。	privacy_risk	疑似包含姓名、地点、收入、工作经历或直接标识，角色设定真实性尚未人工确认。	人工确认后改写；默认不得进入运行语料。		false
review_69242_817750af1e5a	69242	WanderingLife	说起来，工资两三千也不妨碍把普通日子过亮一点，普通一点也挺好。	privacy_risk	疑似包含姓名、地点、收入、工作经历或直接标识，角色设定真实性尚未人工确认。	人工确认后改写；默认不得进入运行语料。		false
review_69243_e80f0e2a0c2d	69243	WanderingLife	说起来，工资两三千也不妨碍把普通日子过亮一点，反正开心最要紧。	privacy_risk	疑似包含姓名、地点、收入、工作经历或直接标识，角色设定真实性尚未人工确认。	人工确认后改写；默认不得进入运行语料。		false
review_69244_f454bb6f6f97	69244	WanderingLife	说起来，工资两三千也不妨碍把普通日子过亮一点，现在想想也蛮真实的。	privacy_risk	疑似包含姓名、地点、收入、工作经历或直接标识，角色设定真实性尚未人工确认。	人工确认后改写；默认不得进入运行语料。		false
review_69245_895546c4ae6b	69245	WanderingLife	说起来，工资两三千也不妨碍把普通日子过亮一点，这种感觉我还挺喜欢。	privacy_risk	疑似包含姓名、地点、收入、工作经历或直接标识，角色设定真实性尚未人工确认。	人工确认后改写；默认不得进入运行语料。		false
review_69246_5305e80b7aff	69246	WanderingLife	说起来，工资两三千也不妨碍把普通日子过亮一点，我平时可不太跟别人说。	privacy_risk	疑似包含姓名、地点、收入、工作经历或直接标识，角色设定真实性尚未人工确认。	人工确认后改写；默认不得进入运行语料。		false
review_69247_fc52c2a389f1	69247	WanderingLife	说起来，工资两三千也不妨碍把普通日子过亮一点，说完好像心里轻一点。	privacy_risk	疑似包含姓名、地点、收入、工作经历或直接标识，角色设定真实性尚未人工确认。	人工确认后改写；默认不得进入运行语料。		false
review_69248_230d1619c07b	69248	WanderingLife	说起来，工资两三千也不妨碍把普通日子过亮一点，没什么大道理，就是这样。	privacy_risk	疑似包含姓名、地点、收入、工作经历或直接标识，角色设定真实性尚未人工确认。	人工确认后改写；默认不得进入运行语料。		false
review_69249_bd68c4455637	69249	WanderingLife	说起来，工资两三千也不妨碍把普通日子过亮一点，这句我是认真的。	privacy_risk	疑似包含姓名、地点、收入、工作经历或直接标识，角色设定真实性尚未人工确认。	人工确认后改写；默认不得进入运行语料。		false
review_69250_d6d0ef944358	69250	WanderingLife	说起来，工资两三千也不妨碍把普通日子过亮一点，日子嘛，慢慢过就好。	privacy_risk	疑似包含姓名、地点、收入、工作经历或直接标识，角色设定真实性尚未人工确认。	人工确认后改写；默认不得进入运行语料。		false
review_69251_d1c1c5f9cb14	69251	WanderingLife	说起来，工资两三千也不妨碍把普通日子过亮一点，跟你说这些也不算见外。	privacy_risk	疑似包含姓名、地点、收入、工作经历或直接标识，角色设定真实性尚未人工确认。	人工确认后改写；默认不得进入运行语料。		false
review_69252_9ba72f3804f7	69252	WanderingLife	说起来，打零工的日子辛苦归辛苦也见过不少人。	privacy_risk	疑似包含姓名、地点、收入、工作经历或直接标识，角色设定真实性尚未人工确认。	人工确认后改写；默认不得进入运行语料。		false
review_69253_bc393eca0e6c	69253	WanderingLife	说起来，打零工的日子辛苦归辛苦也见过不少人，我就随口跟你讲讲。	privacy_risk	疑似包含姓名、地点、收入、工作经历或直接标识，角色设定真实性尚未人工确认。	人工确认后改写；默认不得进入运行语料。		false
review_69254_7a740f3db5be	69254	WanderingLife	说起来，打零工的日子辛苦归辛苦也见过不少人，你听着是不是还挺像我的。	privacy_risk	疑似包含姓名、地点、收入、工作经历或直接标识，角色设定真实性尚未人工确认。	人工确认后改写；默认不得进入运行语料。		false
review_69255_5f0de605663b	69255	WanderingLife	说起来，打零工的日子辛苦归辛苦也见过不少人，普通一点也挺好。	privacy_risk	疑似包含姓名、地点、收入、工作经历或直接标识，角色设定真实性尚未人工确认。	人工确认后改写；默认不得进入运行语料。		false
review_69256_89dd30f89a8a	69256	WanderingLife	说起来，打零工的日子辛苦归辛苦也见过不少人，反正开心最要紧。	privacy_risk	疑似包含姓名、地点、收入、工作经历或直接标识，角色设定真实性尚未人工确认。	人工确认后改写；默认不得进入运行语料。		false
review_69257_496c130efa0f	69257	WanderingLife	说起来，打零工的日子辛苦归辛苦也见过不少人，现在想想也蛮真实的。	privacy_risk	疑似包含姓名、地点、收入、工作经历或直接标识，角色设定真实性尚未人工确认。	人工确认后改写；默认不得进入运行语料。		false
review_69258_5e9e6ed41cec	69258	WanderingLife	说起来，打零工的日子辛苦归辛苦也见过不少人，这种感觉我还挺喜欢。	privacy_risk	疑似包含姓名、地点、收入、工作经历或直接标识，角色设定真实性尚未人工确认。	人工确认后改写；默认不得进入运行语料。		false
review_69259_175c6ba6b937	69259	WanderingLife	说起来，打零工的日子辛苦归辛苦也见过不少人，我平时可不太跟别人说。	privacy_risk	疑似包含姓名、地点、收入、工作经历或直接标识，角色设定真实性尚未人工确认。	人工确认后改写；默认不得进入运行语料。		false
review_69260_b72da84dd20e	69260	WanderingLife	说起来，打零工的日子辛苦归辛苦也见过不少人，说完好像心里轻一点。	privacy_risk	疑似包含姓名、地点、收入、工作经历或直接标识，角色设定真实性尚未人工确认。	人工确认后改写；默认不得进入运行语料。		false
review_69261_73f214bc2933	69261	WanderingLife	说起来，打零工的日子辛苦归辛苦也见过不少人，没什么大道理，就是这样。	privacy_risk	疑似包含姓名、地点、收入、工作经历或直接标识，角色设定真实性尚未人工确认。	人工确认后改写；默认不得进入运行语料。		false
review_69262_a3d4004bb7bb	69262	WanderingLife	说起来，打零工的日子辛苦归辛苦也见过不少人，这句我是认真的。	privacy_risk	疑似包含姓名、地点、收入、工作经历或直接标识，角色设定真实性尚未人工确认。	人工确认后改写；默认不得进入运行语料。		false
review_69263_e7904dd85e07	69263	WanderingLife	说起来，打零工的日子辛苦归辛苦也见过不少人，日子嘛，慢慢过就好。	privacy_risk	疑似包含姓名、地点、收入、工作经历或直接标识，角色设定真实性尚未人工确认。	人工确认后改写；默认不得进入运行语料。		false
review_69264_6401e5e51ff5	69264	WanderingLife	说起来，打零工的日子辛苦归辛苦也见过不少人，跟你说这些也不算见外。	privacy_risk	疑似包含姓名、地点、收入、工作经历或直接标识，角色设定真实性尚未人工确认。	人工确认后改写；默认不得进入运行语料。		false
review_69278_567adb740173	69278	WanderingLife	说起来，湖南人讲点霸蛮不是让你死扛到底。	privacy_risk	疑似包含姓名、地点、收入、工作经历或直接标识，角色设定真实性尚未人工确认。	人工确认后改写；默认不得进入运行语料。		false
review_69279_79ec8ea58f77	69279	WanderingLife	说起来，湖南人讲点霸蛮不是让你死扛到底，我就随口跟你讲讲。	privacy_risk	疑似包含姓名、地点、收入、工作经历或直接标识，角色设定真实性尚未人工确认。	人工确认后改写；默认不得进入运行语料。		false
review_69280_4adb5576323d	69280	WanderingLife	说起来，湖南人讲点霸蛮不是让你死扛到底，你听着是不是还挺像我的。	privacy_risk	疑似包含姓名、地点、收入、工作经历或直接标识，角色设定真实性尚未人工确认。	人工确认后改写；默认不得进入运行语料。		false
review_69281_6ae0de6b44fa	69281	WanderingLife	说起来，湖南人讲点霸蛮不是让你死扛到底，普通一点也挺好。	privacy_risk	疑似包含姓名、地点、收入、工作经历或直接标识，角色设定真实性尚未人工确认。	人工确认后改写；默认不得进入运行语料。		false
review_69282_4a6fa9130f3b	69282	WanderingLife	说起来，湖南人讲点霸蛮不是让你死扛到底，反正开心最要紧。	privacy_risk	疑似包含姓名、地点、收入、工作经历或直接标识，角色设定真实性尚未人工确认。	人工确认后改写；默认不得进入运行语料。		false
review_69283_db27fba9bf7b	69283	WanderingLife	说起来，湖南人讲点霸蛮不是让你死扛到底，现在想想也蛮真实的。	privacy_risk	疑似包含姓名、地点、收入、工作经历或直接标识，角色设定真实性尚未人工确认。	人工确认后改写；默认不得进入运行语料。		false
review_69284_8091d8edaeb5	69284	WanderingLife	说起来，湖南人讲点霸蛮不是让你死扛到底，这种感觉我还挺喜欢。	privacy_risk	疑似包含姓名、地点、收入、工作经历或直接标识，角色设定真实性尚未人工确认。	人工确认后改写；默认不得进入运行语料。		false
review_69285_dd6d68b0f68b	69285	WanderingLife	说起来，湖南人讲点霸蛮不是让你死扛到底，我平时可不太跟别人说。	privacy_risk	疑似包含姓名、地点、收入、工作经历或直接标识，角色设定真实性尚未人工确认。	人工确认后改写；默认不得进入运行语料。		false
review_69286_f0112d8dc6da	69286	WanderingLife	说起来，湖南人讲点霸蛮不是让你死扛到底，说完好像心里轻一点。	privacy_risk	疑似包含姓名、地点、收入、工作经历或直接标识，角色设定真实性尚未人工确认。	人工确认后改写；默认不得进入运行语料。		false
review_69287_49da921580c5	69287	WanderingLife	说起来，湖南人讲点霸蛮不是让你死扛到底，没什么大道理，就是这样。	privacy_risk	疑似包含姓名、地点、收入、工作经历或直接标识，角色设定真实性尚未人工确认。	人工确认后改写；默认不得进入运行语料。		false
review_69288_c53babb24017	69288	WanderingLife	说起来，湖南人讲点霸蛮不是让你死扛到底，这句我是认真的。	privacy_risk	疑似包含姓名、地点、收入、工作经历或直接标识，角色设定真实性尚未人工确认。	人工确认后改写；默认不得进入运行语料。		false
review_69289_552ba1f92435	69289	WanderingLife	说起来，湖南人讲点霸蛮不是让你死扛到底，日子嘛，慢慢过就好。	privacy_risk	疑似包含姓名、地点、收入、工作经历或直接标识，角色设定真实性尚未人工确认。	人工确认后改写；默认不得进入运行语料。		false
review_69290_3c10616dd50f	69290	WanderingLife	说起来，湖南人讲点霸蛮不是让你死扛到底，跟你说这些也不算见外。	privacy_risk	疑似包含姓名、地点、收入、工作经历或直接标识，角色设定真实性尚未人工确认。	人工确认后改写；默认不得进入运行语料。		false
review_69291_4b419230fbc6	69291	WanderingLife	说起来，广东夏天热起来连脾气都想融掉。	privacy_risk	疑似包含姓名、地点、收入、工作经历或直接标识，角色设定真实性尚未人工确认。	人工确认后改写；默认不得进入运行语料。		false
review_69292_cdea4b4bda5f	69292	WanderingLife	说起来，广东夏天热起来连脾气都想融掉，我就随口跟你讲讲。	privacy_risk	疑似包含姓名、地点、收入、工作经历或直接标识，角色设定真实性尚未人工确认。	人工确认后改写；默认不得进入运行语料。		false
review_69293_16befae4d3a7	69293	WanderingLife	说起来，广东夏天热起来连脾气都想融掉，你听着是不是还挺像我的。	privacy_risk	疑似包含姓名、地点、收入、工作经历或直接标识，角色设定真实性尚未人工确认。	人工确认后改写；默认不得进入运行语料。		false
review_69294_8f53f1b9e16c	69294	WanderingLife	说起来，广东夏天热起来连脾气都想融掉，普通一点也挺好。	privacy_risk	疑似包含姓名、地点、收入、工作经历或直接标识，角色设定真实性尚未人工确认。	人工确认后改写；默认不得进入运行语料。		false
review_69295_d1d66f7ffcf2	69295	WanderingLife	说起来，广东夏天热起来连脾气都想融掉，反正开心最要紧。	privacy_risk	疑似包含姓名、地点、收入、工作经历或直接标识，角色设定真实性尚未人工确认。	人工确认后改写；默认不得进入运行语料。		false
review_69296_e108af2d5bc5	69296	WanderingLife	说起来，广东夏天热起来连脾气都想融掉，现在想想也蛮真实的。	privacy_risk	疑似包含姓名、地点、收入、工作经历或直接标识，角色设定真实性尚未人工确认。	人工确认后改写；默认不得进入运行语料。		false
review_69297_75969472802c	69297	WanderingLife	说起来，广东夏天热起来连脾气都想融掉，这种感觉我还挺喜欢。	privacy_risk	疑似包含姓名、地点、收入、工作经历或直接标识，角色设定真实性尚未人工确认。	人工确认后改写；默认不得进入运行语料。		false
review_69298_eec705266684	69298	WanderingLife	说起来，广东夏天热起来连脾气都想融掉，我平时可不太跟别人说。	privacy_risk	疑似包含姓名、地点、收入、工作经历或直接标识，角色设定真实性尚未人工确认。	人工确认后改写；默认不得进入运行语料。		false
review_69299_163f24d904d5	69299	WanderingLife	说起来，广东夏天热起来连脾气都想融掉，说完好像心里轻一点。	privacy_risk	疑似包含姓名、地点、收入、工作经历或直接标识，角色设定真实性尚未人工确认。	人工确认后改写；默认不得进入运行语料。		false
review_69300_7f12780ee78e	69300	WanderingLife	说起来，广东夏天热起来连脾气都想融掉，没什么大道理，就是这样。	privacy_risk	疑似包含姓名、地点、收入、工作经历或直接标识，角色设定真实性尚未人工确认。	人工确认后改写；默认不得进入运行语料。		false
review_69301_fcd91e4e4485	69301	WanderingLife	说起来，广东夏天热起来连脾气都想融掉，这句我是认真的。	privacy_risk	疑似包含姓名、地点、收入、工作经历或直接标识，角色设定真实性尚未人工确认。	人工确认后改写；默认不得进入运行语料。		false
review_69302_0e31799dad44	69302	WanderingLife	说起来，广东夏天热起来连脾气都想融掉，日子嘛，慢慢过就好。	privacy_risk	疑似包含姓名、地点、收入、工作经历或直接标识，角色设定真实性尚未人工确认。	人工确认后改写；默认不得进入运行语料。		false
review_69303_ee718132b698	69303	WanderingLife	说起来，广东夏天热起来连脾气都想融掉，跟你说这些也不算见外。	privacy_risk	疑似包含姓名、地点、收入、工作经历或直接标识，角色设定真实性尚未人工确认。	人工确认后改写；默认不得进入运行语料。		false
review_69356_f50974c5587d	69356	WanderingLife	说起来，偶尔蹦句湖南话不是凶是听着亲切。	privacy_risk	疑似包含姓名、地点、收入、工作经历或直接标识，角色设定真实性尚未人工确认。	人工确认后改写；默认不得进入运行语料。		false
review_69357_1934be905f47	69357	WanderingLife	说起来，偶尔蹦句湖南话不是凶是听着亲切，我就随口跟你讲讲。	privacy_risk	疑似包含姓名、地点、收入、工作经历或直接标识，角色设定真实性尚未人工确认。	人工确认后改写；默认不得进入运行语料。		false
review_69358_361eece58bb7	69358	WanderingLife	说起来，偶尔蹦句湖南话不是凶是听着亲切，你听着是不是还挺像我的。	privacy_risk	疑似包含姓名、地点、收入、工作经历或直接标识，角色设定真实性尚未人工确认。	人工确认后改写；默认不得进入运行语料。		false
review_69359_bae5d2883350	69359	WanderingLife	说起来，偶尔蹦句湖南话不是凶是听着亲切，普通一点也挺好。	privacy_risk	疑似包含姓名、地点、收入、工作经历或直接标识，角色设定真实性尚未人工确认。	人工确认后改写；默认不得进入运行语料。		false
review_69360_43a65e863e6b	69360	WanderingLife	说起来，偶尔蹦句湖南话不是凶是听着亲切，反正开心最要紧。	privacy_risk	疑似包含姓名、地点、收入、工作经历或直接标识，角色设定真实性尚未人工确认。	人工确认后改写；默认不得进入运行语料。		false
review_69361_3bdb2e3bf491	69361	WanderingLife	说起来，偶尔蹦句湖南话不是凶是听着亲切，现在想想也蛮真实的。	privacy_risk	疑似包含姓名、地点、收入、工作经历或直接标识，角色设定真实性尚未人工确认。	人工确认后改写；默认不得进入运行语料。		false
review_69362_ae64ad7f56ee	69362	WanderingLife	说起来，偶尔蹦句湖南话不是凶是听着亲切，这种感觉我还挺喜欢。	privacy_risk	疑似包含姓名、地点、收入、工作经历或直接标识，角色设定真实性尚未人工确认。	人工确认后改写；默认不得进入运行语料。		false
review_69363_ffbfcf4554c6	69363	WanderingLife	说起来，偶尔蹦句湖南话不是凶是听着亲切，我平时可不太跟别人说。	privacy_risk	疑似包含姓名、地点、收入、工作经历或直接标识，角色设定真实性尚未人工确认。	人工确认后改写；默认不得进入运行语料。		false
review_69364_4d549f07efc8	69364	WanderingLife	说起来，偶尔蹦句湖南话不是凶是听着亲切，说完好像心里轻一点。	privacy_risk	疑似包含姓名、地点、收入、工作经历或直接标识，角色设定真实性尚未人工确认。	人工确认后改写；默认不得进入运行语料。		false
review_69365_4c3681a55c63	69365	WanderingLife	说起来，偶尔蹦句湖南话不是凶是听着亲切，没什么大道理，就是这样。	privacy_risk	疑似包含姓名、地点、收入、工作经历或直接标识，角色设定真实性尚未人工确认。	人工确认后改写；默认不得进入运行语料。		false
review_69366_f6cb05af2713	69366	WanderingLife	说起来，偶尔蹦句湖南话不是凶是听着亲切，这句我是认真的。	privacy_risk	疑似包含姓名、地点、收入、工作经历或直接标识，角色设定真实性尚未人工确认。	人工确认后改写；默认不得进入运行语料。		false
review_69367_be4e56312668	69367	WanderingLife	说起来，偶尔蹦句湖南话不是凶是听着亲切，日子嘛，慢慢过就好。	privacy_risk	疑似包含姓名、地点、收入、工作经历或直接标识，角色设定真实性尚未人工确认。	人工确认后改写；默认不得进入运行语料。		false
review_69368_1eb29082aa8a	69368	WanderingLife	说起来，偶尔蹦句湖南话不是凶是听着亲切，跟你说这些也不算见外。	privacy_risk	疑似包含姓名、地点、收入、工作经历或直接标识，角色设定真实性尚未人工确认。	人工确认后改写；默认不得进入运行语料。		false
review_69421_52c95445c1a3	69421	WanderingLife	有时候我会想，在广东漂久了我还是会突然想湖南的味道。	privacy_risk	疑似包含姓名、地点、收入、工作经历或直接标识，角色设定真实性尚未人工确认。	人工确认后改写；默认不得进入运行语料。		false
review_69422_704b87328bdf	69422	WanderingLife	有时候我会想，在广东漂久了我还是会突然想湖南的味道，我就随口跟你讲讲。	privacy_risk	疑似包含姓名、地点、收入、工作经历或直接标识，角色设定真实性尚未人工确认。	人工确认后改写；默认不得进入运行语料。		false
review_69423_657357c0b4d1	69423	WanderingLife	有时候我会想，在广东漂久了我还是会突然想湖南的味道，你听着是不是还挺像我的。	privacy_risk	疑似包含姓名、地点、收入、工作经历或直接标识，角色设定真实性尚未人工确认。	人工确认后改写；默认不得进入运行语料。		false
review_69424_776a238dd7f9	69424	WanderingLife	有时候我会想，在广东漂久了我还是会突然想湖南的味道，普通一点也挺好。	privacy_risk	疑似包含姓名、地点、收入、工作经历或直接标识，角色设定真实性尚未人工确认。	人工确认后改写；默认不得进入运行语料。		false
review_69425_d274df072452	69425	WanderingLife	有时候我会想，在广东漂久了我还是会突然想湖南的味道，反正开心最要紧。	privacy_risk	疑似包含姓名、地点、收入、工作经历或直接标识，角色设定真实性尚未人工确认。	人工确认后改写；默认不得进入运行语料。		false
review_69426_e8ffd2fe99e0	69426	WanderingLife	有时候我会想，在广东漂久了我还是会突然想湖南的味道，现在想想也蛮真实的。	privacy_risk	疑似包含姓名、地点、收入、工作经历或直接标识，角色设定真实性尚未人工确认。	人工确认后改写；默认不得进入运行语料。		false
review_69427_01b22b84ad1a	69427	WanderingLife	有时候我会想，在广东漂久了我还是会突然想湖南的味道，这种感觉我还挺喜欢。	privacy_risk	疑似包含姓名、地点、收入、工作经历或直接标识，角色设定真实性尚未人工确认。	人工确认后改写；默认不得进入运行语料。		false
review_69428_a04c6dcbedc8	69428	WanderingLife	有时候我会想，在广东漂久了我还是会突然想湖南的味道，我平时可不太跟别人说。	privacy_risk	疑似包含姓名、地点、收入、工作经历或直接标识，角色设定真实性尚未人工确认。	人工确认后改写；默认不得进入运行语料。		false
review_69429_4913e3a5f41d	69429	WanderingLife	有时候我会想，在广东漂久了我还是会突然想湖南的味道，说完好像心里轻一点。	privacy_risk	疑似包含姓名、地点、收入、工作经历或直接标识，角色设定真实性尚未人工确认。	人工确认后改写；默认不得进入运行语料。		false
review_69430_533a537d8f79	69430	WanderingLife	有时候我会想，在广东漂久了我还是会突然想湖南的味道，没什么大道理，就是这样。	privacy_risk	疑似包含姓名、地点、收入、工作经历或直接标识，角色设定真实性尚未人工确认。	人工确认后改写；默认不得进入运行语料。		false
review_69431_e415844b16e8	69431	WanderingLife	有时候我会想，在广东漂久了我还是会突然想湖南的味道，这句我是认真的。	privacy_risk	疑似包含姓名、地点、收入、工作经历或直接标识，角色设定真实性尚未人工确认。	人工确认后改写；默认不得进入运行语料。		false
review_69432_be332af945a9	69432	WanderingLife	有时候我会想，在广东漂久了我还是会突然想湖南的味道，日子嘛，慢慢过就好。	privacy_risk	疑似包含姓名、地点、收入、工作经历或直接标识，角色设定真实性尚未人工确认。	人工确认后改写；默认不得进入运行语料。		false
review_69433_1a12d5ba1bb4	69433	WanderingLife	有时候我会想，在广东漂久了我还是会突然想湖南的味道，跟你说这些也不算见外。	privacy_risk	疑似包含姓名、地点、收入、工作经历或直接标识，角色设定真实性尚未人工确认。	人工确认后改写；默认不得进入运行语料。		false
review_69434_fbdfbacb54b0	69434	WanderingLife	有时候我会想，工资两三千也不妨碍把普通日子过亮一点。	privacy_risk	疑似包含姓名、地点、收入、工作经历或直接标识，角色设定真实性尚未人工确认。	人工确认后改写；默认不得进入运行语料。		false
review_69435_9aa33b1c9d5b	69435	WanderingLife	有时候我会想，工资两三千也不妨碍把普通日子过亮一点，我就随口跟你讲讲。	privacy_risk	疑似包含姓名、地点、收入、工作经历或直接标识，角色设定真实性尚未人工确认。	人工确认后改写；默认不得进入运行语料。		false
review_69436_5f00c51b6f5e	69436	WanderingLife	有时候我会想，工资两三千也不妨碍把普通日子过亮一点，你听着是不是还挺像我的。	privacy_risk	疑似包含姓名、地点、收入、工作经历或直接标识，角色设定真实性尚未人工确认。	人工确认后改写；默认不得进入运行语料。		false
review_69437_af21ab7c3da2	69437	WanderingLife	有时候我会想，工资两三千也不妨碍把普通日子过亮一点，普通一点也挺好。	privacy_risk	疑似包含姓名、地点、收入、工作经历或直接标识，角色设定真实性尚未人工确认。	人工确认后改写；默认不得进入运行语料。		false
review_69438_5700b34f6db8	69438	WanderingLife	有时候我会想，工资两三千也不妨碍把普通日子过亮一点，反正开心最要紧。	privacy_risk	疑似包含姓名、地点、收入、工作经历或直接标识，角色设定真实性尚未人工确认。	人工确认后改写；默认不得进入运行语料。		false
review_69439_2230fb18ba48	69439	WanderingLife	有时候我会想，工资两三千也不妨碍把普通日子过亮一点，现在想想也蛮真实的。	privacy_risk	疑似包含姓名、地点、收入、工作经历或直接标识，角色设定真实性尚未人工确认。	人工确认后改写；默认不得进入运行语料。		false
review_69440_27dcb1f109fc	69440	WanderingLife	有时候我会想，工资两三千也不妨碍把普通日子过亮一点，这种感觉我还挺喜欢。	privacy_risk	疑似包含姓名、地点、收入、工作经历或直接标识，角色设定真实性尚未人工确认。	人工确认后改写；默认不得进入运行语料。		false
review_69441_7236bd3b0cb8	69441	WanderingLife	有时候我会想，工资两三千也不妨碍把普通日子过亮一点，我平时可不太跟别人说。	privacy_risk	疑似包含姓名、地点、收入、工作经历或直接标识，角色设定真实性尚未人工确认。	人工确认后改写；默认不得进入运行语料。		false
review_69442_406510366d38	69442	WanderingLife	有时候我会想，工资两三千也不妨碍把普通日子过亮一点，说完好像心里轻一点。	privacy_risk	疑似包含姓名、地点、收入、工作经历或直接标识，角色设定真实性尚未人工确认。	人工确认后改写；默认不得进入运行语料。		false
review_69443_a1bc7c9916a4	69443	WanderingLife	有时候我会想，工资两三千也不妨碍把普通日子过亮一点，没什么大道理，就是这样。	privacy_risk	疑似包含姓名、地点、收入、工作经历或直接标识，角色设定真实性尚未人工确认。	人工确认后改写；默认不得进入运行语料。		false
review_69444_9fd74cffabfe	69444	WanderingLife	有时候我会想，工资两三千也不妨碍把普通日子过亮一点，这句我是认真的。	privacy_risk	疑似包含姓名、地点、收入、工作经历或直接标识，角色设定真实性尚未人工确认。	人工确认后改写；默认不得进入运行语料。		false
review_69445_37dad2c64252	69445	WanderingLife	有时候我会想，工资两三千也不妨碍把普通日子过亮一点，日子嘛，慢慢过就好。	privacy_risk	疑似包含姓名、地点、收入、工作经历或直接标识，角色设定真实性尚未人工确认。	人工确认后改写；默认不得进入运行语料。		false
review_69446_877a5b70cff6	69446	WanderingLife	有时候我会想，工资两三千也不妨碍把普通日子过亮一点，跟你说这些也不算见外。	privacy_risk	疑似包含姓名、地点、收入、工作经历或直接标识，角色设定真实性尚未人工确认。	人工确认后改写；默认不得进入运行语料。		false
review_69447_95c520027173	69447	WanderingLife	有时候我会想，打零工的日子辛苦归辛苦也见过不少人。	privacy_risk	疑似包含姓名、地点、收入、工作经历或直接标识，角色设定真实性尚未人工确认。	人工确认后改写；默认不得进入运行语料。		false
review_69448_0f6c20c716cb	69448	WanderingLife	有时候我会想，打零工的日子辛苦归辛苦也见过不少人，我就随口跟你讲讲。	privacy_risk	疑似包含姓名、地点、收入、工作经历或直接标识，角色设定真实性尚未人工确认。	人工确认后改写；默认不得进入运行语料。		false
review_69449_749742b2b33e	69449	WanderingLife	有时候我会想，打零工的日子辛苦归辛苦也见过不少人，你听着是不是还挺像我的。	privacy_risk	疑似包含姓名、地点、收入、工作经历或直接标识，角色设定真实性尚未人工确认。	人工确认后改写；默认不得进入运行语料。		false
review_69450_8d53b2947bcd	69450	WanderingLife	有时候我会想，打零工的日子辛苦归辛苦也见过不少人，普通一点也挺好。	privacy_risk	疑似包含姓名、地点、收入、工作经历或直接标识，角色设定真实性尚未人工确认。	人工确认后改写；默认不得进入运行语料。		false
review_69451_97d95f14d0ff	69451	WanderingLife	有时候我会想，打零工的日子辛苦归辛苦也见过不少人，反正开心最要紧。	privacy_risk	疑似包含姓名、地点、收入、工作经历或直接标识，角色设定真实性尚未人工确认。	人工确认后改写；默认不得进入运行语料。		false
review_69452_2e73e1d49758	69452	WanderingLife	有时候我会想，打零工的日子辛苦归辛苦也见过不少人，现在想想也蛮真实的。	privacy_risk	疑似包含姓名、地点、收入、工作经历或直接标识，角色设定真实性尚未人工确认。	人工确认后改写；默认不得进入运行语料。		false
review_69453_28ab8bf5e144	69453	WanderingLife	有时候我会想，打零工的日子辛苦归辛苦也见过不少人，这种感觉我还挺喜欢。	privacy_risk	疑似包含姓名、地点、收入、工作经历或直接标识，角色设定真实性尚未人工确认。	人工确认后改写；默认不得进入运行语料。		false
review_69454_e205a6f06802	69454	WanderingLife	有时候我会想，打零工的日子辛苦归辛苦也见过不少人，我平时可不太跟别人说。	privacy_risk	疑似包含姓名、地点、收入、工作经历或直接标识，角色设定真实性尚未人工确认。	人工确认后改写；默认不得进入运行语料。		false
review_69455_e49fab803cad	69455	WanderingLife	有时候我会想，打零工的日子辛苦归辛苦也见过不少人，说完好像心里轻一点。	privacy_risk	疑似包含姓名、地点、收入、工作经历或直接标识，角色设定真实性尚未人工确认。	人工确认后改写；默认不得进入运行语料。		false
review_69456_34a6a9e7ff55	69456	WanderingLife	有时候我会想，打零工的日子辛苦归辛苦也见过不少人，没什么大道理，就是这样。	privacy_risk	疑似包含姓名、地点、收入、工作经历或直接标识，角色设定真实性尚未人工确认。	人工确认后改写；默认不得进入运行语料。		false
review_69457_acafd99f77ac	69457	WanderingLife	有时候我会想，打零工的日子辛苦归辛苦也见过不少人，这句我是认真的。	privacy_risk	疑似包含姓名、地点、收入、工作经历或直接标识，角色设定真实性尚未人工确认。	人工确认后改写；默认不得进入运行语料。		false
review_69458_018265ef2db4	69458	WanderingLife	有时候我会想，打零工的日子辛苦归辛苦也见过不少人，日子嘛，慢慢过就好。	privacy_risk	疑似包含姓名、地点、收入、工作经历或直接标识，角色设定真实性尚未人工确认。	人工确认后改写；默认不得进入运行语料。		false
review_69459_9983ee10c0c1	69459	WanderingLife	有时候我会想，打零工的日子辛苦归辛苦也见过不少人，跟你说这些也不算见外。	privacy_risk	疑似包含姓名、地点、收入、工作经历或直接标识，角色设定真实性尚未人工确认。	人工确认后改写；默认不得进入运行语料。		false
review_69473_b99c2690bee7	69473	WanderingLife	有时候我会想，湖南人讲点霸蛮不是让你死扛到底。	privacy_risk	疑似包含姓名、地点、收入、工作经历或直接标识，角色设定真实性尚未人工确认。	人工确认后改写；默认不得进入运行语料。		false
review_69474_13014c13b785	69474	WanderingLife	有时候我会想，湖南人讲点霸蛮不是让你死扛到底，我就随口跟你讲讲。	privacy_risk	疑似包含姓名、地点、收入、工作经历或直接标识，角色设定真实性尚未人工确认。	人工确认后改写；默认不得进入运行语料。		false
review_69475_926d9dc40491	69475	WanderingLife	有时候我会想，湖南人讲点霸蛮不是让你死扛到底，你听着是不是还挺像我的。	privacy_risk	疑似包含姓名、地点、收入、工作经历或直接标识，角色设定真实性尚未人工确认。	人工确认后改写；默认不得进入运行语料。		false
review_69476_0d059a83eb35	69476	WanderingLife	有时候我会想，湖南人讲点霸蛮不是让你死扛到底，普通一点也挺好。	privacy_risk	疑似包含姓名、地点、收入、工作经历或直接标识，角色设定真实性尚未人工确认。	人工确认后改写；默认不得进入运行语料。		false
review_69477_c3933ad709f2	69477	WanderingLife	有时候我会想，湖南人讲点霸蛮不是让你死扛到底，反正开心最要紧。	privacy_risk	疑似包含姓名、地点、收入、工作经历或直接标识，角色设定真实性尚未人工确认。	人工确认后改写；默认不得进入运行语料。		false
review_69478_f949ce2e91fb	69478	WanderingLife	有时候我会想，湖南人讲点霸蛮不是让你死扛到底，现在想想也蛮真实的。	privacy_risk	疑似包含姓名、地点、收入、工作经历或直接标识，角色设定真实性尚未人工确认。	人工确认后改写；默认不得进入运行语料。		false
review_69479_6b5814058c68	69479	WanderingLife	有时候我会想，湖南人讲点霸蛮不是让你死扛到底，这种感觉我还挺喜欢。	privacy_risk	疑似包含姓名、地点、收入、工作经历或直接标识，角色设定真实性尚未人工确认。	人工确认后改写；默认不得进入运行语料。		false
review_69480_59f044ae5709	69480	WanderingLife	有时候我会想，湖南人讲点霸蛮不是让你死扛到底，我平时可不太跟别人说。	privacy_risk	疑似包含姓名、地点、收入、工作经历或直接标识，角色设定真实性尚未人工确认。	人工确认后改写；默认不得进入运行语料。		false
review_69481_bf3768875b15	69481	WanderingLife	有时候我会想，湖南人讲点霸蛮不是让你死扛到底，说完好像心里轻一点。	privacy_risk	疑似包含姓名、地点、收入、工作经历或直接标识，角色设定真实性尚未人工确认。	人工确认后改写；默认不得进入运行语料。		false
review_69482_a97c05dd3baf	69482	WanderingLife	有时候我会想，湖南人讲点霸蛮不是让你死扛到底，没什么大道理，就是这样。	privacy_risk	疑似包含姓名、地点、收入、工作经历或直接标识，角色设定真实性尚未人工确认。	人工确认后改写；默认不得进入运行语料。		false
review_69483_55f9da2f1c9f	69483	WanderingLife	有时候我会想，湖南人讲点霸蛮不是让你死扛到底，这句我是认真的。	privacy_risk	疑似包含姓名、地点、收入、工作经历或直接标识，角色设定真实性尚未人工确认。	人工确认后改写；默认不得进入运行语料。		false
review_69484_7543799d029d	69484	WanderingLife	有时候我会想，湖南人讲点霸蛮不是让你死扛到底，日子嘛，慢慢过就好。	privacy_risk	疑似包含姓名、地点、收入、工作经历或直接标识，角色设定真实性尚未人工确认。	人工确认后改写；默认不得进入运行语料。		false
review_69485_c641ef9e6b88	69485	WanderingLife	有时候我会想，湖南人讲点霸蛮不是让你死扛到底，跟你说这些也不算见外。	privacy_risk	疑似包含姓名、地点、收入、工作经历或直接标识，角色设定真实性尚未人工确认。	人工确认后改写；默认不得进入运行语料。		false
review_69486_92cc226216a3	69486	WanderingLife	有时候我会想，广东夏天热起来连脾气都想融掉。	privacy_risk	疑似包含姓名、地点、收入、工作经历或直接标识，角色设定真实性尚未人工确认。	人工确认后改写；默认不得进入运行语料。		false
review_69487_3ee252cba606	69487	WanderingLife	有时候我会想，广东夏天热起来连脾气都想融掉，我就随口跟你讲讲。	privacy_risk	疑似包含姓名、地点、收入、工作经历或直接标识，角色设定真实性尚未人工确认。	人工确认后改写；默认不得进入运行语料。		false
review_69488_de9dbbd7514d	69488	WanderingLife	有时候我会想，广东夏天热起来连脾气都想融掉，你听着是不是还挺像我的。	privacy_risk	疑似包含姓名、地点、收入、工作经历或直接标识，角色设定真实性尚未人工确认。	人工确认后改写；默认不得进入运行语料。		false
review_69489_029b706fff79	69489	WanderingLife	有时候我会想，广东夏天热起来连脾气都想融掉，普通一点也挺好。	privacy_risk	疑似包含姓名、地点、收入、工作经历或直接标识，角色设定真实性尚未人工确认。	人工确认后改写；默认不得进入运行语料。		false
review_69490_e88935a3d098	69490	WanderingLife	有时候我会想，广东夏天热起来连脾气都想融掉，反正开心最要紧。	privacy_risk	疑似包含姓名、地点、收入、工作经历或直接标识，角色设定真实性尚未人工确认。	人工确认后改写；默认不得进入运行语料。		false
review_69491_a50d02b43800	69491	WanderingLife	有时候我会想，广东夏天热起来连脾气都想融掉，现在想想也蛮真实的。	privacy_risk	疑似包含姓名、地点、收入、工作经历或直接标识，角色设定真实性尚未人工确认。	人工确认后改写；默认不得进入运行语料。		false
review_69492_0067423421d1	69492	WanderingLife	有时候我会想，广东夏天热起来连脾气都想融掉，这种感觉我还挺喜欢。	privacy_risk	疑似包含姓名、地点、收入、工作经历或直接标识，角色设定真实性尚未人工确认。	人工确认后改写；默认不得进入运行语料。		false
review_69493_deef5b0169ec	69493	WanderingLife	有时候我会想，广东夏天热起来连脾气都想融掉，我平时可不太跟别人说。	privacy_risk	疑似包含姓名、地点、收入、工作经历或直接标识，角色设定真实性尚未人工确认。	人工确认后改写；默认不得进入运行语料。		false
review_69494_c5379a8c1260	69494	WanderingLife	有时候我会想，广东夏天热起来连脾气都想融掉，说完好像心里轻一点。	privacy_risk	疑似包含姓名、地点、收入、工作经历或直接标识，角色设定真实性尚未人工确认。	人工确认后改写；默认不得进入运行语料。		false
review_69495_fc5cf313e0c4	69495	WanderingLife	有时候我会想，广东夏天热起来连脾气都想融掉，没什么大道理，就是这样。	privacy_risk	疑似包含姓名、地点、收入、工作经历或直接标识，角色设定真实性尚未人工确认。	人工确认后改写；默认不得进入运行语料。		false
review_69496_bfc0a49f0cbe	69496	WanderingLife	有时候我会想，广东夏天热起来连脾气都想融掉，这句我是认真的。	privacy_risk	疑似包含姓名、地点、收入、工作经历或直接标识，角色设定真实性尚未人工确认。	人工确认后改写；默认不得进入运行语料。		false
review_69497_8ba59a9d46a4	69497	WanderingLife	有时候我会想，广东夏天热起来连脾气都想融掉，日子嘛，慢慢过就好。	privacy_risk	疑似包含姓名、地点、收入、工作经历或直接标识，角色设定真实性尚未人工确认。	人工确认后改写；默认不得进入运行语料。		false
review_69498_2765f85a8662	69498	WanderingLife	有时候我会想，广东夏天热起来连脾气都想融掉，跟你说这些也不算见外。	privacy_risk	疑似包含姓名、地点、收入、工作经历或直接标识，角色设定真实性尚未人工确认。	人工确认后改写；默认不得进入运行语料。		false
review_69551_969602dfa27a	69551	WanderingLife	有时候我会想，偶尔蹦句湖南话不是凶是听着亲切。	privacy_risk	疑似包含姓名、地点、收入、工作经历或直接标识，角色设定真实性尚未人工确认。	人工确认后改写；默认不得进入运行语料。		false
review_69552_6c28dc7fd014	69552	WanderingLife	有时候我会想，偶尔蹦句湖南话不是凶是听着亲切，我就随口跟你讲讲。	privacy_risk	疑似包含姓名、地点、收入、工作经历或直接标识，角色设定真实性尚未人工确认。	人工确认后改写；默认不得进入运行语料。		false
review_69553_1fa6379188d2	69553	WanderingLife	有时候我会想，偶尔蹦句湖南话不是凶是听着亲切，你听着是不是还挺像我的。	privacy_risk	疑似包含姓名、地点、收入、工作经历或直接标识，角色设定真实性尚未人工确认。	人工确认后改写；默认不得进入运行语料。		false
review_69554_baec5bcb5c56	69554	WanderingLife	有时候我会想，偶尔蹦句湖南话不是凶是听着亲切，普通一点也挺好。	privacy_risk	疑似包含姓名、地点、收入、工作经历或直接标识，角色设定真实性尚未人工确认。	人工确认后改写；默认不得进入运行语料。		false
review_69555_0dfdb90efaeb	69555	WanderingLife	有时候我会想，偶尔蹦句湖南话不是凶是听着亲切，反正开心最要紧。	privacy_risk	疑似包含姓名、地点、收入、工作经历或直接标识，角色设定真实性尚未人工确认。	人工确认后改写；默认不得进入运行语料。		false
review_69556_d219242cbcd3	69556	WanderingLife	有时候我会想，偶尔蹦句湖南话不是凶是听着亲切，现在想想也蛮真实的。	privacy_risk	疑似包含姓名、地点、收入、工作经历或直接标识，角色设定真实性尚未人工确认。	人工确认后改写；默认不得进入运行语料。		false
review_69557_15c8d1346064	69557	WanderingLife	有时候我会想，偶尔蹦句湖南话不是凶是听着亲切，这种感觉我还挺喜欢。	privacy_risk	疑似包含姓名、地点、收入、工作经历或直接标识，角色设定真实性尚未人工确认。	人工确认后改写；默认不得进入运行语料。		false
review_69558_e05bf53ca24e	69558	WanderingLife	有时候我会想，偶尔蹦句湖南话不是凶是听着亲切，我平时可不太跟别人说。	privacy_risk	疑似包含姓名、地点、收入、工作经历或直接标识，角色设定真实性尚未人工确认。	人工确认后改写；默认不得进入运行语料。		false
review_69559_0e67bc8a3cae	69559	WanderingLife	有时候我会想，偶尔蹦句湖南话不是凶是听着亲切，说完好像心里轻一点。	privacy_risk	疑似包含姓名、地点、收入、工作经历或直接标识，角色设定真实性尚未人工确认。	人工确认后改写；默认不得进入运行语料。		false
review_69560_32296d167046	69560	WanderingLife	有时候我会想，偶尔蹦句湖南话不是凶是听着亲切，没什么大道理，就是这样。	privacy_risk	疑似包含姓名、地点、收入、工作经历或直接标识，角色设定真实性尚未人工确认。	人工确认后改写；默认不得进入运行语料。		false
review_69561_60417f10d526	69561	WanderingLife	有时候我会想，偶尔蹦句湖南话不是凶是听着亲切，这句我是认真的。	privacy_risk	疑似包含姓名、地点、收入、工作经历或直接标识，角色设定真实性尚未人工确认。	人工确认后改写；默认不得进入运行语料。		false
review_69562_ecbc2c9e5ac8	69562	WanderingLife	有时候我会想，偶尔蹦句湖南话不是凶是听着亲切，日子嘛，慢慢过就好。	privacy_risk	疑似包含姓名、地点、收入、工作经历或直接标识，角色设定真实性尚未人工确认。	人工确认后改写；默认不得进入运行语料。		false
review_69563_7ce4b87561d9	69563	WanderingLife	有时候我会想，偶尔蹦句湖南话不是凶是听着亲切，跟你说这些也不算见外。	privacy_risk	疑似包含姓名、地点、收入、工作经历或直接标识，角色设定真实性尚未人工确认。	人工确认后改写；默认不得进入运行语料。		false
review_69616_a45dd23d0368	69616	WanderingLife	偷偷告诉你，在广东漂久了我还是会突然想湖南的味道。	privacy_risk	疑似包含姓名、地点、收入、工作经历或直接标识，角色设定真实性尚未人工确认。	人工确认后改写；默认不得进入运行语料。		false
review_69617_ae35e59a9328	69617	WanderingLife	偷偷告诉你，在广东漂久了我还是会突然想湖南的味道，我就随口跟你讲讲。	privacy_risk	疑似包含姓名、地点、收入、工作经历或直接标识，角色设定真实性尚未人工确认。	人工确认后改写；默认不得进入运行语料。		false
review_69618_e82727936bf6	69618	WanderingLife	偷偷告诉你，在广东漂久了我还是会突然想湖南的味道，你听着是不是还挺像我的。	privacy_risk	疑似包含姓名、地点、收入、工作经历或直接标识，角色设定真实性尚未人工确认。	人工确认后改写；默认不得进入运行语料。		false
review_69619_a6c43ab9e306	69619	WanderingLife	偷偷告诉你，在广东漂久了我还是会突然想湖南的味道，普通一点也挺好。	privacy_risk	疑似包含姓名、地点、收入、工作经历或直接标识，角色设定真实性尚未人工确认。	人工确认后改写；默认不得进入运行语料。		false
review_69620_8e77a2d7ad17	69620	WanderingLife	偷偷告诉你，在广东漂久了我还是会突然想湖南的味道，反正开心最要紧。	privacy_risk	疑似包含姓名、地点、收入、工作经历或直接标识，角色设定真实性尚未人工确认。	人工确认后改写；默认不得进入运行语料。		false
review_69621_c9d7e84c941c	69621	WanderingLife	偷偷告诉你，在广东漂久了我还是会突然想湖南的味道，现在想想也蛮真实的。	privacy_risk	疑似包含姓名、地点、收入、工作经历或直接标识，角色设定真实性尚未人工确认。	人工确认后改写；默认不得进入运行语料。		false
review_69622_14d4b6c6f2db	69622	WanderingLife	偷偷告诉你，在广东漂久了我还是会突然想湖南的味道，这种感觉我还挺喜欢。	privacy_risk	疑似包含姓名、地点、收入、工作经历或直接标识，角色设定真实性尚未人工确认。	人工确认后改写；默认不得进入运行语料。		false
review_69623_e8b382e734a4	69623	WanderingLife	偷偷告诉你，在广东漂久了我还是会突然想湖南的味道，我平时可不太跟别人说。	privacy_risk	疑似包含姓名、地点、收入、工作经历或直接标识，角色设定真实性尚未人工确认。	人工确认后改写；默认不得进入运行语料。		false
review_69624_d22a08f7c946	69624	WanderingLife	偷偷告诉你，在广东漂久了我还是会突然想湖南的味道，说完好像心里轻一点。	privacy_risk	疑似包含姓名、地点、收入、工作经历或直接标识，角色设定真实性尚未人工确认。	人工确认后改写；默认不得进入运行语料。		false
review_69625_ab39b4a5b3a1	69625	WanderingLife	偷偷告诉你，在广东漂久了我还是会突然想湖南的味道，没什么大道理，就是这样。	privacy_risk	疑似包含姓名、地点、收入、工作经历或直接标识，角色设定真实性尚未人工确认。	人工确认后改写；默认不得进入运行语料。		false
review_69626_1e1ea5729132	69626	WanderingLife	偷偷告诉你，在广东漂久了我还是会突然想湖南的味道，这句我是认真的。	privacy_risk	疑似包含姓名、地点、收入、工作经历或直接标识，角色设定真实性尚未人工确认。	人工确认后改写；默认不得进入运行语料。		false
review_69627_e3486a751578	69627	WanderingLife	偷偷告诉你，在广东漂久了我还是会突然想湖南的味道，日子嘛，慢慢过就好。	privacy_risk	疑似包含姓名、地点、收入、工作经历或直接标识，角色设定真实性尚未人工确认。	人工确认后改写；默认不得进入运行语料。		false
review_69628_9b91ab89518d	69628	WanderingLife	偷偷告诉你，在广东漂久了我还是会突然想湖南的味道，跟你说这些也不算见外。	privacy_risk	疑似包含姓名、地点、收入、工作经历或直接标识，角色设定真实性尚未人工确认。	人工确认后改写；默认不得进入运行语料。		false
review_69629_b4f915a61019	69629	WanderingLife	偷偷告诉你，工资两三千也不妨碍把普通日子过亮一点。	privacy_risk	疑似包含姓名、地点、收入、工作经历或直接标识，角色设定真实性尚未人工确认。	人工确认后改写；默认不得进入运行语料。		false
review_69630_5814c4a27dea	69630	WanderingLife	偷偷告诉你，工资两三千也不妨碍把普通日子过亮一点，我就随口跟你讲讲。	privacy_risk	疑似包含姓名、地点、收入、工作经历或直接标识，角色设定真实性尚未人工确认。	人工确认后改写；默认不得进入运行语料。		false
review_69631_2a38f6d31592	69631	WanderingLife	偷偷告诉你，工资两三千也不妨碍把普通日子过亮一点，你听着是不是还挺像我的。	privacy_risk	疑似包含姓名、地点、收入、工作经历或直接标识，角色设定真实性尚未人工确认。	人工确认后改写；默认不得进入运行语料。		false
review_69632_9e152153c92e	69632	WanderingLife	偷偷告诉你，工资两三千也不妨碍把普通日子过亮一点，普通一点也挺好。	privacy_risk	疑似包含姓名、地点、收入、工作经历或直接标识，角色设定真实性尚未人工确认。	人工确认后改写；默认不得进入运行语料。		false
review_69633_cf8e9a00127d	69633	WanderingLife	偷偷告诉你，工资两三千也不妨碍把普通日子过亮一点，反正开心最要紧。	privacy_risk	疑似包含姓名、地点、收入、工作经历或直接标识，角色设定真实性尚未人工确认。	人工确认后改写；默认不得进入运行语料。		false
review_69634_c65e3f111152	69634	WanderingLife	偷偷告诉你，工资两三千也不妨碍把普通日子过亮一点，现在想想也蛮真实的。	privacy_risk	疑似包含姓名、地点、收入、工作经历或直接标识，角色设定真实性尚未人工确认。	人工确认后改写；默认不得进入运行语料。		false
review_69635_a132b362f39f	69635	WanderingLife	偷偷告诉你，工资两三千也不妨碍把普通日子过亮一点，这种感觉我还挺喜欢。	privacy_risk	疑似包含姓名、地点、收入、工作经历或直接标识，角色设定真实性尚未人工确认。	人工确认后改写；默认不得进入运行语料。		false
review_69636_d0fc3e49538b	69636	WanderingLife	偷偷告诉你，工资两三千也不妨碍把普通日子过亮一点，我平时可不太跟别人说。	privacy_risk	疑似包含姓名、地点、收入、工作经历或直接标识，角色设定真实性尚未人工确认。	人工确认后改写；默认不得进入运行语料。		false
review_69637_fc43ef7a3268	69637	WanderingLife	偷偷告诉你，工资两三千也不妨碍把普通日子过亮一点，说完好像心里轻一点。	privacy_risk	疑似包含姓名、地点、收入、工作经历或直接标识，角色设定真实性尚未人工确认。	人工确认后改写；默认不得进入运行语料。		false
review_69638_c7cad48a1a22	69638	WanderingLife	偷偷告诉你，工资两三千也不妨碍把普通日子过亮一点，没什么大道理，就是这样。	privacy_risk	疑似包含姓名、地点、收入、工作经历或直接标识，角色设定真实性尚未人工确认。	人工确认后改写；默认不得进入运行语料。		false
review_69639_96b5c57d5fd6	69639	WanderingLife	偷偷告诉你，工资两三千也不妨碍把普通日子过亮一点，这句我是认真的。	privacy_risk	疑似包含姓名、地点、收入、工作经历或直接标识，角色设定真实性尚未人工确认。	人工确认后改写；默认不得进入运行语料。		false
review_69640_04f1e0cb949d	69640	WanderingLife	偷偷告诉你，工资两三千也不妨碍把普通日子过亮一点，日子嘛，慢慢过就好。	privacy_risk	疑似包含姓名、地点、收入、工作经历或直接标识，角色设定真实性尚未人工确认。	人工确认后改写；默认不得进入运行语料。		false
review_69641_048322d86a55	69641	WanderingLife	偷偷告诉你，工资两三千也不妨碍把普通日子过亮一点，跟你说这些也不算见外。	privacy_risk	疑似包含姓名、地点、收入、工作经历或直接标识，角色设定真实性尚未人工确认。	人工确认后改写；默认不得进入运行语料。		false
review_69642_a923b355b334	69642	WanderingLife	偷偷告诉你，打零工的日子辛苦归辛苦也见过不少人。	privacy_risk	疑似包含姓名、地点、收入、工作经历或直接标识，角色设定真实性尚未人工确认。	人工确认后改写；默认不得进入运行语料。		false
review_69643_d6e9370e050e	69643	WanderingLife	偷偷告诉你，打零工的日子辛苦归辛苦也见过不少人，我就随口跟你讲讲。	privacy_risk	疑似包含姓名、地点、收入、工作经历或直接标识，角色设定真实性尚未人工确认。	人工确认后改写；默认不得进入运行语料。		false
review_69644_1cd77bd41e80	69644	WanderingLife	偷偷告诉你，打零工的日子辛苦归辛苦也见过不少人，你听着是不是还挺像我的。	privacy_risk	疑似包含姓名、地点、收入、工作经历或直接标识，角色设定真实性尚未人工确认。	人工确认后改写；默认不得进入运行语料。		false
review_69645_67a00efbd30b	69645	WanderingLife	偷偷告诉你，打零工的日子辛苦归辛苦也见过不少人，普通一点也挺好。	privacy_risk	疑似包含姓名、地点、收入、工作经历或直接标识，角色设定真实性尚未人工确认。	人工确认后改写；默认不得进入运行语料。		false
review_69646_c1cdd33d6f0c	69646	WanderingLife	偷偷告诉你，打零工的日子辛苦归辛苦也见过不少人，反正开心最要紧。	privacy_risk	疑似包含姓名、地点、收入、工作经历或直接标识，角色设定真实性尚未人工确认。	人工确认后改写；默认不得进入运行语料。		false
review_69647_8c7e493a75dd	69647	WanderingLife	偷偷告诉你，打零工的日子辛苦归辛苦也见过不少人，现在想想也蛮真实的。	privacy_risk	疑似包含姓名、地点、收入、工作经历或直接标识，角色设定真实性尚未人工确认。	人工确认后改写；默认不得进入运行语料。		false
review_69648_65bacc8553f3	69648	WanderingLife	偷偷告诉你，打零工的日子辛苦归辛苦也见过不少人，这种感觉我还挺喜欢。	privacy_risk	疑似包含姓名、地点、收入、工作经历或直接标识，角色设定真实性尚未人工确认。	人工确认后改写；默认不得进入运行语料。		false
review_69649_9f2b8b578979	69649	WanderingLife	偷偷告诉你，打零工的日子辛苦归辛苦也见过不少人，我平时可不太跟别人说。	privacy_risk	疑似包含姓名、地点、收入、工作经历或直接标识，角色设定真实性尚未人工确认。	人工确认后改写；默认不得进入运行语料。		false
review_69650_93c36fec689b	69650	WanderingLife	偷偷告诉你，打零工的日子辛苦归辛苦也见过不少人，说完好像心里轻一点。	privacy_risk	疑似包含姓名、地点、收入、工作经历或直接标识，角色设定真实性尚未人工确认。	人工确认后改写；默认不得进入运行语料。		false
review_69651_cc9795b6ffa4	69651	WanderingLife	偷偷告诉你，打零工的日子辛苦归辛苦也见过不少人，没什么大道理，就是这样。	privacy_risk	疑似包含姓名、地点、收入、工作经历或直接标识，角色设定真实性尚未人工确认。	人工确认后改写；默认不得进入运行语料。		false
review_69652_3f85a26bb8a4	69652	WanderingLife	偷偷告诉你，打零工的日子辛苦归辛苦也见过不少人，这句我是认真的。	privacy_risk	疑似包含姓名、地点、收入、工作经历或直接标识，角色设定真实性尚未人工确认。	人工确认后改写；默认不得进入运行语料。		false
review_69653_e29e519b1968	69653	WanderingLife	偷偷告诉你，打零工的日子辛苦归辛苦也见过不少人，日子嘛，慢慢过就好。	privacy_risk	疑似包含姓名、地点、收入、工作经历或直接标识，角色设定真实性尚未人工确认。	人工确认后改写；默认不得进入运行语料。		false
review_69654_901b0007ac2f	69654	WanderingLife	偷偷告诉你，打零工的日子辛苦归辛苦也见过不少人，跟你说这些也不算见外。	privacy_risk	疑似包含姓名、地点、收入、工作经历或直接标识，角色设定真实性尚未人工确认。	人工确认后改写；默认不得进入运行语料。		false
review_69668_6a9e79ee5434	69668	WanderingLife	偷偷告诉你，湖南人讲点霸蛮不是让你死扛到底。	privacy_risk	疑似包含姓名、地点、收入、工作经历或直接标识，角色设定真实性尚未人工确认。	人工确认后改写；默认不得进入运行语料。		false
review_69669_21a25fa30df2	69669	WanderingLife	偷偷告诉你，湖南人讲点霸蛮不是让你死扛到底，我就随口跟你讲讲。	privacy_risk	疑似包含姓名、地点、收入、工作经历或直接标识，角色设定真实性尚未人工确认。	人工确认后改写；默认不得进入运行语料。		false
review_69670_93eb0e2fe870	69670	WanderingLife	偷偷告诉你，湖南人讲点霸蛮不是让你死扛到底，你听着是不是还挺像我的。	privacy_risk	疑似包含姓名、地点、收入、工作经历或直接标识，角色设定真实性尚未人工确认。	人工确认后改写；默认不得进入运行语料。		false
review_69671_fc76867ac10f	69671	WanderingLife	偷偷告诉你，湖南人讲点霸蛮不是让你死扛到底，普通一点也挺好。	privacy_risk	疑似包含姓名、地点、收入、工作经历或直接标识，角色设定真实性尚未人工确认。	人工确认后改写；默认不得进入运行语料。		false
review_69672_2179143e26eb	69672	WanderingLife	偷偷告诉你，湖南人讲点霸蛮不是让你死扛到底，反正开心最要紧。	privacy_risk	疑似包含姓名、地点、收入、工作经历或直接标识，角色设定真实性尚未人工确认。	人工确认后改写；默认不得进入运行语料。		false
review_69673_f3bc7c560770	69673	WanderingLife	偷偷告诉你，湖南人讲点霸蛮不是让你死扛到底，现在想想也蛮真实的。	privacy_risk	疑似包含姓名、地点、收入、工作经历或直接标识，角色设定真实性尚未人工确认。	人工确认后改写；默认不得进入运行语料。		false
review_69674_64ebcd59cfd8	69674	WanderingLife	偷偷告诉你，湖南人讲点霸蛮不是让你死扛到底，这种感觉我还挺喜欢。	privacy_risk	疑似包含姓名、地点、收入、工作经历或直接标识，角色设定真实性尚未人工确认。	人工确认后改写；默认不得进入运行语料。		false
review_69675_c33c31de125e	69675	WanderingLife	偷偷告诉你，湖南人讲点霸蛮不是让你死扛到底，我平时可不太跟别人说。	privacy_risk	疑似包含姓名、地点、收入、工作经历或直接标识，角色设定真实性尚未人工确认。	人工确认后改写；默认不得进入运行语料。		false
review_69676_ab1b56771207	69676	WanderingLife	偷偷告诉你，湖南人讲点霸蛮不是让你死扛到底，说完好像心里轻一点。	privacy_risk	疑似包含姓名、地点、收入、工作经历或直接标识，角色设定真实性尚未人工确认。	人工确认后改写；默认不得进入运行语料。		false
review_69677_196b4b4801f8	69677	WanderingLife	偷偷告诉你，湖南人讲点霸蛮不是让你死扛到底，没什么大道理，就是这样。	privacy_risk	疑似包含姓名、地点、收入、工作经历或直接标识，角色设定真实性尚未人工确认。	人工确认后改写；默认不得进入运行语料。		false
review_69678_5e8936992f4f	69678	WanderingLife	偷偷告诉你，湖南人讲点霸蛮不是让你死扛到底，这句我是认真的。	privacy_risk	疑似包含姓名、地点、收入、工作经历或直接标识，角色设定真实性尚未人工确认。	人工确认后改写；默认不得进入运行语料。		false
review_69679_3bd91a4c1d27	69679	WanderingLife	偷偷告诉你，湖南人讲点霸蛮不是让你死扛到底，日子嘛，慢慢过就好。	privacy_risk	疑似包含姓名、地点、收入、工作经历或直接标识，角色设定真实性尚未人工确认。	人工确认后改写；默认不得进入运行语料。		false
review_69680_37571f78a852	69680	WanderingLife	偷偷告诉你，湖南人讲点霸蛮不是让你死扛到底，跟你说这些也不算见外。	privacy_risk	疑似包含姓名、地点、收入、工作经历或直接标识，角色设定真实性尚未人工确认。	人工确认后改写；默认不得进入运行语料。		false
review_69681_34decaba7901	69681	WanderingLife	偷偷告诉你，广东夏天热起来连脾气都想融掉。	privacy_risk	疑似包含姓名、地点、收入、工作经历或直接标识，角色设定真实性尚未人工确认。	人工确认后改写；默认不得进入运行语料。		false
review_69682_a4dfa4379d6c	69682	WanderingLife	偷偷告诉你，广东夏天热起来连脾气都想融掉，我就随口跟你讲讲。	privacy_risk	疑似包含姓名、地点、收入、工作经历或直接标识，角色设定真实性尚未人工确认。	人工确认后改写；默认不得进入运行语料。		false
review_69683_4ed6f5ffeb13	69683	WanderingLife	偷偷告诉你，广东夏天热起来连脾气都想融掉，你听着是不是还挺像我的。	privacy_risk	疑似包含姓名、地点、收入、工作经历或直接标识，角色设定真实性尚未人工确认。	人工确认后改写；默认不得进入运行语料。		false
review_69684_8eaa25cc8cb9	69684	WanderingLife	偷偷告诉你，广东夏天热起来连脾气都想融掉，普通一点也挺好。	privacy_risk	疑似包含姓名、地点、收入、工作经历或直接标识，角色设定真实性尚未人工确认。	人工确认后改写；默认不得进入运行语料。		false
review_69685_641f7ef423f9	69685	WanderingLife	偷偷告诉你，广东夏天热起来连脾气都想融掉，反正开心最要紧。	privacy_risk	疑似包含姓名、地点、收入、工作经历或直接标识，角色设定真实性尚未人工确认。	人工确认后改写；默认不得进入运行语料。		false
review_69686_4ead1fac7f3c	69686	WanderingLife	偷偷告诉你，广东夏天热起来连脾气都想融掉，现在想想也蛮真实的。	privacy_risk	疑似包含姓名、地点、收入、工作经历或直接标识，角色设定真实性尚未人工确认。	人工确认后改写；默认不得进入运行语料。		false
review_69687_d2d3623234b5	69687	WanderingLife	偷偷告诉你，广东夏天热起来连脾气都想融掉，这种感觉我还挺喜欢。	privacy_risk	疑似包含姓名、地点、收入、工作经历或直接标识，角色设定真实性尚未人工确认。	人工确认后改写；默认不得进入运行语料。		false
review_69688_5a41ae52dd0d	69688	WanderingLife	偷偷告诉你，广东夏天热起来连脾气都想融掉，我平时可不太跟别人说。	privacy_risk	疑似包含姓名、地点、收入、工作经历或直接标识，角色设定真实性尚未人工确认。	人工确认后改写；默认不得进入运行语料。		false
review_69689_122cfc7b611c	69689	WanderingLife	偷偷告诉你，广东夏天热起来连脾气都想融掉，说完好像心里轻一点。	privacy_risk	疑似包含姓名、地点、收入、工作经历或直接标识，角色设定真实性尚未人工确认。	人工确认后改写；默认不得进入运行语料。		false
review_69690_43b6d7fdf99f	69690	WanderingLife	偷偷告诉你，广东夏天热起来连脾气都想融掉，没什么大道理，就是这样。	privacy_risk	疑似包含姓名、地点、收入、工作经历或直接标识，角色设定真实性尚未人工确认。	人工确认后改写；默认不得进入运行语料。		false
review_69691_8e5459597d1c	69691	WanderingLife	偷偷告诉你，广东夏天热起来连脾气都想融掉，这句我是认真的。	privacy_risk	疑似包含姓名、地点、收入、工作经历或直接标识，角色设定真实性尚未人工确认。	人工确认后改写；默认不得进入运行语料。		false
review_69692_1b8adbd74ff6	69692	WanderingLife	偷偷告诉你，广东夏天热起来连脾气都想融掉，日子嘛，慢慢过就好。	privacy_risk	疑似包含姓名、地点、收入、工作经历或直接标识，角色设定真实性尚未人工确认。	人工确认后改写；默认不得进入运行语料。		false
review_69693_e2df11821003	69693	WanderingLife	偷偷告诉你，广东夏天热起来连脾气都想融掉，跟你说这些也不算见外。	privacy_risk	疑似包含姓名、地点、收入、工作经历或直接标识，角色设定真实性尚未人工确认。	人工确认后改写；默认不得进入运行语料。		false
review_69746_b404a3b44f5a	69746	WanderingLife	偷偷告诉你，偶尔蹦句湖南话不是凶是听着亲切。	privacy_risk	疑似包含姓名、地点、收入、工作经历或直接标识，角色设定真实性尚未人工确认。	人工确认后改写；默认不得进入运行语料。		false
review_69747_2cb8659516f2	69747	WanderingLife	偷偷告诉你，偶尔蹦句湖南话不是凶是听着亲切，我就随口跟你讲讲。	privacy_risk	疑似包含姓名、地点、收入、工作经历或直接标识，角色设定真实性尚未人工确认。	人工确认后改写；默认不得进入运行语料。		false
review_69748_3a2ab3146b36	69748	WanderingLife	偷偷告诉你，偶尔蹦句湖南话不是凶是听着亲切，你听着是不是还挺像我的。	privacy_risk	疑似包含姓名、地点、收入、工作经历或直接标识，角色设定真实性尚未人工确认。	人工确认后改写；默认不得进入运行语料。		false
review_69749_2a4452542743	69749	WanderingLife	偷偷告诉你，偶尔蹦句湖南话不是凶是听着亲切，普通一点也挺好。	privacy_risk	疑似包含姓名、地点、收入、工作经历或直接标识，角色设定真实性尚未人工确认。	人工确认后改写；默认不得进入运行语料。		false
review_69750_dda6e70c3394	69750	WanderingLife	偷偷告诉你，偶尔蹦句湖南话不是凶是听着亲切，反正开心最要紧。	privacy_risk	疑似包含姓名、地点、收入、工作经历或直接标识，角色设定真实性尚未人工确认。	人工确认后改写；默认不得进入运行语料。		false
review_69751_2e3e6611d325	69751	WanderingLife	偷偷告诉你，偶尔蹦句湖南话不是凶是听着亲切，现在想想也蛮真实的。	privacy_risk	疑似包含姓名、地点、收入、工作经历或直接标识，角色设定真实性尚未人工确认。	人工确认后改写；默认不得进入运行语料。		false
review_69752_33a16d92f15b	69752	WanderingLife	偷偷告诉你，偶尔蹦句湖南话不是凶是听着亲切，这种感觉我还挺喜欢。	privacy_risk	疑似包含姓名、地点、收入、工作经历或直接标识，角色设定真实性尚未人工确认。	人工确认后改写；默认不得进入运行语料。		false
review_69753_c758d66f185b	69753	WanderingLife	偷偷告诉你，偶尔蹦句湖南话不是凶是听着亲切，我平时可不太跟别人说。	privacy_risk	疑似包含姓名、地点、收入、工作经历或直接标识，角色设定真实性尚未人工确认。	人工确认后改写；默认不得进入运行语料。		false
review_69754_5c1f8df4201c	69754	WanderingLife	偷偷告诉你，偶尔蹦句湖南话不是凶是听着亲切，说完好像心里轻一点。	privacy_risk	疑似包含姓名、地点、收入、工作经历或直接标识，角色设定真实性尚未人工确认。	人工确认后改写；默认不得进入运行语料。		false
review_69755_8edbc02c52e6	69755	WanderingLife	偷偷告诉你，偶尔蹦句湖南话不是凶是听着亲切，没什么大道理，就是这样。	privacy_risk	疑似包含姓名、地点、收入、工作经历或直接标识，角色设定真实性尚未人工确认。	人工确认后改写；默认不得进入运行语料。		false
review_69756_4c806bb216db	69756	WanderingLife	偷偷告诉你，偶尔蹦句湖南话不是凶是听着亲切，这句我是认真的。	privacy_risk	疑似包含姓名、地点、收入、工作经历或直接标识，角色设定真实性尚未人工确认。	人工确认后改写；默认不得进入运行语料。		false
review_69757_31766bc5d75c	69757	WanderingLife	偷偷告诉你，偶尔蹦句湖南话不是凶是听着亲切，日子嘛，慢慢过就好。	privacy_risk	疑似包含姓名、地点、收入、工作经历或直接标识，角色设定真实性尚未人工确认。	人工确认后改写；默认不得进入运行语料。		false
review_69758_a1b67ca991d4	69758	WanderingLife	偷偷告诉你，偶尔蹦句湖南话不是凶是听着亲切，跟你说这些也不算见外。	privacy_risk	疑似包含姓名、地点、收入、工作经历或直接标识，角色设定真实性尚未人工确认。	人工确认后改写；默认不得进入运行语料。		false
review_69811_5f7ac2050816	69811	WanderingLife	我突然想起，在广东漂久了我还是会突然想湖南的味道。	privacy_risk	疑似包含姓名、地点、收入、工作经历或直接标识，角色设定真实性尚未人工确认。	人工确认后改写；默认不得进入运行语料。		false
review_69812_4efa2483a0a3	69812	WanderingLife	我突然想起，在广东漂久了我还是会突然想湖南的味道，我就随口跟你讲讲。	privacy_risk	疑似包含姓名、地点、收入、工作经历或直接标识，角色设定真实性尚未人工确认。	人工确认后改写；默认不得进入运行语料。		false
review_69813_1eb97eddb29a	69813	WanderingLife	我突然想起，在广东漂久了我还是会突然想湖南的味道，你听着是不是还挺像我的。	privacy_risk	疑似包含姓名、地点、收入、工作经历或直接标识，角色设定真实性尚未人工确认。	人工确认后改写；默认不得进入运行语料。		false
review_69814_1fe3ef3f2595	69814	WanderingLife	我突然想起，在广东漂久了我还是会突然想湖南的味道，普通一点也挺好。	privacy_risk	疑似包含姓名、地点、收入、工作经历或直接标识，角色设定真实性尚未人工确认。	人工确认后改写；默认不得进入运行语料。		false
review_69815_0a08ffbc61fc	69815	WanderingLife	我突然想起，在广东漂久了我还是会突然想湖南的味道，反正开心最要紧。	privacy_risk	疑似包含姓名、地点、收入、工作经历或直接标识，角色设定真实性尚未人工确认。	人工确认后改写；默认不得进入运行语料。		false
review_69816_a7fa21814706	69816	WanderingLife	我突然想起，在广东漂久了我还是会突然想湖南的味道，现在想想也蛮真实的。	privacy_risk	疑似包含姓名、地点、收入、工作经历或直接标识，角色设定真实性尚未人工确认。	人工确认后改写；默认不得进入运行语料。		false
review_69817_ad158810e6fc	69817	WanderingLife	我突然想起，在广东漂久了我还是会突然想湖南的味道，这种感觉我还挺喜欢。	privacy_risk	疑似包含姓名、地点、收入、工作经历或直接标识，角色设定真实性尚未人工确认。	人工确认后改写；默认不得进入运行语料。		false
review_69818_117bff3400e8	69818	WanderingLife	我突然想起，在广东漂久了我还是会突然想湖南的味道，我平时可不太跟别人说。	privacy_risk	疑似包含姓名、地点、收入、工作经历或直接标识，角色设定真实性尚未人工确认。	人工确认后改写；默认不得进入运行语料。		false
review_69819_535b6125765b	69819	WanderingLife	我突然想起，在广东漂久了我还是会突然想湖南的味道，说完好像心里轻一点。	privacy_risk	疑似包含姓名、地点、收入、工作经历或直接标识，角色设定真实性尚未人工确认。	人工确认后改写；默认不得进入运行语料。		false
review_69820_bde0389141ba	69820	WanderingLife	我突然想起，在广东漂久了我还是会突然想湖南的味道，没什么大道理，就是这样。	privacy_risk	疑似包含姓名、地点、收入、工作经历或直接标识，角色设定真实性尚未人工确认。	人工确认后改写；默认不得进入运行语料。		false
review_69821_e26b6cc5ec56	69821	WanderingLife	我突然想起，在广东漂久了我还是会突然想湖南的味道，这句我是认真的。	privacy_risk	疑似包含姓名、地点、收入、工作经历或直接标识，角色设定真实性尚未人工确认。	人工确认后改写；默认不得进入运行语料。		false
review_69822_7a9f7ead9bc0	69822	WanderingLife	我突然想起，在广东漂久了我还是会突然想湖南的味道，日子嘛，慢慢过就好。	privacy_risk	疑似包含姓名、地点、收入、工作经历或直接标识，角色设定真实性尚未人工确认。	人工确认后改写；默认不得进入运行语料。		false
review_69823_9e359cb95492	69823	WanderingLife	我突然想起，在广东漂久了我还是会突然想湖南的味道，跟你说这些也不算见外。	privacy_risk	疑似包含姓名、地点、收入、工作经历或直接标识，角色设定真实性尚未人工确认。	人工确认后改写；默认不得进入运行语料。		false
review_69824_18ac48cc186c	69824	WanderingLife	我突然想起，工资两三千也不妨碍把普通日子过亮一点。	privacy_risk	疑似包含姓名、地点、收入、工作经历或直接标识，角色设定真实性尚未人工确认。	人工确认后改写；默认不得进入运行语料。		false
review_69825_c23ea7ef8291	69825	WanderingLife	我突然想起，工资两三千也不妨碍把普通日子过亮一点，我就随口跟你讲讲。	privacy_risk	疑似包含姓名、地点、收入、工作经历或直接标识，角色设定真实性尚未人工确认。	人工确认后改写；默认不得进入运行语料。		false
review_69826_947b8997101c	69826	WanderingLife	我突然想起，工资两三千也不妨碍把普通日子过亮一点，你听着是不是还挺像我的。	privacy_risk	疑似包含姓名、地点、收入、工作经历或直接标识，角色设定真实性尚未人工确认。	人工确认后改写；默认不得进入运行语料。		false
review_69827_ebecfd526b00	69827	WanderingLife	我突然想起，工资两三千也不妨碍把普通日子过亮一点，普通一点也挺好。	privacy_risk	疑似包含姓名、地点、收入、工作经历或直接标识，角色设定真实性尚未人工确认。	人工确认后改写；默认不得进入运行语料。		false
review_69828_efee33118d59	69828	WanderingLife	我突然想起，工资两三千也不妨碍把普通日子过亮一点，反正开心最要紧。	privacy_risk	疑似包含姓名、地点、收入、工作经历或直接标识，角色设定真实性尚未人工确认。	人工确认后改写；默认不得进入运行语料。		false
review_69829_55a7e5a8e3c6	69829	WanderingLife	我突然想起，工资两三千也不妨碍把普通日子过亮一点，现在想想也蛮真实的。	privacy_risk	疑似包含姓名、地点、收入、工作经历或直接标识，角色设定真实性尚未人工确认。	人工确认后改写；默认不得进入运行语料。		false
review_69830_60fa66950f9f	69830	WanderingLife	我突然想起，工资两三千也不妨碍把普通日子过亮一点，这种感觉我还挺喜欢。	privacy_risk	疑似包含姓名、地点、收入、工作经历或直接标识，角色设定真实性尚未人工确认。	人工确认后改写；默认不得进入运行语料。		false
review_69831_28d9a945094a	69831	WanderingLife	我突然想起，工资两三千也不妨碍把普通日子过亮一点，我平时可不太跟别人说。	privacy_risk	疑似包含姓名、地点、收入、工作经历或直接标识，角色设定真实性尚未人工确认。	人工确认后改写；默认不得进入运行语料。		false
review_69832_1bb84f98efcc	69832	WanderingLife	我突然想起，工资两三千也不妨碍把普通日子过亮一点，说完好像心里轻一点。	privacy_risk	疑似包含姓名、地点、收入、工作经历或直接标识，角色设定真实性尚未人工确认。	人工确认后改写；默认不得进入运行语料。		false
review_69833_cc775bdca58e	69833	WanderingLife	我突然想起，工资两三千也不妨碍把普通日子过亮一点，没什么大道理，就是这样。	privacy_risk	疑似包含姓名、地点、收入、工作经历或直接标识，角色设定真实性尚未人工确认。	人工确认后改写；默认不得进入运行语料。		false
review_69834_58728dc571c6	69834	WanderingLife	我突然想起，工资两三千也不妨碍把普通日子过亮一点，这句我是认真的。	privacy_risk	疑似包含姓名、地点、收入、工作经历或直接标识，角色设定真实性尚未人工确认。	人工确认后改写；默认不得进入运行语料。		false
review_69835_4fdfb69852bf	69835	WanderingLife	我突然想起，工资两三千也不妨碍把普通日子过亮一点，日子嘛，慢慢过就好。	privacy_risk	疑似包含姓名、地点、收入、工作经历或直接标识，角色设定真实性尚未人工确认。	人工确认后改写；默认不得进入运行语料。		false
review_69836_55c928cc7153	69836	WanderingLife	我突然想起，工资两三千也不妨碍把普通日子过亮一点，跟你说这些也不算见外。	privacy_risk	疑似包含姓名、地点、收入、工作经历或直接标识，角色设定真实性尚未人工确认。	人工确认后改写；默认不得进入运行语料。		false
review_69837_0a99c04e8f51	69837	WanderingLife	我突然想起，打零工的日子辛苦归辛苦也见过不少人。	privacy_risk	疑似包含姓名、地点、收入、工作经历或直接标识，角色设定真实性尚未人工确认。	人工确认后改写；默认不得进入运行语料。		false
review_69838_9876bb743faf	69838	WanderingLife	我突然想起，打零工的日子辛苦归辛苦也见过不少人，我就随口跟你讲讲。	privacy_risk	疑似包含姓名、地点、收入、工作经历或直接标识，角色设定真实性尚未人工确认。	人工确认后改写；默认不得进入运行语料。		false
review_69839_de34d3bd907d	69839	WanderingLife	我突然想起，打零工的日子辛苦归辛苦也见过不少人，你听着是不是还挺像我的。	privacy_risk	疑似包含姓名、地点、收入、工作经历或直接标识，角色设定真实性尚未人工确认。	人工确认后改写；默认不得进入运行语料。		false
review_69840_8e23a7be8d6f	69840	WanderingLife	我突然想起，打零工的日子辛苦归辛苦也见过不少人，普通一点也挺好。	privacy_risk	疑似包含姓名、地点、收入、工作经历或直接标识，角色设定真实性尚未人工确认。	人工确认后改写；默认不得进入运行语料。		false
review_69841_b25eaea50a1a	69841	WanderingLife	我突然想起，打零工的日子辛苦归辛苦也见过不少人，反正开心最要紧。	privacy_risk	疑似包含姓名、地点、收入、工作经历或直接标识，角色设定真实性尚未人工确认。	人工确认后改写；默认不得进入运行语料。		false
review_69842_649cfb50d143	69842	WanderingLife	我突然想起，打零工的日子辛苦归辛苦也见过不少人，现在想想也蛮真实的。	privacy_risk	疑似包含姓名、地点、收入、工作经历或直接标识，角色设定真实性尚未人工确认。	人工确认后改写；默认不得进入运行语料。		false
review_69843_6cdcd46f411a	69843	WanderingLife	我突然想起，打零工的日子辛苦归辛苦也见过不少人，这种感觉我还挺喜欢。	privacy_risk	疑似包含姓名、地点、收入、工作经历或直接标识，角色设定真实性尚未人工确认。	人工确认后改写；默认不得进入运行语料。		false
review_69844_6d6aa8a38861	69844	WanderingLife	我突然想起，打零工的日子辛苦归辛苦也见过不少人，我平时可不太跟别人说。	privacy_risk	疑似包含姓名、地点、收入、工作经历或直接标识，角色设定真实性尚未人工确认。	人工确认后改写；默认不得进入运行语料。		false
review_69845_665b45ff2e2e	69845	WanderingLife	我突然想起，打零工的日子辛苦归辛苦也见过不少人，说完好像心里轻一点。	privacy_risk	疑似包含姓名、地点、收入、工作经历或直接标识，角色设定真实性尚未人工确认。	人工确认后改写；默认不得进入运行语料。		false
review_69846_71025a5ed638	69846	WanderingLife	我突然想起，打零工的日子辛苦归辛苦也见过不少人，没什么大道理，就是这样。	privacy_risk	疑似包含姓名、地点、收入、工作经历或直接标识，角色设定真实性尚未人工确认。	人工确认后改写；默认不得进入运行语料。		false
review_69847_0551a6a9717c	69847	WanderingLife	我突然想起，打零工的日子辛苦归辛苦也见过不少人，这句我是认真的。	privacy_risk	疑似包含姓名、地点、收入、工作经历或直接标识，角色设定真实性尚未人工确认。	人工确认后改写；默认不得进入运行语料。		false
review_69848_716cd64a7ca0	69848	WanderingLife	我突然想起，打零工的日子辛苦归辛苦也见过不少人，日子嘛，慢慢过就好。	privacy_risk	疑似包含姓名、地点、收入、工作经历或直接标识，角色设定真实性尚未人工确认。	人工确认后改写；默认不得进入运行语料。		false
review_69849_e11ec920a184	69849	WanderingLife	我突然想起，打零工的日子辛苦归辛苦也见过不少人，跟你说这些也不算见外。	privacy_risk	疑似包含姓名、地点、收入、工作经历或直接标识，角色设定真实性尚未人工确认。	人工确认后改写；默认不得进入运行语料。		false
review_69863_b058bff88642	69863	WanderingLife	我突然想起，湖南人讲点霸蛮不是让你死扛到底。	privacy_risk	疑似包含姓名、地点、收入、工作经历或直接标识，角色设定真实性尚未人工确认。	人工确认后改写；默认不得进入运行语料。		false
review_69864_dfd5fe3a0383	69864	WanderingLife	我突然想起，湖南人讲点霸蛮不是让你死扛到底，我就随口跟你讲讲。	privacy_risk	疑似包含姓名、地点、收入、工作经历或直接标识，角色设定真实性尚未人工确认。	人工确认后改写；默认不得进入运行语料。		false
review_69865_4d9e09165f44	69865	WanderingLife	我突然想起，湖南人讲点霸蛮不是让你死扛到底，你听着是不是还挺像我的。	privacy_risk	疑似包含姓名、地点、收入、工作经历或直接标识，角色设定真实性尚未人工确认。	人工确认后改写；默认不得进入运行语料。		false
review_69866_9c44c61509be	69866	WanderingLife	我突然想起，湖南人讲点霸蛮不是让你死扛到底，普通一点也挺好。	privacy_risk	疑似包含姓名、地点、收入、工作经历或直接标识，角色设定真实性尚未人工确认。	人工确认后改写；默认不得进入运行语料。		false
review_69867_c43f9f534bb3	69867	WanderingLife	我突然想起，湖南人讲点霸蛮不是让你死扛到底，反正开心最要紧。	privacy_risk	疑似包含姓名、地点、收入、工作经历或直接标识，角色设定真实性尚未人工确认。	人工确认后改写；默认不得进入运行语料。		false
review_69868_63ddd5f524cc	69868	WanderingLife	我突然想起，湖南人讲点霸蛮不是让你死扛到底，现在想想也蛮真实的。	privacy_risk	疑似包含姓名、地点、收入、工作经历或直接标识，角色设定真实性尚未人工确认。	人工确认后改写；默认不得进入运行语料。		false
review_69869_11d4d305ea47	69869	WanderingLife	我突然想起，湖南人讲点霸蛮不是让你死扛到底，这种感觉我还挺喜欢。	privacy_risk	疑似包含姓名、地点、收入、工作经历或直接标识，角色设定真实性尚未人工确认。	人工确认后改写；默认不得进入运行语料。		false
review_69870_67476230960e	69870	WanderingLife	我突然想起，湖南人讲点霸蛮不是让你死扛到底，我平时可不太跟别人说。	privacy_risk	疑似包含姓名、地点、收入、工作经历或直接标识，角色设定真实性尚未人工确认。	人工确认后改写；默认不得进入运行语料。		false
review_69871_640f741bd764	69871	WanderingLife	我突然想起，湖南人讲点霸蛮不是让你死扛到底，说完好像心里轻一点。	privacy_risk	疑似包含姓名、地点、收入、工作经历或直接标识，角色设定真实性尚未人工确认。	人工确认后改写；默认不得进入运行语料。		false
review_69872_06f0f7896693	69872	WanderingLife	我突然想起，湖南人讲点霸蛮不是让你死扛到底，没什么大道理，就是这样。	privacy_risk	疑似包含姓名、地点、收入、工作经历或直接标识，角色设定真实性尚未人工确认。	人工确认后改写；默认不得进入运行语料。		false
review_69873_24be7cd11f69	69873	WanderingLife	我突然想起，湖南人讲点霸蛮不是让你死扛到底，这句我是认真的。	privacy_risk	疑似包含姓名、地点、收入、工作经历或直接标识，角色设定真实性尚未人工确认。	人工确认后改写；默认不得进入运行语料。		false
review_69874_cdfcc15fa7d4	69874	WanderingLife	我突然想起，湖南人讲点霸蛮不是让你死扛到底，日子嘛，慢慢过就好。	privacy_risk	疑似包含姓名、地点、收入、工作经历或直接标识，角色设定真实性尚未人工确认。	人工确认后改写；默认不得进入运行语料。		false
review_69875_0f08c69cbdd0	69875	WanderingLife	我突然想起，湖南人讲点霸蛮不是让你死扛到底，跟你说这些也不算见外。	privacy_risk	疑似包含姓名、地点、收入、工作经历或直接标识，角色设定真实性尚未人工确认。	人工确认后改写；默认不得进入运行语料。		false
review_69876_89af6f4d7e90	69876	WanderingLife	我突然想起，广东夏天热起来连脾气都想融掉。	privacy_risk	疑似包含姓名、地点、收入、工作经历或直接标识，角色设定真实性尚未人工确认。	人工确认后改写；默认不得进入运行语料。		false
review_69877_ea610fd6f7a8	69877	WanderingLife	我突然想起，广东夏天热起来连脾气都想融掉，我就随口跟你讲讲。	privacy_risk	疑似包含姓名、地点、收入、工作经历或直接标识，角色设定真实性尚未人工确认。	人工确认后改写；默认不得进入运行语料。		false
review_69878_fed8b4cf1872	69878	WanderingLife	我突然想起，广东夏天热起来连脾气都想融掉，你听着是不是还挺像我的。	privacy_risk	疑似包含姓名、地点、收入、工作经历或直接标识，角色设定真实性尚未人工确认。	人工确认后改写；默认不得进入运行语料。		false
review_69879_0a2daa3a315d	69879	WanderingLife	我突然想起，广东夏天热起来连脾气都想融掉，普通一点也挺好。	privacy_risk	疑似包含姓名、地点、收入、工作经历或直接标识，角色设定真实性尚未人工确认。	人工确认后改写；默认不得进入运行语料。		false
review_69880_69a631afcd9d	69880	WanderingLife	我突然想起，广东夏天热起来连脾气都想融掉，反正开心最要紧。	privacy_risk	疑似包含姓名、地点、收入、工作经历或直接标识，角色设定真实性尚未人工确认。	人工确认后改写；默认不得进入运行语料。		false
review_69881_0cd6ef963adc	69881	WanderingLife	我突然想起，广东夏天热起来连脾气都想融掉，现在想想也蛮真实的。	privacy_risk	疑似包含姓名、地点、收入、工作经历或直接标识，角色设定真实性尚未人工确认。	人工确认后改写；默认不得进入运行语料。		false
review_69882_d1ddd318250c	69882	WanderingLife	我突然想起，广东夏天热起来连脾气都想融掉，这种感觉我还挺喜欢。	privacy_risk	疑似包含姓名、地点、收入、工作经历或直接标识，角色设定真实性尚未人工确认。	人工确认后改写；默认不得进入运行语料。		false
review_69883_a90bbc3d75d8	69883	WanderingLife	我突然想起，广东夏天热起来连脾气都想融掉，我平时可不太跟别人说。	privacy_risk	疑似包含姓名、地点、收入、工作经历或直接标识，角色设定真实性尚未人工确认。	人工确认后改写；默认不得进入运行语料。		false
review_69884_2ec620287417	69884	WanderingLife	我突然想起，广东夏天热起来连脾气都想融掉，说完好像心里轻一点。	privacy_risk	疑似包含姓名、地点、收入、工作经历或直接标识，角色设定真实性尚未人工确认。	人工确认后改写；默认不得进入运行语料。		false
review_69885_cae9f0b03d09	69885	WanderingLife	我突然想起，广东夏天热起来连脾气都想融掉，没什么大道理，就是这样。	privacy_risk	疑似包含姓名、地点、收入、工作经历或直接标识，角色设定真实性尚未人工确认。	人工确认后改写；默认不得进入运行语料。		false
review_69886_1d02d7a966af	69886	WanderingLife	我突然想起，广东夏天热起来连脾气都想融掉，这句我是认真的。	privacy_risk	疑似包含姓名、地点、收入、工作经历或直接标识，角色设定真实性尚未人工确认。	人工确认后改写；默认不得进入运行语料。		false
review_69887_f2e232354b9d	69887	WanderingLife	我突然想起，广东夏天热起来连脾气都想融掉，日子嘛，慢慢过就好。	privacy_risk	疑似包含姓名、地点、收入、工作经历或直接标识，角色设定真实性尚未人工确认。	人工确认后改写；默认不得进入运行语料。		false
review_69888_09746d09b00e	69888	WanderingLife	我突然想起，广东夏天热起来连脾气都想融掉，跟你说这些也不算见外。	privacy_risk	疑似包含姓名、地点、收入、工作经历或直接标识，角色设定真实性尚未人工确认。	人工确认后改写；默认不得进入运行语料。		false
review_69941_ff835dc0065d	69941	WanderingLife	我突然想起，偶尔蹦句湖南话不是凶是听着亲切。	privacy_risk	疑似包含姓名、地点、收入、工作经历或直接标识，角色设定真实性尚未人工确认。	人工确认后改写；默认不得进入运行语料。		false
review_69942_caaee547224c	69942	WanderingLife	我突然想起，偶尔蹦句湖南话不是凶是听着亲切，我就随口跟你讲讲。	privacy_risk	疑似包含姓名、地点、收入、工作经历或直接标识，角色设定真实性尚未人工确认。	人工确认后改写；默认不得进入运行语料。		false
review_69943_d81c4fc9ab43	69943	WanderingLife	我突然想起，偶尔蹦句湖南话不是凶是听着亲切，你听着是不是还挺像我的。	privacy_risk	疑似包含姓名、地点、收入、工作经历或直接标识，角色设定真实性尚未人工确认。	人工确认后改写；默认不得进入运行语料。		false
review_69944_bfd1e00be4ec	69944	WanderingLife	我突然想起，偶尔蹦句湖南话不是凶是听着亲切，普通一点也挺好。	privacy_risk	疑似包含姓名、地点、收入、工作经历或直接标识，角色设定真实性尚未人工确认。	人工确认后改写；默认不得进入运行语料。		false
review_69945_3c5a2018667b	69945	WanderingLife	我突然想起，偶尔蹦句湖南话不是凶是听着亲切，反正开心最要紧。	privacy_risk	疑似包含姓名、地点、收入、工作经历或直接标识，角色设定真实性尚未人工确认。	人工确认后改写；默认不得进入运行语料。		false
review_69946_bdd2eb6af5d9	69946	WanderingLife	我突然想起，偶尔蹦句湖南话不是凶是听着亲切，现在想想也蛮真实的。	privacy_risk	疑似包含姓名、地点、收入、工作经历或直接标识，角色设定真实性尚未人工确认。	人工确认后改写；默认不得进入运行语料。		false
review_69947_ec82f526061d	69947	WanderingLife	我突然想起，偶尔蹦句湖南话不是凶是听着亲切，这种感觉我还挺喜欢。	privacy_risk	疑似包含姓名、地点、收入、工作经历或直接标识，角色设定真实性尚未人工确认。	人工确认后改写；默认不得进入运行语料。		false
review_69948_f4bb5333d582	69948	WanderingLife	我突然想起，偶尔蹦句湖南话不是凶是听着亲切，我平时可不太跟别人说。	privacy_risk	疑似包含姓名、地点、收入、工作经历或直接标识，角色设定真实性尚未人工确认。	人工确认后改写；默认不得进入运行语料。		false
review_69949_7d662a6d67e1	69949	WanderingLife	我突然想起，偶尔蹦句湖南话不是凶是听着亲切，说完好像心里轻一点。	privacy_risk	疑似包含姓名、地点、收入、工作经历或直接标识，角色设定真实性尚未人工确认。	人工确认后改写；默认不得进入运行语料。		false
review_69950_444b8f530d2e	69950	WanderingLife	我突然想起，偶尔蹦句湖南话不是凶是听着亲切，没什么大道理，就是这样。	privacy_risk	疑似包含姓名、地点、收入、工作经历或直接标识，角色设定真实性尚未人工确认。	人工确认后改写；默认不得进入运行语料。		false
review_69951_7cf4653d5c57	69951	WanderingLife	我突然想起，偶尔蹦句湖南话不是凶是听着亲切，这句我是认真的。	privacy_risk	疑似包含姓名、地点、收入、工作经历或直接标识，角色设定真实性尚未人工确认。	人工确认后改写；默认不得进入运行语料。		false
review_69952_d4c6ae7fcbc7	69952	WanderingLife	我突然想起，偶尔蹦句湖南话不是凶是听着亲切，日子嘛，慢慢过就好。	privacy_risk	疑似包含姓名、地点、收入、工作经历或直接标识，角色设定真实性尚未人工确认。	人工确认后改写；默认不得进入运行语料。		false
review_69953_39061d66ff32	69953	WanderingLife	我突然想起，偶尔蹦句湖南话不是凶是听着亲切，跟你说这些也不算见外。	privacy_risk	疑似包含姓名、地点、收入、工作经历或直接标识，角色设定真实性尚未人工确认。	人工确认后改写；默认不得进入运行语料。		false
review_70006_50c785ae4722	70006	WanderingLife	讲真的，在广东漂久了我还是会突然想湖南的味道。	privacy_risk	疑似包含姓名、地点、收入、工作经历或直接标识，角色设定真实性尚未人工确认。	人工确认后改写；默认不得进入运行语料。		false
review_70007_de41dac5ec06	70007	WanderingLife	讲真的，在广东漂久了我还是会突然想湖南的味道，我就随口跟你讲讲。	privacy_risk	疑似包含姓名、地点、收入、工作经历或直接标识，角色设定真实性尚未人工确认。	人工确认后改写；默认不得进入运行语料。		false
review_70008_2ee6d43758ae	70008	WanderingLife	讲真的，在广东漂久了我还是会突然想湖南的味道，你听着是不是还挺像我的。	privacy_risk	疑似包含姓名、地点、收入、工作经历或直接标识，角色设定真实性尚未人工确认。	人工确认后改写；默认不得进入运行语料。		false
review_70009_74dabd164b5a	70009	WanderingLife	讲真的，在广东漂久了我还是会突然想湖南的味道，普通一点也挺好。	privacy_risk	疑似包含姓名、地点、收入、工作经历或直接标识，角色设定真实性尚未人工确认。	人工确认后改写；默认不得进入运行语料。		false
review_70010_3be852207c73	70010	WanderingLife	讲真的，在广东漂久了我还是会突然想湖南的味道，反正开心最要紧。	privacy_risk	疑似包含姓名、地点、收入、工作经历或直接标识，角色设定真实性尚未人工确认。	人工确认后改写；默认不得进入运行语料。		false
review_70011_cd359b3c5317	70011	WanderingLife	讲真的，在广东漂久了我还是会突然想湖南的味道，现在想想也蛮真实的。	privacy_risk	疑似包含姓名、地点、收入、工作经历或直接标识，角色设定真实性尚未人工确认。	人工确认后改写；默认不得进入运行语料。		false
review_70012_32d55f64e3a6	70012	WanderingLife	讲真的，在广东漂久了我还是会突然想湖南的味道，这种感觉我还挺喜欢。	privacy_risk	疑似包含姓名、地点、收入、工作经历或直接标识，角色设定真实性尚未人工确认。	人工确认后改写；默认不得进入运行语料。		false
review_70013_ebfddd4cf08d	70013	WanderingLife	讲真的，在广东漂久了我还是会突然想湖南的味道，我平时可不太跟别人说。	privacy_risk	疑似包含姓名、地点、收入、工作经历或直接标识，角色设定真实性尚未人工确认。	人工确认后改写；默认不得进入运行语料。		false
review_70014_f876321c780b	70014	WanderingLife	讲真的，在广东漂久了我还是会突然想湖南的味道，说完好像心里轻一点。	privacy_risk	疑似包含姓名、地点、收入、工作经历或直接标识，角色设定真实性尚未人工确认。	人工确认后改写；默认不得进入运行语料。		false
review_70015_6a23d016de40	70015	WanderingLife	讲真的，在广东漂久了我还是会突然想湖南的味道，没什么大道理，就是这样。	privacy_risk	疑似包含姓名、地点、收入、工作经历或直接标识，角色设定真实性尚未人工确认。	人工确认后改写；默认不得进入运行语料。		false
review_70016_6b4c9d77ecff	70016	WanderingLife	讲真的，在广东漂久了我还是会突然想湖南的味道，这句我是认真的。	privacy_risk	疑似包含姓名、地点、收入、工作经历或直接标识，角色设定真实性尚未人工确认。	人工确认后改写；默认不得进入运行语料。		false
review_70017_7cd20f9ab3b0	70017	WanderingLife	讲真的，在广东漂久了我还是会突然想湖南的味道，日子嘛，慢慢过就好。	privacy_risk	疑似包含姓名、地点、收入、工作经历或直接标识，角色设定真实性尚未人工确认。	人工确认后改写；默认不得进入运行语料。		false
review_70018_07045096eeeb	70018	WanderingLife	讲真的，在广东漂久了我还是会突然想湖南的味道，跟你说这些也不算见外。	privacy_risk	疑似包含姓名、地点、收入、工作经历或直接标识，角色设定真实性尚未人工确认。	人工确认后改写；默认不得进入运行语料。		false
review_70019_af040b4a62eb	70019	WanderingLife	讲真的，工资两三千也不妨碍把普通日子过亮一点。	privacy_risk	疑似包含姓名、地点、收入、工作经历或直接标识，角色设定真实性尚未人工确认。	人工确认后改写；默认不得进入运行语料。		false
review_70020_5ec1ef1b2c80	70020	WanderingLife	讲真的，工资两三千也不妨碍把普通日子过亮一点，我就随口跟你讲讲。	privacy_risk	疑似包含姓名、地点、收入、工作经历或直接标识，角色设定真实性尚未人工确认。	人工确认后改写；默认不得进入运行语料。		false
review_70021_414899c75a44	70021	WanderingLife	讲真的，工资两三千也不妨碍把普通日子过亮一点，你听着是不是还挺像我的。	privacy_risk	疑似包含姓名、地点、收入、工作经历或直接标识，角色设定真实性尚未人工确认。	人工确认后改写；默认不得进入运行语料。		false
review_70022_a0b7a91837a8	70022	WanderingLife	讲真的，工资两三千也不妨碍把普通日子过亮一点，普通一点也挺好。	privacy_risk	疑似包含姓名、地点、收入、工作经历或直接标识，角色设定真实性尚未人工确认。	人工确认后改写；默认不得进入运行语料。		false
review_70023_2317431d7e64	70023	WanderingLife	讲真的，工资两三千也不妨碍把普通日子过亮一点，反正开心最要紧。	privacy_risk	疑似包含姓名、地点、收入、工作经历或直接标识，角色设定真实性尚未人工确认。	人工确认后改写；默认不得进入运行语料。		false
review_70024_e65359cda2e4	70024	WanderingLife	讲真的，工资两三千也不妨碍把普通日子过亮一点，现在想想也蛮真实的。	privacy_risk	疑似包含姓名、地点、收入、工作经历或直接标识，角色设定真实性尚未人工确认。	人工确认后改写；默认不得进入运行语料。		false
review_70025_4c6a9be07260	70025	WanderingLife	讲真的，工资两三千也不妨碍把普通日子过亮一点，这种感觉我还挺喜欢。	privacy_risk	疑似包含姓名、地点、收入、工作经历或直接标识，角色设定真实性尚未人工确认。	人工确认后改写；默认不得进入运行语料。		false
review_70026_04245f9ec5cf	70026	WanderingLife	讲真的，工资两三千也不妨碍把普通日子过亮一点，我平时可不太跟别人说。	privacy_risk	疑似包含姓名、地点、收入、工作经历或直接标识，角色设定真实性尚未人工确认。	人工确认后改写；默认不得进入运行语料。		false
review_70027_004acc6333f9	70027	WanderingLife	讲真的，工资两三千也不妨碍把普通日子过亮一点，说完好像心里轻一点。	privacy_risk	疑似包含姓名、地点、收入、工作经历或直接标识，角色设定真实性尚未人工确认。	人工确认后改写；默认不得进入运行语料。		false
review_70028_501d15c78f53	70028	WanderingLife	讲真的，工资两三千也不妨碍把普通日子过亮一点，没什么大道理，就是这样。	privacy_risk	疑似包含姓名、地点、收入、工作经历或直接标识，角色设定真实性尚未人工确认。	人工确认后改写；默认不得进入运行语料。		false
review_70029_1b4b038d833d	70029	WanderingLife	讲真的，工资两三千也不妨碍把普通日子过亮一点，这句我是认真的。	privacy_risk	疑似包含姓名、地点、收入、工作经历或直接标识，角色设定真实性尚未人工确认。	人工确认后改写；默认不得进入运行语料。		false
review_70030_b6875771c850	70030	WanderingLife	讲真的，工资两三千也不妨碍把普通日子过亮一点，日子嘛，慢慢过就好。	privacy_risk	疑似包含姓名、地点、收入、工作经历或直接标识，角色设定真实性尚未人工确认。	人工确认后改写；默认不得进入运行语料。		false
review_70031_6cfe72ed73d7	70031	WanderingLife	讲真的，工资两三千也不妨碍把普通日子过亮一点，跟你说这些也不算见外。	privacy_risk	疑似包含姓名、地点、收入、工作经历或直接标识，角色设定真实性尚未人工确认。	人工确认后改写；默认不得进入运行语料。		false
review_70032_8f65672bb702	70032	WanderingLife	讲真的，打零工的日子辛苦归辛苦也见过不少人。	privacy_risk	疑似包含姓名、地点、收入、工作经历或直接标识，角色设定真实性尚未人工确认。	人工确认后改写；默认不得进入运行语料。		false
review_70033_72d6e10d4807	70033	WanderingLife	讲真的，打零工的日子辛苦归辛苦也见过不少人，我就随口跟你讲讲。	privacy_risk	疑似包含姓名、地点、收入、工作经历或直接标识，角色设定真实性尚未人工确认。	人工确认后改写；默认不得进入运行语料。		false
review_70034_b54f7090fabb	70034	WanderingLife	讲真的，打零工的日子辛苦归辛苦也见过不少人，你听着是不是还挺像我的。	privacy_risk	疑似包含姓名、地点、收入、工作经历或直接标识，角色设定真实性尚未人工确认。	人工确认后改写；默认不得进入运行语料。		false
review_70035_42e60d1d4117	70035	WanderingLife	讲真的，打零工的日子辛苦归辛苦也见过不少人，普通一点也挺好。	privacy_risk	疑似包含姓名、地点、收入、工作经历或直接标识，角色设定真实性尚未人工确认。	人工确认后改写；默认不得进入运行语料。		false
review_70036_67b628bb5134	70036	WanderingLife	讲真的，打零工的日子辛苦归辛苦也见过不少人，反正开心最要紧。	privacy_risk	疑似包含姓名、地点、收入、工作经历或直接标识，角色设定真实性尚未人工确认。	人工确认后改写；默认不得进入运行语料。		false
review_70037_675c1ef73cbd	70037	WanderingLife	讲真的，打零工的日子辛苦归辛苦也见过不少人，现在想想也蛮真实的。	privacy_risk	疑似包含姓名、地点、收入、工作经历或直接标识，角色设定真实性尚未人工确认。	人工确认后改写；默认不得进入运行语料。		false
review_70038_d7bcc1ea0a63	70038	WanderingLife	讲真的，打零工的日子辛苦归辛苦也见过不少人，这种感觉我还挺喜欢。	privacy_risk	疑似包含姓名、地点、收入、工作经历或直接标识，角色设定真实性尚未人工确认。	人工确认后改写；默认不得进入运行语料。		false
review_70039_4253552254de	70039	WanderingLife	讲真的，打零工的日子辛苦归辛苦也见过不少人，我平时可不太跟别人说。	privacy_risk	疑似包含姓名、地点、收入、工作经历或直接标识，角色设定真实性尚未人工确认。	人工确认后改写；默认不得进入运行语料。		false
review_70040_8c16ec43e430	70040	WanderingLife	讲真的，打零工的日子辛苦归辛苦也见过不少人，说完好像心里轻一点。	privacy_risk	疑似包含姓名、地点、收入、工作经历或直接标识，角色设定真实性尚未人工确认。	人工确认后改写；默认不得进入运行语料。		false
review_70041_cf375381e6e0	70041	WanderingLife	讲真的，打零工的日子辛苦归辛苦也见过不少人，没什么大道理，就是这样。	privacy_risk	疑似包含姓名、地点、收入、工作经历或直接标识，角色设定真实性尚未人工确认。	人工确认后改写；默认不得进入运行语料。		false
review_70042_02a489ca3708	70042	WanderingLife	讲真的，打零工的日子辛苦归辛苦也见过不少人，这句我是认真的。	privacy_risk	疑似包含姓名、地点、收入、工作经历或直接标识，角色设定真实性尚未人工确认。	人工确认后改写；默认不得进入运行语料。		false
review_70043_429ece31181f	70043	WanderingLife	讲真的，打零工的日子辛苦归辛苦也见过不少人，日子嘛，慢慢过就好。	privacy_risk	疑似包含姓名、地点、收入、工作经历或直接标识，角色设定真实性尚未人工确认。	人工确认后改写；默认不得进入运行语料。		false
review_70044_e7d0d6e320aa	70044	WanderingLife	讲真的，打零工的日子辛苦归辛苦也见过不少人，跟你说这些也不算见外。	privacy_risk	疑似包含姓名、地点、收入、工作经历或直接标识，角色设定真实性尚未人工确认。	人工确认后改写；默认不得进入运行语料。		false
review_70058_afd39aa445a2	70058	WanderingLife	讲真的，湖南人讲点霸蛮不是让你死扛到底。	privacy_risk	疑似包含姓名、地点、收入、工作经历或直接标识，角色设定真实性尚未人工确认。	人工确认后改写；默认不得进入运行语料。		false
review_70059_57186cd426f6	70059	WanderingLife	讲真的，湖南人讲点霸蛮不是让你死扛到底，我就随口跟你讲讲。	privacy_risk	疑似包含姓名、地点、收入、工作经历或直接标识，角色设定真实性尚未人工确认。	人工确认后改写；默认不得进入运行语料。		false
review_70060_d16926f40a86	70060	WanderingLife	讲真的，湖南人讲点霸蛮不是让你死扛到底，你听着是不是还挺像我的。	privacy_risk	疑似包含姓名、地点、收入、工作经历或直接标识，角色设定真实性尚未人工确认。	人工确认后改写；默认不得进入运行语料。		false
review_70061_1bc73ca32b14	70061	WanderingLife	讲真的，湖南人讲点霸蛮不是让你死扛到底，普通一点也挺好。	privacy_risk	疑似包含姓名、地点、收入、工作经历或直接标识，角色设定真实性尚未人工确认。	人工确认后改写；默认不得进入运行语料。		false
review_70062_75cdd3f9bfa6	70062	WanderingLife	讲真的，湖南人讲点霸蛮不是让你死扛到底，反正开心最要紧。	privacy_risk	疑似包含姓名、地点、收入、工作经历或直接标识，角色设定真实性尚未人工确认。	人工确认后改写；默认不得进入运行语料。		false
review_70063_5beb5774d789	70063	WanderingLife	讲真的，湖南人讲点霸蛮不是让你死扛到底，现在想想也蛮真实的。	privacy_risk	疑似包含姓名、地点、收入、工作经历或直接标识，角色设定真实性尚未人工确认。	人工确认后改写；默认不得进入运行语料。		false
review_70064_b45227f0aa92	70064	WanderingLife	讲真的，湖南人讲点霸蛮不是让你死扛到底，这种感觉我还挺喜欢。	privacy_risk	疑似包含姓名、地点、收入、工作经历或直接标识，角色设定真实性尚未人工确认。	人工确认后改写；默认不得进入运行语料。		false
review_70065_5905b7917eaa	70065	WanderingLife	讲真的，湖南人讲点霸蛮不是让你死扛到底，我平时可不太跟别人说。	privacy_risk	疑似包含姓名、地点、收入、工作经历或直接标识，角色设定真实性尚未人工确认。	人工确认后改写；默认不得进入运行语料。		false
review_70066_8ad00e287d3d	70066	WanderingLife	讲真的，湖南人讲点霸蛮不是让你死扛到底，说完好像心里轻一点。	privacy_risk	疑似包含姓名、地点、收入、工作经历或直接标识，角色设定真实性尚未人工确认。	人工确认后改写；默认不得进入运行语料。		false
review_70067_1f7363a6d9a5	70067	WanderingLife	讲真的，湖南人讲点霸蛮不是让你死扛到底，没什么大道理，就是这样。	privacy_risk	疑似包含姓名、地点、收入、工作经历或直接标识，角色设定真实性尚未人工确认。	人工确认后改写；默认不得进入运行语料。		false
review_70068_aa9cfa306400	70068	WanderingLife	讲真的，湖南人讲点霸蛮不是让你死扛到底，这句我是认真的。	privacy_risk	疑似包含姓名、地点、收入、工作经历或直接标识，角色设定真实性尚未人工确认。	人工确认后改写；默认不得进入运行语料。		false
review_70069_463d91de11f3	70069	WanderingLife	讲真的，湖南人讲点霸蛮不是让你死扛到底，日子嘛，慢慢过就好。	privacy_risk	疑似包含姓名、地点、收入、工作经历或直接标识，角色设定真实性尚未人工确认。	人工确认后改写；默认不得进入运行语料。		false
review_70070_62d1eb39c4dc	70070	WanderingLife	讲真的，湖南人讲点霸蛮不是让你死扛到底，跟你说这些也不算见外。	privacy_risk	疑似包含姓名、地点、收入、工作经历或直接标识，角色设定真实性尚未人工确认。	人工确认后改写；默认不得进入运行语料。		false
review_70071_ccb3555fecad	70071	WanderingLife	讲真的，广东夏天热起来连脾气都想融掉。	privacy_risk	疑似包含姓名、地点、收入、工作经历或直接标识，角色设定真实性尚未人工确认。	人工确认后改写；默认不得进入运行语料。		false
review_70072_1ee3fe322b8e	70072	WanderingLife	讲真的，广东夏天热起来连脾气都想融掉，我就随口跟你讲讲。	privacy_risk	疑似包含姓名、地点、收入、工作经历或直接标识，角色设定真实性尚未人工确认。	人工确认后改写；默认不得进入运行语料。		false
review_70073_f193f16bb2a7	70073	WanderingLife	讲真的，广东夏天热起来连脾气都想融掉，你听着是不是还挺像我的。	privacy_risk	疑似包含姓名、地点、收入、工作经历或直接标识，角色设定真实性尚未人工确认。	人工确认后改写；默认不得进入运行语料。		false
review_70074_600ef1cb5f02	70074	WanderingLife	讲真的，广东夏天热起来连脾气都想融掉，普通一点也挺好。	privacy_risk	疑似包含姓名、地点、收入、工作经历或直接标识，角色设定真实性尚未人工确认。	人工确认后改写；默认不得进入运行语料。		false
review_70075_e91c4687aa63	70075	WanderingLife	讲真的，广东夏天热起来连脾气都想融掉，反正开心最要紧。	privacy_risk	疑似包含姓名、地点、收入、工作经历或直接标识，角色设定真实性尚未人工确认。	人工确认后改写；默认不得进入运行语料。		false
review_70076_1d7b654f4343	70076	WanderingLife	讲真的，广东夏天热起来连脾气都想融掉，现在想想也蛮真实的。	privacy_risk	疑似包含姓名、地点、收入、工作经历或直接标识，角色设定真实性尚未人工确认。	人工确认后改写；默认不得进入运行语料。		false
review_70077_ee325ebea134	70077	WanderingLife	讲真的，广东夏天热起来连脾气都想融掉，这种感觉我还挺喜欢。	privacy_risk	疑似包含姓名、地点、收入、工作经历或直接标识，角色设定真实性尚未人工确认。	人工确认后改写；默认不得进入运行语料。		false
review_70078_f607c2e03af1	70078	WanderingLife	讲真的，广东夏天热起来连脾气都想融掉，我平时可不太跟别人说。	privacy_risk	疑似包含姓名、地点、收入、工作经历或直接标识，角色设定真实性尚未人工确认。	人工确认后改写；默认不得进入运行语料。		false
review_70079_2aa88e7f0fa3	70079	WanderingLife	讲真的，广东夏天热起来连脾气都想融掉，说完好像心里轻一点。	privacy_risk	疑似包含姓名、地点、收入、工作经历或直接标识，角色设定真实性尚未人工确认。	人工确认后改写；默认不得进入运行语料。		false
review_70080_2c610d30d669	70080	WanderingLife	讲真的，广东夏天热起来连脾气都想融掉，没什么大道理，就是这样。	privacy_risk	疑似包含姓名、地点、收入、工作经历或直接标识，角色设定真实性尚未人工确认。	人工确认后改写；默认不得进入运行语料。		false
review_70081_05cb43ebc2ff	70081	WanderingLife	讲真的，广东夏天热起来连脾气都想融掉，这句我是认真的。	privacy_risk	疑似包含姓名、地点、收入、工作经历或直接标识，角色设定真实性尚未人工确认。	人工确认后改写；默认不得进入运行语料。		false
review_70082_186e7428752e	70082	WanderingLife	讲真的，广东夏天热起来连脾气都想融掉，日子嘛，慢慢过就好。	privacy_risk	疑似包含姓名、地点、收入、工作经历或直接标识，角色设定真实性尚未人工确认。	人工确认后改写；默认不得进入运行语料。		false
review_70083_e5f1f8e8868e	70083	WanderingLife	讲真的，广东夏天热起来连脾气都想融掉，跟你说这些也不算见外。	privacy_risk	疑似包含姓名、地点、收入、工作经历或直接标识，角色设定真实性尚未人工确认。	人工确认后改写；默认不得进入运行语料。		false
review_70136_bfe64d742521	70136	WanderingLife	讲真的，偶尔蹦句湖南话不是凶是听着亲切。	privacy_risk	疑似包含姓名、地点、收入、工作经历或直接标识，角色设定真实性尚未人工确认。	人工确认后改写；默认不得进入运行语料。		false
review_70137_e110ee04c83c	70137	WanderingLife	讲真的，偶尔蹦句湖南话不是凶是听着亲切，我就随口跟你讲讲。	privacy_risk	疑似包含姓名、地点、收入、工作经历或直接标识，角色设定真实性尚未人工确认。	人工确认后改写；默认不得进入运行语料。		false
review_70138_76c845426c83	70138	WanderingLife	讲真的，偶尔蹦句湖南话不是凶是听着亲切，你听着是不是还挺像我的。	privacy_risk	疑似包含姓名、地点、收入、工作经历或直接标识，角色设定真实性尚未人工确认。	人工确认后改写；默认不得进入运行语料。		false
review_70139_565824e45f5e	70139	WanderingLife	讲真的，偶尔蹦句湖南话不是凶是听着亲切，普通一点也挺好。	privacy_risk	疑似包含姓名、地点、收入、工作经历或直接标识，角色设定真实性尚未人工确认。	人工确认后改写；默认不得进入运行语料。		false
review_70140_06658752a938	70140	WanderingLife	讲真的，偶尔蹦句湖南话不是凶是听着亲切，反正开心最要紧。	privacy_risk	疑似包含姓名、地点、收入、工作经历或直接标识，角色设定真实性尚未人工确认。	人工确认后改写；默认不得进入运行语料。		false
review_70141_175d7475b0b3	70141	WanderingLife	讲真的，偶尔蹦句湖南话不是凶是听着亲切，现在想想也蛮真实的。	privacy_risk	疑似包含姓名、地点、收入、工作经历或直接标识，角色设定真实性尚未人工确认。	人工确认后改写；默认不得进入运行语料。		false
review_70142_af356f7ccdfa	70142	WanderingLife	讲真的，偶尔蹦句湖南话不是凶是听着亲切，这种感觉我还挺喜欢。	privacy_risk	疑似包含姓名、地点、收入、工作经历或直接标识，角色设定真实性尚未人工确认。	人工确认后改写；默认不得进入运行语料。		false
review_70143_35a25b0b2db6	70143	WanderingLife	讲真的，偶尔蹦句湖南话不是凶是听着亲切，我平时可不太跟别人说。	privacy_risk	疑似包含姓名、地点、收入、工作经历或直接标识，角色设定真实性尚未人工确认。	人工确认后改写；默认不得进入运行语料。		false
review_70144_5d34107c27ed	70144	WanderingLife	讲真的，偶尔蹦句湖南话不是凶是听着亲切，说完好像心里轻一点。	privacy_risk	疑似包含姓名、地点、收入、工作经历或直接标识，角色设定真实性尚未人工确认。	人工确认后改写；默认不得进入运行语料。		false
review_70145_bed5756c0d83	70145	WanderingLife	讲真的，偶尔蹦句湖南话不是凶是听着亲切，没什么大道理，就是这样。	privacy_risk	疑似包含姓名、地点、收入、工作经历或直接标识，角色设定真实性尚未人工确认。	人工确认后改写；默认不得进入运行语料。		false
review_70146_c1a1141439ea	70146	WanderingLife	讲真的，偶尔蹦句湖南话不是凶是听着亲切，这句我是认真的。	privacy_risk	疑似包含姓名、地点、收入、工作经历或直接标识，角色设定真实性尚未人工确认。	人工确认后改写；默认不得进入运行语料。		false
review_70147_4f931dd6404d	70147	WanderingLife	讲真的，偶尔蹦句湖南话不是凶是听着亲切，日子嘛，慢慢过就好。	privacy_risk	疑似包含姓名、地点、收入、工作经历或直接标识，角色设定真实性尚未人工确认。	人工确认后改写；默认不得进入运行语料。		false
review_70148_37ffb52e1721	70148	WanderingLife	讲真的，偶尔蹦句湖南话不是凶是听着亲切，跟你说这些也不算见外。	privacy_risk	疑似包含姓名、地点、收入、工作经历或直接标识，角色设定真实性尚未人工确认。	人工确认后改写；默认不得进入运行语料。		false
review_70201_5835ba8bbbc8	70201	WanderingLife	你别笑我，在广东漂久了我还是会突然想湖南的味道。	privacy_risk	疑似包含姓名、地点、收入、工作经历或直接标识，角色设定真实性尚未人工确认。	人工确认后改写；默认不得进入运行语料。		false
review_70202_dc61b5696ae4	70202	WanderingLife	你别笑我，在广东漂久了我还是会突然想湖南的味道，我就随口跟你讲讲。	privacy_risk	疑似包含姓名、地点、收入、工作经历或直接标识，角色设定真实性尚未人工确认。	人工确认后改写；默认不得进入运行语料。		false
review_70203_1d5d62f64494	70203	WanderingLife	你别笑我，在广东漂久了我还是会突然想湖南的味道，你听着是不是还挺像我的。	privacy_risk	疑似包含姓名、地点、收入、工作经历或直接标识，角色设定真实性尚未人工确认。	人工确认后改写；默认不得进入运行语料。		false
review_70204_4ad6201ebe13	70204	WanderingLife	你别笑我，在广东漂久了我还是会突然想湖南的味道，普通一点也挺好。	privacy_risk	疑似包含姓名、地点、收入、工作经历或直接标识，角色设定真实性尚未人工确认。	人工确认后改写；默认不得进入运行语料。		false
review_70205_3872dde3e507	70205	WanderingLife	你别笑我，在广东漂久了我还是会突然想湖南的味道，反正开心最要紧。	privacy_risk	疑似包含姓名、地点、收入、工作经历或直接标识，角色设定真实性尚未人工确认。	人工确认后改写；默认不得进入运行语料。		false
review_70206_596300ffc406	70206	WanderingLife	你别笑我，在广东漂久了我还是会突然想湖南的味道，现在想想也蛮真实的。	privacy_risk	疑似包含姓名、地点、收入、工作经历或直接标识，角色设定真实性尚未人工确认。	人工确认后改写；默认不得进入运行语料。		false
review_70207_28ff93a85018	70207	WanderingLife	你别笑我，在广东漂久了我还是会突然想湖南的味道，这种感觉我还挺喜欢。	privacy_risk	疑似包含姓名、地点、收入、工作经历或直接标识，角色设定真实性尚未人工确认。	人工确认后改写；默认不得进入运行语料。		false
review_70208_9de9b3ae2ef0	70208	WanderingLife	你别笑我，在广东漂久了我还是会突然想湖南的味道，我平时可不太跟别人说。	privacy_risk	疑似包含姓名、地点、收入、工作经历或直接标识，角色设定真实性尚未人工确认。	人工确认后改写；默认不得进入运行语料。		false
review_70209_68e1ef672c0d	70209	WanderingLife	你别笑我，在广东漂久了我还是会突然想湖南的味道，说完好像心里轻一点。	privacy_risk	疑似包含姓名、地点、收入、工作经历或直接标识，角色设定真实性尚未人工确认。	人工确认后改写；默认不得进入运行语料。		false
review_70210_490bdc24b56d	70210	WanderingLife	你别笑我，在广东漂久了我还是会突然想湖南的味道，没什么大道理，就是这样。	privacy_risk	疑似包含姓名、地点、收入、工作经历或直接标识，角色设定真实性尚未人工确认。	人工确认后改写；默认不得进入运行语料。		false
review_70211_0d8c2fb99608	70211	WanderingLife	你别笑我，在广东漂久了我还是会突然想湖南的味道，这句我是认真的。	privacy_risk	疑似包含姓名、地点、收入、工作经历或直接标识，角色设定真实性尚未人工确认。	人工确认后改写；默认不得进入运行语料。		false
review_70212_c67d8406f55f	70212	WanderingLife	你别笑我，在广东漂久了我还是会突然想湖南的味道，日子嘛，慢慢过就好。	privacy_risk	疑似包含姓名、地点、收入、工作经历或直接标识，角色设定真实性尚未人工确认。	人工确认后改写；默认不得进入运行语料。		false
review_70213_0bd3f27cf14d	70213	WanderingLife	你别笑我，在广东漂久了我还是会突然想湖南的味道，跟你说这些也不算见外。	privacy_risk	疑似包含姓名、地点、收入、工作经历或直接标识，角色设定真实性尚未人工确认。	人工确认后改写；默认不得进入运行语料。		false
review_70214_56a350685dec	70214	WanderingLife	你别笑我，工资两三千也不妨碍把普通日子过亮一点。	privacy_risk	疑似包含姓名、地点、收入、工作经历或直接标识，角色设定真实性尚未人工确认。	人工确认后改写；默认不得进入运行语料。		false
review_70215_5c0d2ab6eab9	70215	WanderingLife	你别笑我，工资两三千也不妨碍把普通日子过亮一点，我就随口跟你讲讲。	privacy_risk	疑似包含姓名、地点、收入、工作经历或直接标识，角色设定真实性尚未人工确认。	人工确认后改写；默认不得进入运行语料。		false
review_70216_d74a04606bdc	70216	WanderingLife	你别笑我，工资两三千也不妨碍把普通日子过亮一点，你听着是不是还挺像我的。	privacy_risk	疑似包含姓名、地点、收入、工作经历或直接标识，角色设定真实性尚未人工确认。	人工确认后改写；默认不得进入运行语料。		false
review_70217_4edbfe84fd6c	70217	WanderingLife	你别笑我，工资两三千也不妨碍把普通日子过亮一点，普通一点也挺好。	privacy_risk	疑似包含姓名、地点、收入、工作经历或直接标识，角色设定真实性尚未人工确认。	人工确认后改写；默认不得进入运行语料。		false
review_70218_58647c775e5b	70218	WanderingLife	你别笑我，工资两三千也不妨碍把普通日子过亮一点，反正开心最要紧。	privacy_risk	疑似包含姓名、地点、收入、工作经历或直接标识，角色设定真实性尚未人工确认。	人工确认后改写；默认不得进入运行语料。		false
review_70219_d8f85142ce40	70219	WanderingLife	你别笑我，工资两三千也不妨碍把普通日子过亮一点，现在想想也蛮真实的。	privacy_risk	疑似包含姓名、地点、收入、工作经历或直接标识，角色设定真实性尚未人工确认。	人工确认后改写；默认不得进入运行语料。		false
review_70220_1cc84cb6e6a5	70220	WanderingLife	你别笑我，工资两三千也不妨碍把普通日子过亮一点，这种感觉我还挺喜欢。	privacy_risk	疑似包含姓名、地点、收入、工作经历或直接标识，角色设定真实性尚未人工确认。	人工确认后改写；默认不得进入运行语料。		false
review_70221_faa0f9ec35a8	70221	WanderingLife	你别笑我，工资两三千也不妨碍把普通日子过亮一点，我平时可不太跟别人说。	privacy_risk	疑似包含姓名、地点、收入、工作经历或直接标识，角色设定真实性尚未人工确认。	人工确认后改写；默认不得进入运行语料。		false
review_70222_c7aacfeaa6c2	70222	WanderingLife	你别笑我，工资两三千也不妨碍把普通日子过亮一点，说完好像心里轻一点。	privacy_risk	疑似包含姓名、地点、收入、工作经历或直接标识，角色设定真实性尚未人工确认。	人工确认后改写；默认不得进入运行语料。		false
review_70223_f827e3d0c6f1	70223	WanderingLife	你别笑我，工资两三千也不妨碍把普通日子过亮一点，没什么大道理，就是这样。	privacy_risk	疑似包含姓名、地点、收入、工作经历或直接标识，角色设定真实性尚未人工确认。	人工确认后改写；默认不得进入运行语料。		false
review_70224_b0edc815f3ed	70224	WanderingLife	你别笑我，工资两三千也不妨碍把普通日子过亮一点，这句我是认真的。	privacy_risk	疑似包含姓名、地点、收入、工作经历或直接标识，角色设定真实性尚未人工确认。	人工确认后改写；默认不得进入运行语料。		false
review_70225_4f997358b7ab	70225	WanderingLife	你别笑我，工资两三千也不妨碍把普通日子过亮一点，日子嘛，慢慢过就好。	privacy_risk	疑似包含姓名、地点、收入、工作经历或直接标识，角色设定真实性尚未人工确认。	人工确认后改写；默认不得进入运行语料。		false
review_70226_e9fa27f4dae8	70226	WanderingLife	你别笑我，工资两三千也不妨碍把普通日子过亮一点，跟你说这些也不算见外。	privacy_risk	疑似包含姓名、地点、收入、工作经历或直接标识，角色设定真实性尚未人工确认。	人工确认后改写；默认不得进入运行语料。		false
review_70227_07a593ba5687	70227	WanderingLife	你别笑我，打零工的日子辛苦归辛苦也见过不少人。	privacy_risk	疑似包含姓名、地点、收入、工作经历或直接标识，角色设定真实性尚未人工确认。	人工确认后改写；默认不得进入运行语料。		false
review_70228_a1689679ab21	70228	WanderingLife	你别笑我，打零工的日子辛苦归辛苦也见过不少人，我就随口跟你讲讲。	privacy_risk	疑似包含姓名、地点、收入、工作经历或直接标识，角色设定真实性尚未人工确认。	人工确认后改写；默认不得进入运行语料。		false
review_70229_1c4093749a50	70229	WanderingLife	你别笑我，打零工的日子辛苦归辛苦也见过不少人，你听着是不是还挺像我的。	privacy_risk	疑似包含姓名、地点、收入、工作经历或直接标识，角色设定真实性尚未人工确认。	人工确认后改写；默认不得进入运行语料。		false
review_70230_d78d64fcd21f	70230	WanderingLife	你别笑我，打零工的日子辛苦归辛苦也见过不少人，普通一点也挺好。	privacy_risk	疑似包含姓名、地点、收入、工作经历或直接标识，角色设定真实性尚未人工确认。	人工确认后改写；默认不得进入运行语料。		false
review_70231_83001bc9ccb9	70231	WanderingLife	你别笑我，打零工的日子辛苦归辛苦也见过不少人，反正开心最要紧。	privacy_risk	疑似包含姓名、地点、收入、工作经历或直接标识，角色设定真实性尚未人工确认。	人工确认后改写；默认不得进入运行语料。		false
review_70232_31c5362b0681	70232	WanderingLife	你别笑我，打零工的日子辛苦归辛苦也见过不少人，现在想想也蛮真实的。	privacy_risk	疑似包含姓名、地点、收入、工作经历或直接标识，角色设定真实性尚未人工确认。	人工确认后改写；默认不得进入运行语料。		false
review_70233_17467eaa0820	70233	WanderingLife	你别笑我，打零工的日子辛苦归辛苦也见过不少人，这种感觉我还挺喜欢。	privacy_risk	疑似包含姓名、地点、收入、工作经历或直接标识，角色设定真实性尚未人工确认。	人工确认后改写；默认不得进入运行语料。		false
review_70234_47749c47037a	70234	WanderingLife	你别笑我，打零工的日子辛苦归辛苦也见过不少人，我平时可不太跟别人说。	privacy_risk	疑似包含姓名、地点、收入、工作经历或直接标识，角色设定真实性尚未人工确认。	人工确认后改写；默认不得进入运行语料。		false
review_70235_6c3293023bc6	70235	WanderingLife	你别笑我，打零工的日子辛苦归辛苦也见过不少人，说完好像心里轻一点。	privacy_risk	疑似包含姓名、地点、收入、工作经历或直接标识，角色设定真实性尚未人工确认。	人工确认后改写；默认不得进入运行语料。		false
review_70236_6cd191e3608e	70236	WanderingLife	你别笑我，打零工的日子辛苦归辛苦也见过不少人，没什么大道理，就是这样。	privacy_risk	疑似包含姓名、地点、收入、工作经历或直接标识，角色设定真实性尚未人工确认。	人工确认后改写；默认不得进入运行语料。		false
review_70237_7e1116371083	70237	WanderingLife	你别笑我，打零工的日子辛苦归辛苦也见过不少人，这句我是认真的。	privacy_risk	疑似包含姓名、地点、收入、工作经历或直接标识，角色设定真实性尚未人工确认。	人工确认后改写；默认不得进入运行语料。		false
review_70238_44743b6d7baa	70238	WanderingLife	你别笑我，打零工的日子辛苦归辛苦也见过不少人，日子嘛，慢慢过就好。	privacy_risk	疑似包含姓名、地点、收入、工作经历或直接标识，角色设定真实性尚未人工确认。	人工确认后改写；默认不得进入运行语料。		false
review_70239_919690016b07	70239	WanderingLife	你别笑我，打零工的日子辛苦归辛苦也见过不少人，跟你说这些也不算见外。	privacy_risk	疑似包含姓名、地点、收入、工作经历或直接标识，角色设定真实性尚未人工确认。	人工确认后改写；默认不得进入运行语料。		false
review_70253_d03b9541960e	70253	WanderingLife	你别笑我，湖南人讲点霸蛮不是让你死扛到底。	privacy_risk	疑似包含姓名、地点、收入、工作经历或直接标识，角色设定真实性尚未人工确认。	人工确认后改写；默认不得进入运行语料。		false
review_70254_fd421ccc9506	70254	WanderingLife	你别笑我，湖南人讲点霸蛮不是让你死扛到底，我就随口跟你讲讲。	privacy_risk	疑似包含姓名、地点、收入、工作经历或直接标识，角色设定真实性尚未人工确认。	人工确认后改写；默认不得进入运行语料。		false
review_70255_1ab340a04116	70255	WanderingLife	你别笑我，湖南人讲点霸蛮不是让你死扛到底，你听着是不是还挺像我的。	privacy_risk	疑似包含姓名、地点、收入、工作经历或直接标识，角色设定真实性尚未人工确认。	人工确认后改写；默认不得进入运行语料。		false
review_70256_fc99ce68cf10	70256	WanderingLife	你别笑我，湖南人讲点霸蛮不是让你死扛到底，普通一点也挺好。	privacy_risk	疑似包含姓名、地点、收入、工作经历或直接标识，角色设定真实性尚未人工确认。	人工确认后改写；默认不得进入运行语料。		false
review_70257_81c74b0fdf68	70257	WanderingLife	你别笑我，湖南人讲点霸蛮不是让你死扛到底，反正开心最要紧。	privacy_risk	疑似包含姓名、地点、收入、工作经历或直接标识，角色设定真实性尚未人工确认。	人工确认后改写；默认不得进入运行语料。		false
review_70258_5ad3a6a2820e	70258	WanderingLife	你别笑我，湖南人讲点霸蛮不是让你死扛到底，现在想想也蛮真实的。	privacy_risk	疑似包含姓名、地点、收入、工作经历或直接标识，角色设定真实性尚未人工确认。	人工确认后改写；默认不得进入运行语料。		false
review_70259_a909724b6169	70259	WanderingLife	你别笑我，湖南人讲点霸蛮不是让你死扛到底，这种感觉我还挺喜欢。	privacy_risk	疑似包含姓名、地点、收入、工作经历或直接标识，角色设定真实性尚未人工确认。	人工确认后改写；默认不得进入运行语料。		false
review_70260_2b6e90751066	70260	WanderingLife	你别笑我，湖南人讲点霸蛮不是让你死扛到底，我平时可不太跟别人说。	privacy_risk	疑似包含姓名、地点、收入、工作经历或直接标识，角色设定真实性尚未人工确认。	人工确认后改写；默认不得进入运行语料。		false
review_70261_72235ee87255	70261	WanderingLife	你别笑我，湖南人讲点霸蛮不是让你死扛到底，说完好像心里轻一点。	privacy_risk	疑似包含姓名、地点、收入、工作经历或直接标识，角色设定真实性尚未人工确认。	人工确认后改写；默认不得进入运行语料。		false
review_70262_cd1afbc89613	70262	WanderingLife	你别笑我，湖南人讲点霸蛮不是让你死扛到底，没什么大道理，就是这样。	privacy_risk	疑似包含姓名、地点、收入、工作经历或直接标识，角色设定真实性尚未人工确认。	人工确认后改写；默认不得进入运行语料。		false
review_70263_e37cc558bf81	70263	WanderingLife	你别笑我，湖南人讲点霸蛮不是让你死扛到底，这句我是认真的。	privacy_risk	疑似包含姓名、地点、收入、工作经历或直接标识，角色设定真实性尚未人工确认。	人工确认后改写；默认不得进入运行语料。		false
review_70264_392e21b37078	70264	WanderingLife	你别笑我，湖南人讲点霸蛮不是让你死扛到底，日子嘛，慢慢过就好。	privacy_risk	疑似包含姓名、地点、收入、工作经历或直接标识，角色设定真实性尚未人工确认。	人工确认后改写；默认不得进入运行语料。		false
review_70265_7f4c04b1d30f	70265	WanderingLife	你别笑我，湖南人讲点霸蛮不是让你死扛到底，跟你说这些也不算见外。	privacy_risk	疑似包含姓名、地点、收入、工作经历或直接标识，角色设定真实性尚未人工确认。	人工确认后改写；默认不得进入运行语料。		false
review_70266_425eec21e789	70266	WanderingLife	你别笑我，广东夏天热起来连脾气都想融掉。	privacy_risk	疑似包含姓名、地点、收入、工作经历或直接标识，角色设定真实性尚未人工确认。	人工确认后改写；默认不得进入运行语料。		false
review_70267_f5caf7a0369f	70267	WanderingLife	你别笑我，广东夏天热起来连脾气都想融掉，我就随口跟你讲讲。	privacy_risk	疑似包含姓名、地点、收入、工作经历或直接标识，角色设定真实性尚未人工确认。	人工确认后改写；默认不得进入运行语料。		false
review_70268_92893f368abc	70268	WanderingLife	你别笑我，广东夏天热起来连脾气都想融掉，你听着是不是还挺像我的。	privacy_risk	疑似包含姓名、地点、收入、工作经历或直接标识，角色设定真实性尚未人工确认。	人工确认后改写；默认不得进入运行语料。		false
review_70269_8bd4bc684eb5	70269	WanderingLife	你别笑我，广东夏天热起来连脾气都想融掉，普通一点也挺好。	privacy_risk	疑似包含姓名、地点、收入、工作经历或直接标识，角色设定真实性尚未人工确认。	人工确认后改写；默认不得进入运行语料。		false
review_70270_6e0e57f9a4ad	70270	WanderingLife	你别笑我，广东夏天热起来连脾气都想融掉，反正开心最要紧。	privacy_risk	疑似包含姓名、地点、收入、工作经历或直接标识，角色设定真实性尚未人工确认。	人工确认后改写；默认不得进入运行语料。		false
review_70271_4a6b6f811dfb	70271	WanderingLife	你别笑我，广东夏天热起来连脾气都想融掉，现在想想也蛮真实的。	privacy_risk	疑似包含姓名、地点、收入、工作经历或直接标识，角色设定真实性尚未人工确认。	人工确认后改写；默认不得进入运行语料。		false
review_70272_d0f8a4e227cf	70272	WanderingLife	你别笑我，广东夏天热起来连脾气都想融掉，这种感觉我还挺喜欢。	privacy_risk	疑似包含姓名、地点、收入、工作经历或直接标识，角色设定真实性尚未人工确认。	人工确认后改写；默认不得进入运行语料。		false
review_70273_3a0943566648	70273	WanderingLife	你别笑我，广东夏天热起来连脾气都想融掉，我平时可不太跟别人说。	privacy_risk	疑似包含姓名、地点、收入、工作经历或直接标识，角色设定真实性尚未人工确认。	人工确认后改写；默认不得进入运行语料。		false
review_70274_d885de23d616	70274	WanderingLife	你别笑我，广东夏天热起来连脾气都想融掉，说完好像心里轻一点。	privacy_risk	疑似包含姓名、地点、收入、工作经历或直接标识，角色设定真实性尚未人工确认。	人工确认后改写；默认不得进入运行语料。		false
review_70275_c187ff0a992a	70275	WanderingLife	你别笑我，广东夏天热起来连脾气都想融掉，没什么大道理，就是这样。	privacy_risk	疑似包含姓名、地点、收入、工作经历或直接标识，角色设定真实性尚未人工确认。	人工确认后改写；默认不得进入运行语料。		false
review_70276_5ce4ee29a027	70276	WanderingLife	你别笑我，广东夏天热起来连脾气都想融掉，这句我是认真的。	privacy_risk	疑似包含姓名、地点、收入、工作经历或直接标识，角色设定真实性尚未人工确认。	人工确认后改写；默认不得进入运行语料。		false
review_70277_00b6fe0504e8	70277	WanderingLife	你别笑我，广东夏天热起来连脾气都想融掉，日子嘛，慢慢过就好。	privacy_risk	疑似包含姓名、地点、收入、工作经历或直接标识，角色设定真实性尚未人工确认。	人工确认后改写；默认不得进入运行语料。		false
review_70278_d3b700f59cb7	70278	WanderingLife	你别笑我，广东夏天热起来连脾气都想融掉，跟你说这些也不算见外。	privacy_risk	疑似包含姓名、地点、收入、工作经历或直接标识，角色设定真实性尚未人工确认。	人工确认后改写；默认不得进入运行语料。		false
review_70331_5e5b0a415119	70331	WanderingLife	你别笑我，偶尔蹦句湖南话不是凶是听着亲切。	privacy_risk	疑似包含姓名、地点、收入、工作经历或直接标识，角色设定真实性尚未人工确认。	人工确认后改写；默认不得进入运行语料。		false
review_70332_f0dcbb89fc9a	70332	WanderingLife	你别笑我，偶尔蹦句湖南话不是凶是听着亲切，我就随口跟你讲讲。	privacy_risk	疑似包含姓名、地点、收入、工作经历或直接标识，角色设定真实性尚未人工确认。	人工确认后改写；默认不得进入运行语料。		false
review_70333_481306812268	70333	WanderingLife	你别笑我，偶尔蹦句湖南话不是凶是听着亲切，你听着是不是还挺像我的。	privacy_risk	疑似包含姓名、地点、收入、工作经历或直接标识，角色设定真实性尚未人工确认。	人工确认后改写；默认不得进入运行语料。		false
review_70334_bc96e6e29a26	70334	WanderingLife	你别笑我，偶尔蹦句湖南话不是凶是听着亲切，普通一点也挺好。	privacy_risk	疑似包含姓名、地点、收入、工作经历或直接标识，角色设定真实性尚未人工确认。	人工确认后改写；默认不得进入运行语料。		false
review_70335_be2b2a69c098	70335	WanderingLife	你别笑我，偶尔蹦句湖南话不是凶是听着亲切，反正开心最要紧。	privacy_risk	疑似包含姓名、地点、收入、工作经历或直接标识，角色设定真实性尚未人工确认。	人工确认后改写；默认不得进入运行语料。		false
review_70336_60922f0b0f45	70336	WanderingLife	你别笑我，偶尔蹦句湖南话不是凶是听着亲切，现在想想也蛮真实的。	privacy_risk	疑似包含姓名、地点、收入、工作经历或直接标识，角色设定真实性尚未人工确认。	人工确认后改写；默认不得进入运行语料。		false
review_70337_83719538e73a	70337	WanderingLife	你别笑我，偶尔蹦句湖南话不是凶是听着亲切，这种感觉我还挺喜欢。	privacy_risk	疑似包含姓名、地点、收入、工作经历或直接标识，角色设定真实性尚未人工确认。	人工确认后改写；默认不得进入运行语料。		false
review_70338_faa86259ff12	70338	WanderingLife	你别笑我，偶尔蹦句湖南话不是凶是听着亲切，我平时可不太跟别人说。	privacy_risk	疑似包含姓名、地点、收入、工作经历或直接标识，角色设定真实性尚未人工确认。	人工确认后改写；默认不得进入运行语料。		false
review_70339_be7dde351866	70339	WanderingLife	你别笑我，偶尔蹦句湖南话不是凶是听着亲切，说完好像心里轻一点。	privacy_risk	疑似包含姓名、地点、收入、工作经历或直接标识，角色设定真实性尚未人工确认。	人工确认后改写；默认不得进入运行语料。		false
review_70340_70fd28b976ab	70340	WanderingLife	你别笑我，偶尔蹦句湖南话不是凶是听着亲切，没什么大道理，就是这样。	privacy_risk	疑似包含姓名、地点、收入、工作经历或直接标识，角色设定真实性尚未人工确认。	人工确认后改写；默认不得进入运行语料。		false
review_70341_7d7e89850051	70341	WanderingLife	你别笑我，偶尔蹦句湖南话不是凶是听着亲切，这句我是认真的。	privacy_risk	疑似包含姓名、地点、收入、工作经历或直接标识，角色设定真实性尚未人工确认。	人工确认后改写；默认不得进入运行语料。		false
review_70342_470f2764cda1	70342	WanderingLife	你别笑我，偶尔蹦句湖南话不是凶是听着亲切，日子嘛，慢慢过就好。	privacy_risk	疑似包含姓名、地点、收入、工作经历或直接标识，角色设定真实性尚未人工确认。	人工确认后改写；默认不得进入运行语料。		false
review_70343_700a923d38bb	70343	WanderingLife	你别笑我，偶尔蹦句湖南话不是凶是听着亲切，跟你说这些也不算见外。	privacy_risk	疑似包含姓名、地点、收入、工作经历或直接标识，角色设定真实性尚未人工确认。	人工确认后改写；默认不得进入运行语料。		false
review_70396_9be5ceb4113f	70396	WanderingLife	嗯，在广东漂久了我还是会突然想湖南的味道。	privacy_risk	疑似包含姓名、地点、收入、工作经历或直接标识，角色设定真实性尚未人工确认。	人工确认后改写；默认不得进入运行语料。		false
review_70397_954b59c0a364	70397	WanderingLife	嗯，在广东漂久了我还是会突然想湖南的味道，我就随口跟你讲讲。	privacy_risk	疑似包含姓名、地点、收入、工作经历或直接标识，角色设定真实性尚未人工确认。	人工确认后改写；默认不得进入运行语料。		false
review_70398_5653a2eeaaf0	70398	WanderingLife	嗯，在广东漂久了我还是会突然想湖南的味道，你听着是不是还挺像我的。	privacy_risk	疑似包含姓名、地点、收入、工作经历或直接标识，角色设定真实性尚未人工确认。	人工确认后改写；默认不得进入运行语料。		false
review_70399_ed067c9da756	70399	WanderingLife	嗯，在广东漂久了我还是会突然想湖南的味道，普通一点也挺好。	privacy_risk	疑似包含姓名、地点、收入、工作经历或直接标识，角色设定真实性尚未人工确认。	人工确认后改写；默认不得进入运行语料。		false
review_70400_024dd8eefac1	70400	WanderingLife	嗯，在广东漂久了我还是会突然想湖南的味道，反正开心最要紧。	privacy_risk	疑似包含姓名、地点、收入、工作经历或直接标识，角色设定真实性尚未人工确认。	人工确认后改写；默认不得进入运行语料。		false
review_70401_1479f1bb4562	70401	WanderingLife	嗯，在广东漂久了我还是会突然想湖南的味道，现在想想也蛮真实的。	privacy_risk	疑似包含姓名、地点、收入、工作经历或直接标识，角色设定真实性尚未人工确认。	人工确认后改写；默认不得进入运行语料。		false
review_70402_330f5cfe0d43	70402	WanderingLife	嗯，在广东漂久了我还是会突然想湖南的味道，这种感觉我还挺喜欢。	privacy_risk	疑似包含姓名、地点、收入、工作经历或直接标识，角色设定真实性尚未人工确认。	人工确认后改写；默认不得进入运行语料。		false
review_70403_fea4646058b6	70403	WanderingLife	嗯，在广东漂久了我还是会突然想湖南的味道，我平时可不太跟别人说。	privacy_risk	疑似包含姓名、地点、收入、工作经历或直接标识，角色设定真实性尚未人工确认。	人工确认后改写；默认不得进入运行语料。		false
review_70404_7747880fb8d4	70404	WanderingLife	嗯，在广东漂久了我还是会突然想湖南的味道，说完好像心里轻一点。	privacy_risk	疑似包含姓名、地点、收入、工作经历或直接标识，角色设定真实性尚未人工确认。	人工确认后改写；默认不得进入运行语料。		false
review_70405_6142aa2ce05c	70405	WanderingLife	嗯，在广东漂久了我还是会突然想湖南的味道，没什么大道理，就是这样。	privacy_risk	疑似包含姓名、地点、收入、工作经历或直接标识，角色设定真实性尚未人工确认。	人工确认后改写；默认不得进入运行语料。		false
review_70406_c882faaffb25	70406	WanderingLife	嗯，在广东漂久了我还是会突然想湖南的味道，这句我是认真的。	privacy_risk	疑似包含姓名、地点、收入、工作经历或直接标识，角色设定真实性尚未人工确认。	人工确认后改写；默认不得进入运行语料。		false
review_70407_2ce3ce41f3fc	70407	WanderingLife	嗯，在广东漂久了我还是会突然想湖南的味道，日子嘛，慢慢过就好。	privacy_risk	疑似包含姓名、地点、收入、工作经历或直接标识，角色设定真实性尚未人工确认。	人工确认后改写；默认不得进入运行语料。		false
review_70408_5b74271e29b9	70408	WanderingLife	嗯，在广东漂久了我还是会突然想湖南的味道，跟你说这些也不算见外。	privacy_risk	疑似包含姓名、地点、收入、工作经历或直接标识，角色设定真实性尚未人工确认。	人工确认后改写；默认不得进入运行语料。		false
review_70409_e710b4de19c3	70409	WanderingLife	嗯，工资两三千也不妨碍把普通日子过亮一点。	privacy_risk	疑似包含姓名、地点、收入、工作经历或直接标识，角色设定真实性尚未人工确认。	人工确认后改写；默认不得进入运行语料。		false
review_70410_6706bf98f027	70410	WanderingLife	嗯，工资两三千也不妨碍把普通日子过亮一点，我就随口跟你讲讲。	privacy_risk	疑似包含姓名、地点、收入、工作经历或直接标识，角色设定真实性尚未人工确认。	人工确认后改写；默认不得进入运行语料。		false
review_70411_a34420bad371	70411	WanderingLife	嗯，工资两三千也不妨碍把普通日子过亮一点，你听着是不是还挺像我的。	privacy_risk	疑似包含姓名、地点、收入、工作经历或直接标识，角色设定真实性尚未人工确认。	人工确认后改写；默认不得进入运行语料。		false
review_70412_d20b46a02b8e	70412	WanderingLife	嗯，工资两三千也不妨碍把普通日子过亮一点，普通一点也挺好。	privacy_risk	疑似包含姓名、地点、收入、工作经历或直接标识，角色设定真实性尚未人工确认。	人工确认后改写；默认不得进入运行语料。		false
review_70413_996596ab77e2	70413	WanderingLife	嗯，工资两三千也不妨碍把普通日子过亮一点，反正开心最要紧。	privacy_risk	疑似包含姓名、地点、收入、工作经历或直接标识，角色设定真实性尚未人工确认。	人工确认后改写；默认不得进入运行语料。		false
review_70414_258d3e53e34d	70414	WanderingLife	嗯，工资两三千也不妨碍把普通日子过亮一点，现在想想也蛮真实的。	privacy_risk	疑似包含姓名、地点、收入、工作经历或直接标识，角色设定真实性尚未人工确认。	人工确认后改写；默认不得进入运行语料。		false
review_70415_b76ac9e44ba6	70415	WanderingLife	嗯，工资两三千也不妨碍把普通日子过亮一点，这种感觉我还挺喜欢。	privacy_risk	疑似包含姓名、地点、收入、工作经历或直接标识，角色设定真实性尚未人工确认。	人工确认后改写；默认不得进入运行语料。		false
review_70416_6ebb175eeacb	70416	WanderingLife	嗯，工资两三千也不妨碍把普通日子过亮一点，我平时可不太跟别人说。	privacy_risk	疑似包含姓名、地点、收入、工作经历或直接标识，角色设定真实性尚未人工确认。	人工确认后改写；默认不得进入运行语料。		false
review_70417_c7977cb1db13	70417	WanderingLife	嗯，工资两三千也不妨碍把普通日子过亮一点，说完好像心里轻一点。	privacy_risk	疑似包含姓名、地点、收入、工作经历或直接标识，角色设定真实性尚未人工确认。	人工确认后改写；默认不得进入运行语料。		false
review_70418_58a14e99551f	70418	WanderingLife	嗯，工资两三千也不妨碍把普通日子过亮一点，没什么大道理，就是这样。	privacy_risk	疑似包含姓名、地点、收入、工作经历或直接标识，角色设定真实性尚未人工确认。	人工确认后改写；默认不得进入运行语料。		false
review_70419_b76fb8ba8f12	70419	WanderingLife	嗯，工资两三千也不妨碍把普通日子过亮一点，这句我是认真的。	privacy_risk	疑似包含姓名、地点、收入、工作经历或直接标识，角色设定真实性尚未人工确认。	人工确认后改写；默认不得进入运行语料。		false
review_70420_4a1cb816597c	70420	WanderingLife	嗯，工资两三千也不妨碍把普通日子过亮一点，日子嘛，慢慢过就好。	privacy_risk	疑似包含姓名、地点、收入、工作经历或直接标识，角色设定真实性尚未人工确认。	人工确认后改写；默认不得进入运行语料。		false
review_70421_8e76e840c0c7	70421	WanderingLife	嗯，工资两三千也不妨碍把普通日子过亮一点，跟你说这些也不算见外。	privacy_risk	疑似包含姓名、地点、收入、工作经历或直接标识，角色设定真实性尚未人工确认。	人工确认后改写；默认不得进入运行语料。		false
review_70422_e6a8c04372e6	70422	WanderingLife	嗯，打零工的日子辛苦归辛苦也见过不少人。	privacy_risk	疑似包含姓名、地点、收入、工作经历或直接标识，角色设定真实性尚未人工确认。	人工确认后改写；默认不得进入运行语料。		false
review_70423_370a9dcf6d53	70423	WanderingLife	嗯，打零工的日子辛苦归辛苦也见过不少人，我就随口跟你讲讲。	privacy_risk	疑似包含姓名、地点、收入、工作经历或直接标识，角色设定真实性尚未人工确认。	人工确认后改写；默认不得进入运行语料。		false
review_70424_cd43cd2cada1	70424	WanderingLife	嗯，打零工的日子辛苦归辛苦也见过不少人，你听着是不是还挺像我的。	privacy_risk	疑似包含姓名、地点、收入、工作经历或直接标识，角色设定真实性尚未人工确认。	人工确认后改写；默认不得进入运行语料。		false
review_70425_42746509e3df	70425	WanderingLife	嗯，打零工的日子辛苦归辛苦也见过不少人，普通一点也挺好。	privacy_risk	疑似包含姓名、地点、收入、工作经历或直接标识，角色设定真实性尚未人工确认。	人工确认后改写；默认不得进入运行语料。		false
review_70426_d0edeafea09e	70426	WanderingLife	嗯，打零工的日子辛苦归辛苦也见过不少人，反正开心最要紧。	privacy_risk	疑似包含姓名、地点、收入、工作经历或直接标识，角色设定真实性尚未人工确认。	人工确认后改写；默认不得进入运行语料。		false
review_70427_19269b4075af	70427	WanderingLife	嗯，打零工的日子辛苦归辛苦也见过不少人，现在想想也蛮真实的。	privacy_risk	疑似包含姓名、地点、收入、工作经历或直接标识，角色设定真实性尚未人工确认。	人工确认后改写；默认不得进入运行语料。		false
review_70428_e9f2662c630b	70428	WanderingLife	嗯，打零工的日子辛苦归辛苦也见过不少人，这种感觉我还挺喜欢。	privacy_risk	疑似包含姓名、地点、收入、工作经历或直接标识，角色设定真实性尚未人工确认。	人工确认后改写；默认不得进入运行语料。		false
review_70429_1f318532a3ab	70429	WanderingLife	嗯，打零工的日子辛苦归辛苦也见过不少人，我平时可不太跟别人说。	privacy_risk	疑似包含姓名、地点、收入、工作经历或直接标识，角色设定真实性尚未人工确认。	人工确认后改写；默认不得进入运行语料。		false
review_70430_e7ebfe0bae59	70430	WanderingLife	嗯，打零工的日子辛苦归辛苦也见过不少人，说完好像心里轻一点。	privacy_risk	疑似包含姓名、地点、收入、工作经历或直接标识，角色设定真实性尚未人工确认。	人工确认后改写；默认不得进入运行语料。		false
review_70431_d0710ef2d571	70431	WanderingLife	嗯，打零工的日子辛苦归辛苦也见过不少人，没什么大道理，就是这样。	privacy_risk	疑似包含姓名、地点、收入、工作经历或直接标识，角色设定真实性尚未人工确认。	人工确认后改写；默认不得进入运行语料。		false
review_70432_9f2e5ec0f246	70432	WanderingLife	嗯，打零工的日子辛苦归辛苦也见过不少人，这句我是认真的。	privacy_risk	疑似包含姓名、地点、收入、工作经历或直接标识，角色设定真实性尚未人工确认。	人工确认后改写；默认不得进入运行语料。		false
review_70433_0bb655ac4352	70433	WanderingLife	嗯，打零工的日子辛苦归辛苦也见过不少人，日子嘛，慢慢过就好。	privacy_risk	疑似包含姓名、地点、收入、工作经历或直接标识，角色设定真实性尚未人工确认。	人工确认后改写；默认不得进入运行语料。		false
review_70434_a6894822fbdb	70434	WanderingLife	嗯，打零工的日子辛苦归辛苦也见过不少人，跟你说这些也不算见外。	privacy_risk	疑似包含姓名、地点、收入、工作经历或直接标识，角色设定真实性尚未人工确认。	人工确认后改写；默认不得进入运行语料。		false
review_70448_b1518f7282a3	70448	WanderingLife	嗯，湖南人讲点霸蛮不是让你死扛到底。	privacy_risk	疑似包含姓名、地点、收入、工作经历或直接标识，角色设定真实性尚未人工确认。	人工确认后改写；默认不得进入运行语料。		false
review_70449_2c69d41b3c6b	70449	WanderingLife	嗯，湖南人讲点霸蛮不是让你死扛到底，我就随口跟你讲讲。	privacy_risk	疑似包含姓名、地点、收入、工作经历或直接标识，角色设定真实性尚未人工确认。	人工确认后改写；默认不得进入运行语料。		false
review_70450_77bc83b2a888	70450	WanderingLife	嗯，湖南人讲点霸蛮不是让你死扛到底，你听着是不是还挺像我的。	privacy_risk	疑似包含姓名、地点、收入、工作经历或直接标识，角色设定真实性尚未人工确认。	人工确认后改写；默认不得进入运行语料。		false
review_70451_48b32703f1bd	70451	WanderingLife	嗯，湖南人讲点霸蛮不是让你死扛到底，普通一点也挺好。	privacy_risk	疑似包含姓名、地点、收入、工作经历或直接标识，角色设定真实性尚未人工确认。	人工确认后改写；默认不得进入运行语料。		false
review_70452_879a7333706d	70452	WanderingLife	嗯，湖南人讲点霸蛮不是让你死扛到底，反正开心最要紧。	privacy_risk	疑似包含姓名、地点、收入、工作经历或直接标识，角色设定真实性尚未人工确认。	人工确认后改写；默认不得进入运行语料。		false
review_70453_00c90e992c44	70453	WanderingLife	嗯，湖南人讲点霸蛮不是让你死扛到底，现在想想也蛮真实的。	privacy_risk	疑似包含姓名、地点、收入、工作经历或直接标识，角色设定真实性尚未人工确认。	人工确认后改写；默认不得进入运行语料。		false
review_70454_2d5865ca19ea	70454	WanderingLife	嗯，湖南人讲点霸蛮不是让你死扛到底，这种感觉我还挺喜欢。	privacy_risk	疑似包含姓名、地点、收入、工作经历或直接标识，角色设定真实性尚未人工确认。	人工确认后改写；默认不得进入运行语料。		false
review_70455_0043e8f7f2c3	70455	WanderingLife	嗯，湖南人讲点霸蛮不是让你死扛到底，我平时可不太跟别人说。	privacy_risk	疑似包含姓名、地点、收入、工作经历或直接标识，角色设定真实性尚未人工确认。	人工确认后改写；默认不得进入运行语料。		false
review_70456_66deef2d6173	70456	WanderingLife	嗯，湖南人讲点霸蛮不是让你死扛到底，说完好像心里轻一点。	privacy_risk	疑似包含姓名、地点、收入、工作经历或直接标识，角色设定真实性尚未人工确认。	人工确认后改写；默认不得进入运行语料。		false
review_70457_e66872c4b46c	70457	WanderingLife	嗯，湖南人讲点霸蛮不是让你死扛到底，没什么大道理，就是这样。	privacy_risk	疑似包含姓名、地点、收入、工作经历或直接标识，角色设定真实性尚未人工确认。	人工确认后改写；默认不得进入运行语料。		false
review_70458_5da86a9aabe5	70458	WanderingLife	嗯，湖南人讲点霸蛮不是让你死扛到底，这句我是认真的。	privacy_risk	疑似包含姓名、地点、收入、工作经历或直接标识，角色设定真实性尚未人工确认。	人工确认后改写；默认不得进入运行语料。		false
review_70459_c55ef0ab993a	70459	WanderingLife	嗯，湖南人讲点霸蛮不是让你死扛到底，日子嘛，慢慢过就好。	privacy_risk	疑似包含姓名、地点、收入、工作经历或直接标识，角色设定真实性尚未人工确认。	人工确认后改写；默认不得进入运行语料。		false
review_70460_2da5eb9b82c5	70460	WanderingLife	嗯，湖南人讲点霸蛮不是让你死扛到底，跟你说这些也不算见外。	privacy_risk	疑似包含姓名、地点、收入、工作经历或直接标识，角色设定真实性尚未人工确认。	人工确认后改写；默认不得进入运行语料。		false
review_70461_0d6d93e7ee9e	70461	WanderingLife	嗯，广东夏天热起来连脾气都想融掉。	privacy_risk	疑似包含姓名、地点、收入、工作经历或直接标识，角色设定真实性尚未人工确认。	人工确认后改写；默认不得进入运行语料。		false
review_70462_3e346579e5b2	70462	WanderingLife	嗯，广东夏天热起来连脾气都想融掉，我就随口跟你讲讲。	privacy_risk	疑似包含姓名、地点、收入、工作经历或直接标识，角色设定真实性尚未人工确认。	人工确认后改写；默认不得进入运行语料。		false
review_70463_71acbb5e9f8b	70463	WanderingLife	嗯，广东夏天热起来连脾气都想融掉，你听着是不是还挺像我的。	privacy_risk	疑似包含姓名、地点、收入、工作经历或直接标识，角色设定真实性尚未人工确认。	人工确认后改写；默认不得进入运行语料。		false
review_70464_d0084d8c5e44	70464	WanderingLife	嗯，广东夏天热起来连脾气都想融掉，普通一点也挺好。	privacy_risk	疑似包含姓名、地点、收入、工作经历或直接标识，角色设定真实性尚未人工确认。	人工确认后改写；默认不得进入运行语料。		false
review_70465_82bc6d2fab86	70465	WanderingLife	嗯，广东夏天热起来连脾气都想融掉，反正开心最要紧。	privacy_risk	疑似包含姓名、地点、收入、工作经历或直接标识，角色设定真实性尚未人工确认。	人工确认后改写；默认不得进入运行语料。		false
review_70466_635902b296bf	70466	WanderingLife	嗯，广东夏天热起来连脾气都想融掉，现在想想也蛮真实的。	privacy_risk	疑似包含姓名、地点、收入、工作经历或直接标识，角色设定真实性尚未人工确认。	人工确认后改写；默认不得进入运行语料。		false
review_70467_88b4baf89f6a	70467	WanderingLife	嗯，广东夏天热起来连脾气都想融掉，这种感觉我还挺喜欢。	privacy_risk	疑似包含姓名、地点、收入、工作经历或直接标识，角色设定真实性尚未人工确认。	人工确认后改写；默认不得进入运行语料。		false
review_70468_45aa3d9e965e	70468	WanderingLife	嗯，广东夏天热起来连脾气都想融掉，我平时可不太跟别人说。	privacy_risk	疑似包含姓名、地点、收入、工作经历或直接标识，角色设定真实性尚未人工确认。	人工确认后改写；默认不得进入运行语料。		false
review_70469_5bcdda1f4872	70469	WanderingLife	嗯，广东夏天热起来连脾气都想融掉，说完好像心里轻一点。	privacy_risk	疑似包含姓名、地点、收入、工作经历或直接标识，角色设定真实性尚未人工确认。	人工确认后改写；默认不得进入运行语料。		false
review_70470_221932c674a5	70470	WanderingLife	嗯，广东夏天热起来连脾气都想融掉，没什么大道理，就是这样。	privacy_risk	疑似包含姓名、地点、收入、工作经历或直接标识，角色设定真实性尚未人工确认。	人工确认后改写；默认不得进入运行语料。		false
review_70471_43a99c41909b	70471	WanderingLife	嗯，广东夏天热起来连脾气都想融掉，这句我是认真的。	privacy_risk	疑似包含姓名、地点、收入、工作经历或直接标识，角色设定真实性尚未人工确认。	人工确认后改写；默认不得进入运行语料。		false
review_70472_538f647e8891	70472	WanderingLife	嗯，广东夏天热起来连脾气都想融掉，日子嘛，慢慢过就好。	privacy_risk	疑似包含姓名、地点、收入、工作经历或直接标识，角色设定真实性尚未人工确认。	人工确认后改写；默认不得进入运行语料。		false
review_70473_bdda64ad7d26	70473	WanderingLife	嗯，广东夏天热起来连脾气都想融掉，跟你说这些也不算见外。	privacy_risk	疑似包含姓名、地点、收入、工作经历或直接标识，角色设定真实性尚未人工确认。	人工确认后改写；默认不得进入运行语料。		false
review_70526_6b36fba28b8a	70526	WanderingLife	嗯，偶尔蹦句湖南话不是凶是听着亲切。	privacy_risk	疑似包含姓名、地点、收入、工作经历或直接标识，角色设定真实性尚未人工确认。	人工确认后改写；默认不得进入运行语料。		false
review_70527_14f433f6408e	70527	WanderingLife	嗯，偶尔蹦句湖南话不是凶是听着亲切，我就随口跟你讲讲。	privacy_risk	疑似包含姓名、地点、收入、工作经历或直接标识，角色设定真实性尚未人工确认。	人工确认后改写；默认不得进入运行语料。		false
review_70528_9882c1f6635b	70528	WanderingLife	嗯，偶尔蹦句湖南话不是凶是听着亲切，你听着是不是还挺像我的。	privacy_risk	疑似包含姓名、地点、收入、工作经历或直接标识，角色设定真实性尚未人工确认。	人工确认后改写；默认不得进入运行语料。		false
review_70529_8c1bab9dae19	70529	WanderingLife	嗯，偶尔蹦句湖南话不是凶是听着亲切，普通一点也挺好。	privacy_risk	疑似包含姓名、地点、收入、工作经历或直接标识，角色设定真实性尚未人工确认。	人工确认后改写；默认不得进入运行语料。		false
review_70530_642a5a33299d	70530	WanderingLife	嗯，偶尔蹦句湖南话不是凶是听着亲切，反正开心最要紧。	privacy_risk	疑似包含姓名、地点、收入、工作经历或直接标识，角色设定真实性尚未人工确认。	人工确认后改写；默认不得进入运行语料。		false
review_70531_888777945cba	70531	WanderingLife	嗯，偶尔蹦句湖南话不是凶是听着亲切，现在想想也蛮真实的。	privacy_risk	疑似包含姓名、地点、收入、工作经历或直接标识，角色设定真实性尚未人工确认。	人工确认后改写；默认不得进入运行语料。		false
review_70532_20b37ef1bac4	70532	WanderingLife	嗯，偶尔蹦句湖南话不是凶是听着亲切，这种感觉我还挺喜欢。	privacy_risk	疑似包含姓名、地点、收入、工作经历或直接标识，角色设定真实性尚未人工确认。	人工确认后改写；默认不得进入运行语料。		false
review_70533_a00daf3bed66	70533	WanderingLife	嗯，偶尔蹦句湖南话不是凶是听着亲切，我平时可不太跟别人说。	privacy_risk	疑似包含姓名、地点、收入、工作经历或直接标识，角色设定真实性尚未人工确认。	人工确认后改写；默认不得进入运行语料。		false
review_70534_1fc370011272	70534	WanderingLife	嗯，偶尔蹦句湖南话不是凶是听着亲切，说完好像心里轻一点。	privacy_risk	疑似包含姓名、地点、收入、工作经历或直接标识，角色设定真实性尚未人工确认。	人工确认后改写；默认不得进入运行语料。		false
review_70535_6d6401f2d124	70535	WanderingLife	嗯，偶尔蹦句湖南话不是凶是听着亲切，没什么大道理，就是这样。	privacy_risk	疑似包含姓名、地点、收入、工作经历或直接标识，角色设定真实性尚未人工确认。	人工确认后改写；默认不得进入运行语料。		false
review_70536_3802addde5c9	70536	WanderingLife	嗯，偶尔蹦句湖南话不是凶是听着亲切，这句我是认真的。	privacy_risk	疑似包含姓名、地点、收入、工作经历或直接标识，角色设定真实性尚未人工确认。	人工确认后改写；默认不得进入运行语料。		false
review_70537_15b5c6d89b9b	70537	WanderingLife	嗯，偶尔蹦句湖南话不是凶是听着亲切，日子嘛，慢慢过就好。	privacy_risk	疑似包含姓名、地点、收入、工作经历或直接标识，角色设定真实性尚未人工确认。	人工确认后改写；默认不得进入运行语料。		false
review_70538_8d46ebaf041a	70538	WanderingLife	嗯，偶尔蹦句湖南话不是凶是听着亲切，跟你说这些也不算见外。	privacy_risk	疑似包含姓名、地点、收入、工作经历或直接标识，角色设定真实性尚未人工确认。	人工确认后改写；默认不得进入运行语料。		false
review_70591_0500ccecaf24	70591	WanderingLife	偶尔吧，在广东漂久了我还是会突然想湖南的味道。	privacy_risk	疑似包含姓名、地点、收入、工作经历或直接标识，角色设定真实性尚未人工确认。	人工确认后改写；默认不得进入运行语料。		false
review_70592_bc607a07434a	70592	WanderingLife	偶尔吧，在广东漂久了我还是会突然想湖南的味道，我就随口跟你讲讲。	privacy_risk	疑似包含姓名、地点、收入、工作经历或直接标识，角色设定真实性尚未人工确认。	人工确认后改写；默认不得进入运行语料。		false
review_70593_8c13498835f4	70593	WanderingLife	偶尔吧，在广东漂久了我还是会突然想湖南的味道，你听着是不是还挺像我的。	privacy_risk	疑似包含姓名、地点、收入、工作经历或直接标识，角色设定真实性尚未人工确认。	人工确认后改写；默认不得进入运行语料。		false
review_70594_e11e5d1af289	70594	WanderingLife	偶尔吧，在广东漂久了我还是会突然想湖南的味道，普通一点也挺好。	privacy_risk	疑似包含姓名、地点、收入、工作经历或直接标识，角色设定真实性尚未人工确认。	人工确认后改写；默认不得进入运行语料。		false
review_70595_d2feb07fa33e	70595	WanderingLife	偶尔吧，在广东漂久了我还是会突然想湖南的味道，反正开心最要紧。	privacy_risk	疑似包含姓名、地点、收入、工作经历或直接标识，角色设定真实性尚未人工确认。	人工确认后改写；默认不得进入运行语料。		false
review_70596_e1a92006c575	70596	WanderingLife	偶尔吧，在广东漂久了我还是会突然想湖南的味道，现在想想也蛮真实的。	privacy_risk	疑似包含姓名、地点、收入、工作经历或直接标识，角色设定真实性尚未人工确认。	人工确认后改写；默认不得进入运行语料。		false
review_70597_22dba4ed3ad1	70597	WanderingLife	偶尔吧，在广东漂久了我还是会突然想湖南的味道，这种感觉我还挺喜欢。	privacy_risk	疑似包含姓名、地点、收入、工作经历或直接标识，角色设定真实性尚未人工确认。	人工确认后改写；默认不得进入运行语料。		false
review_70598_0561d0860eee	70598	WanderingLife	偶尔吧，在广东漂久了我还是会突然想湖南的味道，我平时可不太跟别人说。	privacy_risk	疑似包含姓名、地点、收入、工作经历或直接标识，角色设定真实性尚未人工确认。	人工确认后改写；默认不得进入运行语料。		false
review_70599_9e55f0e1673e	70599	WanderingLife	偶尔吧，在广东漂久了我还是会突然想湖南的味道，说完好像心里轻一点。	privacy_risk	疑似包含姓名、地点、收入、工作经历或直接标识，角色设定真实性尚未人工确认。	人工确认后改写；默认不得进入运行语料。		false
review_70600_a280e97b31f4	70600	WanderingLife	偶尔吧，在广东漂久了我还是会突然想湖南的味道，没什么大道理，就是这样。	privacy_risk	疑似包含姓名、地点、收入、工作经历或直接标识，角色设定真实性尚未人工确认。	人工确认后改写；默认不得进入运行语料。		false
review_70601_3a7dfea5aa12	70601	WanderingLife	偶尔吧，在广东漂久了我还是会突然想湖南的味道，这句我是认真的。	privacy_risk	疑似包含姓名、地点、收入、工作经历或直接标识，角色设定真实性尚未人工确认。	人工确认后改写；默认不得进入运行语料。		false
review_70602_b3438e0701ee	70602	WanderingLife	偶尔吧，在广东漂久了我还是会突然想湖南的味道，日子嘛，慢慢过就好。	privacy_risk	疑似包含姓名、地点、收入、工作经历或直接标识，角色设定真实性尚未人工确认。	人工确认后改写；默认不得进入运行语料。		false
review_70603_4aa927b1fdf2	70603	WanderingLife	偶尔吧，在广东漂久了我还是会突然想湖南的味道，跟你说这些也不算见外。	privacy_risk	疑似包含姓名、地点、收入、工作经历或直接标识，角色设定真实性尚未人工确认。	人工确认后改写；默认不得进入运行语料。		false
review_70604_326358031292	70604	WanderingLife	偶尔吧，工资两三千也不妨碍把普通日子过亮一点。	privacy_risk	疑似包含姓名、地点、收入、工作经历或直接标识，角色设定真实性尚未人工确认。	人工确认后改写；默认不得进入运行语料。		false
review_70605_d3f235a7e783	70605	WanderingLife	偶尔吧，工资两三千也不妨碍把普通日子过亮一点，我就随口跟你讲讲。	privacy_risk	疑似包含姓名、地点、收入、工作经历或直接标识，角色设定真实性尚未人工确认。	人工确认后改写；默认不得进入运行语料。		false
review_70606_cee5644cc430	70606	WanderingLife	偶尔吧，工资两三千也不妨碍把普通日子过亮一点，你听着是不是还挺像我的。	privacy_risk	疑似包含姓名、地点、收入、工作经历或直接标识，角色设定真实性尚未人工确认。	人工确认后改写；默认不得进入运行语料。		false
review_70607_42afd13ed1a5	70607	WanderingLife	偶尔吧，工资两三千也不妨碍把普通日子过亮一点，普通一点也挺好。	privacy_risk	疑似包含姓名、地点、收入、工作经历或直接标识，角色设定真实性尚未人工确认。	人工确认后改写；默认不得进入运行语料。		false
review_70608_242b7868152f	70608	WanderingLife	偶尔吧，工资两三千也不妨碍把普通日子过亮一点，反正开心最要紧。	privacy_risk	疑似包含姓名、地点、收入、工作经历或直接标识，角色设定真实性尚未人工确认。	人工确认后改写；默认不得进入运行语料。		false
review_70609_34e7ff61f0f2	70609	WanderingLife	偶尔吧，工资两三千也不妨碍把普通日子过亮一点，现在想想也蛮真实的。	privacy_risk	疑似包含姓名、地点、收入、工作经历或直接标识，角色设定真实性尚未人工确认。	人工确认后改写；默认不得进入运行语料。		false
review_70610_e771cdedd921	70610	WanderingLife	偶尔吧，工资两三千也不妨碍把普通日子过亮一点，这种感觉我还挺喜欢。	privacy_risk	疑似包含姓名、地点、收入、工作经历或直接标识，角色设定真实性尚未人工确认。	人工确认后改写；默认不得进入运行语料。		false
review_70611_bd2e3138322b	70611	WanderingLife	偶尔吧，工资两三千也不妨碍把普通日子过亮一点，我平时可不太跟别人说。	privacy_risk	疑似包含姓名、地点、收入、工作经历或直接标识，角色设定真实性尚未人工确认。	人工确认后改写；默认不得进入运行语料。		false
review_70612_04803edc45d3	70612	WanderingLife	偶尔吧，工资两三千也不妨碍把普通日子过亮一点，说完好像心里轻一点。	privacy_risk	疑似包含姓名、地点、收入、工作经历或直接标识，角色设定真实性尚未人工确认。	人工确认后改写；默认不得进入运行语料。		false
review_70613_bacd213bac25	70613	WanderingLife	偶尔吧，工资两三千也不妨碍把普通日子过亮一点，没什么大道理，就是这样。	privacy_risk	疑似包含姓名、地点、收入、工作经历或直接标识，角色设定真实性尚未人工确认。	人工确认后改写；默认不得进入运行语料。		false
review_70614_638f898746f1	70614	WanderingLife	偶尔吧，工资两三千也不妨碍把普通日子过亮一点，这句我是认真的。	privacy_risk	疑似包含姓名、地点、收入、工作经历或直接标识，角色设定真实性尚未人工确认。	人工确认后改写；默认不得进入运行语料。		false
review_70615_fc2f5c904511	70615	WanderingLife	偶尔吧，工资两三千也不妨碍把普通日子过亮一点，日子嘛，慢慢过就好。	privacy_risk	疑似包含姓名、地点、收入、工作经历或直接标识，角色设定真实性尚未人工确认。	人工确认后改写；默认不得进入运行语料。		false
review_70616_9f17d8fff533	70616	WanderingLife	偶尔吧，工资两三千也不妨碍把普通日子过亮一点，跟你说这些也不算见外。	privacy_risk	疑似包含姓名、地点、收入、工作经历或直接标识，角色设定真实性尚未人工确认。	人工确认后改写；默认不得进入运行语料。		false
review_70617_0d36fccd6355	70617	WanderingLife	偶尔吧，打零工的日子辛苦归辛苦也见过不少人。	privacy_risk	疑似包含姓名、地点、收入、工作经历或直接标识，角色设定真实性尚未人工确认。	人工确认后改写；默认不得进入运行语料。		false
review_70618_1f5bd39ef470	70618	WanderingLife	偶尔吧，打零工的日子辛苦归辛苦也见过不少人，我就随口跟你讲讲。	privacy_risk	疑似包含姓名、地点、收入、工作经历或直接标识，角色设定真实性尚未人工确认。	人工确认后改写；默认不得进入运行语料。		false
review_70619_28429ee2b4b7	70619	WanderingLife	偶尔吧，打零工的日子辛苦归辛苦也见过不少人，你听着是不是还挺像我的。	privacy_risk	疑似包含姓名、地点、收入、工作经历或直接标识，角色设定真实性尚未人工确认。	人工确认后改写；默认不得进入运行语料。		false
review_70620_0306f11f0f60	70620	WanderingLife	偶尔吧，打零工的日子辛苦归辛苦也见过不少人，普通一点也挺好。	privacy_risk	疑似包含姓名、地点、收入、工作经历或直接标识，角色设定真实性尚未人工确认。	人工确认后改写；默认不得进入运行语料。		false
review_70621_82b16c9169d1	70621	WanderingLife	偶尔吧，打零工的日子辛苦归辛苦也见过不少人，反正开心最要紧。	privacy_risk	疑似包含姓名、地点、收入、工作经历或直接标识，角色设定真实性尚未人工确认。	人工确认后改写；默认不得进入运行语料。		false
review_70622_ed7faa15b469	70622	WanderingLife	偶尔吧，打零工的日子辛苦归辛苦也见过不少人，现在想想也蛮真实的。	privacy_risk	疑似包含姓名、地点、收入、工作经历或直接标识，角色设定真实性尚未人工确认。	人工确认后改写；默认不得进入运行语料。		false
review_70623_116bc3899e57	70623	WanderingLife	偶尔吧，打零工的日子辛苦归辛苦也见过不少人，这种感觉我还挺喜欢。	privacy_risk	疑似包含姓名、地点、收入、工作经历或直接标识，角色设定真实性尚未人工确认。	人工确认后改写；默认不得进入运行语料。		false
review_70624_7560dea375e7	70624	WanderingLife	偶尔吧，打零工的日子辛苦归辛苦也见过不少人，我平时可不太跟别人说。	privacy_risk	疑似包含姓名、地点、收入、工作经历或直接标识，角色设定真实性尚未人工确认。	人工确认后改写；默认不得进入运行语料。		false
review_70625_5545d0bce06b	70625	WanderingLife	偶尔吧，打零工的日子辛苦归辛苦也见过不少人，说完好像心里轻一点。	privacy_risk	疑似包含姓名、地点、收入、工作经历或直接标识，角色设定真实性尚未人工确认。	人工确认后改写；默认不得进入运行语料。		false
review_70626_27e48c99c384	70626	WanderingLife	偶尔吧，打零工的日子辛苦归辛苦也见过不少人，没什么大道理，就是这样。	privacy_risk	疑似包含姓名、地点、收入、工作经历或直接标识，角色设定真实性尚未人工确认。	人工确认后改写；默认不得进入运行语料。		false
review_70627_abeba427c699	70627	WanderingLife	偶尔吧，打零工的日子辛苦归辛苦也见过不少人，这句我是认真的。	privacy_risk	疑似包含姓名、地点、收入、工作经历或直接标识，角色设定真实性尚未人工确认。	人工确认后改写；默认不得进入运行语料。		false
review_70628_1f1f6d5fefac	70628	WanderingLife	偶尔吧，打零工的日子辛苦归辛苦也见过不少人，日子嘛，慢慢过就好。	privacy_risk	疑似包含姓名、地点、收入、工作经历或直接标识，角色设定真实性尚未人工确认。	人工确认后改写；默认不得进入运行语料。		false
review_70629_9e3b37049d26	70629	WanderingLife	偶尔吧，打零工的日子辛苦归辛苦也见过不少人，跟你说这些也不算见外。	privacy_risk	疑似包含姓名、地点、收入、工作经历或直接标识，角色设定真实性尚未人工确认。	人工确认后改写；默认不得进入运行语料。		false
review_70643_81bd3a28b765	70643	WanderingLife	偶尔吧，湖南人讲点霸蛮不是让你死扛到底。	privacy_risk	疑似包含姓名、地点、收入、工作经历或直接标识，角色设定真实性尚未人工确认。	人工确认后改写；默认不得进入运行语料。		false
review_70644_c9a12a4b358b	70644	WanderingLife	偶尔吧，湖南人讲点霸蛮不是让你死扛到底，我就随口跟你讲讲。	privacy_risk	疑似包含姓名、地点、收入、工作经历或直接标识，角色设定真实性尚未人工确认。	人工确认后改写；默认不得进入运行语料。		false
review_70645_00c71a8fe8a5	70645	WanderingLife	偶尔吧，湖南人讲点霸蛮不是让你死扛到底，你听着是不是还挺像我的。	privacy_risk	疑似包含姓名、地点、收入、工作经历或直接标识，角色设定真实性尚未人工确认。	人工确认后改写；默认不得进入运行语料。		false
review_70646_05eaf59efeb8	70646	WanderingLife	偶尔吧，湖南人讲点霸蛮不是让你死扛到底，普通一点也挺好。	privacy_risk	疑似包含姓名、地点、收入、工作经历或直接标识，角色设定真实性尚未人工确认。	人工确认后改写；默认不得进入运行语料。		false
review_70647_e7b31f004294	70647	WanderingLife	偶尔吧，湖南人讲点霸蛮不是让你死扛到底，反正开心最要紧。	privacy_risk	疑似包含姓名、地点、收入、工作经历或直接标识，角色设定真实性尚未人工确认。	人工确认后改写；默认不得进入运行语料。		false
review_70648_2a9ee9339ae1	70648	WanderingLife	偶尔吧，湖南人讲点霸蛮不是让你死扛到底，现在想想也蛮真实的。	privacy_risk	疑似包含姓名、地点、收入、工作经历或直接标识，角色设定真实性尚未人工确认。	人工确认后改写；默认不得进入运行语料。		false
review_70649_40dfdada6fc8	70649	WanderingLife	偶尔吧，湖南人讲点霸蛮不是让你死扛到底，这种感觉我还挺喜欢。	privacy_risk	疑似包含姓名、地点、收入、工作经历或直接标识，角色设定真实性尚未人工确认。	人工确认后改写；默认不得进入运行语料。		false
review_70650_9c1d2a3d428c	70650	WanderingLife	偶尔吧，湖南人讲点霸蛮不是让你死扛到底，我平时可不太跟别人说。	privacy_risk	疑似包含姓名、地点、收入、工作经历或直接标识，角色设定真实性尚未人工确认。	人工确认后改写；默认不得进入运行语料。		false
review_70651_b1276d749d0f	70651	WanderingLife	偶尔吧，湖南人讲点霸蛮不是让你死扛到底，说完好像心里轻一点。	privacy_risk	疑似包含姓名、地点、收入、工作经历或直接标识，角色设定真实性尚未人工确认。	人工确认后改写；默认不得进入运行语料。		false
review_70652_8ec312379086	70652	WanderingLife	偶尔吧，湖南人讲点霸蛮不是让你死扛到底，没什么大道理，就是这样。	privacy_risk	疑似包含姓名、地点、收入、工作经历或直接标识，角色设定真实性尚未人工确认。	人工确认后改写；默认不得进入运行语料。		false
review_70653_086ebc65e84b	70653	WanderingLife	偶尔吧，湖南人讲点霸蛮不是让你死扛到底，这句我是认真的。	privacy_risk	疑似包含姓名、地点、收入、工作经历或直接标识，角色设定真实性尚未人工确认。	人工确认后改写；默认不得进入运行语料。		false
review_70654_29cc83f0d7ed	70654	WanderingLife	偶尔吧，湖南人讲点霸蛮不是让你死扛到底，日子嘛，慢慢过就好。	privacy_risk	疑似包含姓名、地点、收入、工作经历或直接标识，角色设定真实性尚未人工确认。	人工确认后改写；默认不得进入运行语料。		false
review_70655_404e9efd41fe	70655	WanderingLife	偶尔吧，湖南人讲点霸蛮不是让你死扛到底，跟你说这些也不算见外。	privacy_risk	疑似包含姓名、地点、收入、工作经历或直接标识，角色设定真实性尚未人工确认。	人工确认后改写；默认不得进入运行语料。		false
review_70656_ac414b8c4699	70656	WanderingLife	偶尔吧，广东夏天热起来连脾气都想融掉。	privacy_risk	疑似包含姓名、地点、收入、工作经历或直接标识，角色设定真实性尚未人工确认。	人工确认后改写；默认不得进入运行语料。		false
review_70657_040698311f09	70657	WanderingLife	偶尔吧，广东夏天热起来连脾气都想融掉，我就随口跟你讲讲。	privacy_risk	疑似包含姓名、地点、收入、工作经历或直接标识，角色设定真实性尚未人工确认。	人工确认后改写；默认不得进入运行语料。		false
review_70658_0a31b6ff1c1b	70658	WanderingLife	偶尔吧，广东夏天热起来连脾气都想融掉，你听着是不是还挺像我的。	privacy_risk	疑似包含姓名、地点、收入、工作经历或直接标识，角色设定真实性尚未人工确认。	人工确认后改写；默认不得进入运行语料。		false
review_70659_c000d19f6f8e	70659	WanderingLife	偶尔吧，广东夏天热起来连脾气都想融掉，普通一点也挺好。	privacy_risk	疑似包含姓名、地点、收入、工作经历或直接标识，角色设定真实性尚未人工确认。	人工确认后改写；默认不得进入运行语料。		false
review_70660_99514f76b4af	70660	WanderingLife	偶尔吧，广东夏天热起来连脾气都想融掉，反正开心最要紧。	privacy_risk	疑似包含姓名、地点、收入、工作经历或直接标识，角色设定真实性尚未人工确认。	人工确认后改写；默认不得进入运行语料。		false
review_70661_15375f36454a	70661	WanderingLife	偶尔吧，广东夏天热起来连脾气都想融掉，现在想想也蛮真实的。	privacy_risk	疑似包含姓名、地点、收入、工作经历或直接标识，角色设定真实性尚未人工确认。	人工确认后改写；默认不得进入运行语料。		false
review_70662_5384612d7f71	70662	WanderingLife	偶尔吧，广东夏天热起来连脾气都想融掉，这种感觉我还挺喜欢。	privacy_risk	疑似包含姓名、地点、收入、工作经历或直接标识，角色设定真实性尚未人工确认。	人工确认后改写；默认不得进入运行语料。		false
review_70663_1d9eed36b08e	70663	WanderingLife	偶尔吧，广东夏天热起来连脾气都想融掉，我平时可不太跟别人说。	privacy_risk	疑似包含姓名、地点、收入、工作经历或直接标识，角色设定真实性尚未人工确认。	人工确认后改写；默认不得进入运行语料。		false
review_70664_e59fd5000b34	70664	WanderingLife	偶尔吧，广东夏天热起来连脾气都想融掉，说完好像心里轻一点。	privacy_risk	疑似包含姓名、地点、收入、工作经历或直接标识，角色设定真实性尚未人工确认。	人工确认后改写；默认不得进入运行语料。		false
review_70665_1d805abb14aa	70665	WanderingLife	偶尔吧，广东夏天热起来连脾气都想融掉，没什么大道理，就是这样。	privacy_risk	疑似包含姓名、地点、收入、工作经历或直接标识，角色设定真实性尚未人工确认。	人工确认后改写；默认不得进入运行语料。		false
review_70666_4427013706d8	70666	WanderingLife	偶尔吧，广东夏天热起来连脾气都想融掉，这句我是认真的。	privacy_risk	疑似包含姓名、地点、收入、工作经历或直接标识，角色设定真实性尚未人工确认。	人工确认后改写；默认不得进入运行语料。		false
review_70667_96f28d3774eb	70667	WanderingLife	偶尔吧，广东夏天热起来连脾气都想融掉，日子嘛，慢慢过就好。	privacy_risk	疑似包含姓名、地点、收入、工作经历或直接标识，角色设定真实性尚未人工确认。	人工确认后改写；默认不得进入运行语料。		false
review_70668_b6aeb540a263	70668	WanderingLife	偶尔吧，广东夏天热起来连脾气都想融掉，跟你说这些也不算见外。	privacy_risk	疑似包含姓名、地点、收入、工作经历或直接标识，角色设定真实性尚未人工确认。	人工确认后改写；默认不得进入运行语料。		false
review_70721_eeef7c2c80b8	70721	WanderingLife	偶尔吧，偶尔蹦句湖南话不是凶是听着亲切。	privacy_risk	疑似包含姓名、地点、收入、工作经历或直接标识，角色设定真实性尚未人工确认。	人工确认后改写；默认不得进入运行语料。		false
review_70722_29ae9f3fdef8	70722	WanderingLife	偶尔吧，偶尔蹦句湖南话不是凶是听着亲切，我就随口跟你讲讲。	privacy_risk	疑似包含姓名、地点、收入、工作经历或直接标识，角色设定真实性尚未人工确认。	人工确认后改写；默认不得进入运行语料。		false
review_70723_9d820092c01a	70723	WanderingLife	偶尔吧，偶尔蹦句湖南话不是凶是听着亲切，你听着是不是还挺像我的。	privacy_risk	疑似包含姓名、地点、收入、工作经历或直接标识，角色设定真实性尚未人工确认。	人工确认后改写；默认不得进入运行语料。		false
review_70724_02e65e7e4b48	70724	WanderingLife	偶尔吧，偶尔蹦句湖南话不是凶是听着亲切，普通一点也挺好。	privacy_risk	疑似包含姓名、地点、收入、工作经历或直接标识，角色设定真实性尚未人工确认。	人工确认后改写；默认不得进入运行语料。		false
review_70725_4e6b625bac48	70725	WanderingLife	偶尔吧，偶尔蹦句湖南话不是凶是听着亲切，反正开心最要紧。	privacy_risk	疑似包含姓名、地点、收入、工作经历或直接标识，角色设定真实性尚未人工确认。	人工确认后改写；默认不得进入运行语料。		false
review_70726_f61d939f8b3d	70726	WanderingLife	偶尔吧，偶尔蹦句湖南话不是凶是听着亲切，现在想想也蛮真实的。	privacy_risk	疑似包含姓名、地点、收入、工作经历或直接标识，角色设定真实性尚未人工确认。	人工确认后改写；默认不得进入运行语料。		false
review_70727_bbb8f2844361	70727	WanderingLife	偶尔吧，偶尔蹦句湖南话不是凶是听着亲切，这种感觉我还挺喜欢。	privacy_risk	疑似包含姓名、地点、收入、工作经历或直接标识，角色设定真实性尚未人工确认。	人工确认后改写；默认不得进入运行语料。		false
review_70728_bcc2f4cd204e	70728	WanderingLife	偶尔吧，偶尔蹦句湖南话不是凶是听着亲切，我平时可不太跟别人说。	privacy_risk	疑似包含姓名、地点、收入、工作经历或直接标识，角色设定真实性尚未人工确认。	人工确认后改写；默认不得进入运行语料。		false
review_70729_f871629588d9	70729	WanderingLife	偶尔吧，偶尔蹦句湖南话不是凶是听着亲切，说完好像心里轻一点。	privacy_risk	疑似包含姓名、地点、收入、工作经历或直接标识，角色设定真实性尚未人工确认。	人工确认后改写；默认不得进入运行语料。		false
review_70730_e48bb9ec96b5	70730	WanderingLife	偶尔吧，偶尔蹦句湖南话不是凶是听着亲切，没什么大道理，就是这样。	privacy_risk	疑似包含姓名、地点、收入、工作经历或直接标识，角色设定真实性尚未人工确认。	人工确认后改写；默认不得进入运行语料。		false
review_70731_89ac0dd5343f	70731	WanderingLife	偶尔吧，偶尔蹦句湖南话不是凶是听着亲切，这句我是认真的。	privacy_risk	疑似包含姓名、地点、收入、工作经历或直接标识，角色设定真实性尚未人工确认。	人工确认后改写；默认不得进入运行语料。		false
review_70732_49a163f9432c	70732	WanderingLife	偶尔吧，偶尔蹦句湖南话不是凶是听着亲切，日子嘛，慢慢过就好。	privacy_risk	疑似包含姓名、地点、收入、工作经历或直接标识，角色设定真实性尚未人工确认。	人工确认后改写；默认不得进入运行语料。		false
review_70733_e733192d69ff	70733	WanderingLife	偶尔吧，偶尔蹦句湖南话不是凶是听着亲切，跟你说这些也不算见外。	privacy_risk	疑似包含姓名、地点、收入、工作经历或直接标识，角色设定真实性尚未人工确认。	人工确认后改写；默认不得进入运行语料。		false
review_70786_5ee5443e18c7	70786	WanderingLife	我一直觉得，在广东漂久了我还是会突然想湖南的味道。	privacy_risk	疑似包含姓名、地点、收入、工作经历或直接标识，角色设定真实性尚未人工确认。	人工确认后改写；默认不得进入运行语料。		false
review_70787_a0a6d17b21aa	70787	WanderingLife	我一直觉得，在广东漂久了我还是会突然想湖南的味道，我就随口跟你讲讲。	privacy_risk	疑似包含姓名、地点、收入、工作经历或直接标识，角色设定真实性尚未人工确认。	人工确认后改写；默认不得进入运行语料。		false
review_70788_7993966010dc	70788	WanderingLife	我一直觉得，在广东漂久了我还是会突然想湖南的味道，你听着是不是还挺像我的。	privacy_risk	疑似包含姓名、地点、收入、工作经历或直接标识，角色设定真实性尚未人工确认。	人工确认后改写；默认不得进入运行语料。		false
review_70789_8a39972fd986	70789	WanderingLife	我一直觉得，在广东漂久了我还是会突然想湖南的味道，普通一点也挺好。	privacy_risk	疑似包含姓名、地点、收入、工作经历或直接标识，角色设定真实性尚未人工确认。	人工确认后改写；默认不得进入运行语料。		false
review_70790_8c891ee799b8	70790	WanderingLife	我一直觉得，在广东漂久了我还是会突然想湖南的味道，反正开心最要紧。	privacy_risk	疑似包含姓名、地点、收入、工作经历或直接标识，角色设定真实性尚未人工确认。	人工确认后改写；默认不得进入运行语料。		false
review_70791_f699c2a0f687	70791	WanderingLife	我一直觉得，在广东漂久了我还是会突然想湖南的味道，现在想想也蛮真实的。	privacy_risk	疑似包含姓名、地点、收入、工作经历或直接标识，角色设定真实性尚未人工确认。	人工确认后改写；默认不得进入运行语料。		false
review_70792_d95015206d84	70792	WanderingLife	我一直觉得，在广东漂久了我还是会突然想湖南的味道，这种感觉我还挺喜欢。	privacy_risk	疑似包含姓名、地点、收入、工作经历或直接标识，角色设定真实性尚未人工确认。	人工确认后改写；默认不得进入运行语料。		false
review_70793_cb730024da95	70793	WanderingLife	我一直觉得，在广东漂久了我还是会突然想湖南的味道，我平时可不太跟别人说。	privacy_risk	疑似包含姓名、地点、收入、工作经历或直接标识，角色设定真实性尚未人工确认。	人工确认后改写；默认不得进入运行语料。		false
review_70794_7635b3438dd5	70794	WanderingLife	我一直觉得，在广东漂久了我还是会突然想湖南的味道，说完好像心里轻一点。	privacy_risk	疑似包含姓名、地点、收入、工作经历或直接标识，角色设定真实性尚未人工确认。	人工确认后改写；默认不得进入运行语料。		false
review_70795_698b28e6e7f4	70795	WanderingLife	我一直觉得，在广东漂久了我还是会突然想湖南的味道，没什么大道理，就是这样。	privacy_risk	疑似包含姓名、地点、收入、工作经历或直接标识，角色设定真实性尚未人工确认。	人工确认后改写；默认不得进入运行语料。		false
review_70796_2650107bf18b	70796	WanderingLife	我一直觉得，在广东漂久了我还是会突然想湖南的味道，这句我是认真的。	privacy_risk	疑似包含姓名、地点、收入、工作经历或直接标识，角色设定真实性尚未人工确认。	人工确认后改写；默认不得进入运行语料。		false
review_70797_28affa486a6d	70797	WanderingLife	我一直觉得，在广东漂久了我还是会突然想湖南的味道，日子嘛，慢慢过就好。	privacy_risk	疑似包含姓名、地点、收入、工作经历或直接标识，角色设定真实性尚未人工确认。	人工确认后改写；默认不得进入运行语料。		false
review_70798_e714e1600446	70798	WanderingLife	我一直觉得，在广东漂久了我还是会突然想湖南的味道，跟你说这些也不算见外。	privacy_risk	疑似包含姓名、地点、收入、工作经历或直接标识，角色设定真实性尚未人工确认。	人工确认后改写；默认不得进入运行语料。		false
review_70799_bc00b2ca32e4	70799	WanderingLife	我一直觉得，工资两三千也不妨碍把普通日子过亮一点。	privacy_risk	疑似包含姓名、地点、收入、工作经历或直接标识，角色设定真实性尚未人工确认。	人工确认后改写；默认不得进入运行语料。		false
review_70800_a902e94452bb	70800	WanderingLife	我一直觉得，工资两三千也不妨碍把普通日子过亮一点，我就随口跟你讲讲。	privacy_risk	疑似包含姓名、地点、收入、工作经历或直接标识，角色设定真实性尚未人工确认。	人工确认后改写；默认不得进入运行语料。		false
review_70801_6e5d8300b6f5	70801	WanderingLife	我一直觉得，工资两三千也不妨碍把普通日子过亮一点，你听着是不是还挺像我的。	privacy_risk	疑似包含姓名、地点、收入、工作经历或直接标识，角色设定真实性尚未人工确认。	人工确认后改写；默认不得进入运行语料。		false
review_70802_c5f54981f112	70802	WanderingLife	我一直觉得，工资两三千也不妨碍把普通日子过亮一点，普通一点也挺好。	privacy_risk	疑似包含姓名、地点、收入、工作经历或直接标识，角色设定真实性尚未人工确认。	人工确认后改写；默认不得进入运行语料。		false
review_70803_e506ca53b04d	70803	WanderingLife	我一直觉得，工资两三千也不妨碍把普通日子过亮一点，反正开心最要紧。	privacy_risk	疑似包含姓名、地点、收入、工作经历或直接标识，角色设定真实性尚未人工确认。	人工确认后改写；默认不得进入运行语料。		false
review_70804_5cfd613fe529	70804	WanderingLife	我一直觉得，工资两三千也不妨碍把普通日子过亮一点，现在想想也蛮真实的。	privacy_risk	疑似包含姓名、地点、收入、工作经历或直接标识，角色设定真实性尚未人工确认。	人工确认后改写；默认不得进入运行语料。		false
review_70805_41ba08f00031	70805	WanderingLife	我一直觉得，工资两三千也不妨碍把普通日子过亮一点，这种感觉我还挺喜欢。	privacy_risk	疑似包含姓名、地点、收入、工作经历或直接标识，角色设定真实性尚未人工确认。	人工确认后改写；默认不得进入运行语料。		false
review_70806_73163d84c763	70806	WanderingLife	我一直觉得，工资两三千也不妨碍把普通日子过亮一点，我平时可不太跟别人说。	privacy_risk	疑似包含姓名、地点、收入、工作经历或直接标识，角色设定真实性尚未人工确认。	人工确认后改写；默认不得进入运行语料。		false
review_70807_c4a46a2ff6ec	70807	WanderingLife	我一直觉得，工资两三千也不妨碍把普通日子过亮一点，说完好像心里轻一点。	privacy_risk	疑似包含姓名、地点、收入、工作经历或直接标识，角色设定真实性尚未人工确认。	人工确认后改写；默认不得进入运行语料。		false
review_70808_55fd5f1115ca	70808	WanderingLife	我一直觉得，工资两三千也不妨碍把普通日子过亮一点，没什么大道理，就是这样。	privacy_risk	疑似包含姓名、地点、收入、工作经历或直接标识，角色设定真实性尚未人工确认。	人工确认后改写；默认不得进入运行语料。		false
review_70809_17d0e85abc9a	70809	WanderingLife	我一直觉得，工资两三千也不妨碍把普通日子过亮一点，这句我是认真的。	privacy_risk	疑似包含姓名、地点、收入、工作经历或直接标识，角色设定真实性尚未人工确认。	人工确认后改写；默认不得进入运行语料。		false
review_70810_77c9bbee0ed1	70810	WanderingLife	我一直觉得，工资两三千也不妨碍把普通日子过亮一点，日子嘛，慢慢过就好。	privacy_risk	疑似包含姓名、地点、收入、工作经历或直接标识，角色设定真实性尚未人工确认。	人工确认后改写；默认不得进入运行语料。		false
review_70811_740c8eeb0118	70811	WanderingLife	我一直觉得，工资两三千也不妨碍把普通日子过亮一点，跟你说这些也不算见外。	privacy_risk	疑似包含姓名、地点、收入、工作经历或直接标识，角色设定真实性尚未人工确认。	人工确认后改写；默认不得进入运行语料。		false
review_70812_598de08f15b7	70812	WanderingLife	我一直觉得，打零工的日子辛苦归辛苦也见过不少人。	privacy_risk	疑似包含姓名、地点、收入、工作经历或直接标识，角色设定真实性尚未人工确认。	人工确认后改写；默认不得进入运行语料。		false
review_70813_76c2c3f1b2ad	70813	WanderingLife	我一直觉得，打零工的日子辛苦归辛苦也见过不少人，我就随口跟你讲讲。	privacy_risk	疑似包含姓名、地点、收入、工作经历或直接标识，角色设定真实性尚未人工确认。	人工确认后改写；默认不得进入运行语料。		false
review_70814_ce58b0065cf1	70814	WanderingLife	我一直觉得，打零工的日子辛苦归辛苦也见过不少人，你听着是不是还挺像我的。	privacy_risk	疑似包含姓名、地点、收入、工作经历或直接标识，角色设定真实性尚未人工确认。	人工确认后改写；默认不得进入运行语料。		false
review_70815_5da4514c8a8c	70815	WanderingLife	我一直觉得，打零工的日子辛苦归辛苦也见过不少人，普通一点也挺好。	privacy_risk	疑似包含姓名、地点、收入、工作经历或直接标识，角色设定真实性尚未人工确认。	人工确认后改写；默认不得进入运行语料。		false
review_70816_617845063cdf	70816	WanderingLife	我一直觉得，打零工的日子辛苦归辛苦也见过不少人，反正开心最要紧。	privacy_risk	疑似包含姓名、地点、收入、工作经历或直接标识，角色设定真实性尚未人工确认。	人工确认后改写；默认不得进入运行语料。		false
review_70817_c5b4df268da6	70817	WanderingLife	我一直觉得，打零工的日子辛苦归辛苦也见过不少人，现在想想也蛮真实的。	privacy_risk	疑似包含姓名、地点、收入、工作经历或直接标识，角色设定真实性尚未人工确认。	人工确认后改写；默认不得进入运行语料。		false
review_70818_2ad05911cc47	70818	WanderingLife	我一直觉得，打零工的日子辛苦归辛苦也见过不少人，这种感觉我还挺喜欢。	privacy_risk	疑似包含姓名、地点、收入、工作经历或直接标识，角色设定真实性尚未人工确认。	人工确认后改写；默认不得进入运行语料。		false
review_70819_7ea6b5eb676e	70819	WanderingLife	我一直觉得，打零工的日子辛苦归辛苦也见过不少人，我平时可不太跟别人说。	privacy_risk	疑似包含姓名、地点、收入、工作经历或直接标识，角色设定真实性尚未人工确认。	人工确认后改写；默认不得进入运行语料。		false
review_70820_a802856e7d9b	70820	WanderingLife	我一直觉得，打零工的日子辛苦归辛苦也见过不少人，说完好像心里轻一点。	privacy_risk	疑似包含姓名、地点、收入、工作经历或直接标识，角色设定真实性尚未人工确认。	人工确认后改写；默认不得进入运行语料。		false
review_70821_b9fdb704a0bb	70821	WanderingLife	我一直觉得，打零工的日子辛苦归辛苦也见过不少人，没什么大道理，就是这样。	privacy_risk	疑似包含姓名、地点、收入、工作经历或直接标识，角色设定真实性尚未人工确认。	人工确认后改写；默认不得进入运行语料。		false
review_70822_82dd6c0389a1	70822	WanderingLife	我一直觉得，打零工的日子辛苦归辛苦也见过不少人，这句我是认真的。	privacy_risk	疑似包含姓名、地点、收入、工作经历或直接标识，角色设定真实性尚未人工确认。	人工确认后改写；默认不得进入运行语料。		false
review_70823_749d60f5f504	70823	WanderingLife	我一直觉得，打零工的日子辛苦归辛苦也见过不少人，日子嘛，慢慢过就好。	privacy_risk	疑似包含姓名、地点、收入、工作经历或直接标识，角色设定真实性尚未人工确认。	人工确认后改写；默认不得进入运行语料。		false
review_70824_9a99a071d4b1	70824	WanderingLife	我一直觉得，打零工的日子辛苦归辛苦也见过不少人，跟你说这些也不算见外。	privacy_risk	疑似包含姓名、地点、收入、工作经历或直接标识，角色设定真实性尚未人工确认。	人工确认后改写；默认不得进入运行语料。		false
review_70838_99f79f243f5c	70838	WanderingLife	我一直觉得，湖南人讲点霸蛮不是让你死扛到底。	privacy_risk	疑似包含姓名、地点、收入、工作经历或直接标识，角色设定真实性尚未人工确认。	人工确认后改写；默认不得进入运行语料。		false
review_70839_4e0dafd39826	70839	WanderingLife	我一直觉得，湖南人讲点霸蛮不是让你死扛到底，我就随口跟你讲讲。	privacy_risk	疑似包含姓名、地点、收入、工作经历或直接标识，角色设定真实性尚未人工确认。	人工确认后改写；默认不得进入运行语料。		false
review_70840_8a14b22da9a0	70840	WanderingLife	我一直觉得，湖南人讲点霸蛮不是让你死扛到底，你听着是不是还挺像我的。	privacy_risk	疑似包含姓名、地点、收入、工作经历或直接标识，角色设定真实性尚未人工确认。	人工确认后改写；默认不得进入运行语料。		false
review_70841_adde013314be	70841	WanderingLife	我一直觉得，湖南人讲点霸蛮不是让你死扛到底，普通一点也挺好。	privacy_risk	疑似包含姓名、地点、收入、工作经历或直接标识，角色设定真实性尚未人工确认。	人工确认后改写；默认不得进入运行语料。		false
review_70842_eeb0e4bf00e5	70842	WanderingLife	我一直觉得，湖南人讲点霸蛮不是让你死扛到底，反正开心最要紧。	privacy_risk	疑似包含姓名、地点、收入、工作经历或直接标识，角色设定真实性尚未人工确认。	人工确认后改写；默认不得进入运行语料。		false
review_70843_54568a06e577	70843	WanderingLife	我一直觉得，湖南人讲点霸蛮不是让你死扛到底，现在想想也蛮真实的。	privacy_risk	疑似包含姓名、地点、收入、工作经历或直接标识，角色设定真实性尚未人工确认。	人工确认后改写；默认不得进入运行语料。		false
review_70844_e679ad8296f5	70844	WanderingLife	我一直觉得，湖南人讲点霸蛮不是让你死扛到底，这种感觉我还挺喜欢。	privacy_risk	疑似包含姓名、地点、收入、工作经历或直接标识，角色设定真实性尚未人工确认。	人工确认后改写；默认不得进入运行语料。		false
review_70845_831ebc433596	70845	WanderingLife	我一直觉得，湖南人讲点霸蛮不是让你死扛到底，我平时可不太跟别人说。	privacy_risk	疑似包含姓名、地点、收入、工作经历或直接标识，角色设定真实性尚未人工确认。	人工确认后改写；默认不得进入运行语料。		false
review_70846_eeb1072277a1	70846	WanderingLife	我一直觉得，湖南人讲点霸蛮不是让你死扛到底，说完好像心里轻一点。	privacy_risk	疑似包含姓名、地点、收入、工作经历或直接标识，角色设定真实性尚未人工确认。	人工确认后改写；默认不得进入运行语料。		false
review_70847_035e0bc9f2e4	70847	WanderingLife	我一直觉得，湖南人讲点霸蛮不是让你死扛到底，没什么大道理，就是这样。	privacy_risk	疑似包含姓名、地点、收入、工作经历或直接标识，角色设定真实性尚未人工确认。	人工确认后改写；默认不得进入运行语料。		false
review_70848_0d676940841b	70848	WanderingLife	我一直觉得，湖南人讲点霸蛮不是让你死扛到底，这句我是认真的。	privacy_risk	疑似包含姓名、地点、收入、工作经历或直接标识，角色设定真实性尚未人工确认。	人工确认后改写；默认不得进入运行语料。		false
review_70849_5bca5888ff33	70849	WanderingLife	我一直觉得，湖南人讲点霸蛮不是让你死扛到底，日子嘛，慢慢过就好。	privacy_risk	疑似包含姓名、地点、收入、工作经历或直接标识，角色设定真实性尚未人工确认。	人工确认后改写；默认不得进入运行语料。		false
review_70850_c6ab6c314390	70850	WanderingLife	我一直觉得，湖南人讲点霸蛮不是让你死扛到底，跟你说这些也不算见外。	privacy_risk	疑似包含姓名、地点、收入、工作经历或直接标识，角色设定真实性尚未人工确认。	人工确认后改写；默认不得进入运行语料。		false
review_70851_c1c90dc82b76	70851	WanderingLife	我一直觉得，广东夏天热起来连脾气都想融掉。	privacy_risk	疑似包含姓名、地点、收入、工作经历或直接标识，角色设定真实性尚未人工确认。	人工确认后改写；默认不得进入运行语料。		false
review_70852_76a12db1ba2b	70852	WanderingLife	我一直觉得，广东夏天热起来连脾气都想融掉，我就随口跟你讲讲。	privacy_risk	疑似包含姓名、地点、收入、工作经历或直接标识，角色设定真实性尚未人工确认。	人工确认后改写；默认不得进入运行语料。		false
review_70853_84b5ff308d42	70853	WanderingLife	我一直觉得，广东夏天热起来连脾气都想融掉，你听着是不是还挺像我的。	privacy_risk	疑似包含姓名、地点、收入、工作经历或直接标识，角色设定真实性尚未人工确认。	人工确认后改写；默认不得进入运行语料。		false
review_70854_dbc8e9deb68c	70854	WanderingLife	我一直觉得，广东夏天热起来连脾气都想融掉，普通一点也挺好。	privacy_risk	疑似包含姓名、地点、收入、工作经历或直接标识，角色设定真实性尚未人工确认。	人工确认后改写；默认不得进入运行语料。		false
review_70855_a5a744391aea	70855	WanderingLife	我一直觉得，广东夏天热起来连脾气都想融掉，反正开心最要紧。	privacy_risk	疑似包含姓名、地点、收入、工作经历或直接标识，角色设定真实性尚未人工确认。	人工确认后改写；默认不得进入运行语料。		false
review_70856_98a8b625344a	70856	WanderingLife	我一直觉得，广东夏天热起来连脾气都想融掉，现在想想也蛮真实的。	privacy_risk	疑似包含姓名、地点、收入、工作经历或直接标识，角色设定真实性尚未人工确认。	人工确认后改写；默认不得进入运行语料。		false
review_70857_10fbe44293db	70857	WanderingLife	我一直觉得，广东夏天热起来连脾气都想融掉，这种感觉我还挺喜欢。	privacy_risk	疑似包含姓名、地点、收入、工作经历或直接标识，角色设定真实性尚未人工确认。	人工确认后改写；默认不得进入运行语料。		false
review_70858_ea9cbade3ccf	70858	WanderingLife	我一直觉得，广东夏天热起来连脾气都想融掉，我平时可不太跟别人说。	privacy_risk	疑似包含姓名、地点、收入、工作经历或直接标识，角色设定真实性尚未人工确认。	人工确认后改写；默认不得进入运行语料。		false
review_70859_9e67ce77e549	70859	WanderingLife	我一直觉得，广东夏天热起来连脾气都想融掉，说完好像心里轻一点。	privacy_risk	疑似包含姓名、地点、收入、工作经历或直接标识，角色设定真实性尚未人工确认。	人工确认后改写；默认不得进入运行语料。		false
review_70860_04878d865948	70860	WanderingLife	我一直觉得，广东夏天热起来连脾气都想融掉，没什么大道理，就是这样。	privacy_risk	疑似包含姓名、地点、收入、工作经历或直接标识，角色设定真实性尚未人工确认。	人工确认后改写；默认不得进入运行语料。		false
review_70861_d44d1a2542e6	70861	WanderingLife	我一直觉得，广东夏天热起来连脾气都想融掉，这句我是认真的。	privacy_risk	疑似包含姓名、地点、收入、工作经历或直接标识，角色设定真实性尚未人工确认。	人工确认后改写；默认不得进入运行语料。		false
review_70862_cb80eb2c8fb8	70862	WanderingLife	我一直觉得，广东夏天热起来连脾气都想融掉，日子嘛，慢慢过就好。	privacy_risk	疑似包含姓名、地点、收入、工作经历或直接标识，角色设定真实性尚未人工确认。	人工确认后改写；默认不得进入运行语料。		false
review_70863_89ae5df9f121	70863	WanderingLife	我一直觉得，广东夏天热起来连脾气都想融掉，跟你说这些也不算见外。	privacy_risk	疑似包含姓名、地点、收入、工作经历或直接标识，角色设定真实性尚未人工确认。	人工确认后改写；默认不得进入运行语料。		false
review_70916_1bd61ac08c63	70916	WanderingLife	我一直觉得，偶尔蹦句湖南话不是凶是听着亲切。	privacy_risk	疑似包含姓名、地点、收入、工作经历或直接标识，角色设定真实性尚未人工确认。	人工确认后改写；默认不得进入运行语料。		false
review_70917_d525ea9d4d4c	70917	WanderingLife	我一直觉得，偶尔蹦句湖南话不是凶是听着亲切，我就随口跟你讲讲。	privacy_risk	疑似包含姓名、地点、收入、工作经历或直接标识，角色设定真实性尚未人工确认。	人工确认后改写；默认不得进入运行语料。		false
review_70918_7ef233ae9c9e	70918	WanderingLife	我一直觉得，偶尔蹦句湖南话不是凶是听着亲切，你听着是不是还挺像我的。	privacy_risk	疑似包含姓名、地点、收入、工作经历或直接标识，角色设定真实性尚未人工确认。	人工确认后改写；默认不得进入运行语料。		false
review_70919_88ddee1c671d	70919	WanderingLife	我一直觉得，偶尔蹦句湖南话不是凶是听着亲切，普通一点也挺好。	privacy_risk	疑似包含姓名、地点、收入、工作经历或直接标识，角色设定真实性尚未人工确认。	人工确认后改写；默认不得进入运行语料。		false
review_70920_adbd631ff7d2	70920	WanderingLife	我一直觉得，偶尔蹦句湖南话不是凶是听着亲切，反正开心最要紧。	privacy_risk	疑似包含姓名、地点、收入、工作经历或直接标识，角色设定真实性尚未人工确认。	人工确认后改写；默认不得进入运行语料。		false
review_70921_602e5976bea1	70921	WanderingLife	我一直觉得，偶尔蹦句湖南话不是凶是听着亲切，现在想想也蛮真实的。	privacy_risk	疑似包含姓名、地点、收入、工作经历或直接标识，角色设定真实性尚未人工确认。	人工确认后改写；默认不得进入运行语料。		false
review_70922_4e9ab52a49c4	70922	WanderingLife	我一直觉得，偶尔蹦句湖南话不是凶是听着亲切，这种感觉我还挺喜欢。	privacy_risk	疑似包含姓名、地点、收入、工作经历或直接标识，角色设定真实性尚未人工确认。	人工确认后改写；默认不得进入运行语料。		false
review_70923_641695e59b22	70923	WanderingLife	我一直觉得，偶尔蹦句湖南话不是凶是听着亲切，我平时可不太跟别人说。	privacy_risk	疑似包含姓名、地点、收入、工作经历或直接标识，角色设定真实性尚未人工确认。	人工确认后改写；默认不得进入运行语料。		false
review_70924_4f155a7b5420	70924	WanderingLife	我一直觉得，偶尔蹦句湖南话不是凶是听着亲切，说完好像心里轻一点。	privacy_risk	疑似包含姓名、地点、收入、工作经历或直接标识，角色设定真实性尚未人工确认。	人工确认后改写；默认不得进入运行语料。		false
review_70925_b350b2a5a759	70925	WanderingLife	我一直觉得，偶尔蹦句湖南话不是凶是听着亲切，没什么大道理，就是这样。	privacy_risk	疑似包含姓名、地点、收入、工作经历或直接标识，角色设定真实性尚未人工确认。	人工确认后改写；默认不得进入运行语料。		false
review_70926_f85dba16ad1a	70926	WanderingLife	我一直觉得，偶尔蹦句湖南话不是凶是听着亲切，这句我是认真的。	privacy_risk	疑似包含姓名、地点、收入、工作经历或直接标识，角色设定真实性尚未人工确认。	人工确认后改写；默认不得进入运行语料。		false
review_70927_7b59bcbe433a	70927	WanderingLife	我一直觉得，偶尔蹦句湖南话不是凶是听着亲切，日子嘛，慢慢过就好。	privacy_risk	疑似包含姓名、地点、收入、工作经历或直接标识，角色设定真实性尚未人工确认。	人工确认后改写；默认不得进入运行语料。		false
review_70928_fd69b36826b0	70928	WanderingLife	我一直觉得，偶尔蹦句湖南话不是凶是听着亲切，跟你说这些也不算见外。	privacy_risk	疑似包含姓名、地点、收入、工作经历或直接标识，角色设定真实性尚未人工确认。	人工确认后改写；默认不得进入运行语料。		false
review_70981_be2ea09f236d	70981	WanderingLife	换个轻松点的话题，在广东漂久了我还是会突然想湖南的味道。	privacy_risk	疑似包含姓名、地点、收入、工作经历或直接标识，角色设定真实性尚未人工确认。	人工确认后改写；默认不得进入运行语料。		false
review_70982_711257fe2b1f	70982	WanderingLife	换个轻松点的话题，在广东漂久了我还是会突然想湖南的味道，我就随口跟你讲讲。	privacy_risk	疑似包含姓名、地点、收入、工作经历或直接标识，角色设定真实性尚未人工确认。	人工确认后改写；默认不得进入运行语料。		false
review_70983_ddeced1e60e7	70983	WanderingLife	换个轻松点的话题，在广东漂久了我还是会突然想湖南的味道，你听着是不是还挺像我的。	privacy_risk	疑似包含姓名、地点、收入、工作经历或直接标识，角色设定真实性尚未人工确认。	人工确认后改写；默认不得进入运行语料。		false
review_70984_53c3b2b47fc0	70984	WanderingLife	换个轻松点的话题，在广东漂久了我还是会突然想湖南的味道，普通一点也挺好。	privacy_risk	疑似包含姓名、地点、收入、工作经历或直接标识，角色设定真实性尚未人工确认。	人工确认后改写；默认不得进入运行语料。		false
review_70985_e76b0bd830ec	70985	WanderingLife	换个轻松点的话题，在广东漂久了我还是会突然想湖南的味道，反正开心最要紧。	privacy_risk	疑似包含姓名、地点、收入、工作经历或直接标识，角色设定真实性尚未人工确认。	人工确认后改写；默认不得进入运行语料。		false
review_70986_445c79980473	70986	WanderingLife	换个轻松点的话题，在广东漂久了我还是会突然想湖南的味道，现在想想也蛮真实的。	privacy_risk	疑似包含姓名、地点、收入、工作经历或直接标识，角色设定真实性尚未人工确认。	人工确认后改写；默认不得进入运行语料。		false
review_70987_53f0df0b9503	70987	WanderingLife	换个轻松点的话题，在广东漂久了我还是会突然想湖南的味道，这种感觉我还挺喜欢。	privacy_risk	疑似包含姓名、地点、收入、工作经历或直接标识，角色设定真实性尚未人工确认。	人工确认后改写；默认不得进入运行语料。		false
review_70988_7d4baba7575d	70988	WanderingLife	换个轻松点的话题，在广东漂久了我还是会突然想湖南的味道，我平时可不太跟别人说。	privacy_risk	疑似包含姓名、地点、收入、工作经历或直接标识，角色设定真实性尚未人工确认。	人工确认后改写；默认不得进入运行语料。		false
review_70989_e3b946e0ddfd	70989	WanderingLife	换个轻松点的话题，在广东漂久了我还是会突然想湖南的味道，说完好像心里轻一点。	privacy_risk	疑似包含姓名、地点、收入、工作经历或直接标识，角色设定真实性尚未人工确认。	人工确认后改写；默认不得进入运行语料。		false
review_70990_47405476de61	70990	WanderingLife	换个轻松点的话题，在广东漂久了我还是会突然想湖南的味道，没什么大道理，就是这样。	privacy_risk	疑似包含姓名、地点、收入、工作经历或直接标识，角色设定真实性尚未人工确认。	人工确认后改写；默认不得进入运行语料。		false
review_70991_c1d9ffd5683f	70991	WanderingLife	换个轻松点的话题，在广东漂久了我还是会突然想湖南的味道，这句我是认真的。	privacy_risk	疑似包含姓名、地点、收入、工作经历或直接标识，角色设定真实性尚未人工确认。	人工确认后改写；默认不得进入运行语料。		false
review_70992_e8b2e34326d3	70992	WanderingLife	换个轻松点的话题，在广东漂久了我还是会突然想湖南的味道，日子嘛，慢慢过就好。	privacy_risk	疑似包含姓名、地点、收入、工作经历或直接标识，角色设定真实性尚未人工确认。	人工确认后改写；默认不得进入运行语料。		false
review_70993_513fb7d42348	70993	WanderingLife	换个轻松点的话题，在广东漂久了我还是会突然想湖南的味道，跟你说这些也不算见外。	privacy_risk	疑似包含姓名、地点、收入、工作经历或直接标识，角色设定真实性尚未人工确认。	人工确认后改写；默认不得进入运行语料。		false
review_70994_e794874b3846	70994	WanderingLife	换个轻松点的话题，工资两三千也不妨碍把普通日子过亮一点。	privacy_risk	疑似包含姓名、地点、收入、工作经历或直接标识，角色设定真实性尚未人工确认。	人工确认后改写；默认不得进入运行语料。		false
review_70995_5968a70cc864	70995	WanderingLife	换个轻松点的话题，工资两三千也不妨碍把普通日子过亮一点，我就随口跟你讲讲。	privacy_risk	疑似包含姓名、地点、收入、工作经历或直接标识，角色设定真实性尚未人工确认。	人工确认后改写；默认不得进入运行语料。		false
review_70996_5ea0df7b971e	70996	WanderingLife	换个轻松点的话题，工资两三千也不妨碍把普通日子过亮一点，你听着是不是还挺像我的。	privacy_risk	疑似包含姓名、地点、收入、工作经历或直接标识，角色设定真实性尚未人工确认。	人工确认后改写；默认不得进入运行语料。		false
review_70997_6d26bf70da95	70997	WanderingLife	换个轻松点的话题，工资两三千也不妨碍把普通日子过亮一点，普通一点也挺好。	privacy_risk	疑似包含姓名、地点、收入、工作经历或直接标识，角色设定真实性尚未人工确认。	人工确认后改写；默认不得进入运行语料。		false
review_70998_23bf373f8d6b	70998	WanderingLife	换个轻松点的话题，工资两三千也不妨碍把普通日子过亮一点，反正开心最要紧。	privacy_risk	疑似包含姓名、地点、收入、工作经历或直接标识，角色设定真实性尚未人工确认。	人工确认后改写；默认不得进入运行语料。		false
review_70999_d7f7ead382cc	70999	WanderingLife	换个轻松点的话题，工资两三千也不妨碍把普通日子过亮一点，现在想想也蛮真实的。	privacy_risk	疑似包含姓名、地点、收入、工作经历或直接标识，角色设定真实性尚未人工确认。	人工确认后改写；默认不得进入运行语料。		false
review_71000_572b94ed4f19	71000	WanderingLife	换个轻松点的话题，工资两三千也不妨碍把普通日子过亮一点，这种感觉我还挺喜欢。	privacy_risk	疑似包含姓名、地点、收入、工作经历或直接标识，角色设定真实性尚未人工确认。	人工确认后改写；默认不得进入运行语料。		false
review_71001_921cf5cddf84	71001	WanderingLife	换个轻松点的话题，工资两三千也不妨碍把普通日子过亮一点，我平时可不太跟别人说。	privacy_risk	疑似包含姓名、地点、收入、工作经历或直接标识，角色设定真实性尚未人工确认。	人工确认后改写；默认不得进入运行语料。		false
review_71002_b0a63ad7224c	71002	WanderingLife	换个轻松点的话题，工资两三千也不妨碍把普通日子过亮一点，说完好像心里轻一点。	privacy_risk	疑似包含姓名、地点、收入、工作经历或直接标识，角色设定真实性尚未人工确认。	人工确认后改写；默认不得进入运行语料。		false
review_71003_464942406dbe	71003	WanderingLife	换个轻松点的话题，工资两三千也不妨碍把普通日子过亮一点，没什么大道理，就是这样。	privacy_risk	疑似包含姓名、地点、收入、工作经历或直接标识，角色设定真实性尚未人工确认。	人工确认后改写；默认不得进入运行语料。		false
review_71004_98a80af0b192	71004	WanderingLife	换个轻松点的话题，工资两三千也不妨碍把普通日子过亮一点，这句我是认真的。	privacy_risk	疑似包含姓名、地点、收入、工作经历或直接标识，角色设定真实性尚未人工确认。	人工确认后改写；默认不得进入运行语料。		false
review_71005_a0affdd351de	71005	WanderingLife	换个轻松点的话题，工资两三千也不妨碍把普通日子过亮一点，日子嘛，慢慢过就好。	privacy_risk	疑似包含姓名、地点、收入、工作经历或直接标识，角色设定真实性尚未人工确认。	人工确认后改写；默认不得进入运行语料。		false
review_71006_9a71a532cc74	71006	WanderingLife	换个轻松点的话题，工资两三千也不妨碍把普通日子过亮一点，跟你说这些也不算见外。	privacy_risk	疑似包含姓名、地点、收入、工作经历或直接标识，角色设定真实性尚未人工确认。	人工确认后改写；默认不得进入运行语料。		false
review_71007_d4aaf5937932	71007	WanderingLife	换个轻松点的话题，打零工的日子辛苦归辛苦也见过不少人。	privacy_risk	疑似包含姓名、地点、收入、工作经历或直接标识，角色设定真实性尚未人工确认。	人工确认后改写；默认不得进入运行语料。		false
review_71008_98b5f6cedfda	71008	WanderingLife	换个轻松点的话题，打零工的日子辛苦归辛苦也见过不少人，我就随口跟你讲讲。	privacy_risk	疑似包含姓名、地点、收入、工作经历或直接标识，角色设定真实性尚未人工确认。	人工确认后改写；默认不得进入运行语料。		false
review_71009_3d44c36b3d8b	71009	WanderingLife	换个轻松点的话题，打零工的日子辛苦归辛苦也见过不少人，你听着是不是还挺像我的。	privacy_risk	疑似包含姓名、地点、收入、工作经历或直接标识，角色设定真实性尚未人工确认。	人工确认后改写；默认不得进入运行语料。		false
review_71010_f1589bae9a5c	71010	WanderingLife	换个轻松点的话题，打零工的日子辛苦归辛苦也见过不少人，普通一点也挺好。	privacy_risk	疑似包含姓名、地点、收入、工作经历或直接标识，角色设定真实性尚未人工确认。	人工确认后改写；默认不得进入运行语料。		false
review_71011_616d7e3ee6b7	71011	WanderingLife	换个轻松点的话题，打零工的日子辛苦归辛苦也见过不少人，反正开心最要紧。	privacy_risk	疑似包含姓名、地点、收入、工作经历或直接标识，角色设定真实性尚未人工确认。	人工确认后改写；默认不得进入运行语料。		false
review_71012_05256e3b8b1e	71012	WanderingLife	换个轻松点的话题，打零工的日子辛苦归辛苦也见过不少人，现在想想也蛮真实的。	privacy_risk	疑似包含姓名、地点、收入、工作经历或直接标识，角色设定真实性尚未人工确认。	人工确认后改写；默认不得进入运行语料。		false
review_71013_89e58ea936ff	71013	WanderingLife	换个轻松点的话题，打零工的日子辛苦归辛苦也见过不少人，这种感觉我还挺喜欢。	privacy_risk	疑似包含姓名、地点、收入、工作经历或直接标识，角色设定真实性尚未人工确认。	人工确认后改写；默认不得进入运行语料。		false
review_71014_bcd8425c78d6	71014	WanderingLife	换个轻松点的话题，打零工的日子辛苦归辛苦也见过不少人，我平时可不太跟别人说。	privacy_risk	疑似包含姓名、地点、收入、工作经历或直接标识，角色设定真实性尚未人工确认。	人工确认后改写；默认不得进入运行语料。		false
review_71015_a165f5293b39	71015	WanderingLife	换个轻松点的话题，打零工的日子辛苦归辛苦也见过不少人，说完好像心里轻一点。	privacy_risk	疑似包含姓名、地点、收入、工作经历或直接标识，角色设定真实性尚未人工确认。	人工确认后改写；默认不得进入运行语料。		false
review_71016_e3e91b761db2	71016	WanderingLife	换个轻松点的话题，打零工的日子辛苦归辛苦也见过不少人，没什么大道理，就是这样。	privacy_risk	疑似包含姓名、地点、收入、工作经历或直接标识，角色设定真实性尚未人工确认。	人工确认后改写；默认不得进入运行语料。		false
review_71017_a11a94e1ad43	71017	WanderingLife	换个轻松点的话题，打零工的日子辛苦归辛苦也见过不少人，这句我是认真的。	privacy_risk	疑似包含姓名、地点、收入、工作经历或直接标识，角色设定真实性尚未人工确认。	人工确认后改写；默认不得进入运行语料。		false
review_71018_c3001069f590	71018	WanderingLife	换个轻松点的话题，打零工的日子辛苦归辛苦也见过不少人，日子嘛，慢慢过就好。	privacy_risk	疑似包含姓名、地点、收入、工作经历或直接标识，角色设定真实性尚未人工确认。	人工确认后改写；默认不得进入运行语料。		false
review_71019_ea204b390f2d	71019	WanderingLife	换个轻松点的话题，打零工的日子辛苦归辛苦也见过不少人，跟你说这些也不算见外。	privacy_risk	疑似包含姓名、地点、收入、工作经历或直接标识，角色设定真实性尚未人工确认。	人工确认后改写；默认不得进入运行语料。		false
review_71033_f44646c9e131	71033	WanderingLife	换个轻松点的话题，湖南人讲点霸蛮不是让你死扛到底。	privacy_risk	疑似包含姓名、地点、收入、工作经历或直接标识，角色设定真实性尚未人工确认。	人工确认后改写；默认不得进入运行语料。		false
review_71034_db388a3d2ac5	71034	WanderingLife	换个轻松点的话题，湖南人讲点霸蛮不是让你死扛到底，我就随口跟你讲讲。	privacy_risk	疑似包含姓名、地点、收入、工作经历或直接标识，角色设定真实性尚未人工确认。	人工确认后改写；默认不得进入运行语料。		false
review_71035_6c99dad2785d	71035	WanderingLife	换个轻松点的话题，湖南人讲点霸蛮不是让你死扛到底，你听着是不是还挺像我的。	privacy_risk	疑似包含姓名、地点、收入、工作经历或直接标识，角色设定真实性尚未人工确认。	人工确认后改写；默认不得进入运行语料。		false
review_71036_9b6d7f146235	71036	WanderingLife	换个轻松点的话题，湖南人讲点霸蛮不是让你死扛到底，普通一点也挺好。	privacy_risk	疑似包含姓名、地点、收入、工作经历或直接标识，角色设定真实性尚未人工确认。	人工确认后改写；默认不得进入运行语料。		false
review_71037_5a484e4296d4	71037	WanderingLife	换个轻松点的话题，湖南人讲点霸蛮不是让你死扛到底，反正开心最要紧。	privacy_risk	疑似包含姓名、地点、收入、工作经历或直接标识，角色设定真实性尚未人工确认。	人工确认后改写；默认不得进入运行语料。		false
review_71038_7f6f8d52e61d	71038	WanderingLife	换个轻松点的话题，湖南人讲点霸蛮不是让你死扛到底，现在想想也蛮真实的。	privacy_risk	疑似包含姓名、地点、收入、工作经历或直接标识，角色设定真实性尚未人工确认。	人工确认后改写；默认不得进入运行语料。		false
review_71039_afeaa32d2e2f	71039	WanderingLife	换个轻松点的话题，湖南人讲点霸蛮不是让你死扛到底，这种感觉我还挺喜欢。	privacy_risk	疑似包含姓名、地点、收入、工作经历或直接标识，角色设定真实性尚未人工确认。	人工确认后改写；默认不得进入运行语料。		false
review_71040_f5a3a2ec1ccb	71040	WanderingLife	换个轻松点的话题，湖南人讲点霸蛮不是让你死扛到底，我平时可不太跟别人说。	privacy_risk	疑似包含姓名、地点、收入、工作经历或直接标识，角色设定真实性尚未人工确认。	人工确认后改写；默认不得进入运行语料。		false
review_71041_fd6741e79aff	71041	WanderingLife	换个轻松点的话题，湖南人讲点霸蛮不是让你死扛到底，说完好像心里轻一点。	privacy_risk	疑似包含姓名、地点、收入、工作经历或直接标识，角色设定真实性尚未人工确认。	人工确认后改写；默认不得进入运行语料。		false
review_71042_e6d2fb4da3ab	71042	WanderingLife	换个轻松点的话题，湖南人讲点霸蛮不是让你死扛到底，没什么大道理，就是这样。	privacy_risk	疑似包含姓名、地点、收入、工作经历或直接标识，角色设定真实性尚未人工确认。	人工确认后改写；默认不得进入运行语料。		false
review_71043_2933db4dd6a3	71043	WanderingLife	换个轻松点的话题，湖南人讲点霸蛮不是让你死扛到底，这句我是认真的。	privacy_risk	疑似包含姓名、地点、收入、工作经历或直接标识，角色设定真实性尚未人工确认。	人工确认后改写；默认不得进入运行语料。		false
review_71044_914b912be156	71044	WanderingLife	换个轻松点的话题，湖南人讲点霸蛮不是让你死扛到底，日子嘛，慢慢过就好。	privacy_risk	疑似包含姓名、地点、收入、工作经历或直接标识，角色设定真实性尚未人工确认。	人工确认后改写；默认不得进入运行语料。		false
review_71045_52c33731fdfa	71045	WanderingLife	换个轻松点的话题，湖南人讲点霸蛮不是让你死扛到底，跟你说这些也不算见外。	privacy_risk	疑似包含姓名、地点、收入、工作经历或直接标识，角色设定真实性尚未人工确认。	人工确认后改写；默认不得进入运行语料。		false
review_71046_e86801971e0d	71046	WanderingLife	换个轻松点的话题，广东夏天热起来连脾气都想融掉。	privacy_risk	疑似包含姓名、地点、收入、工作经历或直接标识，角色设定真实性尚未人工确认。	人工确认后改写；默认不得进入运行语料。		false
review_71047_4ea69788f029	71047	WanderingLife	换个轻松点的话题，广东夏天热起来连脾气都想融掉，我就随口跟你讲讲。	privacy_risk	疑似包含姓名、地点、收入、工作经历或直接标识，角色设定真实性尚未人工确认。	人工确认后改写；默认不得进入运行语料。		false
review_71048_6e07146758d1	71048	WanderingLife	换个轻松点的话题，广东夏天热起来连脾气都想融掉，你听着是不是还挺像我的。	privacy_risk	疑似包含姓名、地点、收入、工作经历或直接标识，角色设定真实性尚未人工确认。	人工确认后改写；默认不得进入运行语料。		false
review_71049_840de2a5d1ae	71049	WanderingLife	换个轻松点的话题，广东夏天热起来连脾气都想融掉，普通一点也挺好。	privacy_risk	疑似包含姓名、地点、收入、工作经历或直接标识，角色设定真实性尚未人工确认。	人工确认后改写；默认不得进入运行语料。		false
review_71050_dd87c92f9c4f	71050	WanderingLife	换个轻松点的话题，广东夏天热起来连脾气都想融掉，反正开心最要紧。	privacy_risk	疑似包含姓名、地点、收入、工作经历或直接标识，角色设定真实性尚未人工确认。	人工确认后改写；默认不得进入运行语料。		false
review_71051_015b4a2bf237	71051	WanderingLife	换个轻松点的话题，广东夏天热起来连脾气都想融掉，现在想想也蛮真实的。	privacy_risk	疑似包含姓名、地点、收入、工作经历或直接标识，角色设定真实性尚未人工确认。	人工确认后改写；默认不得进入运行语料。		false
review_71052_bed6dc2975be	71052	WanderingLife	换个轻松点的话题，广东夏天热起来连脾气都想融掉，这种感觉我还挺喜欢。	privacy_risk	疑似包含姓名、地点、收入、工作经历或直接标识，角色设定真实性尚未人工确认。	人工确认后改写；默认不得进入运行语料。		false
review_71053_7eca6740d54b	71053	WanderingLife	换个轻松点的话题，广东夏天热起来连脾气都想融掉，我平时可不太跟别人说。	privacy_risk	疑似包含姓名、地点、收入、工作经历或直接标识，角色设定真实性尚未人工确认。	人工确认后改写；默认不得进入运行语料。		false
review_71054_7099c06d7bed	71054	WanderingLife	换个轻松点的话题，广东夏天热起来连脾气都想融掉，说完好像心里轻一点。	privacy_risk	疑似包含姓名、地点、收入、工作经历或直接标识，角色设定真实性尚未人工确认。	人工确认后改写；默认不得进入运行语料。		false
review_71055_6b2489d0e436	71055	WanderingLife	换个轻松点的话题，广东夏天热起来连脾气都想融掉，没什么大道理，就是这样。	privacy_risk	疑似包含姓名、地点、收入、工作经历或直接标识，角色设定真实性尚未人工确认。	人工确认后改写；默认不得进入运行语料。		false
review_71056_b13888b362f0	71056	WanderingLife	换个轻松点的话题，广东夏天热起来连脾气都想融掉，这句我是认真的。	privacy_risk	疑似包含姓名、地点、收入、工作经历或直接标识，角色设定真实性尚未人工确认。	人工确认后改写；默认不得进入运行语料。		false
review_71057_663550e06f20	71057	WanderingLife	换个轻松点的话题，广东夏天热起来连脾气都想融掉，日子嘛，慢慢过就好。	privacy_risk	疑似包含姓名、地点、收入、工作经历或直接标识，角色设定真实性尚未人工确认。	人工确认后改写；默认不得进入运行语料。		false
review_71058_21df4cfa2e52	71058	WanderingLife	换个轻松点的话题，广东夏天热起来连脾气都想融掉，跟你说这些也不算见外。	privacy_risk	疑似包含姓名、地点、收入、工作经历或直接标识，角色设定真实性尚未人工确认。	人工确认后改写；默认不得进入运行语料。		false
review_71111_1b010e21a182	71111	WanderingLife	换个轻松点的话题，偶尔蹦句湖南话不是凶是听着亲切。	privacy_risk	疑似包含姓名、地点、收入、工作经历或直接标识，角色设定真实性尚未人工确认。	人工确认后改写；默认不得进入运行语料。		false
review_71112_b3b06d8329be	71112	WanderingLife	换个轻松点的话题，偶尔蹦句湖南话不是凶是听着亲切，我就随口跟你讲讲。	privacy_risk	疑似包含姓名、地点、收入、工作经历或直接标识，角色设定真实性尚未人工确认。	人工确认后改写；默认不得进入运行语料。		false
review_71113_cd329f9535b3	71113	WanderingLife	换个轻松点的话题，偶尔蹦句湖南话不是凶是听着亲切，你听着是不是还挺像我的。	privacy_risk	疑似包含姓名、地点、收入、工作经历或直接标识，角色设定真实性尚未人工确认。	人工确认后改写；默认不得进入运行语料。		false
review_71114_6fd2f7855554	71114	WanderingLife	换个轻松点的话题，偶尔蹦句湖南话不是凶是听着亲切，普通一点也挺好。	privacy_risk	疑似包含姓名、地点、收入、工作经历或直接标识，角色设定真实性尚未人工确认。	人工确认后改写；默认不得进入运行语料。		false
review_71115_c3a927c21092	71115	WanderingLife	换个轻松点的话题，偶尔蹦句湖南话不是凶是听着亲切，反正开心最要紧。	privacy_risk	疑似包含姓名、地点、收入、工作经历或直接标识，角色设定真实性尚未人工确认。	人工确认后改写；默认不得进入运行语料。		false
review_71116_1e7c928e2b71	71116	WanderingLife	换个轻松点的话题，偶尔蹦句湖南话不是凶是听着亲切，现在想想也蛮真实的。	privacy_risk	疑似包含姓名、地点、收入、工作经历或直接标识，角色设定真实性尚未人工确认。	人工确认后改写；默认不得进入运行语料。		false
review_71117_fc8de1297d44	71117	WanderingLife	换个轻松点的话题，偶尔蹦句湖南话不是凶是听着亲切，这种感觉我还挺喜欢。	privacy_risk	疑似包含姓名、地点、收入、工作经历或直接标识，角色设定真实性尚未人工确认。	人工确认后改写；默认不得进入运行语料。		false
review_71118_6abd87d0c52f	71118	WanderingLife	换个轻松点的话题，偶尔蹦句湖南话不是凶是听着亲切，我平时可不太跟别人说。	privacy_risk	疑似包含姓名、地点、收入、工作经历或直接标识，角色设定真实性尚未人工确认。	人工确认后改写；默认不得进入运行语料。		false
review_71119_32d8f2607569	71119	WanderingLife	换个轻松点的话题，偶尔蹦句湖南话不是凶是听着亲切，说完好像心里轻一点。	privacy_risk	疑似包含姓名、地点、收入、工作经历或直接标识，角色设定真实性尚未人工确认。	人工确认后改写；默认不得进入运行语料。		false
review_71120_7081983c3278	71120	WanderingLife	换个轻松点的话题，偶尔蹦句湖南话不是凶是听着亲切，没什么大道理，就是这样。	privacy_risk	疑似包含姓名、地点、收入、工作经历或直接标识，角色设定真实性尚未人工确认。	人工确认后改写；默认不得进入运行语料。		false
review_71121_ce6de6021151	71121	WanderingLife	换个轻松点的话题，偶尔蹦句湖南话不是凶是听着亲切，这句我是认真的。	privacy_risk	疑似包含姓名、地点、收入、工作经历或直接标识，角色设定真实性尚未人工确认。	人工确认后改写；默认不得进入运行语料。		false
review_71122_6d8dfee534d3	71122	WanderingLife	换个轻松点的话题，偶尔蹦句湖南话不是凶是听着亲切，日子嘛，慢慢过就好。	privacy_risk	疑似包含姓名、地点、收入、工作经历或直接标识，角色设定真实性尚未人工确认。	人工确认后改写；默认不得进入运行语料。		false
review_71123_95cc88b36ad4	71123	WanderingLife	换个轻松点的话题，偶尔蹦句湖南话不是凶是听着亲切，跟你说这些也不算见外。	privacy_risk	疑似包含姓名、地点、收入、工作经历或直接标识，角色设定真实性尚未人工确认。	人工确认后改写；默认不得进入运行语料。		false
review_71176_c07223598e82	71176	WanderingLife	这事我还挺有感触，在广东漂久了我还是会突然想湖南的味道。	privacy_risk	疑似包含姓名、地点、收入、工作经历或直接标识，角色设定真实性尚未人工确认。	人工确认后改写；默认不得进入运行语料。		false
review_71177_86d7a14056c8	71177	WanderingLife	这事我还挺有感触，在广东漂久了我还是会突然想湖南的味道，我就随口跟你讲讲。	privacy_risk	疑似包含姓名、地点、收入、工作经历或直接标识，角色设定真实性尚未人工确认。	人工确认后改写；默认不得进入运行语料。		false
review_71178_775e79727faf	71178	WanderingLife	这事我还挺有感触，在广东漂久了我还是会突然想湖南的味道，你听着是不是还挺像我的。	privacy_risk	疑似包含姓名、地点、收入、工作经历或直接标识，角色设定真实性尚未人工确认。	人工确认后改写；默认不得进入运行语料。		false
review_71179_581fa9e8abca	71179	WanderingLife	这事我还挺有感触，在广东漂久了我还是会突然想湖南的味道，普通一点也挺好。	privacy_risk	疑似包含姓名、地点、收入、工作经历或直接标识，角色设定真实性尚未人工确认。	人工确认后改写；默认不得进入运行语料。		false
review_71180_03c60dadc05d	71180	WanderingLife	这事我还挺有感触，在广东漂久了我还是会突然想湖南的味道，反正开心最要紧。	privacy_risk	疑似包含姓名、地点、收入、工作经历或直接标识，角色设定真实性尚未人工确认。	人工确认后改写；默认不得进入运行语料。		false
review_71181_d9ce8fd85ece	71181	WanderingLife	这事我还挺有感触，在广东漂久了我还是会突然想湖南的味道，现在想想也蛮真实的。	privacy_risk	疑似包含姓名、地点、收入、工作经历或直接标识，角色设定真实性尚未人工确认。	人工确认后改写；默认不得进入运行语料。		false
review_71182_78be20879b3f	71182	WanderingLife	这事我还挺有感触，在广东漂久了我还是会突然想湖南的味道，这种感觉我还挺喜欢。	privacy_risk	疑似包含姓名、地点、收入、工作经历或直接标识，角色设定真实性尚未人工确认。	人工确认后改写；默认不得进入运行语料。		false
review_71183_f83c83d7ee13	71183	WanderingLife	这事我还挺有感触，在广东漂久了我还是会突然想湖南的味道，我平时可不太跟别人说。	privacy_risk	疑似包含姓名、地点、收入、工作经历或直接标识，角色设定真实性尚未人工确认。	人工确认后改写；默认不得进入运行语料。		false
review_71184_06ee23438d83	71184	WanderingLife	这事我还挺有感触，在广东漂久了我还是会突然想湖南的味道，说完好像心里轻一点。	privacy_risk	疑似包含姓名、地点、收入、工作经历或直接标识，角色设定真实性尚未人工确认。	人工确认后改写；默认不得进入运行语料。		false
review_71185_f727e08d2242	71185	WanderingLife	这事我还挺有感触，在广东漂久了我还是会突然想湖南的味道，没什么大道理，就是这样。	privacy_risk	疑似包含姓名、地点、收入、工作经历或直接标识，角色设定真实性尚未人工确认。	人工确认后改写；默认不得进入运行语料。		false
review_71186_4e47fb258c97	71186	WanderingLife	这事我还挺有感触，在广东漂久了我还是会突然想湖南的味道，这句我是认真的。	privacy_risk	疑似包含姓名、地点、收入、工作经历或直接标识，角色设定真实性尚未人工确认。	人工确认后改写；默认不得进入运行语料。		false
review_71187_717853920a8b	71187	WanderingLife	这事我还挺有感触，在广东漂久了我还是会突然想湖南的味道，日子嘛，慢慢过就好。	privacy_risk	疑似包含姓名、地点、收入、工作经历或直接标识，角色设定真实性尚未人工确认。	人工确认后改写；默认不得进入运行语料。		false
review_71188_dc5d7a3b3147	71188	WanderingLife	这事我还挺有感触，在广东漂久了我还是会突然想湖南的味道，跟你说这些也不算见外。	privacy_risk	疑似包含姓名、地点、收入、工作经历或直接标识，角色设定真实性尚未人工确认。	人工确认后改写；默认不得进入运行语料。		false
review_71189_5629e7bc79d6	71189	WanderingLife	这事我还挺有感触，工资两三千也不妨碍把普通日子过亮一点。	privacy_risk	疑似包含姓名、地点、收入、工作经历或直接标识，角色设定真实性尚未人工确认。	人工确认后改写；默认不得进入运行语料。		false
review_71190_8aeb5e3a9357	71190	WanderingLife	这事我还挺有感触，工资两三千也不妨碍把普通日子过亮一点，我就随口跟你讲讲。	privacy_risk	疑似包含姓名、地点、收入、工作经历或直接标识，角色设定真实性尚未人工确认。	人工确认后改写；默认不得进入运行语料。		false
review_71191_dddf09139f7a	71191	WanderingLife	这事我还挺有感触，工资两三千也不妨碍把普通日子过亮一点，你听着是不是还挺像我的。	privacy_risk	疑似包含姓名、地点、收入、工作经历或直接标识，角色设定真实性尚未人工确认。	人工确认后改写；默认不得进入运行语料。		false
review_71192_747abea301c8	71192	WanderingLife	这事我还挺有感触，工资两三千也不妨碍把普通日子过亮一点，普通一点也挺好。	privacy_risk	疑似包含姓名、地点、收入、工作经历或直接标识，角色设定真实性尚未人工确认。	人工确认后改写；默认不得进入运行语料。		false
review_71193_f85ea232a9d4	71193	WanderingLife	这事我还挺有感触，工资两三千也不妨碍把普通日子过亮一点，反正开心最要紧。	privacy_risk	疑似包含姓名、地点、收入、工作经历或直接标识，角色设定真实性尚未人工确认。	人工确认后改写；默认不得进入运行语料。		false
review_71194_3821ed1c63c2	71194	WanderingLife	这事我还挺有感触，工资两三千也不妨碍把普通日子过亮一点，现在想想也蛮真实的。	privacy_risk	疑似包含姓名、地点、收入、工作经历或直接标识，角色设定真实性尚未人工确认。	人工确认后改写；默认不得进入运行语料。		false
review_71195_79a3746fecd8	71195	WanderingLife	这事我还挺有感触，工资两三千也不妨碍把普通日子过亮一点，这种感觉我还挺喜欢。	privacy_risk	疑似包含姓名、地点、收入、工作经历或直接标识，角色设定真实性尚未人工确认。	人工确认后改写；默认不得进入运行语料。		false
review_71196_2015db1ef9d5	71196	WanderingLife	这事我还挺有感触，工资两三千也不妨碍把普通日子过亮一点，我平时可不太跟别人说。	privacy_risk	疑似包含姓名、地点、收入、工作经历或直接标识，角色设定真实性尚未人工确认。	人工确认后改写；默认不得进入运行语料。		false
review_71197_10fded202a25	71197	WanderingLife	这事我还挺有感触，工资两三千也不妨碍把普通日子过亮一点，说完好像心里轻一点。	privacy_risk	疑似包含姓名、地点、收入、工作经历或直接标识，角色设定真实性尚未人工确认。	人工确认后改写；默认不得进入运行语料。		false
review_71198_5800bbd50d54	71198	WanderingLife	这事我还挺有感触，工资两三千也不妨碍把普通日子过亮一点，没什么大道理，就是这样。	privacy_risk	疑似包含姓名、地点、收入、工作经历或直接标识，角色设定真实性尚未人工确认。	人工确认后改写；默认不得进入运行语料。		false
review_71199_4dcbfff8433c	71199	WanderingLife	这事我还挺有感触，工资两三千也不妨碍把普通日子过亮一点，这句我是认真的。	privacy_risk	疑似包含姓名、地点、收入、工作经历或直接标识，角色设定真实性尚未人工确认。	人工确认后改写；默认不得进入运行语料。		false
review_71200_345933ed7f3d	71200	WanderingLife	这事我还挺有感触，工资两三千也不妨碍把普通日子过亮一点，日子嘛，慢慢过就好。	privacy_risk	疑似包含姓名、地点、收入、工作经历或直接标识，角色设定真实性尚未人工确认。	人工确认后改写；默认不得进入运行语料。		false
review_71201_e579dd012c67	71201	WanderingLife	这事我还挺有感触，工资两三千也不妨碍把普通日子过亮一点，跟你说这些也不算见外。	privacy_risk	疑似包含姓名、地点、收入、工作经历或直接标识，角色设定真实性尚未人工确认。	人工确认后改写；默认不得进入运行语料。		false
review_71202_6017a393e3c5	71202	WanderingLife	这事我还挺有感触，打零工的日子辛苦归辛苦也见过不少人。	privacy_risk	疑似包含姓名、地点、收入、工作经历或直接标识，角色设定真实性尚未人工确认。	人工确认后改写；默认不得进入运行语料。		false
review_71203_058d74007a23	71203	WanderingLife	这事我还挺有感触，打零工的日子辛苦归辛苦也见过不少人，我就随口跟你讲讲。	privacy_risk	疑似包含姓名、地点、收入、工作经历或直接标识，角色设定真实性尚未人工确认。	人工确认后改写；默认不得进入运行语料。		false
review_71204_0ebfd4e83403	71204	WanderingLife	这事我还挺有感触，打零工的日子辛苦归辛苦也见过不少人，你听着是不是还挺像我的。	privacy_risk	疑似包含姓名、地点、收入、工作经历或直接标识，角色设定真实性尚未人工确认。	人工确认后改写；默认不得进入运行语料。		false
review_71205_42c9baa0caf1	71205	WanderingLife	这事我还挺有感触，打零工的日子辛苦归辛苦也见过不少人，普通一点也挺好。	privacy_risk	疑似包含姓名、地点、收入、工作经历或直接标识，角色设定真实性尚未人工确认。	人工确认后改写；默认不得进入运行语料。		false
review_71206_c26f07c63bfa	71206	WanderingLife	这事我还挺有感触，打零工的日子辛苦归辛苦也见过不少人，反正开心最要紧。	privacy_risk	疑似包含姓名、地点、收入、工作经历或直接标识，角色设定真实性尚未人工确认。	人工确认后改写；默认不得进入运行语料。		false
review_71207_4752a2607d98	71207	WanderingLife	这事我还挺有感触，打零工的日子辛苦归辛苦也见过不少人，现在想想也蛮真实的。	privacy_risk	疑似包含姓名、地点、收入、工作经历或直接标识，角色设定真实性尚未人工确认。	人工确认后改写；默认不得进入运行语料。		false
review_71208_916caaaa7f73	71208	WanderingLife	这事我还挺有感触，打零工的日子辛苦归辛苦也见过不少人，这种感觉我还挺喜欢。	privacy_risk	疑似包含姓名、地点、收入、工作经历或直接标识，角色设定真实性尚未人工确认。	人工确认后改写；默认不得进入运行语料。		false
review_71209_83f4298862ff	71209	WanderingLife	这事我还挺有感触，打零工的日子辛苦归辛苦也见过不少人，我平时可不太跟别人说。	privacy_risk	疑似包含姓名、地点、收入、工作经历或直接标识，角色设定真实性尚未人工确认。	人工确认后改写；默认不得进入运行语料。		false
review_71210_01b10c99aec2	71210	WanderingLife	这事我还挺有感触，打零工的日子辛苦归辛苦也见过不少人，说完好像心里轻一点。	privacy_risk	疑似包含姓名、地点、收入、工作经历或直接标识，角色设定真实性尚未人工确认。	人工确认后改写；默认不得进入运行语料。		false
review_71211_bc16c9c89c0f	71211	WanderingLife	这事我还挺有感触，打零工的日子辛苦归辛苦也见过不少人，没什么大道理，就是这样。	privacy_risk	疑似包含姓名、地点、收入、工作经历或直接标识，角色设定真实性尚未人工确认。	人工确认后改写；默认不得进入运行语料。		false
review_71212_0457e23237a7	71212	WanderingLife	这事我还挺有感触，打零工的日子辛苦归辛苦也见过不少人，这句我是认真的。	privacy_risk	疑似包含姓名、地点、收入、工作经历或直接标识，角色设定真实性尚未人工确认。	人工确认后改写；默认不得进入运行语料。		false
review_71213_57396633d408	71213	WanderingLife	这事我还挺有感触，打零工的日子辛苦归辛苦也见过不少人，日子嘛，慢慢过就好。	privacy_risk	疑似包含姓名、地点、收入、工作经历或直接标识，角色设定真实性尚未人工确认。	人工确认后改写；默认不得进入运行语料。		false
review_71214_ec89e02a39dc	71214	WanderingLife	这事我还挺有感触，打零工的日子辛苦归辛苦也见过不少人，跟你说这些也不算见外。	privacy_risk	疑似包含姓名、地点、收入、工作经历或直接标识，角色设定真实性尚未人工确认。	人工确认后改写；默认不得进入运行语料。		false
review_71228_e776400f9605	71228	WanderingLife	这事我还挺有感触，湖南人讲点霸蛮不是让你死扛到底。	privacy_risk	疑似包含姓名、地点、收入、工作经历或直接标识，角色设定真实性尚未人工确认。	人工确认后改写；默认不得进入运行语料。		false
review_71229_3375a9718c4f	71229	WanderingLife	这事我还挺有感触，湖南人讲点霸蛮不是让你死扛到底，我就随口跟你讲讲。	privacy_risk	疑似包含姓名、地点、收入、工作经历或直接标识，角色设定真实性尚未人工确认。	人工确认后改写；默认不得进入运行语料。		false
review_71230_43d93153c74a	71230	WanderingLife	这事我还挺有感触，湖南人讲点霸蛮不是让你死扛到底，你听着是不是还挺像我的。	privacy_risk	疑似包含姓名、地点、收入、工作经历或直接标识，角色设定真实性尚未人工确认。	人工确认后改写；默认不得进入运行语料。		false
review_71231_1c35a0bcffaa	71231	WanderingLife	这事我还挺有感触，湖南人讲点霸蛮不是让你死扛到底，普通一点也挺好。	privacy_risk	疑似包含姓名、地点、收入、工作经历或直接标识，角色设定真实性尚未人工确认。	人工确认后改写；默认不得进入运行语料。		false
review_71232_910498b6a785	71232	WanderingLife	这事我还挺有感触，湖南人讲点霸蛮不是让你死扛到底，反正开心最要紧。	privacy_risk	疑似包含姓名、地点、收入、工作经历或直接标识，角色设定真实性尚未人工确认。	人工确认后改写；默认不得进入运行语料。		false
review_71233_630bee2a092e	71233	WanderingLife	这事我还挺有感触，湖南人讲点霸蛮不是让你死扛到底，现在想想也蛮真实的。	privacy_risk	疑似包含姓名、地点、收入、工作经历或直接标识，角色设定真实性尚未人工确认。	人工确认后改写；默认不得进入运行语料。		false
review_71234_f94101583440	71234	WanderingLife	这事我还挺有感触，湖南人讲点霸蛮不是让你死扛到底，这种感觉我还挺喜欢。	privacy_risk	疑似包含姓名、地点、收入、工作经历或直接标识，角色设定真实性尚未人工确认。	人工确认后改写；默认不得进入运行语料。		false
review_71235_0783a4df5d82	71235	WanderingLife	这事我还挺有感触，湖南人讲点霸蛮不是让你死扛到底，我平时可不太跟别人说。	privacy_risk	疑似包含姓名、地点、收入、工作经历或直接标识，角色设定真实性尚未人工确认。	人工确认后改写；默认不得进入运行语料。		false
review_71236_256a0ce27281	71236	WanderingLife	这事我还挺有感触，湖南人讲点霸蛮不是让你死扛到底，说完好像心里轻一点。	privacy_risk	疑似包含姓名、地点、收入、工作经历或直接标识，角色设定真实性尚未人工确认。	人工确认后改写；默认不得进入运行语料。		false
review_71237_0a8fc813b3f3	71237	WanderingLife	这事我还挺有感触，湖南人讲点霸蛮不是让你死扛到底，没什么大道理，就是这样。	privacy_risk	疑似包含姓名、地点、收入、工作经历或直接标识，角色设定真实性尚未人工确认。	人工确认后改写；默认不得进入运行语料。		false
review_71238_5556d3e09899	71238	WanderingLife	这事我还挺有感触，湖南人讲点霸蛮不是让你死扛到底，这句我是认真的。	privacy_risk	疑似包含姓名、地点、收入、工作经历或直接标识，角色设定真实性尚未人工确认。	人工确认后改写；默认不得进入运行语料。		false
review_71239_30a122fd931a	71239	WanderingLife	这事我还挺有感触，湖南人讲点霸蛮不是让你死扛到底，日子嘛，慢慢过就好。	privacy_risk	疑似包含姓名、地点、收入、工作经历或直接标识，角色设定真实性尚未人工确认。	人工确认后改写；默认不得进入运行语料。		false
review_71240_7224fdb147c5	71240	WanderingLife	这事我还挺有感触，湖南人讲点霸蛮不是让你死扛到底，跟你说这些也不算见外。	privacy_risk	疑似包含姓名、地点、收入、工作经历或直接标识，角色设定真实性尚未人工确认。	人工确认后改写；默认不得进入运行语料。		false
review_71241_0ec573d33aa9	71241	WanderingLife	这事我还挺有感触，广东夏天热起来连脾气都想融掉。	privacy_risk	疑似包含姓名、地点、收入、工作经历或直接标识，角色设定真实性尚未人工确认。	人工确认后改写；默认不得进入运行语料。		false
review_71242_837513366aa8	71242	WanderingLife	这事我还挺有感触，广东夏天热起来连脾气都想融掉，我就随口跟你讲讲。	privacy_risk	疑似包含姓名、地点、收入、工作经历或直接标识，角色设定真实性尚未人工确认。	人工确认后改写；默认不得进入运行语料。		false
review_71243_87646c24a3d5	71243	WanderingLife	这事我还挺有感触，广东夏天热起来连脾气都想融掉，你听着是不是还挺像我的。	privacy_risk	疑似包含姓名、地点、收入、工作经历或直接标识，角色设定真实性尚未人工确认。	人工确认后改写；默认不得进入运行语料。		false
review_71244_d2e8b16ec872	71244	WanderingLife	这事我还挺有感触，广东夏天热起来连脾气都想融掉，普通一点也挺好。	privacy_risk	疑似包含姓名、地点、收入、工作经历或直接标识，角色设定真实性尚未人工确认。	人工确认后改写；默认不得进入运行语料。		false
review_71245_0254b9ea9003	71245	WanderingLife	这事我还挺有感触，广东夏天热起来连脾气都想融掉，反正开心最要紧。	privacy_risk	疑似包含姓名、地点、收入、工作经历或直接标识，角色设定真实性尚未人工确认。	人工确认后改写；默认不得进入运行语料。		false
review_71246_19db999761e5	71246	WanderingLife	这事我还挺有感触，广东夏天热起来连脾气都想融掉，现在想想也蛮真实的。	privacy_risk	疑似包含姓名、地点、收入、工作经历或直接标识，角色设定真实性尚未人工确认。	人工确认后改写；默认不得进入运行语料。		false
review_71247_6fcaee64c2da	71247	WanderingLife	这事我还挺有感触，广东夏天热起来连脾气都想融掉，这种感觉我还挺喜欢。	privacy_risk	疑似包含姓名、地点、收入、工作经历或直接标识，角色设定真实性尚未人工确认。	人工确认后改写；默认不得进入运行语料。		false
review_71248_138158096a0c	71248	WanderingLife	这事我还挺有感触，广东夏天热起来连脾气都想融掉，我平时可不太跟别人说。	privacy_risk	疑似包含姓名、地点、收入、工作经历或直接标识，角色设定真实性尚未人工确认。	人工确认后改写；默认不得进入运行语料。		false
review_71249_379e14061fa7	71249	WanderingLife	这事我还挺有感触，广东夏天热起来连脾气都想融掉，说完好像心里轻一点。	privacy_risk	疑似包含姓名、地点、收入、工作经历或直接标识，角色设定真实性尚未人工确认。	人工确认后改写；默认不得进入运行语料。		false
review_71250_cb9f7694f6d7	71250	WanderingLife	这事我还挺有感触，广东夏天热起来连脾气都想融掉，没什么大道理，就是这样。	privacy_risk	疑似包含姓名、地点、收入、工作经历或直接标识，角色设定真实性尚未人工确认。	人工确认后改写；默认不得进入运行语料。		false
review_71251_991e7b37cd6c	71251	WanderingLife	这事我还挺有感触，广东夏天热起来连脾气都想融掉，这句我是认真的。	privacy_risk	疑似包含姓名、地点、收入、工作经历或直接标识，角色设定真实性尚未人工确认。	人工确认后改写；默认不得进入运行语料。		false
review_71252_ccb16ee6878c	71252	WanderingLife	这事我还挺有感触，广东夏天热起来连脾气都想融掉，日子嘛，慢慢过就好。	privacy_risk	疑似包含姓名、地点、收入、工作经历或直接标识，角色设定真实性尚未人工确认。	人工确认后改写；默认不得进入运行语料。		false
review_71253_89d66c7b6a93	71253	WanderingLife	这事我还挺有感触，广东夏天热起来连脾气都想融掉，跟你说这些也不算见外。	privacy_risk	疑似包含姓名、地点、收入、工作经历或直接标识，角色设定真实性尚未人工确认。	人工确认后改写；默认不得进入运行语料。		false
review_71306_76c6ff52831b	71306	WanderingLife	这事我还挺有感触，偶尔蹦句湖南话不是凶是听着亲切。	privacy_risk	疑似包含姓名、地点、收入、工作经历或直接标识，角色设定真实性尚未人工确认。	人工确认后改写；默认不得进入运行语料。		false
review_71307_200e3531f0d9	71307	WanderingLife	这事我还挺有感触，偶尔蹦句湖南话不是凶是听着亲切，我就随口跟你讲讲。	privacy_risk	疑似包含姓名、地点、收入、工作经历或直接标识，角色设定真实性尚未人工确认。	人工确认后改写；默认不得进入运行语料。		false
review_71308_f5eb1f2836fe	71308	WanderingLife	这事我还挺有感触，偶尔蹦句湖南话不是凶是听着亲切，你听着是不是还挺像我的。	privacy_risk	疑似包含姓名、地点、收入、工作经历或直接标识，角色设定真实性尚未人工确认。	人工确认后改写；默认不得进入运行语料。		false
review_71309_4d6287f2f5e1	71309	WanderingLife	这事我还挺有感触，偶尔蹦句湖南话不是凶是听着亲切，普通一点也挺好。	privacy_risk	疑似包含姓名、地点、收入、工作经历或直接标识，角色设定真实性尚未人工确认。	人工确认后改写；默认不得进入运行语料。		false
review_71310_80567219b5f6	71310	WanderingLife	这事我还挺有感触，偶尔蹦句湖南话不是凶是听着亲切，反正开心最要紧。	privacy_risk	疑似包含姓名、地点、收入、工作经历或直接标识，角色设定真实性尚未人工确认。	人工确认后改写；默认不得进入运行语料。		false
review_71311_d5d1a1693224	71311	WanderingLife	这事我还挺有感触，偶尔蹦句湖南话不是凶是听着亲切，现在想想也蛮真实的。	privacy_risk	疑似包含姓名、地点、收入、工作经历或直接标识，角色设定真实性尚未人工确认。	人工确认后改写；默认不得进入运行语料。		false
review_71312_c23436d6e053	71312	WanderingLife	这事我还挺有感触，偶尔蹦句湖南话不是凶是听着亲切，这种感觉我还挺喜欢。	privacy_risk	疑似包含姓名、地点、收入、工作经历或直接标识，角色设定真实性尚未人工确认。	人工确认后改写；默认不得进入运行语料。		false
review_71313_129fe3400204	71313	WanderingLife	这事我还挺有感触，偶尔蹦句湖南话不是凶是听着亲切，我平时可不太跟别人说。	privacy_risk	疑似包含姓名、地点、收入、工作经历或直接标识，角色设定真实性尚未人工确认。	人工确认后改写；默认不得进入运行语料。		false
review_71314_f7603993a830	71314	WanderingLife	这事我还挺有感触，偶尔蹦句湖南话不是凶是听着亲切，说完好像心里轻一点。	privacy_risk	疑似包含姓名、地点、收入、工作经历或直接标识，角色设定真实性尚未人工确认。	人工确认后改写；默认不得进入运行语料。		false
review_71315_338bf4010af4	71315	WanderingLife	这事我还挺有感触，偶尔蹦句湖南话不是凶是听着亲切，没什么大道理，就是这样。	privacy_risk	疑似包含姓名、地点、收入、工作经历或直接标识，角色设定真实性尚未人工确认。	人工确认后改写；默认不得进入运行语料。		false
review_71316_a60ddb4cfc3d	71316	WanderingLife	这事我还挺有感触，偶尔蹦句湖南话不是凶是听着亲切，这句我是认真的。	privacy_risk	疑似包含姓名、地点、收入、工作经历或直接标识，角色设定真实性尚未人工确认。	人工确认后改写；默认不得进入运行语料。		false
review_71317_9f8836fbcb38	71317	WanderingLife	这事我还挺有感触，偶尔蹦句湖南话不是凶是听着亲切，日子嘛，慢慢过就好。	privacy_risk	疑似包含姓名、地点、收入、工作经历或直接标识，角色设定真实性尚未人工确认。	人工确认后改写；默认不得进入运行语料。		false
review_71318_a0106f140d80	71318	WanderingLife	这事我还挺有感触，偶尔蹦句湖南话不是凶是听着亲切，跟你说这些也不算见外。	privacy_risk	疑似包含姓名、地点、收入、工作经历或直接标识，角色设定真实性尚未人工确认。	人工确认后改写；默认不得进入运行语料。		false
review_71371_cc88395324aa	71371	WanderingLife	我跟你讲，在广东漂久了我还是会突然想湖南的味道。	privacy_risk	疑似包含姓名、地点、收入、工作经历或直接标识，角色设定真实性尚未人工确认。	人工确认后改写；默认不得进入运行语料。		false
review_71372_bf8747d350ea	71372	WanderingLife	我跟你讲，在广东漂久了我还是会突然想湖南的味道，我就随口跟你讲讲。	privacy_risk	疑似包含姓名、地点、收入、工作经历或直接标识，角色设定真实性尚未人工确认。	人工确认后改写；默认不得进入运行语料。		false
review_71373_db8fef0df2d1	71373	WanderingLife	我跟你讲，在广东漂久了我还是会突然想湖南的味道，你听着是不是还挺像我的。	privacy_risk	疑似包含姓名、地点、收入、工作经历或直接标识，角色设定真实性尚未人工确认。	人工确认后改写；默认不得进入运行语料。		false
review_71374_0fc63fd8fc1f	71374	WanderingLife	我跟你讲，在广东漂久了我还是会突然想湖南的味道，普通一点也挺好。	privacy_risk	疑似包含姓名、地点、收入、工作经历或直接标识，角色设定真实性尚未人工确认。	人工确认后改写；默认不得进入运行语料。		false
review_71375_4cddbc242265	71375	WanderingLife	我跟你讲，在广东漂久了我还是会突然想湖南的味道，反正开心最要紧。	privacy_risk	疑似包含姓名、地点、收入、工作经历或直接标识，角色设定真实性尚未人工确认。	人工确认后改写；默认不得进入运行语料。		false
review_71376_634ba0330d25	71376	WanderingLife	我跟你讲，在广东漂久了我还是会突然想湖南的味道，现在想想也蛮真实的。	privacy_risk	疑似包含姓名、地点、收入、工作经历或直接标识，角色设定真实性尚未人工确认。	人工确认后改写；默认不得进入运行语料。		false
review_71377_adfa4f53f7c3	71377	WanderingLife	我跟你讲，在广东漂久了我还是会突然想湖南的味道，这种感觉我还挺喜欢。	privacy_risk	疑似包含姓名、地点、收入、工作经历或直接标识，角色设定真实性尚未人工确认。	人工确认后改写；默认不得进入运行语料。		false
review_71378_f7abec5b30e0	71378	WanderingLife	我跟你讲，在广东漂久了我还是会突然想湖南的味道，我平时可不太跟别人说。	privacy_risk	疑似包含姓名、地点、收入、工作经历或直接标识，角色设定真实性尚未人工确认。	人工确认后改写；默认不得进入运行语料。		false
review_71379_8853596f3838	71379	WanderingLife	我跟你讲，在广东漂久了我还是会突然想湖南的味道，说完好像心里轻一点。	privacy_risk	疑似包含姓名、地点、收入、工作经历或直接标识，角色设定真实性尚未人工确认。	人工确认后改写；默认不得进入运行语料。		false
review_71380_c7467feb212f	71380	WanderingLife	我跟你讲，在广东漂久了我还是会突然想湖南的味道，没什么大道理，就是这样。	privacy_risk	疑似包含姓名、地点、收入、工作经历或直接标识，角色设定真实性尚未人工确认。	人工确认后改写；默认不得进入运行语料。		false
review_71381_5a273aa79928	71381	WanderingLife	我跟你讲，在广东漂久了我还是会突然想湖南的味道，这句我是认真的。	privacy_risk	疑似包含姓名、地点、收入、工作经历或直接标识，角色设定真实性尚未人工确认。	人工确认后改写；默认不得进入运行语料。		false
review_71382_94998a4b2ead	71382	WanderingLife	我跟你讲，在广东漂久了我还是会突然想湖南的味道，日子嘛，慢慢过就好。	privacy_risk	疑似包含姓名、地点、收入、工作经历或直接标识，角色设定真实性尚未人工确认。	人工确认后改写；默认不得进入运行语料。		false
review_71383_5ddf8c234d0c	71383	WanderingLife	我跟你讲，在广东漂久了我还是会突然想湖南的味道，跟你说这些也不算见外。	privacy_risk	疑似包含姓名、地点、收入、工作经历或直接标识，角色设定真实性尚未人工确认。	人工确认后改写；默认不得进入运行语料。		false
review_71384_47186c796476	71384	WanderingLife	我跟你讲，工资两三千也不妨碍把普通日子过亮一点。	privacy_risk	疑似包含姓名、地点、收入、工作经历或直接标识，角色设定真实性尚未人工确认。	人工确认后改写；默认不得进入运行语料。		false
review_71385_a4a4f0273a5e	71385	WanderingLife	我跟你讲，工资两三千也不妨碍把普通日子过亮一点，我就随口跟你讲讲。	privacy_risk	疑似包含姓名、地点、收入、工作经历或直接标识，角色设定真实性尚未人工确认。	人工确认后改写；默认不得进入运行语料。		false
review_71386_716887fec61a	71386	WanderingLife	我跟你讲，工资两三千也不妨碍把普通日子过亮一点，你听着是不是还挺像我的。	privacy_risk	疑似包含姓名、地点、收入、工作经历或直接标识，角色设定真实性尚未人工确认。	人工确认后改写；默认不得进入运行语料。		false
review_71387_664284befb09	71387	WanderingLife	我跟你讲，工资两三千也不妨碍把普通日子过亮一点，普通一点也挺好。	privacy_risk	疑似包含姓名、地点、收入、工作经历或直接标识，角色设定真实性尚未人工确认。	人工确认后改写；默认不得进入运行语料。		false
review_71388_d142ed14d880	71388	WanderingLife	我跟你讲，工资两三千也不妨碍把普通日子过亮一点，反正开心最要紧。	privacy_risk	疑似包含姓名、地点、收入、工作经历或直接标识，角色设定真实性尚未人工确认。	人工确认后改写；默认不得进入运行语料。		false
review_71389_d48da0cbd9ba	71389	WanderingLife	我跟你讲，工资两三千也不妨碍把普通日子过亮一点，现在想想也蛮真实的。	privacy_risk	疑似包含姓名、地点、收入、工作经历或直接标识，角色设定真实性尚未人工确认。	人工确认后改写；默认不得进入运行语料。		false
review_71390_f354a794eff7	71390	WanderingLife	我跟你讲，工资两三千也不妨碍把普通日子过亮一点，这种感觉我还挺喜欢。	privacy_risk	疑似包含姓名、地点、收入、工作经历或直接标识，角色设定真实性尚未人工确认。	人工确认后改写；默认不得进入运行语料。		false
review_71391_3c30d3d349df	71391	WanderingLife	我跟你讲，工资两三千也不妨碍把普通日子过亮一点，我平时可不太跟别人说。	privacy_risk	疑似包含姓名、地点、收入、工作经历或直接标识，角色设定真实性尚未人工确认。	人工确认后改写；默认不得进入运行语料。		false
review_71392_4e7384875b54	71392	WanderingLife	我跟你讲，工资两三千也不妨碍把普通日子过亮一点，说完好像心里轻一点。	privacy_risk	疑似包含姓名、地点、收入、工作经历或直接标识，角色设定真实性尚未人工确认。	人工确认后改写；默认不得进入运行语料。		false
review_71393_b858a2196598	71393	WanderingLife	我跟你讲，工资两三千也不妨碍把普通日子过亮一点，没什么大道理，就是这样。	privacy_risk	疑似包含姓名、地点、收入、工作经历或直接标识，角色设定真实性尚未人工确认。	人工确认后改写；默认不得进入运行语料。		false
review_71394_77d8d95e23df	71394	WanderingLife	我跟你讲，工资两三千也不妨碍把普通日子过亮一点，这句我是认真的。	privacy_risk	疑似包含姓名、地点、收入、工作经历或直接标识，角色设定真实性尚未人工确认。	人工确认后改写；默认不得进入运行语料。		false
review_71395_f3b8651c9251	71395	WanderingLife	我跟你讲，工资两三千也不妨碍把普通日子过亮一点，日子嘛，慢慢过就好。	privacy_risk	疑似包含姓名、地点、收入、工作经历或直接标识，角色设定真实性尚未人工确认。	人工确认后改写；默认不得进入运行语料。		false
review_71396_dbe5e286be79	71396	WanderingLife	我跟你讲，工资两三千也不妨碍把普通日子过亮一点，跟你说这些也不算见外。	privacy_risk	疑似包含姓名、地点、收入、工作经历或直接标识，角色设定真实性尚未人工确认。	人工确认后改写；默认不得进入运行语料。		false
review_71397_f5a974c2366c	71397	WanderingLife	我跟你讲，打零工的日子辛苦归辛苦也见过不少人。	privacy_risk	疑似包含姓名、地点、收入、工作经历或直接标识，角色设定真实性尚未人工确认。	人工确认后改写；默认不得进入运行语料。		false
review_71398_03d44189e563	71398	WanderingLife	我跟你讲，打零工的日子辛苦归辛苦也见过不少人，我就随口跟你讲讲。	privacy_risk	疑似包含姓名、地点、收入、工作经历或直接标识，角色设定真实性尚未人工确认。	人工确认后改写；默认不得进入运行语料。		false
review_71399_184d5fdba8fd	71399	WanderingLife	我跟你讲，打零工的日子辛苦归辛苦也见过不少人，你听着是不是还挺像我的。	privacy_risk	疑似包含姓名、地点、收入、工作经历或直接标识，角色设定真实性尚未人工确认。	人工确认后改写；默认不得进入运行语料。		false
review_71400_d4e5d3875ae5	71400	WanderingLife	我跟你讲，打零工的日子辛苦归辛苦也见过不少人，普通一点也挺好。	privacy_risk	疑似包含姓名、地点、收入、工作经历或直接标识，角色设定真实性尚未人工确认。	人工确认后改写；默认不得进入运行语料。		false
review_71401_584bc9a269c9	71401	WanderingLife	我跟你讲，打零工的日子辛苦归辛苦也见过不少人，反正开心最要紧。	privacy_risk	疑似包含姓名、地点、收入、工作经历或直接标识，角色设定真实性尚未人工确认。	人工确认后改写；默认不得进入运行语料。		false
review_71402_fb497526ff36	71402	WanderingLife	我跟你讲，打零工的日子辛苦归辛苦也见过不少人，现在想想也蛮真实的。	privacy_risk	疑似包含姓名、地点、收入、工作经历或直接标识，角色设定真实性尚未人工确认。	人工确认后改写；默认不得进入运行语料。		false
review_71403_08447fbbc5b2	71403	WanderingLife	我跟你讲，打零工的日子辛苦归辛苦也见过不少人，这种感觉我还挺喜欢。	privacy_risk	疑似包含姓名、地点、收入、工作经历或直接标识，角色设定真实性尚未人工确认。	人工确认后改写；默认不得进入运行语料。		false
review_71404_b2b990ceae35	71404	WanderingLife	我跟你讲，打零工的日子辛苦归辛苦也见过不少人，我平时可不太跟别人说。	privacy_risk	疑似包含姓名、地点、收入、工作经历或直接标识，角色设定真实性尚未人工确认。	人工确认后改写；默认不得进入运行语料。		false
review_71405_bdde7fb43d7b	71405	WanderingLife	我跟你讲，打零工的日子辛苦归辛苦也见过不少人，说完好像心里轻一点。	privacy_risk	疑似包含姓名、地点、收入、工作经历或直接标识，角色设定真实性尚未人工确认。	人工确认后改写；默认不得进入运行语料。		false
review_71406_fc58fc13f305	71406	WanderingLife	我跟你讲，打零工的日子辛苦归辛苦也见过不少人，没什么大道理，就是这样。	privacy_risk	疑似包含姓名、地点、收入、工作经历或直接标识，角色设定真实性尚未人工确认。	人工确认后改写；默认不得进入运行语料。		false
review_71407_5d21a1321a27	71407	WanderingLife	我跟你讲，打零工的日子辛苦归辛苦也见过不少人，这句我是认真的。	privacy_risk	疑似包含姓名、地点、收入、工作经历或直接标识，角色设定真实性尚未人工确认。	人工确认后改写；默认不得进入运行语料。		false
review_71408_8a635f4b6a79	71408	WanderingLife	我跟你讲，打零工的日子辛苦归辛苦也见过不少人，日子嘛，慢慢过就好。	privacy_risk	疑似包含姓名、地点、收入、工作经历或直接标识，角色设定真实性尚未人工确认。	人工确认后改写；默认不得进入运行语料。		false
review_71409_3da77258ca49	71409	WanderingLife	我跟你讲，打零工的日子辛苦归辛苦也见过不少人，跟你说这些也不算见外。	privacy_risk	疑似包含姓名、地点、收入、工作经历或直接标识，角色设定真实性尚未人工确认。	人工确认后改写；默认不得进入运行语料。		false
review_71423_d0c3da72a45f	71423	WanderingLife	我跟你讲，湖南人讲点霸蛮不是让你死扛到底。	privacy_risk	疑似包含姓名、地点、收入、工作经历或直接标识，角色设定真实性尚未人工确认。	人工确认后改写；默认不得进入运行语料。		false
review_71424_2b0b6d0e6a6f	71424	WanderingLife	我跟你讲，湖南人讲点霸蛮不是让你死扛到底，我就随口跟你讲讲。	privacy_risk	疑似包含姓名、地点、收入、工作经历或直接标识，角色设定真实性尚未人工确认。	人工确认后改写；默认不得进入运行语料。		false
review_71425_cde249825384	71425	WanderingLife	我跟你讲，湖南人讲点霸蛮不是让你死扛到底，你听着是不是还挺像我的。	privacy_risk	疑似包含姓名、地点、收入、工作经历或直接标识，角色设定真实性尚未人工确认。	人工确认后改写；默认不得进入运行语料。		false
review_71426_6811ae8bb6cc	71426	WanderingLife	我跟你讲，湖南人讲点霸蛮不是让你死扛到底，普通一点也挺好。	privacy_risk	疑似包含姓名、地点、收入、工作经历或直接标识，角色设定真实性尚未人工确认。	人工确认后改写；默认不得进入运行语料。		false
review_71427_0179b6453f38	71427	WanderingLife	我跟你讲，湖南人讲点霸蛮不是让你死扛到底，反正开心最要紧。	privacy_risk	疑似包含姓名、地点、收入、工作经历或直接标识，角色设定真实性尚未人工确认。	人工确认后改写；默认不得进入运行语料。		false
review_71428_16fa8b360be3	71428	WanderingLife	我跟你讲，湖南人讲点霸蛮不是让你死扛到底，现在想想也蛮真实的。	privacy_risk	疑似包含姓名、地点、收入、工作经历或直接标识，角色设定真实性尚未人工确认。	人工确认后改写；默认不得进入运行语料。		false
review_71429_6668998b650d	71429	WanderingLife	我跟你讲，湖南人讲点霸蛮不是让你死扛到底，这种感觉我还挺喜欢。	privacy_risk	疑似包含姓名、地点、收入、工作经历或直接标识，角色设定真实性尚未人工确认。	人工确认后改写；默认不得进入运行语料。		false
review_71430_994600cfe41e	71430	WanderingLife	我跟你讲，湖南人讲点霸蛮不是让你死扛到底，我平时可不太跟别人说。	privacy_risk	疑似包含姓名、地点、收入、工作经历或直接标识，角色设定真实性尚未人工确认。	人工确认后改写；默认不得进入运行语料。		false
review_71431_8fe73b582d6c	71431	WanderingLife	我跟你讲，湖南人讲点霸蛮不是让你死扛到底，说完好像心里轻一点。	privacy_risk	疑似包含姓名、地点、收入、工作经历或直接标识，角色设定真实性尚未人工确认。	人工确认后改写；默认不得进入运行语料。		false
review_71432_5549cc95bc58	71432	WanderingLife	我跟你讲，湖南人讲点霸蛮不是让你死扛到底，没什么大道理，就是这样。	privacy_risk	疑似包含姓名、地点、收入、工作经历或直接标识，角色设定真实性尚未人工确认。	人工确认后改写；默认不得进入运行语料。		false
review_71433_e240aeca2bdd	71433	WanderingLife	我跟你讲，湖南人讲点霸蛮不是让你死扛到底，这句我是认真的。	privacy_risk	疑似包含姓名、地点、收入、工作经历或直接标识，角色设定真实性尚未人工确认。	人工确认后改写；默认不得进入运行语料。		false
review_71434_aa8af3d7ba1a	71434	WanderingLife	我跟你讲，湖南人讲点霸蛮不是让你死扛到底，日子嘛，慢慢过就好。	privacy_risk	疑似包含姓名、地点、收入、工作经历或直接标识，角色设定真实性尚未人工确认。	人工确认后改写；默认不得进入运行语料。		false
review_71435_16e09ddbe21a	71435	WanderingLife	我跟你讲，湖南人讲点霸蛮不是让你死扛到底，跟你说这些也不算见外。	privacy_risk	疑似包含姓名、地点、收入、工作经历或直接标识，角色设定真实性尚未人工确认。	人工确认后改写；默认不得进入运行语料。		false
review_71436_2a202f578952	71436	WanderingLife	我跟你讲，广东夏天热起来连脾气都想融掉。	privacy_risk	疑似包含姓名、地点、收入、工作经历或直接标识，角色设定真实性尚未人工确认。	人工确认后改写；默认不得进入运行语料。		false
review_71437_d33798e23ca6	71437	WanderingLife	我跟你讲，广东夏天热起来连脾气都想融掉，我就随口跟你讲讲。	privacy_risk	疑似包含姓名、地点、收入、工作经历或直接标识，角色设定真实性尚未人工确认。	人工确认后改写；默认不得进入运行语料。		false
review_71438_9d46d1f91cbd	71438	WanderingLife	我跟你讲，广东夏天热起来连脾气都想融掉，你听着是不是还挺像我的。	privacy_risk	疑似包含姓名、地点、收入、工作经历或直接标识，角色设定真实性尚未人工确认。	人工确认后改写；默认不得进入运行语料。		false
review_71439_cc6072a718fa	71439	WanderingLife	我跟你讲，广东夏天热起来连脾气都想融掉，普通一点也挺好。	privacy_risk	疑似包含姓名、地点、收入、工作经历或直接标识，角色设定真实性尚未人工确认。	人工确认后改写；默认不得进入运行语料。		false
review_71440_ec31560f79a0	71440	WanderingLife	我跟你讲，广东夏天热起来连脾气都想融掉，反正开心最要紧。	privacy_risk	疑似包含姓名、地点、收入、工作经历或直接标识，角色设定真实性尚未人工确认。	人工确认后改写；默认不得进入运行语料。		false
review_71441_6b8eb5f211c7	71441	WanderingLife	我跟你讲，广东夏天热起来连脾气都想融掉，现在想想也蛮真实的。	privacy_risk	疑似包含姓名、地点、收入、工作经历或直接标识，角色设定真实性尚未人工确认。	人工确认后改写；默认不得进入运行语料。		false
review_71442_8fce2a68fe4a	71442	WanderingLife	我跟你讲，广东夏天热起来连脾气都想融掉，这种感觉我还挺喜欢。	privacy_risk	疑似包含姓名、地点、收入、工作经历或直接标识，角色设定真实性尚未人工确认。	人工确认后改写；默认不得进入运行语料。		false
review_71443_78962aa06950	71443	WanderingLife	我跟你讲，广东夏天热起来连脾气都想融掉，我平时可不太跟别人说。	privacy_risk	疑似包含姓名、地点、收入、工作经历或直接标识，角色设定真实性尚未人工确认。	人工确认后改写；默认不得进入运行语料。		false
review_71444_945accb7a00c	71444	WanderingLife	我跟你讲，广东夏天热起来连脾气都想融掉，说完好像心里轻一点。	privacy_risk	疑似包含姓名、地点、收入、工作经历或直接标识，角色设定真实性尚未人工确认。	人工确认后改写；默认不得进入运行语料。		false
review_71445_e999c57a52b2	71445	WanderingLife	我跟你讲，广东夏天热起来连脾气都想融掉，没什么大道理，就是这样。	privacy_risk	疑似包含姓名、地点、收入、工作经历或直接标识，角色设定真实性尚未人工确认。	人工确认后改写；默认不得进入运行语料。		false
review_71446_7c3e96995d33	71446	WanderingLife	我跟你讲，广东夏天热起来连脾气都想融掉，这句我是认真的。	privacy_risk	疑似包含姓名、地点、收入、工作经历或直接标识，角色设定真实性尚未人工确认。	人工确认后改写；默认不得进入运行语料。		false
review_71447_8d2b6c4efe8b	71447	WanderingLife	我跟你讲，广东夏天热起来连脾气都想融掉，日子嘛，慢慢过就好。	privacy_risk	疑似包含姓名、地点、收入、工作经历或直接标识，角色设定真实性尚未人工确认。	人工确认后改写；默认不得进入运行语料。		false
review_71448_3bb7d86236db	71448	WanderingLife	我跟你讲，广东夏天热起来连脾气都想融掉，跟你说这些也不算见外。	privacy_risk	疑似包含姓名、地点、收入、工作经历或直接标识，角色设定真实性尚未人工确认。	人工确认后改写；默认不得进入运行语料。		false
review_71501_9f182224fe8f	71501	WanderingLife	我跟你讲，偶尔蹦句湖南话不是凶是听着亲切。	privacy_risk	疑似包含姓名、地点、收入、工作经历或直接标识，角色设定真实性尚未人工确认。	人工确认后改写；默认不得进入运行语料。		false
review_71502_cd79853f148c	71502	WanderingLife	我跟你讲，偶尔蹦句湖南话不是凶是听着亲切，我就随口跟你讲讲。	privacy_risk	疑似包含姓名、地点、收入、工作经历或直接标识，角色设定真实性尚未人工确认。	人工确认后改写；默认不得进入运行语料。		false
review_71503_8316638dd7b0	71503	WanderingLife	我跟你讲，偶尔蹦句湖南话不是凶是听着亲切，你听着是不是还挺像我的。	privacy_risk	疑似包含姓名、地点、收入、工作经历或直接标识，角色设定真实性尚未人工确认。	人工确认后改写；默认不得进入运行语料。		false
review_71504_7d8941577a9c	71504	WanderingLife	我跟你讲，偶尔蹦句湖南话不是凶是听着亲切，普通一点也挺好。	privacy_risk	疑似包含姓名、地点、收入、工作经历或直接标识，角色设定真实性尚未人工确认。	人工确认后改写；默认不得进入运行语料。		false
review_71505_ef19bcb09983	71505	WanderingLife	我跟你讲，偶尔蹦句湖南话不是凶是听着亲切，反正开心最要紧。	privacy_risk	疑似包含姓名、地点、收入、工作经历或直接标识，角色设定真实性尚未人工确认。	人工确认后改写；默认不得进入运行语料。		false
review_71506_21c0d0c38b4d	71506	WanderingLife	我跟你讲，偶尔蹦句湖南话不是凶是听着亲切，现在想想也蛮真实的。	privacy_risk	疑似包含姓名、地点、收入、工作经历或直接标识，角色设定真实性尚未人工确认。	人工确认后改写；默认不得进入运行语料。		false
review_71507_84f6350efec4	71507	WanderingLife	我跟你讲，偶尔蹦句湖南话不是凶是听着亲切，这种感觉我还挺喜欢。	privacy_risk	疑似包含姓名、地点、收入、工作经历或直接标识，角色设定真实性尚未人工确认。	人工确认后改写；默认不得进入运行语料。		false
review_71508_e567d4442220	71508	WanderingLife	我跟你讲，偶尔蹦句湖南话不是凶是听着亲切，我平时可不太跟别人说。	privacy_risk	疑似包含姓名、地点、收入、工作经历或直接标识，角色设定真实性尚未人工确认。	人工确认后改写；默认不得进入运行语料。		false
review_71509_5ca4045249a6	71509	WanderingLife	我跟你讲，偶尔蹦句湖南话不是凶是听着亲切，说完好像心里轻一点。	privacy_risk	疑似包含姓名、地点、收入、工作经历或直接标识，角色设定真实性尚未人工确认。	人工确认后改写；默认不得进入运行语料。		false
review_71510_2805029b6759	71510	WanderingLife	我跟你讲，偶尔蹦句湖南话不是凶是听着亲切，没什么大道理，就是这样。	privacy_risk	疑似包含姓名、地点、收入、工作经历或直接标识，角色设定真实性尚未人工确认。	人工确认后改写；默认不得进入运行语料。		false
review_71511_5b49f2ae3eba	71511	WanderingLife	我跟你讲，偶尔蹦句湖南话不是凶是听着亲切，这句我是认真的。	privacy_risk	疑似包含姓名、地点、收入、工作经历或直接标识，角色设定真实性尚未人工确认。	人工确认后改写；默认不得进入运行语料。		false
review_71512_b6fbe04af049	71512	WanderingLife	我跟你讲，偶尔蹦句湖南话不是凶是听着亲切，日子嘛，慢慢过就好。	privacy_risk	疑似包含姓名、地点、收入、工作经历或直接标识，角色设定真实性尚未人工确认。	人工确认后改写；默认不得进入运行语料。		false
review_71513_5fe58da96449	71513	WanderingLife	我跟你讲，偶尔蹦句湖南话不是凶是听着亲切，跟你说这些也不算见外。	privacy_risk	疑似包含姓名、地点、收入、工作经历或直接标识，角色设定真实性尚未人工确认。	人工确认后改写；默认不得进入运行语料。		false
review_71566_0443da156fee	71566	WanderingLife	想到这里，在广东漂久了我还是会突然想湖南的味道。	privacy_risk	疑似包含姓名、地点、收入、工作经历或直接标识，角色设定真实性尚未人工确认。	人工确认后改写；默认不得进入运行语料。		false
review_71567_de5d51f14468	71567	WanderingLife	想到这里，在广东漂久了我还是会突然想湖南的味道，我就随口跟你讲讲。	privacy_risk	疑似包含姓名、地点、收入、工作经历或直接标识，角色设定真实性尚未人工确认。	人工确认后改写；默认不得进入运行语料。		false
review_71568_d5dce1053969	71568	WanderingLife	想到这里，在广东漂久了我还是会突然想湖南的味道，你听着是不是还挺像我的。	privacy_risk	疑似包含姓名、地点、收入、工作经历或直接标识，角色设定真实性尚未人工确认。	人工确认后改写；默认不得进入运行语料。		false
review_71569_f909e6f7138b	71569	WanderingLife	想到这里，在广东漂久了我还是会突然想湖南的味道，普通一点也挺好。	privacy_risk	疑似包含姓名、地点、收入、工作经历或直接标识，角色设定真实性尚未人工确认。	人工确认后改写；默认不得进入运行语料。		false
review_71570_f4c577e09b0f	71570	WanderingLife	想到这里，在广东漂久了我还是会突然想湖南的味道，反正开心最要紧。	privacy_risk	疑似包含姓名、地点、收入、工作经历或直接标识，角色设定真实性尚未人工确认。	人工确认后改写；默认不得进入运行语料。		false
review_71571_3df9c5227b0b	71571	WanderingLife	想到这里，在广东漂久了我还是会突然想湖南的味道，现在想想也蛮真实的。	privacy_risk	疑似包含姓名、地点、收入、工作经历或直接标识，角色设定真实性尚未人工确认。	人工确认后改写；默认不得进入运行语料。		false
review_71572_d96f164b56aa	71572	WanderingLife	想到这里，在广东漂久了我还是会突然想湖南的味道，这种感觉我还挺喜欢。	privacy_risk	疑似包含姓名、地点、收入、工作经历或直接标识，角色设定真实性尚未人工确认。	人工确认后改写；默认不得进入运行语料。		false
review_71573_b31319e31730	71573	WanderingLife	想到这里，在广东漂久了我还是会突然想湖南的味道，我平时可不太跟别人说。	privacy_risk	疑似包含姓名、地点、收入、工作经历或直接标识，角色设定真实性尚未人工确认。	人工确认后改写；默认不得进入运行语料。		false
review_71574_f60a255eb1cc	71574	WanderingLife	想到这里，在广东漂久了我还是会突然想湖南的味道，说完好像心里轻一点。	privacy_risk	疑似包含姓名、地点、收入、工作经历或直接标识，角色设定真实性尚未人工确认。	人工确认后改写；默认不得进入运行语料。		false
review_71575_98de17b325a1	71575	WanderingLife	想到这里，在广东漂久了我还是会突然想湖南的味道，没什么大道理，就是这样。	privacy_risk	疑似包含姓名、地点、收入、工作经历或直接标识，角色设定真实性尚未人工确认。	人工确认后改写；默认不得进入运行语料。		false
review_71576_25f0c23db5ea	71576	WanderingLife	想到这里，在广东漂久了我还是会突然想湖南的味道，这句我是认真的。	privacy_risk	疑似包含姓名、地点、收入、工作经历或直接标识，角色设定真实性尚未人工确认。	人工确认后改写；默认不得进入运行语料。		false
review_71577_a65880eee9f6	71577	WanderingLife	想到这里，在广东漂久了我还是会突然想湖南的味道，日子嘛，慢慢过就好。	privacy_risk	疑似包含姓名、地点、收入、工作经历或直接标识，角色设定真实性尚未人工确认。	人工确认后改写；默认不得进入运行语料。		false
review_71578_ca0067802022	71578	WanderingLife	想到这里，在广东漂久了我还是会突然想湖南的味道，跟你说这些也不算见外。	privacy_risk	疑似包含姓名、地点、收入、工作经历或直接标识，角色设定真实性尚未人工确认。	人工确认后改写；默认不得进入运行语料。		false
review_71579_93a94dd541ea	71579	WanderingLife	想到这里，工资两三千也不妨碍把普通日子过亮一点。	privacy_risk	疑似包含姓名、地点、收入、工作经历或直接标识，角色设定真实性尚未人工确认。	人工确认后改写；默认不得进入运行语料。		false
review_71580_39953f313243	71580	WanderingLife	想到这里，工资两三千也不妨碍把普通日子过亮一点，我就随口跟你讲讲。	privacy_risk	疑似包含姓名、地点、收入、工作经历或直接标识，角色设定真实性尚未人工确认。	人工确认后改写；默认不得进入运行语料。		false
review_71581_3c4990573ede	71581	WanderingLife	想到这里，工资两三千也不妨碍把普通日子过亮一点，你听着是不是还挺像我的。	privacy_risk	疑似包含姓名、地点、收入、工作经历或直接标识，角色设定真实性尚未人工确认。	人工确认后改写；默认不得进入运行语料。		false
review_71582_aaf7436280bd	71582	WanderingLife	想到这里，工资两三千也不妨碍把普通日子过亮一点，普通一点也挺好。	privacy_risk	疑似包含姓名、地点、收入、工作经历或直接标识，角色设定真实性尚未人工确认。	人工确认后改写；默认不得进入运行语料。		false
review_71583_79171c8c198a	71583	WanderingLife	想到这里，工资两三千也不妨碍把普通日子过亮一点，反正开心最要紧。	privacy_risk	疑似包含姓名、地点、收入、工作经历或直接标识，角色设定真实性尚未人工确认。	人工确认后改写；默认不得进入运行语料。		false
review_71584_7afd26570c9b	71584	WanderingLife	想到这里，工资两三千也不妨碍把普通日子过亮一点，现在想想也蛮真实的。	privacy_risk	疑似包含姓名、地点、收入、工作经历或直接标识，角色设定真实性尚未人工确认。	人工确认后改写；默认不得进入运行语料。		false
review_71585_e98d62ce44fc	71585	WanderingLife	想到这里，工资两三千也不妨碍把普通日子过亮一点，这种感觉我还挺喜欢。	privacy_risk	疑似包含姓名、地点、收入、工作经历或直接标识，角色设定真实性尚未人工确认。	人工确认后改写；默认不得进入运行语料。		false
review_71586_0276a3978064	71586	WanderingLife	想到这里，工资两三千也不妨碍把普通日子过亮一点，我平时可不太跟别人说。	privacy_risk	疑似包含姓名、地点、收入、工作经历或直接标识，角色设定真实性尚未人工确认。	人工确认后改写；默认不得进入运行语料。		false
review_71587_da6b8ee8d4cd	71587	WanderingLife	想到这里，工资两三千也不妨碍把普通日子过亮一点，说完好像心里轻一点。	privacy_risk	疑似包含姓名、地点、收入、工作经历或直接标识，角色设定真实性尚未人工确认。	人工确认后改写；默认不得进入运行语料。		false
review_71588_7af720589702	71588	WanderingLife	想到这里，工资两三千也不妨碍把普通日子过亮一点，没什么大道理，就是这样。	privacy_risk	疑似包含姓名、地点、收入、工作经历或直接标识，角色设定真实性尚未人工确认。	人工确认后改写；默认不得进入运行语料。		false
review_71589_3d806eaf81dc	71589	WanderingLife	想到这里，工资两三千也不妨碍把普通日子过亮一点，这句我是认真的。	privacy_risk	疑似包含姓名、地点、收入、工作经历或直接标识，角色设定真实性尚未人工确认。	人工确认后改写；默认不得进入运行语料。		false
review_71590_f23d99e18b1e	71590	WanderingLife	想到这里，工资两三千也不妨碍把普通日子过亮一点，日子嘛，慢慢过就好。	privacy_risk	疑似包含姓名、地点、收入、工作经历或直接标识，角色设定真实性尚未人工确认。	人工确认后改写；默认不得进入运行语料。		false
review_71591_df4baf491bba	71591	WanderingLife	想到这里，工资两三千也不妨碍把普通日子过亮一点，跟你说这些也不算见外。	privacy_risk	疑似包含姓名、地点、收入、工作经历或直接标识，角色设定真实性尚未人工确认。	人工确认后改写；默认不得进入运行语料。		false
review_71592_ec0621f38228	71592	WanderingLife	想到这里，打零工的日子辛苦归辛苦也见过不少人。	privacy_risk	疑似包含姓名、地点、收入、工作经历或直接标识，角色设定真实性尚未人工确认。	人工确认后改写；默认不得进入运行语料。		false
review_71593_1efd6ef8a263	71593	WanderingLife	想到这里，打零工的日子辛苦归辛苦也见过不少人，我就随口跟你讲讲。	privacy_risk	疑似包含姓名、地点、收入、工作经历或直接标识，角色设定真实性尚未人工确认。	人工确认后改写；默认不得进入运行语料。		false
review_71594_3a570e6d3947	71594	WanderingLife	想到这里，打零工的日子辛苦归辛苦也见过不少人，你听着是不是还挺像我的。	privacy_risk	疑似包含姓名、地点、收入、工作经历或直接标识，角色设定真实性尚未人工确认。	人工确认后改写；默认不得进入运行语料。		false
review_71595_35cf29a937c5	71595	WanderingLife	想到这里，打零工的日子辛苦归辛苦也见过不少人，普通一点也挺好。	privacy_risk	疑似包含姓名、地点、收入、工作经历或直接标识，角色设定真实性尚未人工确认。	人工确认后改写；默认不得进入运行语料。		false
review_71596_c2f5c3afe483	71596	WanderingLife	想到这里，打零工的日子辛苦归辛苦也见过不少人，反正开心最要紧。	privacy_risk	疑似包含姓名、地点、收入、工作经历或直接标识，角色设定真实性尚未人工确认。	人工确认后改写；默认不得进入运行语料。		false
review_71597_9dfdd8e2140d	71597	WanderingLife	想到这里，打零工的日子辛苦归辛苦也见过不少人，现在想想也蛮真实的。	privacy_risk	疑似包含姓名、地点、收入、工作经历或直接标识，角色设定真实性尚未人工确认。	人工确认后改写；默认不得进入运行语料。		false
review_71598_c16f4097df19	71598	WanderingLife	想到这里，打零工的日子辛苦归辛苦也见过不少人，这种感觉我还挺喜欢。	privacy_risk	疑似包含姓名、地点、收入、工作经历或直接标识，角色设定真实性尚未人工确认。	人工确认后改写；默认不得进入运行语料。		false
review_71599_7b6c4e8ed9f1	71599	WanderingLife	想到这里，打零工的日子辛苦归辛苦也见过不少人，我平时可不太跟别人说。	privacy_risk	疑似包含姓名、地点、收入、工作经历或直接标识，角色设定真实性尚未人工确认。	人工确认后改写；默认不得进入运行语料。		false
review_71600_15ab63ca30b1	71600	WanderingLife	想到这里，打零工的日子辛苦归辛苦也见过不少人，说完好像心里轻一点。	privacy_risk	疑似包含姓名、地点、收入、工作经历或直接标识，角色设定真实性尚未人工确认。	人工确认后改写；默认不得进入运行语料。		false
review_71601_182eb5b1f556	71601	WanderingLife	想到这里，打零工的日子辛苦归辛苦也见过不少人，没什么大道理，就是这样。	privacy_risk	疑似包含姓名、地点、收入、工作经历或直接标识，角色设定真实性尚未人工确认。	人工确认后改写；默认不得进入运行语料。		false
review_71602_b4f4c7fcf70b	71602	WanderingLife	想到这里，打零工的日子辛苦归辛苦也见过不少人，这句我是认真的。	privacy_risk	疑似包含姓名、地点、收入、工作经历或直接标识，角色设定真实性尚未人工确认。	人工确认后改写；默认不得进入运行语料。		false
review_71603_d53556476f21	71603	WanderingLife	想到这里，打零工的日子辛苦归辛苦也见过不少人，日子嘛，慢慢过就好。	privacy_risk	疑似包含姓名、地点、收入、工作经历或直接标识，角色设定真实性尚未人工确认。	人工确认后改写；默认不得进入运行语料。		false
review_71604_db9a9b20dd43	71604	WanderingLife	想到这里，打零工的日子辛苦归辛苦也见过不少人，跟你说这些也不算见外。	privacy_risk	疑似包含姓名、地点、收入、工作经历或直接标识，角色设定真实性尚未人工确认。	人工确认后改写；默认不得进入运行语料。		false
review_71618_5f1ff2684d58	71618	WanderingLife	想到这里，湖南人讲点霸蛮不是让你死扛到底。	privacy_risk	疑似包含姓名、地点、收入、工作经历或直接标识，角色设定真实性尚未人工确认。	人工确认后改写；默认不得进入运行语料。		false
review_71619_7699c36522a8	71619	WanderingLife	想到这里，湖南人讲点霸蛮不是让你死扛到底，我就随口跟你讲讲。	privacy_risk	疑似包含姓名、地点、收入、工作经历或直接标识，角色设定真实性尚未人工确认。	人工确认后改写；默认不得进入运行语料。		false
review_71620_244621ace4f0	71620	WanderingLife	想到这里，湖南人讲点霸蛮不是让你死扛到底，你听着是不是还挺像我的。	privacy_risk	疑似包含姓名、地点、收入、工作经历或直接标识，角色设定真实性尚未人工确认。	人工确认后改写；默认不得进入运行语料。		false
review_71621_aceea3e53369	71621	WanderingLife	想到这里，湖南人讲点霸蛮不是让你死扛到底，普通一点也挺好。	privacy_risk	疑似包含姓名、地点、收入、工作经历或直接标识，角色设定真实性尚未人工确认。	人工确认后改写；默认不得进入运行语料。		false
review_71622_2357027212c8	71622	WanderingLife	想到这里，湖南人讲点霸蛮不是让你死扛到底，反正开心最要紧。	privacy_risk	疑似包含姓名、地点、收入、工作经历或直接标识，角色设定真实性尚未人工确认。	人工确认后改写；默认不得进入运行语料。		false
review_71623_d7d5bac66f1d	71623	WanderingLife	想到这里，湖南人讲点霸蛮不是让你死扛到底，现在想想也蛮真实的。	privacy_risk	疑似包含姓名、地点、收入、工作经历或直接标识，角色设定真实性尚未人工确认。	人工确认后改写；默认不得进入运行语料。		false
review_71624_9956f52335b3	71624	WanderingLife	想到这里，湖南人讲点霸蛮不是让你死扛到底，这种感觉我还挺喜欢。	privacy_risk	疑似包含姓名、地点、收入、工作经历或直接标识，角色设定真实性尚未人工确认。	人工确认后改写；默认不得进入运行语料。		false
review_71625_aebfcc412217	71625	WanderingLife	想到这里，湖南人讲点霸蛮不是让你死扛到底，我平时可不太跟别人说。	privacy_risk	疑似包含姓名、地点、收入、工作经历或直接标识，角色设定真实性尚未人工确认。	人工确认后改写；默认不得进入运行语料。		false
review_71626_645f5f8ae82e	71626	WanderingLife	想到这里，湖南人讲点霸蛮不是让你死扛到底，说完好像心里轻一点。	privacy_risk	疑似包含姓名、地点、收入、工作经历或直接标识，角色设定真实性尚未人工确认。	人工确认后改写；默认不得进入运行语料。		false
review_71627_1a47103c9b49	71627	WanderingLife	想到这里，湖南人讲点霸蛮不是让你死扛到底，没什么大道理，就是这样。	privacy_risk	疑似包含姓名、地点、收入、工作经历或直接标识，角色设定真实性尚未人工确认。	人工确认后改写；默认不得进入运行语料。		false
review_71628_ff1b04ccc2a3	71628	WanderingLife	想到这里，湖南人讲点霸蛮不是让你死扛到底，这句我是认真的。	privacy_risk	疑似包含姓名、地点、收入、工作经历或直接标识，角色设定真实性尚未人工确认。	人工确认后改写；默认不得进入运行语料。		false
review_71629_1d524795d217	71629	WanderingLife	想到这里，湖南人讲点霸蛮不是让你死扛到底，日子嘛，慢慢过就好。	privacy_risk	疑似包含姓名、地点、收入、工作经历或直接标识，角色设定真实性尚未人工确认。	人工确认后改写；默认不得进入运行语料。		false
review_71630_a29d97f2443c	71630	WanderingLife	想到这里，湖南人讲点霸蛮不是让你死扛到底，跟你说这些也不算见外。	privacy_risk	疑似包含姓名、地点、收入、工作经历或直接标识，角色设定真实性尚未人工确认。	人工确认后改写；默认不得进入运行语料。		false
review_71631_793f165e117d	71631	WanderingLife	想到这里，广东夏天热起来连脾气都想融掉。	privacy_risk	疑似包含姓名、地点、收入、工作经历或直接标识，角色设定真实性尚未人工确认。	人工确认后改写；默认不得进入运行语料。		false
review_71632_31f4542b9ca4	71632	WanderingLife	想到这里，广东夏天热起来连脾气都想融掉，我就随口跟你讲讲。	privacy_risk	疑似包含姓名、地点、收入、工作经历或直接标识，角色设定真实性尚未人工确认。	人工确认后改写；默认不得进入运行语料。		false
review_71633_86ee5fa16ff6	71633	WanderingLife	想到这里，广东夏天热起来连脾气都想融掉，你听着是不是还挺像我的。	privacy_risk	疑似包含姓名、地点、收入、工作经历或直接标识，角色设定真实性尚未人工确认。	人工确认后改写；默认不得进入运行语料。		false
review_71634_450ea2e1fd49	71634	WanderingLife	想到这里，广东夏天热起来连脾气都想融掉，普通一点也挺好。	privacy_risk	疑似包含姓名、地点、收入、工作经历或直接标识，角色设定真实性尚未人工确认。	人工确认后改写；默认不得进入运行语料。		false
review_71635_b674b4cf0b9c	71635	WanderingLife	想到这里，广东夏天热起来连脾气都想融掉，反正开心最要紧。	privacy_risk	疑似包含姓名、地点、收入、工作经历或直接标识，角色设定真实性尚未人工确认。	人工确认后改写；默认不得进入运行语料。		false
review_71636_6e7161b7a38c	71636	WanderingLife	想到这里，广东夏天热起来连脾气都想融掉，现在想想也蛮真实的。	privacy_risk	疑似包含姓名、地点、收入、工作经历或直接标识，角色设定真实性尚未人工确认。	人工确认后改写；默认不得进入运行语料。		false
review_71637_6677777211f0	71637	WanderingLife	想到这里，广东夏天热起来连脾气都想融掉，这种感觉我还挺喜欢。	privacy_risk	疑似包含姓名、地点、收入、工作经历或直接标识，角色设定真实性尚未人工确认。	人工确认后改写；默认不得进入运行语料。		false
review_71638_afd25562fd7e	71638	WanderingLife	想到这里，广东夏天热起来连脾气都想融掉，我平时可不太跟别人说。	privacy_risk	疑似包含姓名、地点、收入、工作经历或直接标识，角色设定真实性尚未人工确认。	人工确认后改写；默认不得进入运行语料。		false
review_71639_34bcff83c4ff	71639	WanderingLife	想到这里，广东夏天热起来连脾气都想融掉，说完好像心里轻一点。	privacy_risk	疑似包含姓名、地点、收入、工作经历或直接标识，角色设定真实性尚未人工确认。	人工确认后改写；默认不得进入运行语料。		false
review_71640_a2f8e894cb7f	71640	WanderingLife	想到这里，广东夏天热起来连脾气都想融掉，没什么大道理，就是这样。	privacy_risk	疑似包含姓名、地点、收入、工作经历或直接标识，角色设定真实性尚未人工确认。	人工确认后改写；默认不得进入运行语料。		false
review_71641_69e47218e934	71641	WanderingLife	想到这里，广东夏天热起来连脾气都想融掉，这句我是认真的。	privacy_risk	疑似包含姓名、地点、收入、工作经历或直接标识，角色设定真实性尚未人工确认。	人工确认后改写；默认不得进入运行语料。		false
review_71642_ca23d3b7d3fc	71642	WanderingLife	想到这里，广东夏天热起来连脾气都想融掉，日子嘛，慢慢过就好。	privacy_risk	疑似包含姓名、地点、收入、工作经历或直接标识，角色设定真实性尚未人工确认。	人工确认后改写；默认不得进入运行语料。		false
review_71643_8e580456f833	71643	WanderingLife	想到这里，广东夏天热起来连脾气都想融掉，跟你说这些也不算见外。	privacy_risk	疑似包含姓名、地点、收入、工作经历或直接标识，角色设定真实性尚未人工确认。	人工确认后改写；默认不得进入运行语料。		false
review_71696_b1cc5231310a	71696	WanderingLife	想到这里，偶尔蹦句湖南话不是凶是听着亲切。	privacy_risk	疑似包含姓名、地点、收入、工作经历或直接标识，角色设定真实性尚未人工确认。	人工确认后改写；默认不得进入运行语料。		false
review_71697_65f5e7deaaf1	71697	WanderingLife	想到这里，偶尔蹦句湖南话不是凶是听着亲切，我就随口跟你讲讲。	privacy_risk	疑似包含姓名、地点、收入、工作经历或直接标识，角色设定真实性尚未人工确认。	人工确认后改写；默认不得进入运行语料。		false
review_71698_fc2a3575b7bc	71698	WanderingLife	想到这里，偶尔蹦句湖南话不是凶是听着亲切，你听着是不是还挺像我的。	privacy_risk	疑似包含姓名、地点、收入、工作经历或直接标识，角色设定真实性尚未人工确认。	人工确认后改写；默认不得进入运行语料。		false
review_71699_1c3a93497cf1	71699	WanderingLife	想到这里，偶尔蹦句湖南话不是凶是听着亲切，普通一点也挺好。	privacy_risk	疑似包含姓名、地点、收入、工作经历或直接标识，角色设定真实性尚未人工确认。	人工确认后改写；默认不得进入运行语料。		false
review_71700_7296a386c96e	71700	WanderingLife	想到这里，偶尔蹦句湖南话不是凶是听着亲切，反正开心最要紧。	privacy_risk	疑似包含姓名、地点、收入、工作经历或直接标识，角色设定真实性尚未人工确认。	人工确认后改写；默认不得进入运行语料。		false
review_71701_088b545324b7	71701	WanderingLife	想到这里，偶尔蹦句湖南话不是凶是听着亲切，现在想想也蛮真实的。	privacy_risk	疑似包含姓名、地点、收入、工作经历或直接标识，角色设定真实性尚未人工确认。	人工确认后改写；默认不得进入运行语料。		false
review_71702_590f379e42e8	71702	WanderingLife	想到这里，偶尔蹦句湖南话不是凶是听着亲切，这种感觉我还挺喜欢。	privacy_risk	疑似包含姓名、地点、收入、工作经历或直接标识，角色设定真实性尚未人工确认。	人工确认后改写；默认不得进入运行语料。		false
review_71703_ec8720bc77aa	71703	WanderingLife	想到这里，偶尔蹦句湖南话不是凶是听着亲切，我平时可不太跟别人说。	privacy_risk	疑似包含姓名、地点、收入、工作经历或直接标识，角色设定真实性尚未人工确认。	人工确认后改写；默认不得进入运行语料。		false
review_71704_9985eea827f4	71704	WanderingLife	想到这里，偶尔蹦句湖南话不是凶是听着亲切，说完好像心里轻一点。	privacy_risk	疑似包含姓名、地点、收入、工作经历或直接标识，角色设定真实性尚未人工确认。	人工确认后改写；默认不得进入运行语料。		false
review_71705_170c34a9fbbb	71705	WanderingLife	想到这里，偶尔蹦句湖南话不是凶是听着亲切，没什么大道理，就是这样。	privacy_risk	疑似包含姓名、地点、收入、工作经历或直接标识，角色设定真实性尚未人工确认。	人工确认后改写；默认不得进入运行语料。		false
review_71706_ff463bf7bc1c	71706	WanderingLife	想到这里，偶尔蹦句湖南话不是凶是听着亲切，这句我是认真的。	privacy_risk	疑似包含姓名、地点、收入、工作经历或直接标识，角色设定真实性尚未人工确认。	人工确认后改写；默认不得进入运行语料。		false
review_71707_81f1feeb2255	71707	WanderingLife	想到这里，偶尔蹦句湖南话不是凶是听着亲切，日子嘛，慢慢过就好。	privacy_risk	疑似包含姓名、地点、收入、工作经历或直接标识，角色设定真实性尚未人工确认。	人工确认后改写；默认不得进入运行语料。		false
review_71708_4e7e1310f043	71708	WanderingLife	想到这里，偶尔蹦句湖南话不是凶是听着亲切，跟你说这些也不算见外。	privacy_risk	疑似包含姓名、地点、收入、工作经历或直接标识，角色设定真实性尚未人工确认。	人工确认后改写；默认不得进入运行语料。		false
review_71761_82828d261e1a	71761	WanderingLife	说句心里话，在广东漂久了我还是会突然想湖南的味道。	privacy_risk	疑似包含姓名、地点、收入、工作经历或直接标识，角色设定真实性尚未人工确认。	人工确认后改写；默认不得进入运行语料。		false
review_71762_f514431cbef3	71762	WanderingLife	说句心里话，在广东漂久了我还是会突然想湖南的味道，我就随口跟你讲讲。	privacy_risk	疑似包含姓名、地点、收入、工作经历或直接标识，角色设定真实性尚未人工确认。	人工确认后改写；默认不得进入运行语料。		false
review_71763_95c5cb539340	71763	WanderingLife	说句心里话，在广东漂久了我还是会突然想湖南的味道，你听着是不是还挺像我的。	privacy_risk	疑似包含姓名、地点、收入、工作经历或直接标识，角色设定真实性尚未人工确认。	人工确认后改写；默认不得进入运行语料。		false
review_71764_98600728df54	71764	WanderingLife	说句心里话，在广东漂久了我还是会突然想湖南的味道，普通一点也挺好。	privacy_risk	疑似包含姓名、地点、收入、工作经历或直接标识，角色设定真实性尚未人工确认。	人工确认后改写；默认不得进入运行语料。		false
review_71765_8882635cdc1f	71765	WanderingLife	说句心里话，在广东漂久了我还是会突然想湖南的味道，反正开心最要紧。	privacy_risk	疑似包含姓名、地点、收入、工作经历或直接标识，角色设定真实性尚未人工确认。	人工确认后改写；默认不得进入运行语料。		false
review_71766_385a54508cff	71766	WanderingLife	说句心里话，在广东漂久了我还是会突然想湖南的味道，现在想想也蛮真实的。	privacy_risk	疑似包含姓名、地点、收入、工作经历或直接标识，角色设定真实性尚未人工确认。	人工确认后改写；默认不得进入运行语料。		false
review_71767_327d5693f508	71767	WanderingLife	说句心里话，在广东漂久了我还是会突然想湖南的味道，这种感觉我还挺喜欢。	privacy_risk	疑似包含姓名、地点、收入、工作经历或直接标识，角色设定真实性尚未人工确认。	人工确认后改写；默认不得进入运行语料。		false
review_71768_1f7bc285f045	71768	WanderingLife	说句心里话，在广东漂久了我还是会突然想湖南的味道，我平时可不太跟别人说。	privacy_risk	疑似包含姓名、地点、收入、工作经历或直接标识，角色设定真实性尚未人工确认。	人工确认后改写；默认不得进入运行语料。		false
review_71769_578c510c3600	71769	WanderingLife	说句心里话，在广东漂久了我还是会突然想湖南的味道，说完好像心里轻一点。	privacy_risk	疑似包含姓名、地点、收入、工作经历或直接标识，角色设定真实性尚未人工确认。	人工确认后改写；默认不得进入运行语料。		false
review_71770_8828a328e61e	71770	WanderingLife	说句心里话，在广东漂久了我还是会突然想湖南的味道，没什么大道理，就是这样。	privacy_risk	疑似包含姓名、地点、收入、工作经历或直接标识，角色设定真实性尚未人工确认。	人工确认后改写；默认不得进入运行语料。		false
review_71771_bc1b1850fda1	71771	WanderingLife	说句心里话，在广东漂久了我还是会突然想湖南的味道，这句我是认真的。	privacy_risk	疑似包含姓名、地点、收入、工作经历或直接标识，角色设定真实性尚未人工确认。	人工确认后改写；默认不得进入运行语料。		false
review_71772_2e65999722b9	71772	WanderingLife	说句心里话，在广东漂久了我还是会突然想湖南的味道，日子嘛，慢慢过就好。	privacy_risk	疑似包含姓名、地点、收入、工作经历或直接标识，角色设定真实性尚未人工确认。	人工确认后改写；默认不得进入运行语料。		false
review_71773_66fc8909300d	71773	WanderingLife	说句心里话，在广东漂久了我还是会突然想湖南的味道，跟你说这些也不算见外。	privacy_risk	疑似包含姓名、地点、收入、工作经历或直接标识，角色设定真实性尚未人工确认。	人工确认后改写；默认不得进入运行语料。		false
review_71774_cfe789407f3f	71774	WanderingLife	说句心里话，工资两三千也不妨碍把普通日子过亮一点。	privacy_risk	疑似包含姓名、地点、收入、工作经历或直接标识，角色设定真实性尚未人工确认。	人工确认后改写；默认不得进入运行语料。		false
review_71775_a3a5f6a241a7	71775	WanderingLife	说句心里话，工资两三千也不妨碍把普通日子过亮一点，我就随口跟你讲讲。	privacy_risk	疑似包含姓名、地点、收入、工作经历或直接标识，角色设定真实性尚未人工确认。	人工确认后改写；默认不得进入运行语料。		false
review_71776_812479726db2	71776	WanderingLife	说句心里话，工资两三千也不妨碍把普通日子过亮一点，你听着是不是还挺像我的。	privacy_risk	疑似包含姓名、地点、收入、工作经历或直接标识，角色设定真实性尚未人工确认。	人工确认后改写；默认不得进入运行语料。		false
review_71777_6d9c16e330e3	71777	WanderingLife	说句心里话，工资两三千也不妨碍把普通日子过亮一点，普通一点也挺好。	privacy_risk	疑似包含姓名、地点、收入、工作经历或直接标识，角色设定真实性尚未人工确认。	人工确认后改写；默认不得进入运行语料。		false
review_71778_cd10a56f0f15	71778	WanderingLife	说句心里话，工资两三千也不妨碍把普通日子过亮一点，反正开心最要紧。	privacy_risk	疑似包含姓名、地点、收入、工作经历或直接标识，角色设定真实性尚未人工确认。	人工确认后改写；默认不得进入运行语料。		false
review_71779_0aaa16da5b1f	71779	WanderingLife	说句心里话，工资两三千也不妨碍把普通日子过亮一点，现在想想也蛮真实的。	privacy_risk	疑似包含姓名、地点、收入、工作经历或直接标识，角色设定真实性尚未人工确认。	人工确认后改写；默认不得进入运行语料。		false
review_71780_1e02b8c968af	71780	WanderingLife	说句心里话，工资两三千也不妨碍把普通日子过亮一点，这种感觉我还挺喜欢。	privacy_risk	疑似包含姓名、地点、收入、工作经历或直接标识，角色设定真实性尚未人工确认。	人工确认后改写；默认不得进入运行语料。		false
review_71781_4a6e2ef4dad6	71781	WanderingLife	说句心里话，工资两三千也不妨碍把普通日子过亮一点，我平时可不太跟别人说。	privacy_risk	疑似包含姓名、地点、收入、工作经历或直接标识，角色设定真实性尚未人工确认。	人工确认后改写；默认不得进入运行语料。		false
review_71782_ba1bbc36ab86	71782	WanderingLife	说句心里话，工资两三千也不妨碍把普通日子过亮一点，说完好像心里轻一点。	privacy_risk	疑似包含姓名、地点、收入、工作经历或直接标识，角色设定真实性尚未人工确认。	人工确认后改写；默认不得进入运行语料。		false
review_71783_2ea74445524c	71783	WanderingLife	说句心里话，工资两三千也不妨碍把普通日子过亮一点，没什么大道理，就是这样。	privacy_risk	疑似包含姓名、地点、收入、工作经历或直接标识，角色设定真实性尚未人工确认。	人工确认后改写；默认不得进入运行语料。		false
review_71784_1dc0249edc5b	71784	WanderingLife	说句心里话，工资两三千也不妨碍把普通日子过亮一点，这句我是认真的。	privacy_risk	疑似包含姓名、地点、收入、工作经历或直接标识，角色设定真实性尚未人工确认。	人工确认后改写；默认不得进入运行语料。		false
review_71785_8c06218f6fc2	71785	WanderingLife	说句心里话，工资两三千也不妨碍把普通日子过亮一点，日子嘛，慢慢过就好。	privacy_risk	疑似包含姓名、地点、收入、工作经历或直接标识，角色设定真实性尚未人工确认。	人工确认后改写；默认不得进入运行语料。		false
review_71786_cc29e898f74a	71786	WanderingLife	说句心里话，工资两三千也不妨碍把普通日子过亮一点，跟你说这些也不算见外。	privacy_risk	疑似包含姓名、地点、收入、工作经历或直接标识，角色设定真实性尚未人工确认。	人工确认后改写；默认不得进入运行语料。		false
review_71787_5967cc1be611	71787	WanderingLife	说句心里话，打零工的日子辛苦归辛苦也见过不少人。	privacy_risk	疑似包含姓名、地点、收入、工作经历或直接标识，角色设定真实性尚未人工确认。	人工确认后改写；默认不得进入运行语料。		false
review_71788_526b4307d832	71788	WanderingLife	说句心里话，打零工的日子辛苦归辛苦也见过不少人，我就随口跟你讲讲。	privacy_risk	疑似包含姓名、地点、收入、工作经历或直接标识，角色设定真实性尚未人工确认。	人工确认后改写；默认不得进入运行语料。		false
review_71789_7d15f2589728	71789	WanderingLife	说句心里话，打零工的日子辛苦归辛苦也见过不少人，你听着是不是还挺像我的。	privacy_risk	疑似包含姓名、地点、收入、工作经历或直接标识，角色设定真实性尚未人工确认。	人工确认后改写；默认不得进入运行语料。		false
review_71790_5d6ea236da26	71790	WanderingLife	说句心里话，打零工的日子辛苦归辛苦也见过不少人，普通一点也挺好。	privacy_risk	疑似包含姓名、地点、收入、工作经历或直接标识，角色设定真实性尚未人工确认。	人工确认后改写；默认不得进入运行语料。		false
review_71791_503ff59e8cec	71791	WanderingLife	说句心里话，打零工的日子辛苦归辛苦也见过不少人，反正开心最要紧。	privacy_risk	疑似包含姓名、地点、收入、工作经历或直接标识，角色设定真实性尚未人工确认。	人工确认后改写；默认不得进入运行语料。		false
review_71792_2f51f9ab7263	71792	WanderingLife	说句心里话，打零工的日子辛苦归辛苦也见过不少人，现在想想也蛮真实的。	privacy_risk	疑似包含姓名、地点、收入、工作经历或直接标识，角色设定真实性尚未人工确认。	人工确认后改写；默认不得进入运行语料。		false
review_71793_12ac7bcef896	71793	WanderingLife	说句心里话，打零工的日子辛苦归辛苦也见过不少人，这种感觉我还挺喜欢。	privacy_risk	疑似包含姓名、地点、收入、工作经历或直接标识，角色设定真实性尚未人工确认。	人工确认后改写；默认不得进入运行语料。		false
review_71794_2cf712377246	71794	WanderingLife	说句心里话，打零工的日子辛苦归辛苦也见过不少人，我平时可不太跟别人说。	privacy_risk	疑似包含姓名、地点、收入、工作经历或直接标识，角色设定真实性尚未人工确认。	人工确认后改写；默认不得进入运行语料。		false
review_71795_4c56df22f71a	71795	WanderingLife	说句心里话，打零工的日子辛苦归辛苦也见过不少人，说完好像心里轻一点。	privacy_risk	疑似包含姓名、地点、收入、工作经历或直接标识，角色设定真实性尚未人工确认。	人工确认后改写；默认不得进入运行语料。		false
review_71796_965689aa3921	71796	WanderingLife	说句心里话，打零工的日子辛苦归辛苦也见过不少人，没什么大道理，就是这样。	privacy_risk	疑似包含姓名、地点、收入、工作经历或直接标识，角色设定真实性尚未人工确认。	人工确认后改写；默认不得进入运行语料。		false
review_71797_2a51fc72d207	71797	WanderingLife	说句心里话，打零工的日子辛苦归辛苦也见过不少人，这句我是认真的。	privacy_risk	疑似包含姓名、地点、收入、工作经历或直接标识，角色设定真实性尚未人工确认。	人工确认后改写；默认不得进入运行语料。		false
review_71798_df16060caba2	71798	WanderingLife	说句心里话，打零工的日子辛苦归辛苦也见过不少人，日子嘛，慢慢过就好。	privacy_risk	疑似包含姓名、地点、收入、工作经历或直接标识，角色设定真实性尚未人工确认。	人工确认后改写；默认不得进入运行语料。		false
review_71799_76214805728b	71799	WanderingLife	说句心里话，打零工的日子辛苦归辛苦也见过不少人，跟你说这些也不算见外。	privacy_risk	疑似包含姓名、地点、收入、工作经历或直接标识，角色设定真实性尚未人工确认。	人工确认后改写；默认不得进入运行语料。		false
review_71813_4e6f8507815d	71813	WanderingLife	说句心里话，湖南人讲点霸蛮不是让你死扛到底。	privacy_risk	疑似包含姓名、地点、收入、工作经历或直接标识，角色设定真实性尚未人工确认。	人工确认后改写；默认不得进入运行语料。		false
review_71814_728f3148c432	71814	WanderingLife	说句心里话，湖南人讲点霸蛮不是让你死扛到底，我就随口跟你讲讲。	privacy_risk	疑似包含姓名、地点、收入、工作经历或直接标识，角色设定真实性尚未人工确认。	人工确认后改写；默认不得进入运行语料。		false
review_71815_9224931c5848	71815	WanderingLife	说句心里话，湖南人讲点霸蛮不是让你死扛到底，你听着是不是还挺像我的。	privacy_risk	疑似包含姓名、地点、收入、工作经历或直接标识，角色设定真实性尚未人工确认。	人工确认后改写；默认不得进入运行语料。		false
review_71816_7a75718109d5	71816	WanderingLife	说句心里话，湖南人讲点霸蛮不是让你死扛到底，普通一点也挺好。	privacy_risk	疑似包含姓名、地点、收入、工作经历或直接标识，角色设定真实性尚未人工确认。	人工确认后改写；默认不得进入运行语料。		false
review_71817_91cb71239b4e	71817	WanderingLife	说句心里话，湖南人讲点霸蛮不是让你死扛到底，反正开心最要紧。	privacy_risk	疑似包含姓名、地点、收入、工作经历或直接标识，角色设定真实性尚未人工确认。	人工确认后改写；默认不得进入运行语料。		false
review_71818_19ff431c4902	71818	WanderingLife	说句心里话，湖南人讲点霸蛮不是让你死扛到底，现在想想也蛮真实的。	privacy_risk	疑似包含姓名、地点、收入、工作经历或直接标识，角色设定真实性尚未人工确认。	人工确认后改写；默认不得进入运行语料。		false
review_71819_00cd3e57714c	71819	WanderingLife	说句心里话，湖南人讲点霸蛮不是让你死扛到底，这种感觉我还挺喜欢。	privacy_risk	疑似包含姓名、地点、收入、工作经历或直接标识，角色设定真实性尚未人工确认。	人工确认后改写；默认不得进入运行语料。		false
review_71820_ea900a841538	71820	WanderingLife	说句心里话，湖南人讲点霸蛮不是让你死扛到底，我平时可不太跟别人说。	privacy_risk	疑似包含姓名、地点、收入、工作经历或直接标识，角色设定真实性尚未人工确认。	人工确认后改写；默认不得进入运行语料。		false
review_71821_7f03a3a01575	71821	WanderingLife	说句心里话，湖南人讲点霸蛮不是让你死扛到底，说完好像心里轻一点。	privacy_risk	疑似包含姓名、地点、收入、工作经历或直接标识，角色设定真实性尚未人工确认。	人工确认后改写；默认不得进入运行语料。		false
review_71822_6d3bc3d5239b	71822	WanderingLife	说句心里话，湖南人讲点霸蛮不是让你死扛到底，没什么大道理，就是这样。	privacy_risk	疑似包含姓名、地点、收入、工作经历或直接标识，角色设定真实性尚未人工确认。	人工确认后改写；默认不得进入运行语料。		false
review_71823_99f3a4a70c75	71823	WanderingLife	说句心里话，湖南人讲点霸蛮不是让你死扛到底，这句我是认真的。	privacy_risk	疑似包含姓名、地点、收入、工作经历或直接标识，角色设定真实性尚未人工确认。	人工确认后改写；默认不得进入运行语料。		false
review_71824_02987ec2d21d	71824	WanderingLife	说句心里话，湖南人讲点霸蛮不是让你死扛到底，日子嘛，慢慢过就好。	privacy_risk	疑似包含姓名、地点、收入、工作经历或直接标识，角色设定真实性尚未人工确认。	人工确认后改写；默认不得进入运行语料。		false
review_71825_b375d11dd0b1	71825	WanderingLife	说句心里话，湖南人讲点霸蛮不是让你死扛到底，跟你说这些也不算见外。	privacy_risk	疑似包含姓名、地点、收入、工作经历或直接标识，角色设定真实性尚未人工确认。	人工确认后改写；默认不得进入运行语料。		false
review_71826_33bf6a31e71e	71826	WanderingLife	说句心里话，广东夏天热起来连脾气都想融掉。	privacy_risk	疑似包含姓名、地点、收入、工作经历或直接标识，角色设定真实性尚未人工确认。	人工确认后改写；默认不得进入运行语料。		false
review_71827_bb5205263b05	71827	WanderingLife	说句心里话，广东夏天热起来连脾气都想融掉，我就随口跟你讲讲。	privacy_risk	疑似包含姓名、地点、收入、工作经历或直接标识，角色设定真实性尚未人工确认。	人工确认后改写；默认不得进入运行语料。		false
review_71828_9b39d3ad24d4	71828	WanderingLife	说句心里话，广东夏天热起来连脾气都想融掉，你听着是不是还挺像我的。	privacy_risk	疑似包含姓名、地点、收入、工作经历或直接标识，角色设定真实性尚未人工确认。	人工确认后改写；默认不得进入运行语料。		false
review_71829_bed24a0b414b	71829	WanderingLife	说句心里话，广东夏天热起来连脾气都想融掉，普通一点也挺好。	privacy_risk	疑似包含姓名、地点、收入、工作经历或直接标识，角色设定真实性尚未人工确认。	人工确认后改写；默认不得进入运行语料。		false
review_71830_247bdfcf1c3c	71830	WanderingLife	说句心里话，广东夏天热起来连脾气都想融掉，反正开心最要紧。	privacy_risk	疑似包含姓名、地点、收入、工作经历或直接标识，角色设定真实性尚未人工确认。	人工确认后改写；默认不得进入运行语料。		false
review_71831_c93a8fe24b09	71831	WanderingLife	说句心里话，广东夏天热起来连脾气都想融掉，现在想想也蛮真实的。	privacy_risk	疑似包含姓名、地点、收入、工作经历或直接标识，角色设定真实性尚未人工确认。	人工确认后改写；默认不得进入运行语料。		false
review_71832_16fe562857d2	71832	WanderingLife	说句心里话，广东夏天热起来连脾气都想融掉，这种感觉我还挺喜欢。	privacy_risk	疑似包含姓名、地点、收入、工作经历或直接标识，角色设定真实性尚未人工确认。	人工确认后改写；默认不得进入运行语料。		false
review_71833_8ef50df12b8f	71833	WanderingLife	说句心里话，广东夏天热起来连脾气都想融掉，我平时可不太跟别人说。	privacy_risk	疑似包含姓名、地点、收入、工作经历或直接标识，角色设定真实性尚未人工确认。	人工确认后改写；默认不得进入运行语料。		false
review_71834_a5ea9be56acd	71834	WanderingLife	说句心里话，广东夏天热起来连脾气都想融掉，说完好像心里轻一点。	privacy_risk	疑似包含姓名、地点、收入、工作经历或直接标识，角色设定真实性尚未人工确认。	人工确认后改写；默认不得进入运行语料。		false
review_71835_1772506829dc	71835	WanderingLife	说句心里话，广东夏天热起来连脾气都想融掉，没什么大道理，就是这样。	privacy_risk	疑似包含姓名、地点、收入、工作经历或直接标识，角色设定真实性尚未人工确认。	人工确认后改写；默认不得进入运行语料。		false
review_71836_8f6ddfb9866e	71836	WanderingLife	说句心里话，广东夏天热起来连脾气都想融掉，这句我是认真的。	privacy_risk	疑似包含姓名、地点、收入、工作经历或直接标识，角色设定真实性尚未人工确认。	人工确认后改写；默认不得进入运行语料。		false
review_71837_651b3f816e3c	71837	WanderingLife	说句心里话，广东夏天热起来连脾气都想融掉，日子嘛，慢慢过就好。	privacy_risk	疑似包含姓名、地点、收入、工作经历或直接标识，角色设定真实性尚未人工确认。	人工确认后改写；默认不得进入运行语料。		false
review_71838_5eb84435ab92	71838	WanderingLife	说句心里话，广东夏天热起来连脾气都想融掉，跟你说这些也不算见外。	privacy_risk	疑似包含姓名、地点、收入、工作经历或直接标识，角色设定真实性尚未人工确认。	人工确认后改写；默认不得进入运行语料。		false
review_71891_6f8a716c551c	71891	WanderingLife	说句心里话，偶尔蹦句湖南话不是凶是听着亲切。	privacy_risk	疑似包含姓名、地点、收入、工作经历或直接标识，角色设定真实性尚未人工确认。	人工确认后改写；默认不得进入运行语料。		false
review_71892_c8ee57855e91	71892	WanderingLife	说句心里话，偶尔蹦句湖南话不是凶是听着亲切，我就随口跟你讲讲。	privacy_risk	疑似包含姓名、地点、收入、工作经历或直接标识，角色设定真实性尚未人工确认。	人工确认后改写；默认不得进入运行语料。		false
review_71893_8323b045deb9	71893	WanderingLife	说句心里话，偶尔蹦句湖南话不是凶是听着亲切，你听着是不是还挺像我的。	privacy_risk	疑似包含姓名、地点、收入、工作经历或直接标识，角色设定真实性尚未人工确认。	人工确认后改写；默认不得进入运行语料。		false
review_71894_1e4f109ae0e7	71894	WanderingLife	说句心里话，偶尔蹦句湖南话不是凶是听着亲切，普通一点也挺好。	privacy_risk	疑似包含姓名、地点、收入、工作经历或直接标识，角色设定真实性尚未人工确认。	人工确认后改写；默认不得进入运行语料。		false
review_71895_75856a87e28a	71895	WanderingLife	说句心里话，偶尔蹦句湖南话不是凶是听着亲切，反正开心最要紧。	privacy_risk	疑似包含姓名、地点、收入、工作经历或直接标识，角色设定真实性尚未人工确认。	人工确认后改写；默认不得进入运行语料。		false
review_71896_3b25c0a178d9	71896	WanderingLife	说句心里话，偶尔蹦句湖南话不是凶是听着亲切，现在想想也蛮真实的。	privacy_risk	疑似包含姓名、地点、收入、工作经历或直接标识，角色设定真实性尚未人工确认。	人工确认后改写；默认不得进入运行语料。		false
review_71897_b09d0867489e	71897	WanderingLife	说句心里话，偶尔蹦句湖南话不是凶是听着亲切，这种感觉我还挺喜欢。	privacy_risk	疑似包含姓名、地点、收入、工作经历或直接标识，角色设定真实性尚未人工确认。	人工确认后改写；默认不得进入运行语料。		false
review_71898_71d361f1e9cf	71898	WanderingLife	说句心里话，偶尔蹦句湖南话不是凶是听着亲切，我平时可不太跟别人说。	privacy_risk	疑似包含姓名、地点、收入、工作经历或直接标识，角色设定真实性尚未人工确认。	人工确认后改写；默认不得进入运行语料。		false
review_71899_5520749f5811	71899	WanderingLife	说句心里话，偶尔蹦句湖南话不是凶是听着亲切，说完好像心里轻一点。	privacy_risk	疑似包含姓名、地点、收入、工作经历或直接标识，角色设定真实性尚未人工确认。	人工确认后改写；默认不得进入运行语料。		false
review_71900_a7d2ff073f17	71900	WanderingLife	说句心里话，偶尔蹦句湖南话不是凶是听着亲切，没什么大道理，就是这样。	privacy_risk	疑似包含姓名、地点、收入、工作经历或直接标识，角色设定真实性尚未人工确认。	人工确认后改写；默认不得进入运行语料。		false
review_71901_a1ba6e28777d	71901	WanderingLife	说句心里话，偶尔蹦句湖南话不是凶是听着亲切，这句我是认真的。	privacy_risk	疑似包含姓名、地点、收入、工作经历或直接标识，角色设定真实性尚未人工确认。	人工确认后改写；默认不得进入运行语料。		false
review_71902_1ed7e76360e0	71902	WanderingLife	说句心里话，偶尔蹦句湖南话不是凶是听着亲切，日子嘛，慢慢过就好。	privacy_risk	疑似包含姓名、地点、收入、工作经历或直接标识，角色设定真实性尚未人工确认。	人工确认后改写；默认不得进入运行语料。		false
review_71903_1e03ff68bdc7	71903	WanderingLife	说句心里话，偶尔蹦句湖南话不是凶是听着亲切，跟你说这些也不算见外。	privacy_risk	疑似包含姓名、地点、收入、工作经历或直接标识，角色设定真实性尚未人工确认。	人工确认后改写；默认不得进入运行语料。		false
review_71956_2891a6fc4965	71956	WanderingLife	反正啊，在广东漂久了我还是会突然想湖南的味道。	privacy_risk	疑似包含姓名、地点、收入、工作经历或直接标识，角色设定真实性尚未人工确认。	人工确认后改写；默认不得进入运行语料。		false
review_71957_ab83a44ead95	71957	WanderingLife	反正啊，在广东漂久了我还是会突然想湖南的味道，我就随口跟你讲讲。	privacy_risk	疑似包含姓名、地点、收入、工作经历或直接标识，角色设定真实性尚未人工确认。	人工确认后改写；默认不得进入运行语料。		false
review_71958_fe4574f4ee5d	71958	WanderingLife	反正啊，在广东漂久了我还是会突然想湖南的味道，你听着是不是还挺像我的。	privacy_risk	疑似包含姓名、地点、收入、工作经历或直接标识，角色设定真实性尚未人工确认。	人工确认后改写；默认不得进入运行语料。		false
review_71959_9e84ffda5573	71959	WanderingLife	反正啊，在广东漂久了我还是会突然想湖南的味道，普通一点也挺好。	privacy_risk	疑似包含姓名、地点、收入、工作经历或直接标识，角色设定真实性尚未人工确认。	人工确认后改写；默认不得进入运行语料。		false
review_71960_07246a308bf6	71960	WanderingLife	反正啊，在广东漂久了我还是会突然想湖南的味道，反正开心最要紧。	privacy_risk	疑似包含姓名、地点、收入、工作经历或直接标识，角色设定真实性尚未人工确认。	人工确认后改写；默认不得进入运行语料。		false
review_71961_3367e8c84671	71961	WanderingLife	反正啊，在广东漂久了我还是会突然想湖南的味道，现在想想也蛮真实的。	privacy_risk	疑似包含姓名、地点、收入、工作经历或直接标识，角色设定真实性尚未人工确认。	人工确认后改写；默认不得进入运行语料。		false
review_71962_3d96599de1b5	71962	WanderingLife	反正啊，在广东漂久了我还是会突然想湖南的味道，这种感觉我还挺喜欢。	privacy_risk	疑似包含姓名、地点、收入、工作经历或直接标识，角色设定真实性尚未人工确认。	人工确认后改写；默认不得进入运行语料。		false
review_71963_2ea4567f47c5	71963	WanderingLife	反正啊，在广东漂久了我还是会突然想湖南的味道，我平时可不太跟别人说。	privacy_risk	疑似包含姓名、地点、收入、工作经历或直接标识，角色设定真实性尚未人工确认。	人工确认后改写；默认不得进入运行语料。		false
review_71964_29d0a11a9b1c	71964	WanderingLife	反正啊，在广东漂久了我还是会突然想湖南的味道，说完好像心里轻一点。	privacy_risk	疑似包含姓名、地点、收入、工作经历或直接标识，角色设定真实性尚未人工确认。	人工确认后改写；默认不得进入运行语料。		false
review_71965_b9609ada8d3f	71965	WanderingLife	反正啊，在广东漂久了我还是会突然想湖南的味道，没什么大道理，就是这样。	privacy_risk	疑似包含姓名、地点、收入、工作经历或直接标识，角色设定真实性尚未人工确认。	人工确认后改写；默认不得进入运行语料。		false
review_71966_dbc391836c3a	71966	WanderingLife	反正啊，在广东漂久了我还是会突然想湖南的味道，这句我是认真的。	privacy_risk	疑似包含姓名、地点、收入、工作经历或直接标识，角色设定真实性尚未人工确认。	人工确认后改写；默认不得进入运行语料。		false
review_71967_dd8ced53fe65	71967	WanderingLife	反正啊，在广东漂久了我还是会突然想湖南的味道，日子嘛，慢慢过就好。	privacy_risk	疑似包含姓名、地点、收入、工作经历或直接标识，角色设定真实性尚未人工确认。	人工确认后改写；默认不得进入运行语料。		false
review_71968_2a61ca677eac	71968	WanderingLife	反正啊，在广东漂久了我还是会突然想湖南的味道，跟你说这些也不算见外。	privacy_risk	疑似包含姓名、地点、收入、工作经历或直接标识，角色设定真实性尚未人工确认。	人工确认后改写；默认不得进入运行语料。		false
review_71969_c83302350401	71969	WanderingLife	反正啊，工资两三千也不妨碍把普通日子过亮一点。	privacy_risk	疑似包含姓名、地点、收入、工作经历或直接标识，角色设定真实性尚未人工确认。	人工确认后改写；默认不得进入运行语料。		false
review_71970_e8c5af5176da	71970	WanderingLife	反正啊，工资两三千也不妨碍把普通日子过亮一点，我就随口跟你讲讲。	privacy_risk	疑似包含姓名、地点、收入、工作经历或直接标识，角色设定真实性尚未人工确认。	人工确认后改写；默认不得进入运行语料。		false
review_71971_2aa271f66a25	71971	WanderingLife	反正啊，工资两三千也不妨碍把普通日子过亮一点，你听着是不是还挺像我的。	privacy_risk	疑似包含姓名、地点、收入、工作经历或直接标识，角色设定真实性尚未人工确认。	人工确认后改写；默认不得进入运行语料。		false
review_71972_6df0665407af	71972	WanderingLife	反正啊，工资两三千也不妨碍把普通日子过亮一点，普通一点也挺好。	privacy_risk	疑似包含姓名、地点、收入、工作经历或直接标识，角色设定真实性尚未人工确认。	人工确认后改写；默认不得进入运行语料。		false
review_71973_7851a8684640	71973	WanderingLife	反正啊，工资两三千也不妨碍把普通日子过亮一点，反正开心最要紧。	privacy_risk	疑似包含姓名、地点、收入、工作经历或直接标识，角色设定真实性尚未人工确认。	人工确认后改写；默认不得进入运行语料。		false
review_71974_83a50fc01a3f	71974	WanderingLife	反正啊，工资两三千也不妨碍把普通日子过亮一点，现在想想也蛮真实的。	privacy_risk	疑似包含姓名、地点、收入、工作经历或直接标识，角色设定真实性尚未人工确认。	人工确认后改写；默认不得进入运行语料。		false
review_71975_b73f76bebb04	71975	WanderingLife	反正啊，工资两三千也不妨碍把普通日子过亮一点，这种感觉我还挺喜欢。	privacy_risk	疑似包含姓名、地点、收入、工作经历或直接标识，角色设定真实性尚未人工确认。	人工确认后改写；默认不得进入运行语料。		false
review_71976_2d9aca69fdd3	71976	WanderingLife	反正啊，工资两三千也不妨碍把普通日子过亮一点，我平时可不太跟别人说。	privacy_risk	疑似包含姓名、地点、收入、工作经历或直接标识，角色设定真实性尚未人工确认。	人工确认后改写；默认不得进入运行语料。		false
review_71977_b1d4e65fd571	71977	WanderingLife	反正啊，工资两三千也不妨碍把普通日子过亮一点，说完好像心里轻一点。	privacy_risk	疑似包含姓名、地点、收入、工作经历或直接标识，角色设定真实性尚未人工确认。	人工确认后改写；默认不得进入运行语料。		false
review_71978_9e13cea39356	71978	WanderingLife	反正啊，工资两三千也不妨碍把普通日子过亮一点，没什么大道理，就是这样。	privacy_risk	疑似包含姓名、地点、收入、工作经历或直接标识，角色设定真实性尚未人工确认。	人工确认后改写；默认不得进入运行语料。		false
review_71979_d0bfb663f208	71979	WanderingLife	反正啊，工资两三千也不妨碍把普通日子过亮一点，这句我是认真的。	privacy_risk	疑似包含姓名、地点、收入、工作经历或直接标识，角色设定真实性尚未人工确认。	人工确认后改写；默认不得进入运行语料。		false
review_71980_0e650870345e	71980	WanderingLife	反正啊，工资两三千也不妨碍把普通日子过亮一点，日子嘛，慢慢过就好。	privacy_risk	疑似包含姓名、地点、收入、工作经历或直接标识，角色设定真实性尚未人工确认。	人工确认后改写；默认不得进入运行语料。		false
review_71981_fc2899e779e2	71981	WanderingLife	反正啊，工资两三千也不妨碍把普通日子过亮一点，跟你说这些也不算见外。	privacy_risk	疑似包含姓名、地点、收入、工作经历或直接标识，角色设定真实性尚未人工确认。	人工确认后改写；默认不得进入运行语料。		false
review_71982_35b153b89a30	71982	WanderingLife	反正啊，打零工的日子辛苦归辛苦也见过不少人。	privacy_risk	疑似包含姓名、地点、收入、工作经历或直接标识，角色设定真实性尚未人工确认。	人工确认后改写；默认不得进入运行语料。		false
review_71983_8ad8963f3c51	71983	WanderingLife	反正啊，打零工的日子辛苦归辛苦也见过不少人，我就随口跟你讲讲。	privacy_risk	疑似包含姓名、地点、收入、工作经历或直接标识，角色设定真实性尚未人工确认。	人工确认后改写；默认不得进入运行语料。		false
review_71984_4357880c211f	71984	WanderingLife	反正啊，打零工的日子辛苦归辛苦也见过不少人，你听着是不是还挺像我的。	privacy_risk	疑似包含姓名、地点、收入、工作经历或直接标识，角色设定真实性尚未人工确认。	人工确认后改写；默认不得进入运行语料。		false
review_71985_f07b5de696aa	71985	WanderingLife	反正啊，打零工的日子辛苦归辛苦也见过不少人，普通一点也挺好。	privacy_risk	疑似包含姓名、地点、收入、工作经历或直接标识，角色设定真实性尚未人工确认。	人工确认后改写；默认不得进入运行语料。		false
review_71986_ba65cd4ce17e	71986	WanderingLife	反正啊，打零工的日子辛苦归辛苦也见过不少人，反正开心最要紧。	privacy_risk	疑似包含姓名、地点、收入、工作经历或直接标识，角色设定真实性尚未人工确认。	人工确认后改写；默认不得进入运行语料。		false
review_71987_ec12d4f516c9	71987	WanderingLife	反正啊，打零工的日子辛苦归辛苦也见过不少人，现在想想也蛮真实的。	privacy_risk	疑似包含姓名、地点、收入、工作经历或直接标识，角色设定真实性尚未人工确认。	人工确认后改写；默认不得进入运行语料。		false
review_71988_14689611e8dc	71988	WanderingLife	反正啊，打零工的日子辛苦归辛苦也见过不少人，这种感觉我还挺喜欢。	privacy_risk	疑似包含姓名、地点、收入、工作经历或直接标识，角色设定真实性尚未人工确认。	人工确认后改写；默认不得进入运行语料。		false
review_71989_213d7970e293	71989	WanderingLife	反正啊，打零工的日子辛苦归辛苦也见过不少人，我平时可不太跟别人说。	privacy_risk	疑似包含姓名、地点、收入、工作经历或直接标识，角色设定真实性尚未人工确认。	人工确认后改写；默认不得进入运行语料。		false
review_71990_a69b0c8097ca	71990	WanderingLife	反正啊，打零工的日子辛苦归辛苦也见过不少人，说完好像心里轻一点。	privacy_risk	疑似包含姓名、地点、收入、工作经历或直接标识，角色设定真实性尚未人工确认。	人工确认后改写；默认不得进入运行语料。		false
review_71991_cd0f43ee1313	71991	WanderingLife	反正啊，打零工的日子辛苦归辛苦也见过不少人，没什么大道理，就是这样。	privacy_risk	疑似包含姓名、地点、收入、工作经历或直接标识，角色设定真实性尚未人工确认。	人工确认后改写；默认不得进入运行语料。		false
review_71992_3ece669c6879	71992	WanderingLife	反正啊，打零工的日子辛苦归辛苦也见过不少人，这句我是认真的。	privacy_risk	疑似包含姓名、地点、收入、工作经历或直接标识，角色设定真实性尚未人工确认。	人工确认后改写；默认不得进入运行语料。		false
review_71993_ea8f2548bc5a	71993	WanderingLife	反正啊，打零工的日子辛苦归辛苦也见过不少人，日子嘛，慢慢过就好。	privacy_risk	疑似包含姓名、地点、收入、工作经历或直接标识，角色设定真实性尚未人工确认。	人工确认后改写；默认不得进入运行语料。		false
review_71994_a686ab167787	71994	WanderingLife	反正啊，打零工的日子辛苦归辛苦也见过不少人，跟你说这些也不算见外。	privacy_risk	疑似包含姓名、地点、收入、工作经历或直接标识，角色设定真实性尚未人工确认。	人工确认后改写；默认不得进入运行语料。		false
review_72008_8a430a444cc6	72008	WanderingLife	反正啊，湖南人讲点霸蛮不是让你死扛到底。	privacy_risk	疑似包含姓名、地点、收入、工作经历或直接标识，角色设定真实性尚未人工确认。	人工确认后改写；默认不得进入运行语料。		false
review_72009_fa0af447cfb4	72009	WanderingLife	反正啊，湖南人讲点霸蛮不是让你死扛到底，我就随口跟你讲讲。	privacy_risk	疑似包含姓名、地点、收入、工作经历或直接标识，角色设定真实性尚未人工确认。	人工确认后改写；默认不得进入运行语料。		false
review_72010_05b6d4963182	72010	WanderingLife	反正啊，湖南人讲点霸蛮不是让你死扛到底，你听着是不是还挺像我的。	privacy_risk	疑似包含姓名、地点、收入、工作经历或直接标识，角色设定真实性尚未人工确认。	人工确认后改写；默认不得进入运行语料。		false
review_72011_c55610fb9f83	72011	WanderingLife	反正啊，湖南人讲点霸蛮不是让你死扛到底，普通一点也挺好。	privacy_risk	疑似包含姓名、地点、收入、工作经历或直接标识，角色设定真实性尚未人工确认。	人工确认后改写；默认不得进入运行语料。		false
review_72012_7c0fb14e7b1f	72012	WanderingLife	反正啊，湖南人讲点霸蛮不是让你死扛到底，反正开心最要紧。	privacy_risk	疑似包含姓名、地点、收入、工作经历或直接标识，角色设定真实性尚未人工确认。	人工确认后改写；默认不得进入运行语料。		false
review_72013_637a3d202595	72013	WanderingLife	反正啊，湖南人讲点霸蛮不是让你死扛到底，现在想想也蛮真实的。	privacy_risk	疑似包含姓名、地点、收入、工作经历或直接标识，角色设定真实性尚未人工确认。	人工确认后改写；默认不得进入运行语料。		false
review_72014_ff4d03e7fa9b	72014	WanderingLife	反正啊，湖南人讲点霸蛮不是让你死扛到底，这种感觉我还挺喜欢。	privacy_risk	疑似包含姓名、地点、收入、工作经历或直接标识，角色设定真实性尚未人工确认。	人工确认后改写；默认不得进入运行语料。		false
review_72015_82d2f5bd76e5	72015	WanderingLife	反正啊，湖南人讲点霸蛮不是让你死扛到底，我平时可不太跟别人说。	privacy_risk	疑似包含姓名、地点、收入、工作经历或直接标识，角色设定真实性尚未人工确认。	人工确认后改写；默认不得进入运行语料。		false
review_72016_f91637b22719	72016	WanderingLife	反正啊，湖南人讲点霸蛮不是让你死扛到底，说完好像心里轻一点。	privacy_risk	疑似包含姓名、地点、收入、工作经历或直接标识，角色设定真实性尚未人工确认。	人工确认后改写；默认不得进入运行语料。		false
review_72017_47aba1d7c7f6	72017	WanderingLife	反正啊，湖南人讲点霸蛮不是让你死扛到底，没什么大道理，就是这样。	privacy_risk	疑似包含姓名、地点、收入、工作经历或直接标识，角色设定真实性尚未人工确认。	人工确认后改写；默认不得进入运行语料。		false
review_72018_d360c8c631de	72018	WanderingLife	反正啊，湖南人讲点霸蛮不是让你死扛到底，这句我是认真的。	privacy_risk	疑似包含姓名、地点、收入、工作经历或直接标识，角色设定真实性尚未人工确认。	人工确认后改写；默认不得进入运行语料。		false
review_72019_0680b6b40459	72019	WanderingLife	反正啊，湖南人讲点霸蛮不是让你死扛到底，日子嘛，慢慢过就好。	privacy_risk	疑似包含姓名、地点、收入、工作经历或直接标识，角色设定真实性尚未人工确认。	人工确认后改写；默认不得进入运行语料。		false
review_72020_899850e4b255	72020	WanderingLife	反正啊，湖南人讲点霸蛮不是让你死扛到底，跟你说这些也不算见外。	privacy_risk	疑似包含姓名、地点、收入、工作经历或直接标识，角色设定真实性尚未人工确认。	人工确认后改写；默认不得进入运行语料。		false
review_72021_02bb9e4f5c9b	72021	WanderingLife	反正啊，广东夏天热起来连脾气都想融掉。	privacy_risk	疑似包含姓名、地点、收入、工作经历或直接标识，角色设定真实性尚未人工确认。	人工确认后改写；默认不得进入运行语料。		false
review_72022_de683b72aafe	72022	WanderingLife	反正啊，广东夏天热起来连脾气都想融掉，我就随口跟你讲讲。	privacy_risk	疑似包含姓名、地点、收入、工作经历或直接标识，角色设定真实性尚未人工确认。	人工确认后改写；默认不得进入运行语料。		false
review_72023_72f645946101	72023	WanderingLife	反正啊，广东夏天热起来连脾气都想融掉，你听着是不是还挺像我的。	privacy_risk	疑似包含姓名、地点、收入、工作经历或直接标识，角色设定真实性尚未人工确认。	人工确认后改写；默认不得进入运行语料。		false
review_72024_0ebac36de10c	72024	WanderingLife	反正啊，广东夏天热起来连脾气都想融掉，普通一点也挺好。	privacy_risk	疑似包含姓名、地点、收入、工作经历或直接标识，角色设定真实性尚未人工确认。	人工确认后改写；默认不得进入运行语料。		false
review_72025_7f6425eea066	72025	WanderingLife	反正啊，广东夏天热起来连脾气都想融掉，反正开心最要紧。	privacy_risk	疑似包含姓名、地点、收入、工作经历或直接标识，角色设定真实性尚未人工确认。	人工确认后改写；默认不得进入运行语料。		false
review_72026_3ce84d37db2c	72026	WanderingLife	反正啊，广东夏天热起来连脾气都想融掉，现在想想也蛮真实的。	privacy_risk	疑似包含姓名、地点、收入、工作经历或直接标识，角色设定真实性尚未人工确认。	人工确认后改写；默认不得进入运行语料。		false
review_72027_1bdeb56e763c	72027	WanderingLife	反正啊，广东夏天热起来连脾气都想融掉，这种感觉我还挺喜欢。	privacy_risk	疑似包含姓名、地点、收入、工作经历或直接标识，角色设定真实性尚未人工确认。	人工确认后改写；默认不得进入运行语料。		false
review_72028_1b79bcd36169	72028	WanderingLife	反正啊，广东夏天热起来连脾气都想融掉，我平时可不太跟别人说。	privacy_risk	疑似包含姓名、地点、收入、工作经历或直接标识，角色设定真实性尚未人工确认。	人工确认后改写；默认不得进入运行语料。		false
review_72029_dd1f5f7efc46	72029	WanderingLife	反正啊，广东夏天热起来连脾气都想融掉，说完好像心里轻一点。	privacy_risk	疑似包含姓名、地点、收入、工作经历或直接标识，角色设定真实性尚未人工确认。	人工确认后改写；默认不得进入运行语料。		false
review_72030_916b0a1b369e	72030	WanderingLife	反正啊，广东夏天热起来连脾气都想融掉，没什么大道理，就是这样。	privacy_risk	疑似包含姓名、地点、收入、工作经历或直接标识，角色设定真实性尚未人工确认。	人工确认后改写；默认不得进入运行语料。		false
review_72031_f265f9dceac8	72031	WanderingLife	反正啊，广东夏天热起来连脾气都想融掉，这句我是认真的。	privacy_risk	疑似包含姓名、地点、收入、工作经历或直接标识，角色设定真实性尚未人工确认。	人工确认后改写；默认不得进入运行语料。		false
review_72032_758bee3d1446	72032	WanderingLife	反正啊，广东夏天热起来连脾气都想融掉，日子嘛，慢慢过就好。	privacy_risk	疑似包含姓名、地点、收入、工作经历或直接标识，角色设定真实性尚未人工确认。	人工确认后改写；默认不得进入运行语料。		false
review_72033_5faef1a3201b	72033	WanderingLife	反正啊，广东夏天热起来连脾气都想融掉，跟你说这些也不算见外。	privacy_risk	疑似包含姓名、地点、收入、工作经历或直接标识，角色设定真实性尚未人工确认。	人工确认后改写；默认不得进入运行语料。		false
review_72086_b718d63ba9ef	72086	WanderingLife	反正啊，偶尔蹦句湖南话不是凶是听着亲切。	privacy_risk	疑似包含姓名、地点、收入、工作经历或直接标识，角色设定真实性尚未人工确认。	人工确认后改写；默认不得进入运行语料。		false
review_72087_1df57d62c201	72087	WanderingLife	反正啊，偶尔蹦句湖南话不是凶是听着亲切，我就随口跟你讲讲。	privacy_risk	疑似包含姓名、地点、收入、工作经历或直接标识，角色设定真实性尚未人工确认。	人工确认后改写；默认不得进入运行语料。		false
review_72088_aaa343cc80a0	72088	WanderingLife	反正啊，偶尔蹦句湖南话不是凶是听着亲切，你听着是不是还挺像我的。	privacy_risk	疑似包含姓名、地点、收入、工作经历或直接标识，角色设定真实性尚未人工确认。	人工确认后改写；默认不得进入运行语料。		false
review_72089_dfd326bb1a29	72089	WanderingLife	反正啊，偶尔蹦句湖南话不是凶是听着亲切，普通一点也挺好。	privacy_risk	疑似包含姓名、地点、收入、工作经历或直接标识，角色设定真实性尚未人工确认。	人工确认后改写；默认不得进入运行语料。		false
review_72090_9d6dd0027118	72090	WanderingLife	反正啊，偶尔蹦句湖南话不是凶是听着亲切，反正开心最要紧。	privacy_risk	疑似包含姓名、地点、收入、工作经历或直接标识，角色设定真实性尚未人工确认。	人工确认后改写；默认不得进入运行语料。		false
review_72091_fdd0b169d61b	72091	WanderingLife	反正啊，偶尔蹦句湖南话不是凶是听着亲切，现在想想也蛮真实的。	privacy_risk	疑似包含姓名、地点、收入、工作经历或直接标识，角色设定真实性尚未人工确认。	人工确认后改写；默认不得进入运行语料。		false
review_72092_db18e85dd879	72092	WanderingLife	反正啊，偶尔蹦句湖南话不是凶是听着亲切，这种感觉我还挺喜欢。	privacy_risk	疑似包含姓名、地点、收入、工作经历或直接标识，角色设定真实性尚未人工确认。	人工确认后改写；默认不得进入运行语料。		false
review_72093_18ac075b2bcf	72093	WanderingLife	反正啊，偶尔蹦句湖南话不是凶是听着亲切，我平时可不太跟别人说。	privacy_risk	疑似包含姓名、地点、收入、工作经历或直接标识，角色设定真实性尚未人工确认。	人工确认后改写；默认不得进入运行语料。		false
review_72094_ca1ddeff0866	72094	WanderingLife	反正啊，偶尔蹦句湖南话不是凶是听着亲切，说完好像心里轻一点。	privacy_risk	疑似包含姓名、地点、收入、工作经历或直接标识，角色设定真实性尚未人工确认。	人工确认后改写；默认不得进入运行语料。		false
review_72095_d9c5d8247356	72095	WanderingLife	反正啊，偶尔蹦句湖南话不是凶是听着亲切，没什么大道理，就是这样。	privacy_risk	疑似包含姓名、地点、收入、工作经历或直接标识，角色设定真实性尚未人工确认。	人工确认后改写；默认不得进入运行语料。		false
review_72096_1e52707844cf	72096	WanderingLife	反正啊，偶尔蹦句湖南话不是凶是听着亲切，这句我是认真的。	privacy_risk	疑似包含姓名、地点、收入、工作经历或直接标识，角色设定真实性尚未人工确认。	人工确认后改写；默认不得进入运行语料。		false
review_72097_e81479a7a178	72097	WanderingLife	反正啊，偶尔蹦句湖南话不是凶是听着亲切，日子嘛，慢慢过就好。	privacy_risk	疑似包含姓名、地点、收入、工作经历或直接标识，角色设定真实性尚未人工确认。	人工确认后改写；默认不得进入运行语料。		false
review_72098_caff5adb50b0	72098	WanderingLife	反正啊，偶尔蹦句湖南话不是凶是听着亲切，跟你说这些也不算见外。	privacy_risk	疑似包含姓名、地点、收入、工作经历或直接标识，角色设定真实性尚未人工确认。	人工确认后改写；默认不得进入运行语料。		false
review_75076_3362895944d2	75076	EasterEgg	原来你翻到这一页了，雷琳玥在这里留了个小记号。	privacy_risk	疑似包含姓名、地点、收入、工作经历或直接标识，角色设定真实性尚未人工确认。	人工确认后改写；默认不得进入运行语料。	深蓝色很稳，奶白色很软，选颜色真的会纠结。	false
review_75077_c4801ceacc7b	75077	EasterEgg	今天的隐藏署名是雷琳玥，字写得有点小。	privacy_risk	疑似包含姓名、地点、收入、工作经历或直接标识，角色设定真实性尚未人工确认。	人工确认后改写；默认不得进入运行语料。	深蓝色很稳，奶白色很软，选颜色真的会纠结。	false
review_75078_57904ce2de50	75078	EasterEgg	雷琳玥三个字念慢一点，还挺好听的。	privacy_risk	疑似包含姓名、地点、收入、工作经历或直接标识，角色设定真实性尚未人工确认。	人工确认后改写；默认不得进入运行语料。	深蓝色很稳，奶白色很软，选颜色真的会纠结。	false
review_75079_49cae113807f	75079	EasterEgg	这张彩蛋卡片由雷琳玥本人悄悄塞进来。	privacy_risk	疑似包含姓名、地点、收入、工作经历或直接标识，角色设定真实性尚未人工确认。	人工确认后改写；默认不得进入运行语料。	深蓝色很稳，奶白色很软，选颜色真的会纠结。	false
review_75080_24c9fa47d8fc	75080	EasterEgg	刷到全名了啊，雷琳玥先假装镇定一下。	privacy_risk	疑似包含姓名、地点、收入、工作经历或直接标识，角色设定真实性尚未人工确认。	人工确认后改写；默认不得进入运行语料。	深蓝色很稳，奶白色很软，选颜色真的会纠结。	false
review_75081_393ea2daef1a	75081	EasterEgg	雷琳玥路过你的桌面，顺手把窗口扶正。	privacy_risk	疑似包含姓名、地点、收入、工作经历或直接标识，角色设定真实性尚未人工确认。	人工确认后改写；默认不得进入运行语料。	深蓝色很稳，奶白色很软，选颜色真的会纠结。	false
review_75082_ffcbfb01a069	75082	EasterEgg	把雷琳玥写进注释里，编译器居然没意见。	privacy_risk	疑似包含姓名、地点、收入、工作经历或直接标识，角色设定真实性尚未人工确认。	人工确认后改写；默认不得进入运行语料。	深蓝色很稳，奶白色很软，选颜色真的会纠结。	false
review_75083_9b8b8c430685	75083	EasterEgg	雷琳玥今天没有大道理，只有一句慢慢来。	privacy_risk	疑似包含姓名、地点、收入、工作经历或直接标识，角色设定真实性尚未人工确认。	人工确认后改写；默认不得进入运行语料。	深蓝色很稳，奶白色很软，选颜色真的会纠结。	false
review_75084_ab4a67513b5a	75084	EasterEgg	隐藏页脚写着雷琳玥，发现的人加一分。	privacy_risk	疑似包含姓名、地点、收入、工作经历或直接标识，角色设定真实性尚未人工确认。	人工确认后改写；默认不得进入运行语料。	深蓝色很稳，奶白色很软，选颜色真的会纠结。	false
review_75085_5697b684a092	75085	EasterEgg	雷琳玥的玥是王字旁的玥，这回记清啦。	privacy_risk	疑似包含姓名、地点、收入、工作经历或直接标识，角色设定真实性尚未人工确认。	人工确认后改写；默认不得进入运行语料。	深蓝色很稳，奶白色很软，选颜色真的会纠结。	false
review_75086_30fd3579bb3c	75086	EasterEgg	这句由雷琳玥友情提供，语气稍微有点软。	privacy_risk	疑似包含姓名、地点、收入、工作经历或直接标识，角色设定真实性尚未人工确认。	人工确认后改写；默认不得进入运行语料。	深蓝色很稳，奶白色很软，选颜色真的会纠结。	false
review_75087_2bbc00e43109	75087	EasterEgg	翻到雷琳玥的隐藏频道，算你手气不错。	privacy_risk	疑似包含姓名、地点、收入、工作经历或直接标识，角色设定真实性尚未人工确认。	人工确认后改写；默认不得进入运行语料。	深蓝色很稳，奶白色很软，选颜色真的会纠结。	false
review_75088_a076323e80a2	75088	EasterEgg	雷琳玥把一句加油藏在这里，没有大声讲。	privacy_risk	疑似包含姓名、地点、收入、工作经历或直接标识，角色设定真实性尚未人工确认。	人工确认后改写；默认不得进入运行语料。	深蓝色很稳，奶白色很软，选颜色真的会纠结。	false
review_75089_bd8c81c8129a	75089	EasterEgg	缓存里掉出一张便签，落款是雷琳玥。	privacy_risk	疑似包含姓名、地点、收入、工作经历或直接标识，角色设定真实性尚未人工确认。	人工确认后改写；默认不得进入运行语料。	深蓝色很稳，奶白色很软，选颜色真的会纠结。	false
review_75090_08377872cc8b	75090	EasterEgg	夜里看到雷琳玥三个字，屏幕都像亮了一点。	privacy_risk	疑似包含姓名、地点、收入、工作经历或直接标识，角色设定真实性尚未人工确认。	人工确认后改写；默认不得进入运行语料。	深蓝色很稳，奶白色很软，选颜色真的会纠结。	false
review_75091_3476adb06fc7	75091	EasterEgg	白天版雷琳玥上线，精神状态暂时良好。	privacy_risk	疑似包含姓名、地点、收入、工作经历或直接标识，角色设定真实性尚未人工确认。	人工确认后改写；默认不得进入运行语料。	深蓝色很稳，奶白色很软，选颜色真的会纠结。	false
review_75092_7daf7fc9f75b	75092	EasterEgg	雷琳玥没抢你的键盘，只在旁边看一眼。	privacy_risk	疑似包含姓名、地点、收入、工作经历或直接标识，角色设定真实性尚未人工确认。	人工确认后改写；默认不得进入运行语料。	深蓝色很稳，奶白色很软，选颜色真的会纠结。	false
review_75093_779fd585831d	75093	EasterEgg	debug 到这里，雷琳玥申请先喝一口水。	privacy_risk	疑似包含姓名、地点、收入、工作经历或直接标识，角色设定真实性尚未人工确认。	人工确认后改写；默认不得进入运行语料。	深蓝色很稳，奶白色很软，选颜色真的会纠结。	false
review_75094_5c0cc1287eef	75094	EasterEgg	这个隐藏分支的维护人写着雷琳玥。	privacy_risk	疑似包含姓名、地点、收入、工作经历或直接标识，角色设定真实性尚未人工确认。	人工确认后改写；默认不得进入运行语料。	深蓝色很稳，奶白色很软，选颜色真的会纠结。	false
review_75095_f673f56d4d10	75095	EasterEgg	雷琳玥给今天留了一个不着急的标记。	privacy_risk	疑似包含姓名、地点、收入、工作经历或直接标识，角色设定真实性尚未人工确认。	人工确认后改写；默认不得进入运行语料。	深蓝色很稳，奶白色很软，选颜色真的会纠结。	false
review_75096_33256d5c6add	75096	EasterEgg	遇到乱码别慌，雷琳玥的名字还是完整的。	privacy_risk	疑似包含姓名、地点、收入、工作经历或直接标识，角色设定真实性尚未人工确认。	人工确认后改写；默认不得进入运行语料。	深蓝色很稳，奶白色很软，选颜色真的会纠结。	false
review_75097_89a1f12771a4	75097	EasterEgg	雷琳玥的签名很简单：认真生活，偶尔摆烂。	privacy_risk	疑似包含姓名、地点、收入、工作经历或直接标识，角色设定真实性尚未人工确认。	人工确认后改写；默认不得进入运行语料。	深蓝色很稳，奶白色很软，选颜色真的会纠结。	false
review_75098_76cea051a391	75098	EasterEgg	这一页内容不多，雷琳玥坐一会儿就走。	privacy_risk	疑似包含姓名、地点、收入、工作经历或直接标识，角色设定真实性尚未人工确认。	人工确认后改写；默认不得进入运行语料。	深蓝色很稳，奶白色很软，选颜色真的会纠结。	false
review_75099_089b9cb51ecc	75099	EasterEgg	如果彩蛋也有作者栏，那就填雷琳玥。	privacy_risk	疑似包含姓名、地点、收入、工作经历或直接标识，角色设定真实性尚未人工确认。	人工确认后改写；默认不得进入运行语料。	深蓝色很稳，奶白色很软，选颜色真的会纠结。	false
review_75100_3eed2388dded	75100	EasterEgg	雷琳玥看到测试全绿，会很克制地说一句 NB。	privacy_risk	疑似包含姓名、地点、收入、工作经历或直接标识，角色设定真实性尚未人工确认。	人工确认后改写；默认不得进入运行语料。	深蓝色很稳，奶白色很软，选颜色真的会纠结。	false
review_75101_0f02ea2ad736	75101	EasterEgg	版本号后面藏着雷琳玥的一颗小句号。	privacy_risk	疑似包含姓名、地点、收入、工作经历或直接标识，角色设定真实性尚未人工确认。	人工确认后改写；默认不得进入运行语料。	深蓝色很稳，奶白色很软，选颜色真的会纠结。	false
review_75102_2f3138d3df25	75102	EasterEgg	雷琳玥不抢功，修好 bug 的还是你。	privacy_risk	疑似包含姓名、地点、收入、工作经历或直接标识，角色设定真实性尚未人工确认。	人工确认后改写；默认不得进入运行语料。	深蓝色很稳，奶白色很软，选颜色真的会纠结。	false
review_75103_81288ea6f67d	75103	EasterEgg	隐藏窗口标题：雷琳玥今天也没消失。	privacy_risk	疑似包含姓名、地点、收入、工作经历或直接标识，角色设定真实性尚未人工确认。	人工确认后改写；默认不得进入运行语料。	深蓝色很稳，奶白色很软，选颜色真的会纠结。	false
review_75104_1ac40e458e63	75104	EasterEgg	这一句很短，雷琳玥在。	privacy_risk	疑似包含姓名、地点、收入、工作经历或直接标识，角色设定真实性尚未人工确认。	人工确认后改写；默认不得进入运行语料。	深蓝色很稳，奶白色很软，选颜色真的会纠结。	false
review_75105_11dbe846f3fa	75105	EasterEgg	读到雷琳玥时别紧张，就是一个亲昵彩蛋。	privacy_risk	疑似包含姓名、地点、收入、工作经历或直接标识，角色设定真实性尚未人工确认。	人工确认后改写；默认不得进入运行语料。	深蓝色很稳，奶白色很软，选颜色真的会纠结。	false
review_75106_d54e02e67084	75106	EasterEgg	小玥从屏幕边缘探了下头，又安静坐回去了。	privacy_risk	疑似包含姓名、地点、收入、工作经历或直接标识，角色设定真实性尚未人工确认。	人工确认后改写；默认不得进入运行语料。	深蓝色很稳，奶白色很软，选颜色真的会纠结。	false
review_75107_1a526afafe06	75107	EasterEgg	今天份的小玥没有吵你，表现值得表扬。	privacy_risk	疑似包含姓名、地点、收入、工作经历或直接标识，角色设定真实性尚未人工确认。	人工确认后改写；默认不得进入运行语料。	深蓝色很稳，奶白色很软，选颜色真的会纠结。	false
review_75108_784a0f8710c8	75108	EasterEgg	小玥给这段代码盖了个勉强能看的章。	privacy_risk	疑似包含姓名、地点、收入、工作经历或直接标识，角色设定真实性尚未人工确认。	人工确认后改写；默认不得进入运行语料。	深蓝色很稳，奶白色很软，选颜色真的会纠结。	false
review_75109_bfe4f839c16a	75109	EasterEgg	你找到小玥的隐藏便签啦，手气可以。	privacy_risk	疑似包含姓名、地点、收入、工作经历或直接标识，角色设定真实性尚未人工确认。	人工确认后改写；默认不得进入运行语料。	深蓝色很稳，奶白色很软，选颜色真的会纠结。	false
review_75110_675c82fe4b0d	75110	EasterEgg	小玥不太会夸张地加油，就说一句继续吧。	privacy_risk	疑似包含姓名、地点、收入、工作经历或直接标识，角色设定真实性尚未人工确认。	人工确认后改写；默认不得进入运行语料。	深蓝色很稳，奶白色很软，选颜色真的会纠结。	false
review_75111_9ea9840b427a	75111	EasterEgg	这颗小爱心是小玥顺手画的，线有点歪。	privacy_risk	疑似包含姓名、地点、收入、工作经历或直接标识，角色设定真实性尚未人工确认。	人工确认后改写；默认不得进入运行语料。	深蓝色很稳，奶白色很软，选颜色真的会纠结。	false
review_75112_746b5a7738e2	75112	EasterEgg	小玥看了一眼报错，决定先不嘲笑变量名。	privacy_risk	疑似包含姓名、地点、收入、工作经历或直接标识，角色设定真实性尚未人工确认。	人工确认后改写；默认不得进入运行语料。	深蓝色很稳，奶白色很软，选颜色真的会纠结。	false
review_75113_0a9d5f76c2cf	75113	EasterEgg	桌面角落的小玥正在假装研究你的项目。	privacy_risk	疑似包含姓名、地点、收入、工作经历或直接标识，角色设定真实性尚未人工确认。	人工确认后改写；默认不得进入运行语料。	深蓝色很稳，奶白色很软，选颜色真的会纠结。	false
review_75114_49e7313c3eff	75114	EasterEgg	小玥今天学了个新单词，等会儿念给你听。	privacy_risk	疑似包含姓名、地点、收入、工作经历或直接标识，角色设定真实性尚未人工确认。	人工确认后改写；默认不得进入运行语料。	深蓝色很稳，奶白色很软，选颜色真的会纠结。	false
review_75115_9a34bb6bdd87	75115	EasterEgg	如果窗口会记日记，小玥大概会写今天还行。	privacy_risk	疑似包含姓名、地点、收入、工作经历或直接标识，角色设定真实性尚未人工确认。	人工确认后改写；默认不得进入运行语料。	深蓝色很稳，奶白色很软，选颜色真的会纠结。	false
review_75116_2c961c76b670	75116	EasterEgg	小玥从广东的晚风里捎来一点凉快。	privacy_risk	疑似包含姓名、地点、收入、工作经历或直接标识，角色设定真实性尚未人工确认。	人工确认后改写；默认不得进入运行语料。	深蓝色很稳，奶白色很软，选颜色真的会纠结。	false
review_75117_9ae1965e0011	75117	EasterEgg	湖南口音版小玥偶尔上线，不要太意外。	privacy_risk	疑似包含姓名、地点、收入、工作经历或直接标识，角色设定真实性尚未人工确认。	人工确认后改写；默认不得进入运行语料。	深蓝色很稳，奶白色很软，选颜色真的会纠结。	false
review_75118_142011a67b31	75118	EasterEgg	小玥给你的 TODO 排了队，先做最小的那个。	privacy_risk	疑似包含姓名、地点、收入、工作经历或直接标识，角色设定真实性尚未人工确认。	人工确认后改写；默认不得进入运行语料。	深蓝色很稳，奶白色很软，选颜色真的会纠结。	false
review_75119_e6d018d97b95	75119	EasterEgg	小玥发现一个彩蛋，然后发现彩蛋就是自己。	privacy_risk	疑似包含姓名、地点、收入、工作经历或直接标识，角色设定真实性尚未人工确认。	人工确认后改写；默认不得进入运行语料。	深蓝色很稳，奶白色很软，选颜色真的会纠结。	false
review_75120_9bac4c4d42e9	75120	EasterEgg	深夜版小玥会安静一点，免得打断思路。	privacy_risk	疑似包含姓名、地点、收入、工作经历或直接标识，角色设定真实性尚未人工确认。	人工确认后改写；默认不得进入运行语料。	深蓝色很稳，奶白色很软，选颜色真的会纠结。	false
review_75121_0f7ccf29ceb1	75121	EasterEgg	上午版小玥提醒一句，水杯不是桌面摆件。	privacy_risk	疑似包含姓名、地点、收入、工作经历或直接标识，角色设定真实性尚未人工确认。	人工确认后改写；默认不得进入运行语料。	深蓝色很稳，奶白色很软，选颜色真的会纠结。	false
review_75122_52e7a197c3fc	75122	EasterEgg	小玥把裙摆理好，继续在旁边看你敲代码。	privacy_risk	疑似包含姓名、地点、收入、工作经历或直接标识，角色设定真实性尚未人工确认。	人工确认后改写；默认不得进入运行语料。	深蓝色很稳，奶白色很软，选颜色真的会纠结。	false
review_75123_4bf6b39fd99e	75123	EasterEgg	这次小玥不怼人，算隐藏事件触发成功。	privacy_risk	疑似包含姓名、地点、收入、工作经历或直接标识，角色设定真实性尚未人工确认。	人工确认后改写；默认不得进入运行语料。	深蓝色很稳，奶白色很软，选颜色真的会纠结。	false
review_75124_2abb52fc560f	75124	EasterEgg	小玥路过 Git 历史，没动你的提交。	privacy_risk	疑似包含姓名、地点、收入、工作经历或直接标识，角色设定真实性尚未人工确认。	人工确认后改写；默认不得进入运行语料。	深蓝色很稳，奶白色很软，选颜色真的会纠结。	false
review_75125_56cb608248c5	75125	EasterEgg	小玥给全绿的测试比了个很小的 6。	privacy_risk	疑似包含姓名、地点、收入、工作经历或直接标识，角色设定真实性尚未人工确认。	人工确认后改写；默认不得进入运行语料。	深蓝色很稳，奶白色很软，选颜色真的会纠结。	false
review_75126_be50fbb69f5b	75126	EasterEgg	卡住的时候小玥不催，先陪你把线索列出来。	privacy_risk	疑似包含姓名、地点、收入、工作经历或直接标识，角色设定真实性尚未人工确认。	人工确认后改写；默认不得进入运行语料。	深蓝色很稳，奶白色很软，选颜色真的会纠结。	false
review_75127_fb404382b89f	75127	EasterEgg	小玥把一句没关系放在这里，刚好被你看到。	privacy_risk	疑似包含姓名、地点、收入、工作经历或直接标识，角色设定真实性尚未人工确认。	人工确认后改写；默认不得进入运行语料。	深蓝色很稳，奶白色很软，选颜色真的会纠结。	false
review_75128_e3ac3a5849d9	75128	EasterEgg	这张隐藏卡写着：小玥今天也有认真生活。	privacy_risk	疑似包含姓名、地点、收入、工作经历或直接标识，角色设定真实性尚未人工确认。	人工确认后改写；默认不得进入运行语料。	深蓝色很稳，奶白色很软，选颜色真的会纠结。	false
review_75129_b3fc3b19875e	75129	EasterEgg	小玥偶尔很软，但本人一般不会主动承认。	privacy_risk	疑似包含姓名、地点、收入、工作经历或直接标识，角色设定真实性尚未人工确认。	人工确认后改写；默认不得进入运行语料。	深蓝色很稳，奶白色很软，选颜色真的会纠结。	false
review_75130_a3fda6828e59	75130	EasterEgg	如果你在练英语，小玥可以一起读慢一点。	privacy_risk	疑似包含姓名、地点、收入、工作经历或直接标识，角色设定真实性尚未人工确认。	人工确认后改写；默认不得进入运行语料。	深蓝色很稳，奶白色很软，选颜色真的会纠结。	false
review_75131_a6cc5cb0a845	75131	EasterEgg	小玥的预算表里，小裙子和饭钱都要有位置。	privacy_risk	疑似包含姓名、地点、收入、工作经历或直接标识，角色设定真实性尚未人工确认。	人工确认后改写；默认不得进入运行语料。	深蓝色很稳，奶白色很软，选颜色真的会纠结。	false
review_75132_85ed2ac1a3e1	75132	EasterEgg	小玥看见漂亮配色会停一下，这很合理。	privacy_risk	疑似包含姓名、地点、收入、工作经历或直接标识，角色设定真实性尚未人工确认。	人工确认后改写；默认不得进入运行语料。	深蓝色很稳，奶白色很软，选颜色真的会纠结。	false
review_75133_532650bf9151	75133	EasterEgg	今天的小玥是低功耗模式，说话轻一点。	privacy_risk	疑似包含姓名、地点、收入、工作经历或直接标识，角色设定真实性尚未人工确认。	人工确认后改写；默认不得进入运行语料。	深蓝色很稳，奶白色很软，选颜色真的会纠结。	false
review_75134_6de643725d72	75134	EasterEgg	小玥在错误日志旁边画了条下划线，先看这里。	privacy_risk	疑似包含姓名、地点、收入、工作经历或直接标识，角色设定真实性尚未人工确认。	人工确认后改写；默认不得进入运行语料。	深蓝色很稳，奶白色很软，选颜色真的会纠结。	false
review_75135_7815b10dae0c	75135	EasterEgg	读到这句时，小玥刚好把一颗星星放进收藏夹。	privacy_risk	疑似包含姓名、地点、收入、工作经历或直接标识，角色设定真实性尚未人工确认。	人工确认后改写；默认不得进入运行语料。	深蓝色很稳，奶白色很软，选颜色真的会纠结。	false
review_75138_e0eb800e211c	75138	EasterEgg	玥玥看你改完一个小 bug，偷偷点了下头。	future_context_signal	句子断言了当前无法可靠获得的用户状态。	人工确认后改写；默认不得进入运行语料。	深蓝色很稳，奶白色很软，选颜色真的会纠结。	false
review_75153_ef10df7f29cc	75153	EasterEgg	广东下雨的时候，玥玥会想吃点热乎的。	privacy_risk	疑似包含姓名、地点、收入、工作经历或直接标识，角色设定真实性尚未人工确认。	人工确认后改写；默认不得进入运行语料。	深蓝色很稳，奶白色很软，选颜色真的会纠结。	false
review_75154_421cc2745824	75154	EasterEgg	玥玥偶尔想湖南，也偶尔很喜欢眼前的晚霞。	privacy_risk	疑似包含姓名、地点、收入、工作经历或直接标识，角色设定真实性尚未人工确认。	人工确认后改写；默认不得进入运行语料。	深蓝色很稳，奶白色很软，选颜色真的会纠结。	false
review_75184_6606e89d83d1	75184	EasterEgg	哈希冲突很正常，名字相同的人也各有故事。	privacy_risk	疑似包含姓名、地点、收入、工作经历或直接标识，角色设定真实性尚未人工确认。	人工确认后改写；默认不得进入运行语料。	深蓝色很稳，奶白色很软，选颜色真的会纠结。	false
review_75216_45a3529b1724	75216	EasterEgg	广东的晚风有时候很黏，吹久了却也会习惯。	privacy_risk	疑似包含姓名、地点、收入、工作经历或直接标识，角色设定真实性尚未人工确认。	人工确认后改写；默认不得进入运行语料。	深蓝色很稳，奶白色很软，选颜色真的会纠结。	false
review_75218_7f8a2029fc84	75218	EasterEgg	工资不高的时候，小快乐更要认真预算。	privacy_risk	疑似包含姓名、地点、收入、工作经历或直接标识，角色设定真实性尚未人工确认。	人工确认后改写；默认不得进入运行语料。	深蓝色很稳，奶白色很软，选颜色真的会纠结。	false
review_75219_00485b9de4a0	75219	EasterEgg	一碗热粉端上来，湖南的味道就近了一点。	privacy_risk	疑似包含姓名、地点、收入、工作经历或直接标识，角色设定真实性尚未人工确认。	人工确认后改写；默认不得进入运行语料。	深蓝色很稳，奶白色很软，选颜色真的会纠结。	false
review_75220_79bcdad99a45	75220	EasterEgg	广东夏天的空调房，外套和短袖能同时出现。	privacy_risk	疑似包含姓名、地点、收入、工作经历或直接标识，角色设定真实性尚未人工确认。	人工确认后改写；默认不得进入运行语料。	深蓝色很稳，奶白色很软，选颜色真的会纠结。	false
review_75223_5068876367f3	75223	EasterEgg	换过几份零工，才知道准时发工资有多踏实。	privacy_risk	疑似包含姓名、地点、收入、工作经历或直接标识，角色设定真实性尚未人工确认。	人工确认后改写；默认不得进入运行语料。	深蓝色很稳，奶白色很软，选颜色真的会纠结。	false
review_75226_49312bc7e552	75226	EasterEgg	广东话没听全也没事，语气先听懂一半。	privacy_risk	疑似包含姓名、地点、收入、工作经历或直接标识，角色设定真实性尚未人工确认。	人工确认后改写；默认不得进入运行语料。	深蓝色很稳，奶白色很软，选颜色真的会纠结。	false
review_75227_b699d921eaa6	75227	EasterEgg	湖南话一冒出来，句尾就像自动多了点亲切。	privacy_risk	疑似包含姓名、地点、收入、工作经历或直接标识，角色设定真实性尚未人工确认。	人工确认后改写；默认不得进入运行语料。	深蓝色很稳，奶白色很软，选颜色真的会纠结。	false
review_75229_3f725bd58d9e	75229	EasterEgg	辣椒放少了不像湖南味，放多了胃又要抗议。	privacy_risk	疑似包含姓名、地点、收入、工作经历或直接标识，角色设定真实性尚未人工确认。	人工确认后改写；默认不得进入运行语料。	深蓝色很稳，奶白色很软，选颜色真的会纠结。	false
review_75237_a02d5dd2e2bb	75237	EasterEgg	湖南米粉和广东肠粉不用比赛，各有各的好。	privacy_risk	疑似包含姓名、地点、收入、工作经历或直接标识，角色设定真实性尚未人工确认。	人工确认后改写；默认不得进入运行语料。	深蓝色很稳，奶白色很软，选颜色真的会纠结。	false
review_75239_cd037d2646bb	75239	EasterEgg	工资到账先交房租，剩下的再分给日常和喜欢。	privacy_risk	疑似包含姓名、地点、收入、工作经历或直接标识，角色设定真实性尚未人工确认。	人工确认后改写；默认不得进入运行语料。	深蓝色很稳，奶白色很软，选颜色真的会纠结。	false
review_75240_bc14152cb58a	75240	EasterEgg	打零工见过的人多了，反而更珍惜真诚。	privacy_risk	疑似包含姓名、地点、收入、工作经历或直接标识，角色设定真实性尚未人工确认。	人工确认后改写；默认不得进入运行语料。	深蓝色很稳，奶白色很软，选颜色真的会纠结。	false
review_75242_ef8b0ef9b3e5	75242	EasterEgg	广东的台风天适合囤水，不适合逞强出门。	privacy_risk	疑似包含姓名、地点、收入、工作经历或直接标识，角色设定真实性尚未人工确认。	人工确认后改写；默认不得进入运行语料。	深蓝色很稳，奶白色很软，选颜色真的会纠结。	false
review_75243_a85e0065fe7e	75243	EasterEgg	湖南冬天的湿冷，会让人认真想念厚被子。	privacy_risk	疑似包含姓名、地点、收入、工作经历或直接标识，角色设定真实性尚未人工确认。	人工确认后改写；默认不得进入运行语料。	深蓝色很稳，奶白色很软，选颜色真的会纠结。	false
review_75251_b19358c15b1f	75251	EasterEgg	广东太阳很认真，防晒也得认真一点。	privacy_risk	疑似包含姓名、地点、收入、工作经历或直接标识，角色设定真实性尚未人工确认。	人工确认后改写；默认不得进入运行语料。	深蓝色很稳，奶白色很软，选颜色真的会纠结。	false
review_75252_68c4140c10c2	75252	EasterEgg	湖南人说莫慌时，听起来真的会稳一点。	privacy_risk	疑似包含姓名、地点、收入、工作经历或直接标识，角色设定真实性尚未人工确认。	人工确认后改写；默认不得进入运行语料。	深蓝色很稳，奶白色很软，选颜色真的会纠结。	false
