id	category	category_group	topic_id	semantic_group	output_mode	trigger	required_context	tone	interrupt_cost	cooldown_hours	semantic_cooldown_hours	max_per_day	weight	requires_reply	enabled	text	source_kind	source_reference	rewrite_reason
v2_technical_topic_gitdevops_d58bd291f3ab_822367a5544c	GitDevOps	technical	topic_gitdevops_19226aa98b7c	technical.topic_gitdevops_d58bd291f3ab	self_talk	any	none	dry	1	120	120	1	1	false	true	生产改动至少要留下谁在何时改了什么。	rewritten_topic	legacy:39025;topic:topic_gitdevops_19226aa98b7c	rewritten as a complete technical observation without reply pressure
v2_system_autumn_2bd5e84b6545	SystemAmbient	system_ambient	system.autumn.07	system.autumn	system_observe	day_changed	none	gentle	0	120	120	1	1	false	true	秋天的计划可以重视收尾，也保留临时改道的空间。	new_ambient	catalog:approved-design:system-time-and-safe-character-life	authored as an explicit standalone context-safe sentence
v2_technical_topic_backend_e334927e057b_aa6f370f6bdc	Backend	technical	topic_backend_b97563d43020	technical.topic_backend_e334927e057b	self_talk	any	none	dry	1	120	120	1	1	false	true	版本演进需要保持平滑，不能让客户端集体崩溃。	rewritten_topic	legacy:19530;topic:topic_backend_b97563d43020	rewritten as a complete technical observation without reply pressure
v2_technical_topic_career_20d60d151bab_ac205fe50bf2	Career	career	topic_career_3c52223c0e3d	technical.topic_career_20d60d151bab	self_talk	any	none	dry	1	120	120	1	1	false	true	面对不会的问题，坦白思路比临场乱编更可靠。	rewritten_topic	legacy:50704;topic:topic_career_3c52223c0e3d	rewritten as a complete technical observation without reply pressure
v2_technical_topic_career_c455f43e7afe_850ad23851b3	Career	career	topic_career_f7c03e019598	technical.topic_career_c455f43e7afe	self_talk	any	none	dry	1	120	120	1	1	false	true	实习选择要看能否参与真实工作并获得反馈。	rewritten_topic	legacy:50722;topic:topic_career_f7c03e019598	rewritten as a complete technical observation without reply pressure
v2_technical_topic_systems_0e7c72b40b44_a75893f96ae5	Systems	technical	topic_systems_e3a9a733cad6	technical.topic_systems_0e7c72b40b44	self_talk	any	none	dry	1	120	120	1	1	false	true	虚拟内存不是硬盘冒充内存这么简单；共享状态越少越好推理。	rewritten_topic	legacy:31202;topic:topic_systems_e3a9a733cad6	rewritten as a complete technical observation without reply pressure
v2_system_morning_68667aebab12	SystemAmbient	system_ambient	system.morning.09	system.morning	system_observe	morning	none	gentle	0	120	120	1	1	false	true	日历显示的是普通一天，普通地开始也完全够用。	new_ambient	catalog:approved-design:system-time-and-safe-character-life	authored as an explicit standalone context-safe sentence
v2_technical_topic_database_4dbfdf4e438a_5155fe0c44fd	Database	technical	topic_database_6d7708bc4f22	technical.topic_database_4dbfdf4e438a	self_talk	any	none	dry	1	120	120	1	1	false	true	数据库连接池不是越大越能扛。	rewritten_topic	legacy:23413;topic:topic_database_6d7708bc4f22	rewritten as a complete technical observation without reply pressure
v2_system_afternoon_da976d537e0b	SystemAmbient	system_ambient	system.afternoon.06	system.afternoon	system_observe	afternoon	none	gentle	0	120	120	1	1	false	true	时间已经过半，仍然可以重新安排剩余的优先级。	new_ambient	catalog:approved-design:system-time-and-safe-character-life	authored as an explicit standalone context-safe sentence
v2_system_month_boundary_19607f7e07c6	SystemAmbient	system_ambient	system.month_boundary.01	system.month_boundary	system_observe	day_changed	none	gentle	0	120	120	1	1	false	true	月份在日历边界换页，旧事项可以重新决定是否保留。	new_ambient	catalog:approved-design:system-time-and-safe-character-life	authored as an explicit standalone context-safe sentence
v2_technical_topic_database_26b459df52ac_757627fd59b1	Database	technical	topic_database_6d7708bc4f22	technical.topic_database_26b459df52ac	self_talk	any	none	dry	1	120	120	1	1	false	true	事务范围太大锁当然放不掉。	rewritten_topic	legacy:23407;topic:topic_database_6d7708bc4f22	rewritten as a complete technical observation without reply pressure
v2_technical_topic_systems_859924044650_1e1b2c117f21	Systems	technical	topic_systems_e3a9a733cad6	technical.topic_systems_859924044650	self_talk	any	none	dry	1	120	120	1	1	false	true	僵尸进程得看父进程有没有回收。	rewritten_topic	legacy:31213;topic:topic_systems_e3a9a733cad6	rewritten as a complete technical observation without reply pressure
v2_technical_topic_backend_6656e95951e3_ada79a9962dc	Backend	technical	topic_backend_7ae4c0d83072	technical.topic_backend_6656e95951e3	self_talk	any	none	dry	1	120	120	1	1	false	true	服务降级不能用空响应掩盖故障。	rewritten_topic	legacy:19512;topic:topic_backend_7ae4c0d83072	rewritten as a complete technical observation without reply pressure
v2_life_small_daydreams_f22d3072b31c	CharacterLife	character_life	life.small_daydreams.04	life.small_daydreams	self_talk	any	none	gentle	0	144	144	1	1	false	true	有些小愿望先放在心里养着，不急着立刻变成计划。	curated_standalone	catalog:approved-design:system-time-and-safe-character-life	authored as an explicit standalone context-safe sentence
v2_system_winter_afffcaa610a1	SystemAmbient	system_ambient	system.winter.03	system.winter	system_observe	day_changed	none	gentle	0	120	120	1	1	false	true	季节走到冬天，保暖和休息都属于正常维护。	new_ambient	catalog:approved-design:system-time-and-safe-character-life	authored as an explicit standalone context-safe sentence
v2_system_afternoon_2648e8af2ca2	SystemAmbient	system_ambient	system.afternoon.05	system.afternoon	system_observe	afternoon	none	gentle	0	120	120	1	1	false	true	下午像长任务的中间阶段，检查方向比盲目加速重要。	new_ambient	catalog:approved-design:system-time-and-safe-character-life	authored as an explicit standalone context-safe sentence
v2_character_life_topic_dresseshobbies_e4fc1c0537cb_80aa540b24d5	DressesHobbies	character_life	topic_dresseshobbies_19e31d03372b	character_life.topic_dresseshobbies_e4fc1c0537cb	self_talk	any	none	playful	0	144	144	1	1	false	true	学会一个新表达我会忍不住多念几遍；搭配先记好，出门省心。	rewritten_topic	legacy:72224;topic:topic_dresseshobbies_19e31d03372b	expanded into distinct standalone character-life situations
v2_easter_egg_egg_standalone_0fc870867808_ef0771fdd8e8	EasterEgg	easter_egg	egg_standalone_11787e940a89	easter_egg.egg_standalone_0fc870867808	self_talk	any	none	playful	0	720	720	1	0.1	false	true	深蓝色很稳，奶白色很软，选颜色真的会纠结。	preserved_easter_egg	legacy:75090;topic:egg_standalone_11787e940a89	retained as a safe standalone easter egg
v2_technical_topic_career_7e2afc1af671_6d09728fcd1f	Career	career	topic_career_3c52223c0e3d	technical.topic_career_7e2afc1af671	self_talk	any	none	dry	1	120	120	1	1	false	true	遇到甩锅先保存事实和时间线，再讨论责任。	rewritten_topic	legacy:50712;topic:topic_career_3c52223c0e3d	rewritten as a complete technical observation without reply pressure
v2_technical_topic_career_5f6958f7a71a_7c8884904eeb	Career	career	topic_career_3c52223c0e3d	technical.topic_career_5f6958f7a71a	self_talk	any	none	dry	1	120	120	1	1	false	true	自我介绍要自然地讲出能力和经历，别像背录音。	rewritten_topic	legacy:50708;topic:topic_career_3c52223c0e3d	rewritten as a complete technical observation without reply pressure
v2_system_winter_0d568f207329	SystemAmbient	system_ambient	system.winter.04	system.winter	system_observe	day_changed	none	gentle	0	120	120	1	1	false	true	冬季白天较短，任务数量不必因此加倍压缩。	new_ambient	catalog:approved-design:system-time-and-safe-character-life	authored as an explicit standalone context-safe sentence
v2_daily_care_topic_dailycare_3acb1b95e490_be2c035ee5be	DailyCare	daily_care	topic_dailycare_4212b8aaec87	daily_care.topic_dailycare_3acb1b95e490	ambient	any	none	gentle	0	120	120	1	1	false	true	今天如果没晒到太阳就出去走几分钟；普通地停一会儿也很好。	rewritten_topic	legacy:58508;topic:topic_dailycare_4212b8aaec87	rewritten as cautious general care without claiming user state
v2_technical_topic_architecture_933c2ec90b9d_09b8f82ef08b	Architecture	technical	topic_architecture_c5c29add0d90	technical.topic_architecture_933c2ec90b9d	self_talk	any	none	dry	1	120	120	1	1	false	true	微服务化不等于架构先进。	rewritten_topic	legacy:42916;topic:topic_architecture_c5c29add0d90	rewritten as a complete technical observation without reply pressure
v2_technical_topic_systems_1146583ec960_abed0fefc949	Systems	technical	topic_systems_e3a9a733cad6	technical.topic_systems_1146583ec960	self_talk	any	none	dry	1	120	120	1	1	false	true	锁竞争严重时 CPU 高不等于有效工作多；错误要在边界暴露。	rewritten_topic	legacy:31206;topic:topic_systems_e3a9a733cad6	rewritten as a complete technical observation without reply pressure
v2_technical_topic_java_24b2e497d7a7_4628bbcfa99c	Java	technical	topic_java_0c686ce39743	technical.topic_java_24b2e497d7a7	self_talk	any	none	dry	1	120	120	1	1	false	true	事务没生效可能是调用方式绕过代理了；资源归属要先说明。	rewritten_topic	legacy:7804;topic:topic_java_0c686ce39743	rewritten as a complete technical observation without reply pressure
v2_technical_topic_database_f84245ae6067_df7866482356	Database	technical	topic_database_26b459df52ac	technical.topic_database_f84245ae6067	self_talk	any	none	dry	1	120	120	1	1	false	true	 N 加一查询藏得还挺深。	rewritten_topic	legacy:23429;topic:topic_database_26b459df52ac	rewritten as a complete technical observation without reply pressure
v2_easter_egg_egg_standalone_11e5a123d101_9b83d615610f	EasterEgg	easter_egg	egg_standalone_ce4c54c6dff4	easter_egg.egg_standalone_11e5a123d101	self_talk	any	none	playful	0	720	720	1	0.1	false	true	练发音时录一小段，回听会比脑补准确。	preserved_easter_egg	legacy:75095;topic:egg_standalone_ce4c54c6dff4	retained as a safe standalone easter egg
v2_technical_topic_englishpractice_b51daa488192_927c1d81a5da	EnglishPractice	growth	topic_englishpractice_d8bda551676e	technical.topic_englishpractice_b51daa488192	self_talk	any	none	dry	1	120	120	1	1	false	true	学会读错误信息比背模板管用；权限先做最小化。	rewritten_topic	legacy:54614;topic:topic_englishpractice_d8bda551676e	rewritten as a complete technical observation without reply pressure
v2_technical_topic_architecture_686d148f748e_454b63be7d5a	Architecture	technical	topic_architecture_3b8edc57ca24	technical.topic_architecture_686d148f748e	self_talk	any	none	dry	1	120	120	1	1	false	true	缓存层加进去前先说清失效策略。	rewritten_topic	legacy:42913;topic:topic_architecture_3b8edc57ca24	rewritten as a complete technical observation without reply pressure
v2_technical_topic_algorithms_fb55484277bd_a086891a5cf5	Algorithms	technical	topic_algorithms_4ad2f0ec587d	technical.topic_algorithms_fb55484277bd	self_talk	any	none	dry	1	120	120	1	1	false	true	并查集先弄清到底在维护什么关系。	rewritten_topic	legacy:27329;topic:topic_algorithms_4ad2f0ec587d	rewritten as a complete technical observation without reply pressure
v2_care_hydration_meals_21afda93f906	DailyCare	daily_care	topic_dailycare_fc8599d58f4f	care.hydration_meals	ambient	any	none	gentle	0	144	144	1	1	false	true	固定一个用餐时间点，身体更容易形成稳定预期。	curated_standalone	legacy:58542;topic:topic_dailycare_fc8599d58f4f	authored as an explicit standalone context-safe sentence
v2_care_emotional_pacing_80d1179da2fe	EmotionalSupport	emotional_reflection	topic_emotionalsupport_14a8a6047468	care.emotional_pacing	self_talk	any	none	gentle	0	144	144	1	1	false	true	计划被打断并不等于整天报废，剩余部分仍然可以重新安排。	curated_standalone	legacy:62423;topic:topic_emotionalsupport_14a8a6047468	authored as an explicit standalone context-safe sentence
v2_technical_topic_gitdevops_392cf0ed7123_298e312a17b1	GitDevOps	technical	topic_gitdevops_506de9da606b	technical.topic_gitdevops_392cf0ed7123	self_talk	any	none	dry	1	120	120	1	1	false	true	构建环境和本机不一致就该固定依赖；方案理由也要记录。	rewritten_topic	legacy:39010;topic:topic_gitdevops_506de9da606b	rewritten as a complete technical observation without reply pressure
v2_technical_topic_backend_85fbc87da828_b396576768ca	Backend	technical	topic_backend_63208895b627	technical.topic_backend_85fbc87da828	self_talk	any	none	dry	1	120	120	1	1	false	true	错误码应该明确告诉调用方下一步如何处理。	rewritten_topic	legacy:19520;topic:topic_backend_63208895b627	rewritten as a complete technical observation without reply pressure
v2_daily_care_topic_dailycare_fc8599d58f4f_cee05e945965	DailyCare	daily_care	topic_dailycare_008288cd6842	daily_care.topic_dailycare_fc8599d58f4f	ambient	any	none	gentle	0	120	120	1	1	false	true	空调吹久了记得给自己加件衣服；把动作做小一点，照顾自己会更容易开始。	rewritten_topic	legacy:58535;topic:topic_dailycare_008288cd6842	rewritten as cautious general care without claiming user state
v2_technical_topic_frontend_8ce617f5a1b4_5220d87543a1	Frontend	technical	topic_frontend_33944c99354e	technical.topic_frontend_8ce617f5a1b4	self_talk	any	none	dry	1	120	120	1	1	false	true	缓存状态和服务端状态别混成一锅。	rewritten_topic	legacy:15613;topic:topic_frontend_33944c99354e	rewritten as a complete technical observation without reply pressure
v2_care_rest_sleep_03fea29e750c	DailyCare	daily_care	topic_dailycare_586c71c81237	care.rest_sleep	ambient	any	none	gentle	0	144	144	1	1	false	true	休息质量不是意志力考试，环境和节奏都会产生影响。	curated_standalone	legacy:58565;topic:topic_dailycare_586c71c81237	authored as an explicit standalone context-safe sentence
v2_daily_care_topic_dailycare_586c71c81237_5c4b24d804d3	DailyCare	daily_care	topic_dailycare_de768ce1eb6f	daily_care.topic_dailycare_586c71c81237	ambient	any	none	gentle	0	120	120	1	1	false	true	困得眼睛都睁不开就别硬写代码；先照顾最基础的需要。	rewritten_topic	legacy:58514;topic:topic_dailycare_de768ce1eb6f	rewritten as cautious general care without claiming user state
v2_system_evening_a18d45d87c27	SystemAmbient	system_ambient	system.evening.07	system.evening	system_observe	evening	none	gentle	0	120	120	1	1	false	true	白天的进度先保存，剩下的精力留给真正重要的部分。	new_ambient	catalog:approved-design:system-time-and-safe-character-life	authored as an explicit standalone context-safe sentence
v2_technical_topic_networks_f0712094db1f_0961773f56a2	Networks	technical	topic_networks_eedd4e3db8df	technical.topic_networks_f0712094db1f	self_talk	any	none	dry	1	120	120	1	1	false	true	长连接要有心跳也要处理半开状态。	rewritten_topic	legacy:35127;topic:topic_networks_eedd4e3db8df	rewritten as a complete technical observation without reply pressure
v2_character_life_topic_dresseshobbies_e23e0e99974c_55918ae88562	DressesHobbies	character_life	standalone_8279ca768612	character_life.topic_dresseshobbies_e23e0e99974c	self_talk	any	none	playful	0	144	144	1	1	false	true	生活里有点自己的小爱好才不容易闷。	rewritten_topic	legacy:72216;topic:standalone_8279ca768612	expanded into distinct standalone character-life situations
v2_technical_topic_cpp_7f6778a14a63_6b6d5d9d4ebf	Cpp	technical	topic_cpp_ed580ae5911f	technical.topic_cpp_7f6778a14a63	self_talk	any	none	dry	1	120	120	1	1	false	true	容器扩容后旧迭代器可能早失效了。	rewritten_topic	legacy:11715;topic:topic_cpp_ed580ae5911f	rewritten as a complete technical observation without reply pressure
v2_care_hydration_meals_02a119ee109c	DailyCare	daily_care	topic_dailycare_fc8599d58f4f	care.hydration_meals	ambient	any	none	gentle	0	144	144	1	1	false	true	吃饭不需要同时处理工作，短暂离开屏幕并不会耽误世界。	curated_standalone	legacy:58541;topic:topic_dailycare_fc8599d58f4f	authored as an explicit standalone context-safe sentence
v2_technical_topic_database_0d42351a5645_35e394b0578c	Database	technical	topic_database_6d7708bc4f22	technical.topic_database_0d42351a5645	self_talk	any	none	dry	1	120	120	1	1	false	true	备份必须经过恢复演练，才算真正能够使用。	rewritten_topic	legacy:23404;topic:topic_database_6d7708bc4f22	rewritten as a complete technical observation without reply pressure
v2_care_rest_sleep_b2713138c193	DailyCare	daily_care	topic_dailycare_586c71c81237	care.rest_sleep	ambient	any	none	gentle	0	144	144	1	1	false	true	睡眠状态长期异常时，专业建议比网上猜测更可靠。	curated_standalone	legacy:58564;topic:topic_dailycare_586c71c81237	authored as an explicit standalone context-safe sentence
v2_system_weekend_27e70c9bc6b8	SystemAmbient	system_ambient	system.weekend.09	system.weekend	system_observe	weekend	none	gentle	0	120	120	1	1	false	true	今天的优先级可以由舒服和必要共同决定。	new_ambient	catalog:approved-design:system-time-and-safe-character-life	authored as an explicit standalone context-safe sentence
v2_care_emotional_pacing_dacca3b69b27	EmotionalSupport	emotional_reflection	topic_emotionalsupport_3a6333648763	care.emotional_pacing	self_talk	any	none	gentle	0	144	144	1	1	false	true	难受没有统一恢复时限，慢一点也不代表停在原地。	curated_standalone	legacy:62429;topic:topic_emotionalsupport_3a6333648763	authored as an explicit standalone context-safe sentence
v2_technical_topic_study_6461a6cd06b3_9885a5e57b20	Study	growth	topic_study_6461a6cd06b3	technical.topic_study_6461a6cd06b3	self_talk	any	none	dry	1	120	120	1	1	false	true	操作系统这章先抓住进程内存和文件。	rewritten_topic	legacy:46815;topic:topic_study_6461a6cd06b3	rewritten as a complete technical observation without reply pressure
v2_technical_topic_architecture_1ea912140454_5f9ceb1fb2e6	Architecture	technical	topic_architecture_3b8edc57ca24	technical.topic_architecture_1ea912140454	self_talk	any	none	dry	1	120	120	1	1	false	true	扩展点要为真实变化留别为想象造。	rewritten_topic	legacy:42903;topic:topic_architecture_3b8edc57ca24	rewritten as a complete technical observation without reply pressure
v2_system_afternoon_824e489d309f	SystemAmbient	system_ambient	system.afternoon.01	system.afternoon	system_observe	afternoon	none	gentle	0	120	120	1	1	false	true	下午的时间容易变黏，把任务切小会更容易推进。	new_ambient	catalog:approved-design:system-time-and-safe-character-life	authored as an explicit standalone context-safe sentence
v2_technical_topic_frontend_40d0c29e52ee_e8506196c10a	Frontend	technical	topic_frontend_33944c99354e	technical.topic_frontend_40d0c29e52ee	self_talk	any	none	dry	1	120	120	1	1	false	true	样式优先级打架别继续堆 important；资源预算写成门禁。	rewritten_topic	legacy:15608;topic:topic_frontend_33944c99354e	rewritten as a complete technical observation without reply pressure
v2_technical_topic_algorithms_4f8fcf59e05f_5de2308db2f1	Algorithms	technical	topic_algorithms_ad6a8bb2c2f7	technical.topic_algorithms_4f8fcf59e05f	self_talk	any	none	dry	1	120	120	1	1	false	true	递归写之前先想终止条件和重复子问题。	rewritten_topic	legacy:27309;topic:topic_algorithms_ad6a8bb2c2f7	rewritten as a complete technical observation without reply pressure
v2_technical_topic_debugging_85ffee2564f0_3c803b2c3f3b	Debugging	technical	topic_debugging_293cbee5cbde	technical.topic_debugging_85ffee2564f0	self_talk	any	none	dry	1	120	120	1	1	false	true	空指针八成不是突然冒出来的。	rewritten_topic	legacy:19;topic:topic_debugging_293cbee5cbde	rewritten as a complete technical observation without reply pressure
v2_technical_topic_systems_bf7b565507b8_0ad748102230	Systems	technical	topic_systems_bf7b565507b8	technical.topic_systems_bf7b565507b8	self_talk	any	none	dry	1	120	120	1	1	false	true	上下文切换多了吞吐当然会掉。	rewritten_topic	legacy:31223;topic:topic_systems_bf7b565507b8	rewritten as a complete technical observation without reply pressure
v2_character_life_topic_dresseshobbies_e23e0e99974c_c5b374349933	DressesHobbies	character_life	topic_dresseshobbies_19e31d03372b	character_life.topic_dresseshobbies_e23e0e99974c	self_talk	any	none	playful	0	144	144	1	1	false	true	生活里有点自己的小爱好才不容易闷；给衣柜留出空位，选择会比堆满时更轻松。	rewritten_topic	legacy:72217;topic:topic_dresseshobbies_19e31d03372b	expanded into distinct standalone character-life situations
v2_technical_topic_algorithms_57ee368b158c_5d275281308a	Algorithms	technical	topic_algorithms_ad6a8bb2c2f7	technical.topic_algorithms_57ee368b158c	self_talk	any	none	dry	1	120	120	1	1	false	true	滑动窗口要写清左右边界。	rewritten_topic	legacy:27312;topic:topic_algorithms_ad6a8bb2c2f7	rewritten as a complete technical observation without reply pressure
v2_care_eyes_posture_fc395055b2a9	DailyCare	daily_care	topic_dailycare_fc8599d58f4f	care.eyes_posture	ambient	any	none	gentle	0	144	144	1	1	false	true	窗口亮度接近环境光，眼睛就不用频繁适应两个世界。	curated_standalone	legacy:58552;topic:topic_dailycare_fc8599d58f4f	authored as an explicit standalone context-safe sentence
v2_technical_topic_study_39598576d0ea_daeff5487111	Study	growth	topic_study_39598576d0ea	technical.topic_study_39598576d0ea	self_talk	any	none	dry	1	120	120	1	1	false	true	数据结构别光背定义要自己画一遍。	rewritten_topic	legacy:46807;topic:topic_study_39598576d0ea	rewritten as a complete technical observation without reply pressure
v2_technical_topic_career_f7c03e019598_dc47e04b0cee	Career	career	topic_career_da7dbba721be	technical.topic_career_f7c03e019598	self_talk	any	none	dry	1	120	120	1	1	false	true	面试讲项目要把难点取舍和结果说清。	rewritten_topic	legacy:50727;topic:topic_career_da7dbba721be	rewritten as a complete technical observation without reply pressure
v2_system_winter_c6522494a31f	SystemAmbient	system_ambient	system.winter.01	system.winter	system_observe	day_changed	none	gentle	0	120	120	1	1	false	true	日历进入冬季，桌面窗口看着也更想靠近一点。	new_ambient	catalog:approved-design:system-time-and-safe-character-life	authored as an explicit standalone context-safe sentence
v2_character_life_topic_dresseshobbies_18db5fccdb24_f10047330323	DressesHobbies	character_life	topic_dresseshobbies_8649e6a7ac23	character_life.topic_dresseshobbies_18db5fccdb24	self_talk	any	none	playful	0	144	144	1	1	false	true	练英语的时候读顺一句就很有成就感；把喜欢放进普通日常。	rewritten_topic	legacy:72153;topic:topic_dresseshobbies_8649e6a7ac23	expanded into distinct standalone character-life situations
v2_character_life_topic_dresseshobbies_e4fc1c0537cb_914621861828	DressesHobbies	character_life	topic_dresseshobbies_19e31d03372b	character_life.topic_dresseshobbies_e4fc1c0537cb	self_talk	any	none	playful	0	144	144	1	1	false	true	学会一个新表达我会忍不住多念几遍；整理过程不必赶，慢慢归位本身就很治愈。	rewritten_topic	legacy:72222;topic:topic_dresseshobbies_19e31d03372b	expanded into distinct standalone character-life situations
v2_technical_topic_algorithms_4ad2f0ec587d_5a441d778afc	Algorithms	technical	topic_algorithms_ad6a8bb2c2f7	technical.topic_algorithms_4ad2f0ec587d	self_talk	any	none	dry	1	120	120	1	1	false	true	动态规划先把状态含义说人话。	rewritten_topic	legacy:27307;topic:topic_algorithms_ad6a8bb2c2f7	rewritten as a complete technical observation without reply pressure
v2_technical_topic_algorithms_22303c70630c_1f6f68ff0ae8	Algorithms	technical	topic_algorithms_ad6a8bb2c2f7	technical.topic_algorithms_22303c70630c	self_talk	any	none	dry	1	120	120	1	1	false	true	极端数据也得单独验一遍。	rewritten_topic	legacy:27306;topic:topic_algorithms_ad6a8bb2c2f7	rewritten as a complete technical observation without reply pressure
v2_character_life_topic_dresseshobbies_2c3d3ce8d32c_52f5dfbd79e5	DressesHobbies	character_life	topic_dresseshobbies_8c174b2ed991	character_life.topic_dresseshobbies_2c3d3ce8d32c	self_talk	any	none	playful	0	144	144	1	1	false	true	偶尔打扮得可爱一点心情会跟着亮；听见喜欢的旋律时，练习也会少一点枯燥。	rewritten_topic	legacy:72170;topic:topic_dresseshobbies_8c174b2ed991	expanded into distinct standalone character-life situations
v2_technical_topic_debugging_4316c37d5360_80693bdd9ae0	Debugging	technical	topic_debugging_85ffee2564f0	technical.topic_debugging_4316c37d5360	self_talk	any	none	dry	1	120	120	1	1	false	true	这次卡死大概率要看线程栈和锁；返回结构要保持稳定。	rewritten_topic	legacy:10;topic:topic_debugging_85ffee2564f0	rewritten as a complete technical observation without reply pressure
v2_technical_topic_cpp_0e2c6728c58d_e919d18f525d	Cpp	technical	topic_cpp_9e8ea5301ae4	technical.topic_cpp_0e2c6728c58d	self_talk	any	none	dry	1	120	120	1	1	false	true	未定义行为即使暂时能跑，也依然不安全。	rewritten_topic	legacy:11702;topic:topic_cpp_9e8ea5301ae4	rewritten as a complete technical observation without reply pressure
v2_technical_topic_study_6461a6cd06b3_6ecc28ec6619	Study	growth	topic_study_6461a6cd06b3	technical.topic_study_6461a6cd06b3	self_talk	any	none	dry	1	120	120	1	1	false	true	操作系统这章先抓住进程内存和文件；关键行为要有测试。	rewritten_topic	legacy:46816;topic:topic_study_6461a6cd06b3	rewritten as a complete technical observation without reply pressure
v2_character_life_topic_dresseshobbies_1c0d20276055_57bfa60d9550	DressesHobbies	character_life	topic_dresseshobbies_8649e6a7ac23	character_life.topic_dresseshobbies_1c0d20276055	self_talk	any	none	playful	0	144	144	1	1	false	true	挑颜色这件事比选框架还让我纠结。	rewritten_topic	legacy:72161;topic:topic_dresseshobbies_8649e6a7ac23	expanded into distinct standalone character-life situations
v2_easter_egg_egg_standalone_0c441ff4985b_e29a7f7260c9	EasterEgg	easter_egg	egg_standalone_3ffe93bc4ab1	easter_egg.egg_standalone_0c441ff4985b	self_talk	any	none	playful	0	720	720	1	0.1	false	true	小进步不需要发布会，自己知道也有意义。	preserved_easter_egg	legacy:75086;topic:egg_standalone_3ffe93bc4ab1	retained as a safe standalone easter egg
v2_technical_topic_backend_ba36905141e7_49f2889b3659	Backend	technical	topic_backend_b97563d43020	technical.topic_backend_ba36905141e7	self_talk	any	none	dry	1	120	120	1	1	false	true	分布式锁不是加上就万事大吉。	rewritten_topic	legacy:19527;topic:topic_backend_b97563d43020	rewritten as a complete technical observation without reply pressure
v2_technical_topic_cpp_db39808086f4_70de552c045b	Cpp	technical	topic_cpp_ed580ae5911f	technical.topic_cpp_db39808086f4	self_talk	any	none	dry	1	120	120	1	1	false	true	越界写可能把别处的数据一起弄坏。	rewritten_topic	legacy:11725;topic:topic_cpp_ed580ae5911f	rewritten as a complete technical observation without reply pressure
v2_emotional_reflection_topic_emotionalsupport_0d6125ad0819_a6e06f0a599d	EmotionalSupport	emotional_reflection	topic_emotionalsupport_1e242c76b09c	emotional_reflection.topic_emotionalsupport_0d6125ad0819	self_talk	any	none	gentle	0	120	120	1	1	false	true	失败的提交可以回滚心情也能慢慢恢复；听见身体信号，不乱猜。	rewritten_topic	legacy:62403;topic:topic_emotionalsupport_1e242c76b09c	rewritten as cautious general care without claiming user state
v2_technical_topic_gitdevops_256cd4f4ab67_b8ca31f261f5	GitDevOps	technical	topic_gitdevops_506de9da606b	technical.topic_gitdevops_256cd4f4ab67	self_talk	any	none	dry	1	120	120	1	1	false	true	发布脚本得能重复跑不能靠手速。	rewritten_topic	legacy:39003;topic:topic_gitdevops_506de9da606b	rewritten as a complete technical observation without reply pressure
v2_system_summer_806a7a609316	SystemAmbient	system_ambient	system.summer.01	system.summer	system_observe	day_changed	none	gentle	0	120	120	1	1	false	true	日历进入夏季，高温时段把节奏放慢一点很合理。	new_ambient	catalog:approved-design:system-time-and-safe-character-life	authored as an explicit standalone context-safe sentence
v2_easter_egg_egg_standalone_02d6dab43ae8_661094291a43	EasterEgg	easter_egg	egg_standalone_fa9874746df4	easter_egg.egg_standalone_02d6dab43ae8	self_talk	any	none	playful	0	720	720	1	0.1	false	true	死锁现场请按顺序放下执念和互斥量。	preserved_easter_egg	legacy:75077;topic:egg_standalone_fa9874746df4	retained as a safe standalone easter egg
v2_care_emotional_pacing_c58932a89f96	EmotionalSupport	emotional_reflection	topic_emotionalsupport_3a6333648763	care.emotional_pacing	self_talk	any	none	gentle	0	144	144	1	1	false	true	焦虑擅长把未来一次加载完，现实通常只需要处理下一步。	curated_standalone	legacy:62428;topic:topic_emotionalsupport_3a6333648763	authored as an explicit standalone context-safe sentence
v2_technical_topic_database_e886faeacdcb_193100a1e680	Database	technical	topic_database_26b459df52ac	technical.topic_database_e886faeacdcb	self_talk	any	none	dry	1	120	120	1	1	false	true	索引不是越多越好写入也要付代价。	rewritten_topic	legacy:23427;topic:topic_database_26b459df52ac	rewritten as a complete technical observation without reply pressure
v2_character_life_topic_dresseshobbies_e23e0e99974c_504c543e6936	DressesHobbies	character_life	topic_dresseshobbies_19e31d03372b	character_life.topic_dresseshobbies_e23e0e99974c	self_talk	any	none	playful	0	144	144	1	1	false	true	生活里有点自己的小爱好才不容易闷；学习和爱好轮流换气。	rewritten_topic	legacy:72218;topic:topic_dresseshobbies_19e31d03372b	expanded into distinct standalone character-life situations
v2_care_eyes_posture_d6db5be21eb9	DailyCare	daily_care	topic_dailycare_586c71c81237	care.eyes_posture	ambient	any	none	gentle	0	144	144	1	1	false	true	手腕保持自然角度，长期输入会比悬着用力舒服一些。	curated_standalone	legacy:58553;topic:topic_dailycare_586c71c81237	authored as an explicit standalone context-safe sentence
v2_technical_topic_architecture_ee0aaa54c18c_7cd26dce7f16	Architecture	technical	topic_architecture_933c2ec90b9d	technical.topic_architecture_ee0aaa54c18c	self_talk	any	none	dry	1	120	120	1	1	false	true	事件驱动也得说明失败和顺序语义。	rewritten_topic	legacy:42927;topic:topic_architecture_933c2ec90b9d	rewritten as a complete technical observation without reply pressure
v2_system_summer_fc6342ae9a1e	SystemAmbient	system_ambient	system.summer.04	system.summer	system_observe	day_changed	none	gentle	0	120	120	1	1	false	true	夏季白天很长，任务却不必跟着无限延长。	new_ambient	catalog:approved-design:system-time-and-safe-character-life	authored as an explicit standalone context-safe sentence
v2_technical_topic_systems_0f2819027caa_6517481d4725	Systems	technical	topic_systems_e3a9a733cad6	technical.topic_systems_0f2819027caa	self_talk	any	none	dry	1	120	120	1	1	false	true	端序问题一跨机器就容易露馅；检查版本和环境差异，许多怪现象会立刻变普通。	rewritten_topic	legacy:31204;topic:topic_systems_e3a9a733cad6	rewritten as a complete technical observation without reply pressure
v2_technical_topic_java_547799f54879_817aa41ee061	Java	technical	topic_java_0c686ce39743	technical.topic_java_547799f54879	self_talk	any	none	dry	1	120	120	1	1	false	true	依赖冲突先看最终生效版本。	rewritten_topic	legacy:7809;topic:topic_java_0c686ce39743	rewritten as a complete technical observation without reply pressure
v2_technical_topic_systems_87b55060f6c4_184d629397f6	Systems	technical	topic_systems_bf7b565507b8	technical.topic_systems_87b55060f6c4	self_talk	any	none	dry	1	120	120	1	1	false	true	容器隔离不代表它是一台完整虚拟机。	rewritten_topic	legacy:31215;topic:topic_systems_bf7b565507b8	rewritten as a complete technical observation without reply pressure
v2_technical_topic_database_47e099c79fa9_181c52125935	Database	technical	topic_database_6d7708bc4f22	technical.topic_database_47e099c79fa9	self_talk	any	none	dry	1	120	120	1	1	false	true	排查死锁要还原双方持锁顺序，找出循环等待。	rewritten_topic	legacy:23412;topic:topic_database_6d7708bc4f22	rewritten as a complete technical observation without reply pressure
v2_system_weekend_2e2b85027610	SystemAmbient	system_ambient	system.weekend.07	system.weekend	system_observe	weekend	none	gentle	0	120	120	1	1	false	true	周末窗口继续在线，但主动发言会比平时更克制。	new_ambient	catalog:approved-design:system-time-and-safe-character-life	authored as an explicit standalone context-safe sentence
v2_technical_topic_backend_ba36905141e7_116aab1429e0	Backend	technical	topic_backend_b97563d43020	technical.topic_backend_ba36905141e7	self_talk	any	none	dry	1	120	120	1	1	false	true	分布式锁不是加上就万事大吉；失败样例要留作回归。	rewritten_topic	legacy:19528;topic:topic_backend_b97563d43020	rewritten as a complete technical observation without reply pressure
v2_technical_topic_study_7d0133a94912_d570f7229620	Study	growth	topic_study_6461a6cd06b3	technical.topic_study_7d0133a94912	self_talk	any	none	dry	1	120	120	1	1	false	true	英语文档每天啃一小段就会快起来；边界越明确，调用方需要猜测的内容就越少。	rewritten_topic	legacy:46822;topic:topic_study_6461a6cd06b3	rewritten as a complete technical observation without reply pressure
v2_technical_topic_career_a911af371270_a13cf1ad1228	Career	career	topic_career_f7c03e019598	technical.topic_career_a911af371270	self_talk	any	none	dry	1	120	120	1	1	false	true	作品集有一个完整项目胜过十个半成品。	rewritten_topic	legacy:50715;topic:topic_career_f7c03e019598	rewritten as a complete technical observation without reply pressure
v2_system_dawn_90adba991019	SystemAmbient	system_ambient	system.dawn.03	system.dawn	system_observe	morning	none	gentle	0	120	120	1	1	false	true	日历翻到新一天，程序先用安静模式慢慢预热。	new_ambient	catalog:approved-design:system-time-and-safe-character-life	authored as an explicit standalone context-safe sentence
v2_system_spring_ed706d757020	SystemAmbient	system_ambient	system.spring.08	system.spring	system_observe	day_changed	none	gentle	0	120	120	1	1	false	true	春天的任务列表可以短一点，让新鲜感多待一会儿。	new_ambient	catalog:approved-design:system-time-and-safe-character-life	authored as an explicit standalone context-safe sentence
v2_technical_topic_frontend_af8d6f15b204_8a2b825ebeed	Frontend	technical	topic_frontend_daf95cc135ab	technical.topic_frontend_af8d6f15b204	self_talk	any	none	dry	1	120	120	1	1	false	true	表单校验别只在前端自我感动。	rewritten_topic	legacy:15623;topic:topic_frontend_daf95cc135ab	rewritten as a complete technical observation without reply pressure
v2_technical_topic_python_9cb2166418ec_c72e16c56df3	Python	technical	topic_python_8fe2bf6cf4e9	technical.topic_python_9cb2166418ec	self_talk	any	none	dry	1	120	120	1	1	false	true	装饰器先弄清闭包里捕获了什么；先压缩问题范围，再把复杂工具请进现场。	rewritten_topic	legacy:3918;topic:topic_python_8fe2bf6cf4e9	rewritten as a complete technical observation without reply pressure
v2_technical_topic_database_0b76a487d053_ddd4c2c6b643	Database	technical	topic_database_6d7708bc4f22	technical.topic_database_0b76a487d053	self_talk	any	none	dry	1	120	120	1	1	false	true	唯一约束应该由数据库最后兜底。	rewritten_topic	legacy:23401;topic:topic_database_6d7708bc4f22	rewritten as a complete technical observation without reply pressure
v2_character_life_topic_dresseshobbies_8649e6a7ac23_5deb039d4985	DressesHobbies	character_life	topic_dresseshobbies_18db5fccdb24	character_life.topic_dresseshobbies_8649e6a7ac23	self_talk	any	none	playful	0	144	144	1	1	false	true	看到好看的小裙子我真的会多看几眼。	rewritten_topic	legacy:72181;topic:topic_dresseshobbies_18db5fccdb24	expanded into distinct standalone character-life situations
v2_daily_care_topic_dailycare_008288cd6842_2fdf46424ad0	DailyCare	daily_care	topic_dailycare_4212b8aaec87	daily_care.topic_dailycare_008288cd6842	ambient	any	none	gentle	0	120	120	1	1	false	true	饭点到了别拿一包零食当正餐；留一点余地，比逼着自己立刻恢复更稳妥。	rewritten_topic	legacy:58503;topic:topic_dailycare_4212b8aaec87	rewritten as cautious general care without claiming user state
v2_care_emotional_pacing_a56f8945b704	EmotionalSupport	emotional_reflection	topic_emotionalsupport_3a6333648763	care.emotional_pacing	self_talk	any	none	gentle	0	144	144	1	1	false	true	一次失误只说明那次没有做好，不会自动扩展成全部能力。	curated_standalone	legacy:62427;topic:topic_emotionalsupport_3a6333648763	authored as an explicit standalone context-safe sentence
v2_technical_topic_java_283c79fd09f1_cbdc8e99ce69	Java	technical	topic_java_0c686ce39743	technical.topic_java_283c79fd09f1	self_talk	any	none	dry	1	120	120	1	1	false	true	锁范围太大并发当然上不去；副作用尽量留在边界。	rewritten_topic	legacy:7806;topic:topic_java_0c686ce39743	rewritten as a complete technical observation without reply pressure
v2_life_paper_plants_b4555177ce7f	CharacterLife	character_life	life.paper_plants.03	life.paper_plants	self_talk	any	none	gentle	0	144	144	1	1	false	true	给小盆栽转个方向，叶子就能更均匀地接到光。	curated_standalone	catalog:approved-design:system-time-and-safe-character-life	authored as an explicit standalone context-safe sentence
v2_character_life_topic_dresseshobbies_8c174b2ed991_73fdc7437d47	DressesHobbies	character_life	topic_dresseshobbies_1c0d20276055	character_life.topic_dresseshobbies_8c174b2ed991	self_talk	any	none	playful	0	144	144	1	1	false	true	衣柜再小也得给喜欢的裙子留个位置；学习和爱好轮流换气。	rewritten_topic	legacy:72193;topic:topic_dresseshobbies_1c0d20276055	expanded into distinct standalone character-life situations
v2_care_emotional_pacing_3a9cb3ae50b7	EmotionalSupport	emotional_reflection	topic_emotionalsupport_14a8a6047468	care.emotional_pacing	self_talk	any	none	gentle	0	144	144	1	1	false	true	情绪出现时不必马上给它判对错，先承认存在就够了。	curated_standalone	legacy:62422;topic:topic_emotionalsupport_14a8a6047468	authored as an explicit standalone context-safe sentence
v2_system_afternoon_1d4bc1f9ebd5	SystemAmbient	system_ambient	system.afternoon.09	system.afternoon	system_observe	afternoon	none	gentle	0	120	120	1	1	false	true	下午不一定要高性能，稳定输出一点就很够用。	new_ambient	catalog:approved-design:system-time-and-safe-character-life	authored as an explicit standalone context-safe sentence
v2_system_noon_9c44585e9c23	SystemAmbient	system_ambient	system.noon.10	system.noon	system_observe	noon	none	gentle	0	120	120	1	1	false	true	一天还有后半程，眼下不用把全部电量一次花完。	new_ambient	catalog:approved-design:system-time-and-safe-character-life	authored as an explicit standalone context-safe sentence
v2_technical_topic_architecture_c5c29add0d90_96e6dd82c712	Architecture	technical	topic_architecture_c5c29add0d90	technical.topic_architecture_c5c29add0d90	self_talk	any	none	dry	1	120	120	1	1	false	true	抽象太早会把简单需求做成迷宫。	rewritten_topic	legacy:42923;topic:topic_architecture_c5c29add0d90	rewritten as a complete technical observation without reply pressure
v2_easter_egg_egg_standalone_1b502912b9d7_6d23ef89a326	EasterEgg	easter_egg	egg_standalone_ba67b3ca06e9	easter_egg.egg_standalone_1b502912b9d7	self_talk	any	none	playful	0	720	720	1	0.1	false	true	HTTPS 保护传输，密钥仍然不要写进仓库。	preserved_easter_egg	legacy:75100;topic:egg_standalone_ba67b3ca06e9	retained as a safe standalone easter egg
v2_technical_topic_study_735477b7b948_4a192e2fbf7c	Study	growth	topic_study_6461a6cd06b3	technical.topic_study_735477b7b948	self_talk	any	none	dry	1	120	120	1	1	false	true	编译原理再抽象也能拆成几个阶段；把失败路径也走一遍，成功样例才算完整。	rewritten_topic	legacy:46820;topic:topic_study_6461a6cd06b3	rewritten as a complete technical observation without reply pressure
v2_technical_topic_algorithms_e113f4119e5a_709fa1bfdd42	Algorithms	technical	topic_algorithms_66f62e1cff66	technical.topic_algorithms_e113f4119e5a	self_talk	any	none	dry	1	120	120	1	1	false	true	贪心不是看起来顺眼就直接选。	rewritten_topic	legacy:27325;topic:topic_algorithms_66f62e1cff66	rewritten as a complete technical observation without reply pressure
v2_technical_topic_debugging_5a7703f5e86c_c2993d9d867a	Debugging	technical	topic_debugging_85ffee2564f0	technical.topic_debugging_5a7703f5e86c	self_talk	any	none	dry	1	120	120	1	1	false	true	精度问题先看浮点比较方式；事实来源只留一个。	rewritten_topic	legacy:12;topic:topic_debugging_85ffee2564f0	rewritten as a complete technical observation without reply pressure
v2_technical_topic_study_f9326eb2ead8_fda20266c835	Study	growth	topic_study_6461a6cd06b3	technical.topic_study_f9326eb2ead8	self_talk	any	none	dry	1	120	120	1	1	false	true	离散数学看不顺先拿小例子代进去；复杂度要对应规模。	rewritten_topic	legacy:46826;topic:topic_study_6461a6cd06b3	rewritten as a complete technical observation without reply pressure
v2_easter_egg_egg_standalone_15e9f0f473fc_ba7f94ab38a0	EasterEgg	easter_egg	egg_standalone_de3c87fe7fda	easter_egg.egg_standalone_15e9f0f473fc	self_talk	any	none	playful	0	720	720	1	0.1	false	true	字幕不是作弊，是过渡工具，用得明白就行。	preserved_easter_egg	legacy:75096;topic:egg_standalone_de3c87fe7fda	retained as a safe standalone easter egg
v2_technical_topic_cpp_0e2c6728c58d_ef3b88cb338d	Cpp	technical	topic_cpp_9e8ea5301ae4	technical.topic_cpp_0e2c6728c58d	self_talk	any	none	dry	1	120	120	1	1	false	true	未定义行为不会因为暂时能跑就变安全。	rewritten_topic	legacy:11701;topic:topic_cpp_9e8ea5301ae4	rewritten as a complete technical observation without reply pressure
v2_system_late_night_c0bca73549b6	SystemAmbient	system_ambient	system.late_night.10	system.late_night	system_observe	late_night	none	gentle	0	120	120	1	1	false	true	这条夜间提示到此为止，后面不会继续追着说话。	new_ambient	catalog:approved-design:system-time-and-safe-character-life	authored as an explicit standalone context-safe sentence
v2_technical_topic_python_49fc39fe14a3_f67f2036c7ed	Python	technical	topic_python_a73db8277bbb	technical.topic_python_49fc39fe14a3	self_talk	any	none	dry	1	120	120	1	1	false	true	字典取值不确定就别硬写方括号。	rewritten_topic	legacy:3907;topic:topic_python_a73db8277bbb	rewritten as a complete technical observation without reply pressure
v2_technical_topic_java_a730b9cbe2c7_d8f39751e5b6	Java	technical	topic_java_d294dacb12d3	technical.topic_java_a730b9cbe2c7	self_talk	any	none	dry	1	120	120	1	1	false	true	集合遍历时修改结构很容易出事；异常原因链不能丢。	rewritten_topic	legacy:7816;topic:topic_java_d294dacb12d3	rewritten as a complete technical observation without reply pressure
v2_care_emotional_pacing_23f90db3f122	EmotionalSupport	emotional_reflection	topic_emotionalsupport_3a6333648763	care.emotional_pacing	self_talk	any	none	gentle	0	144	144	1	1	false	true	把无法控制的部分暂时放下，手边的小事会重新显出轮廓。	curated_standalone	legacy:62430;topic:topic_emotionalsupport_3a6333648763	authored as an explicit standalone context-safe sentence
v2_technical_topic_debugging_2ff78387a51e_1333dae9f912	Debugging	technical	topic_debugging_85ffee2564f0	technical.topic_debugging_2ff78387a51e	self_talk	any	none	dry	1	120	120	1	1	false	true	配置不生效先看实际加载的是哪一份。	rewritten_topic	legacy:5;topic:topic_debugging_85ffee2564f0	rewritten as a complete technical observation without reply pressure
v2_technical_topic_networks_ccf8c5ae3474_17d18c359cca	Networks	technical	topic_networks_6c7352dd659a	technical.topic_networks_ccf8c5ae3474	self_talk	any	none	dry	1	120	120	1	1	false	true	接口签名必须防重放还要校验时效。	rewritten_topic	legacy:35119;topic:topic_networks_6c7352dd659a	rewritten as a complete technical observation without reply pressure
v2_character_life_topic_dresseshobbies_e4fc1c0537cb_de4d95683f73	DressesHobbies	character_life	topic_dresseshobbies_19e31d03372b	character_life.topic_dresseshobbies_e4fc1c0537cb	self_talk	any	none	playful	0	144	144	1	1	false	true	学会一个新表达我会忍不住多念几遍；实用和可爱可以一起要。	rewritten_topic	legacy:72223;topic:topic_dresseshobbies_19e31d03372b	expanded into distinct standalone character-life situations
v2_technical_topic_debugging_77cbf0198e53_12854631817f	Debugging	technical	topic_debugging_293cbee5cbde	technical.topic_debugging_77cbf0198e53	self_talk	any	none	dry	1	120	120	1	1	false	true	并发问题先确认共享状态是谁改的。	rewritten_topic	legacy:15;topic:topic_debugging_293cbee5cbde	rewritten as a complete technical observation without reply pressure
v2_system_evening_76bc69f32050	SystemAmbient	system_ambient	system.evening.01	system.evening	system_observe	evening	none	gentle	0	120	120	1	1	false	true	傍晚到了，白天的任务可以开始慢慢收边。	new_ambient	catalog:approved-design:system-time-and-safe-character-life	authored as an explicit standalone context-safe sentence
v2_technical_topic_backend_9d94d2ae7862_d8c04677b6c5	Backend	technical	topic_backend_63208895b627	technical.topic_backend_9d94d2ae7862	self_talk	any	none	dry	1	120	120	1	1	false	true	防止缓存击穿要把热点分布和过期策略一起考虑。	rewritten_topic	legacy:19522;topic:topic_backend_63208895b627	rewritten as a complete technical observation without reply pressure
v2_technical_topic_backend_0ef5a7c2b078_1b1ae3ea7927	Backend	technical	topic_backend_7ae4c0d83072	technical.topic_backend_0ef5a7c2b078	self_talk	any	none	dry	1	120	120	1	1	false	true	文件上传先限制大小类型和路径。	rewritten_topic	legacy:19501;topic:topic_backend_7ae4c0d83072	rewritten as a complete technical observation without reply pressure
v2_technical_topic_python_e48642fb5770_3e7d11e28895	Python	technical	topic_python_8fe2bf6cf4e9	technical.topic_python_e48642fb5770	self_talk	any	none	dry	1	120	120	1	1	false	true	pandas 这段循环八成能向量化。	rewritten_topic	legacy:3925;topic:topic_python_8fe2bf6cf4e9	rewritten as a complete technical observation without reply pressure
v2_technical_topic_architecture_269cfade4d38_74d0a716215b	Architecture	technical	topic_architecture_3b8edc57ca24	technical.topic_architecture_269cfade4d38	self_talk	any	none	dry	1	120	120	1	1	false	true	一致性目标要先于架构图。	rewritten_topic	legacy:42906;topic:topic_architecture_3b8edc57ca24	rewritten as a complete technical observation without reply pressure
v2_easter_egg_egg_standalone_0ac4c318beca_b8c6897e8775	EasterEgg	easter_egg	egg_standalone_abe54b7f26b0	easter_egg.egg_standalone_0ac4c318beca	self_talk	any	none	playful	0	720	720	1	0.1	false	true	打工的工牌会换，认真生活的那个人没换。	preserved_easter_egg	legacy:75083;topic:egg_standalone_abe54b7f26b0	retained as a safe standalone easter egg
v2_technical_topic_career_c455f43e7afe_2b0391f935e4	Career	career	topic_career_f7c03e019598	technical.topic_career_c455f43e7afe	self_talk	any	none	dry	1	120	120	1	1	false	true	实习选择要看能不能真正做事。	rewritten_topic	legacy:50721;topic:topic_career_f7c03e019598	rewritten as a complete technical observation without reply pressure
v2_system_summer_e594bfdbb1db	SystemAmbient	system_ambient	system.summer.08	system.summer	system_observe	day_changed	none	gentle	0	120	120	1	1	false	true	季节很热闹，桌面提示反而应该更安静。	new_ambient	catalog:approved-design:system-time-and-safe-character-life	authored as an explicit standalone context-safe sentence
v2_daily_care_topic_dailycare_765998c970de_c18d3353fdfe	DailyCare	daily_care	topic_dailycare_de768ce1eb6f	daily_care.topic_dailycare_765998c970de	ambient	any	none	gentle	0	120	120	1	1	false	true	咖啡喝太晚今晚又要睡不着；允许状态有波动，计划才不会一碰现实就碎掉。	rewritten_topic	legacy:58523;topic:topic_dailycare_de768ce1eb6f	rewritten as cautious general care without claiming user state
v2_technical_topic_cpp_9e8ea5301ae4_8e9503fdab24	Cpp	technical	topic_cpp_ed580ae5911f	technical.topic_cpp_9e8ea5301ae4	self_talk	any	none	dry	1	120	120	1	1	false	true	C++ 这个悬空指针一眼就很不安分。	rewritten_topic	legacy:11717;topic:topic_cpp_ed580ae5911f	rewritten as a complete technical observation without reply pressure
v2_technical_topic_career_7e2afc1af671_9013e5f6cc95	Career	career	topic_career_3c52223c0e3d	technical.topic_career_7e2afc1af671	self_talk	any	none	dry	1	120	120	1	1	false	true	遇到甩锅先把事实和时间线留好。	rewritten_topic	legacy:50711;topic:topic_career_3c52223c0e3d	rewritten as a complete technical observation without reply pressure
v2_technical_topic_architecture_ef9af7db87e1_e705f39112e6	Architecture	technical	topic_architecture_933c2ec90b9d	technical.topic_architecture_ef9af7db87e1	self_talk	any	none	dry	1	120	120	1	1	false	true	可观测性应该跟功能一起设计；返回结构要保持稳定。	rewritten_topic	legacy:42930;topic:topic_architecture_933c2ec90b9d	rewritten as a complete technical observation without reply pressure
v2_technical_topic_backend_149bd3a8fd58_b34ce5e9f1e8	Backend	technical	topic_backend_7ae4c0d83072	technical.topic_backend_149bd3a8fd58	self_talk	any	none	dry	1	120	120	1	1	false	true	批处理一次塞太多内存肯定难受。	rewritten_topic	legacy:19503;topic:topic_backend_7ae4c0d83072	rewritten as a complete technical observation without reply pressure
v2_technical_topic_algorithms_f403180ba575_d6b4ecb30d40	Algorithms	technical	topic_algorithms_4ad2f0ec587d	technical.topic_algorithms_f403180ba575	self_talk	any	none	dry	1	120	120	1	1	false	true	图遍历要统一访问标记时机。	rewritten_topic	legacy:27328;topic:topic_algorithms_4ad2f0ec587d	rewritten as a complete technical observation without reply pressure
v2_technical_topic_cpp_6d558c915d02_9a55a33b34c4	Cpp	technical	topic_cpp_9e8ea5301ae4	technical.topic_cpp_6d558c915d02	self_talk	any	none	dry	1	120	120	1	1	false	true	多线程下这个原子性不能靠运气。	rewritten_topic	legacy:11713;topic:topic_cpp_9e8ea5301ae4	rewritten as a complete technical observation without reply pressure
v2_system_autumn_eec445cd10c2	SystemAmbient	system_ambient	system.autumn.06	system.autumn	system_observe	day_changed	none	gentle	0	120	120	1	1	false	true	季节很适合读几页书，不追求一次看完。	new_ambient	catalog:approved-design:system-time-and-safe-character-life	authored as an explicit standalone context-safe sentence
v2_technical_topic_gitdevops_d58bd291f3ab_3215a1808af0	GitDevOps	technical	topic_gitdevops_19226aa98b7c	technical.topic_gitdevops_d58bd291f3ab	self_talk	any	none	dry	1	120	120	1	1	false	true	生产改动至少要留下谁在何时改了什么；数据流向要先画清。	rewritten_topic	legacy:39026;topic:topic_gitdevops_19226aa98b7c	rewritten as a complete technical observation without reply pressure
v2_technical_topic_java_d294dacb12d3_75bc559c8a3c	Java	technical	topic_java_d294dacb12d3	technical.topic_java_d294dacb12d3	self_talk	any	none	dry	1	120	120	1	1	false	true	Stream 链写太长了调试起来真折磨人。	rewritten_topic	legacy:7821;topic:topic_java_d294dacb12d3	rewritten as a complete technical observation without reply pressure
v2_technical_topic_backend_85fbc87da828_c21df9e5b73e	Backend	technical	topic_backend_63208895b627	technical.topic_backend_85fbc87da828	self_talk	any	none	dry	1	120	120	1	1	false	true	错误码要让调用方知道怎么处理。	rewritten_topic	legacy:19519;topic:topic_backend_63208895b627	rewritten as a complete technical observation without reply pressure
v2_emotional_reflection_topic_emotionalsupport_0d6125ad0819_a6808c35591d	EmotionalSupport	emotional_reflection	topic_emotionalsupport_1e242c76b09c	emotional_reflection.topic_emotionalsupport_0d6125ad0819	self_talk	any	none	gentle	0	120	120	1	1	false	true	失败的提交可以回滚心情也能慢慢恢复。	rewritten_topic	legacy:62401;topic:topic_emotionalsupport_1e242c76b09c	rewritten as cautious general care without claiming user state
v2_character_life_topic_dresseshobbies_8649e6a7ac23_abf6f56008ef	DressesHobbies	character_life	topic_dresseshobbies_18db5fccdb24	character_life.topic_dresseshobbies_8649e6a7ac23	self_talk	any	none	playful	0	144	144	1	1	false	true	看到好看的小裙子我真的会多看几眼；颜色材质舒服就耐看。	rewritten_topic	legacy:72182;topic:topic_dresseshobbies_18db5fccdb24	expanded into distinct standalone character-life situations
v2_care_rest_sleep_48b287ced7c4	DailyCare	daily_care	topic_dailycare_586c71c81237	care.rest_sleep	ambient	any	none	gentle	0	144	144	1	1	false	true	睡前把未完成事项写下来，大脑就不必整夜负责记账。	curated_standalone	legacy:58558;topic:topic_dailycare_586c71c81237	authored as an explicit standalone context-safe sentence
v2_care_hydration_meals_604c00f83127	DailyCare	daily_care	topic_dailycare_008288cd6842	care.hydration_meals	ambient	any	none	gentle	0	144	144	1	1	false	true	水杯放在看得见的地方，补水这件事会更容易想起来。	curated_standalone	legacy:58537;topic:topic_dailycare_008288cd6842	authored as an explicit standalone context-safe sentence
v2_emotional_reflection_topic_emotionalsupport_c9c0f728c354_8d43c11e0ed5	EmotionalSupport	emotional_reflection	topic_emotionalsupport_14a8a6047468	emotional_reflection.topic_emotionalsupport_c9c0f728c354	self_talk	any	none	gentle	0	120	120	1	1	false	true	犯错以后愿意修正就已经很勇敢；把注意力放回可控的小事，心里会少一点拥挤。	rewritten_topic	legacy:62421;topic:topic_emotionalsupport_14a8a6047468	rewritten as cautious general care without claiming user state
v2_character_life_topic_dresseshobbies_a1d4b73c27e3_6e927cb64c99	DressesHobbies	character_life	topic_dresseshobbies_1c0d20276055	character_life.topic_dresseshobbies_a1d4b73c27e3	self_talk	any	none	playful	0	144	144	1	1	false	true	裙摆转起来那一下真的很容易开心。	rewritten_topic	legacy:72196;topic:topic_dresseshobbies_1c0d20276055	expanded into distinct standalone character-life situations
v2_technical_topic_gitdevops_2fc540281ebd_cf250beb797a	GitDevOps	technical	topic_gitdevops_506de9da606b	technical.topic_gitdevops_2fc540281ebd	self_talk	any	none	dry	1	120	120	1	1	false	true	rebase 前先确认分支有没有被别人依赖。	rewritten_topic	legacy:39005;topic:topic_gitdevops_506de9da606b	rewritten as a complete technical observation without reply pressure
v2_easter_egg_egg_standalone_10b45ba96be3_c42a12b8b845	EasterEgg	easter_egg	egg_standalone_21019c22f295	easter_egg.egg_standalone_10b45ba96be3	self_talk	any	none	playful	0	720	720	1	0.1	false	true	今天笑不出来也不用勉强，普通地过完就好。	preserved_easter_egg	legacy:75091;topic:egg_standalone_21019c22f295	retained as a safe standalone easter egg
v2_system_dawn_95fbd0e4d176	SystemAmbient	system_ambient	system.dawn.02	system.dawn	system_observe	morning	none	gentle	0	120	120	1	1	false	true	清晨的时间很薄，连通知都该轻一点落下来。	new_ambient	catalog:approved-design:system-time-and-safe-character-life	authored as an explicit standalone context-safe sentence
v2_technical_topic_architecture_933c2ec90b9d_257e39f313f7	Architecture	technical	topic_architecture_c5c29add0d90	technical.topic_architecture_933c2ec90b9d	self_talk	any	none	dry	1	120	120	1	1	false	true	所有东西都微服务化不叫先进。	rewritten_topic	legacy:42915;topic:topic_architecture_c5c29add0d90	rewritten as a complete technical observation without reply pressure
v2_system_winter_2db44a9af856	SystemAmbient	system_ambient	system.winter.07	system.winter	system_observe	day_changed	none	gentle	0	120	120	1	1	false	true	冬天的清单短一点，完成时反而更有踏实感。	new_ambient	catalog:approved-design:system-time-and-safe-character-life	authored as an explicit standalone context-safe sentence
v2_technical_topic_networks_ca3dbf9bab24_519ef26cb48e	Networks	technical	topic_networks_6c7352dd659a	technical.topic_networks_ca3dbf9bab24	self_talk	any	none	dry	1	120	120	1	1	false	true	HTTPS 出错先看证书链和系统时间。	rewritten_topic	legacy:35117;topic:topic_networks_6c7352dd659a	rewritten as a complete technical observation without reply pressure
v2_technical_topic_database_6d7708bc4f22_721847fad7dc	Database	technical	topic_database_e886faeacdcb	technical.topic_database_6d7708bc4f22	self_talk	any	none	dry	1	120	120	1	1	false	true	慢SQL先看执行计划和真实数据，别凭直觉猜测。	rewritten_topic	legacy:23416;topic:topic_database_e886faeacdcb	rewritten as a complete technical observation without reply pressure
v2_care_rest_sleep_b03e1c8d3c59	DailyCare	daily_care	topic_dailycare_586c71c81237	care.rest_sleep	ambient	any	none	gentle	0	144	144	1	1	false	true	短暂闭眼和安静坐着也算休息，不必把恢复做成新任务。	curated_standalone	legacy:58560;topic:topic_dailycare_586c71c81237	authored as an explicit standalone context-safe sentence
v2_character_life_topic_dresseshobbies_cd0fe88d0c6f_32e787ae5334	DressesHobbies	character_life	topic_dresseshobbies_2c3d3ce8d32c	character_life.topic_dresseshobbies_cd0fe88d0c6f	self_talk	any	none	playful	0	144	144	1	1	false	true	周末慢慢整理房间像给脑子清缓存；只留适合自己的潮流。	rewritten_topic	legacy:72214;topic:topic_dresseshobbies_2c3d3ce8d32c	expanded into distinct standalone character-life situations
v2_system_spring_faf5deecd5ad	SystemAmbient	system_ambient	system.spring.02	system.spring	system_observe	day_changed	none	gentle	0	120	120	1	1	false	true	春天适合慢慢恢复活动，不必一口气把计划全部种下。	new_ambient	catalog:approved-design:system-time-and-safe-character-life	authored as an explicit standalone context-safe sentence
v2_system_holiday_795018c37d06	SystemAmbient	system_ambient	system.holiday.04	system.holiday	system_observe	holiday	none	gentle	0	120	120	1	1	false	true	节日的意义不用统一解释，舒服地经过就很好。	new_ambient	catalog:approved-design:system-time-and-safe-character-life	authored as an explicit standalone context-safe sentence
v2_technical_topic_database_9155fac66261_83f8e07af62c	Database	technical	topic_database_e886faeacdcb	technical.topic_database_9155fac66261	self_talk	any	none	dry	1	120	120	1	1	false	true	联表结果膨胀先看基数估算；时间和随机性都要可控。	rewritten_topic	legacy:23420;topic:topic_database_e886faeacdcb	rewritten as a complete technical observation without reply pressure
v2_character_life_topic_dresseshobbies_18db5fccdb24_a32314d7696d	DressesHobbies	character_life	topic_dresseshobbies_8649e6a7ac23	character_life.topic_dresseshobbies_18db5fccdb24	self_talk	any	none	playful	0	144	144	1	1	false	true	练英语的时候读顺一句就很有成就感；小爱好带来一点亮色。	rewritten_topic	legacy:72152;topic:topic_dresseshobbies_8649e6a7ac23	expanded into distinct standalone character-life situations
v2_technical_topic_java_547799f54879_4821bb80674d	Java	technical	topic_java_0c686ce39743	technical.topic_java_547799f54879	self_talk	any	none	dry	1	120	120	1	1	false	true	依赖冲突先看最终生效版本；先验证协议语义，再怀疑某个框架偷偷作怪。	rewritten_topic	legacy:7810;topic:topic_java_0c686ce39743	rewritten as a complete technical observation without reply pressure
v2_technical_topic_study_39598576d0ea_c9204457c012	Study	growth	topic_study_39598576d0ea	technical.topic_study_39598576d0ea	self_talk	any	none	dry	1	120	120	1	1	false	true	数据结构别光背定义要自己画一遍；先写清输入和边界。	rewritten_topic	legacy:46808;topic:topic_study_39598576d0ea	rewritten as a complete technical observation without reply pressure
v2_care_emotional_pacing_e07953419fdb	EmotionalSupport	emotional_reflection	topic_emotionalsupport_3a6333648763	care.emotional_pacing	self_talk	any	none	gentle	0	144	144	1	1	false	true	需要求助时找可信的人或专业支持，比独自硬扛更可靠。	curated_standalone	legacy:62431;topic:topic_emotionalsupport_3a6333648763	authored as an explicit standalone context-safe sentence
v2_technical_topic_algorithms_f403180ba575_c9f95111f4e9	Algorithms	technical	topic_algorithms_4ad2f0ec587d	technical.topic_algorithms_f403180ba575	self_talk	any	none	dry	1	120	120	1	1	false	true	图遍历先决定节点什么时候算访问过。	rewritten_topic	legacy:27327;topic:topic_algorithms_4ad2f0ec587d	rewritten as a complete technical observation without reply pressure
v2_daily_care_topic_dailycare_e05947e38717_59ae8036fdf6	DailyCare	daily_care	topic_dailycare_008288cd6842	daily_care.topic_dailycare_e05947e38717	ambient	any	none	gentle	0	120	120	1	1	false	true	胃不舒服还空腹扛着真的很笨。	rewritten_topic	legacy:58531;topic:topic_dailycare_008288cd6842	rewritten as cautious general care without claiming user state
v2_technical_topic_career_c2b2cbd1f3fc_a037a02790e3	Career	career	topic_career_f7c03e019598	technical.topic_career_c2b2cbd1f3fc	self_talk	any	none	dry	1	120	120	1	1	false	true	岗位要求写得吓人也可以先投；测试名写清条件结果。	rewritten_topic	legacy:50720;topic:topic_career_f7c03e019598	rewritten as a complete technical observation without reply pressure
v2_technical_topic_debugging_762b380363f8_0eaa606839d8	Debugging	technical	topic_debugging_85ffee2564f0	technical.topic_debugging_762b380363f8	self_talk	any	none	dry	1	120	120	1	1	false	true	内存上涨先分清泄漏还是缓存。	rewritten_topic	legacy:13;topic:topic_debugging_85ffee2564f0	rewritten as a complete technical observation without reply pressure
v2_system_weekend_1043885ea5d1	SystemAmbient	system_ambient	system.weekend.08	system.weekend	system_observe	weekend	none	gentle	0	120	120	1	1	false	true	日历上的休息日不是缓存区，不必塞满延期任务。	new_ambient	catalog:approved-design:system-time-and-safe-character-life	authored as an explicit standalone context-safe sentence
v2_technical_topic_java_283c79fd09f1_38e2fde56c02	Java	technical	topic_java_0c686ce39743	technical.topic_java_283c79fd09f1	self_talk	any	none	dry	1	120	120	1	1	false	true	锁范围太大并发当然上不去。	rewritten_topic	legacy:7805;topic:topic_java_0c686ce39743	rewritten as a complete technical observation without reply pressure
v2_system_autumn_919b8c3ae83c	SystemAmbient	system_ambient	system.autumn.02	system.autumn	system_observe	day_changed	none	gentle	0	120	120	1	1	false	true	秋天像一次温和的整理，不需要把所有旧东西都删除。	new_ambient	catalog:approved-design:system-time-and-safe-character-life	authored as an explicit standalone context-safe sentence
v2_technical_topic_gitdevops_8c8fe1a8bc18_0d7a73227c99	GitDevOps	technical	topic_gitdevops_19226aa98b7c	technical.topic_gitdevops_8c8fe1a8bc18	self_talk	any	none	dry	1	120	120	1	1	false	true	监控只报红却不告诉影响范围很烦；先查版本和环境差异。	rewritten_topic	legacy:39018;topic:topic_gitdevops_19226aa98b7c	rewritten as a complete technical observation without reply pressure
v2_daily_care_topic_dailycare_fc8599d58f4f_a195732b025f	DailyCare	daily_care	topic_dailycare_008288cd6842	daily_care.topic_dailycare_fc8599d58f4f	ambient	any	none	gentle	0	120	120	1	1	false	true	空调吹久了记得给自己加件衣服；不追求一次做到满分，能持续就已经很好。	rewritten_topic	legacy:58536;topic:topic_dailycare_008288cd6842	rewritten as cautious general care without claiming user state
v2_life_small_daydreams_583339814639	CharacterLife	character_life	life.small_daydreams.05	life.small_daydreams	self_talk	any	none	gentle	0	144	144	1	1	false	true	口袋里留一颗糖的感觉，像给未来放了一个小彩蛋。	curated_standalone	catalog:approved-design:system-time-and-safe-character-life	authored as an explicit standalone context-safe sentence
v2_technical_topic_networks_4be4f0fa0ea0_23843c5f3970	Networks	technical	topic_networks_4be4f0fa0ea0	technical.topic_networks_4be4f0fa0ea0	self_talk	any	none	dry	1	120	120	1	1	false	true	连接超时先确认 DNS 和路由。	rewritten_topic	legacy:35109;topic:topic_networks_4be4f0fa0ea0	rewritten as a complete technical observation without reply pressure
v2_system_morning_097c0472f888	SystemAmbient	system_ambient	system.morning.01	system.morning	system_observe	morning	none	gentle	0	120	120	1	1	false	true	早上的桌面刚进入工作区，先留出一点清爽空间。	new_ambient	catalog:approved-design:system-time-and-safe-character-life	authored as an explicit standalone context-safe sentence
v2_daily_care_topic_dailycare_afab65745a22_827319d36da7	DailyCare	daily_care	topic_dailycare_008288cd6842	daily_care.topic_dailycare_afab65745a22	ambient	any	none	gentle	0	120	120	1	1	false	true	睡前还盯着报错大脑会继续加班；需要专业帮助的情况应该交给专业人士判断。	rewritten_topic	legacy:58530;topic:topic_dailycare_008288cd6842	rewritten as cautious general care without claiming user state
v2_technical_topic_cpp_ad6ae0039945_67bd34423285	Cpp	technical	topic_cpp_ed580ae5911f	technical.topic_cpp_ad6ae0039945	self_talk	any	none	dry	1	120	120	1	1	false	true	裸 new 到处飞真的很难收场。	rewritten_topic	legacy:11719;topic:topic_cpp_ed580ae5911f	rewritten as a complete technical observation without reply pressure
v2_character_life_topic_dresseshobbies_a1d4b73c27e3_4b8c216795a5	DressesHobbies	character_life	topic_dresseshobbies_1c0d20276055	character_life.topic_dresseshobbies_a1d4b73c27e3	self_talk	any	none	playful	0	144	144	1	1	false	true	裙摆转起来那一下真的很容易开心；把搭配提前记下来，出门时就不用现场编译。	rewritten_topic	legacy:72199;topic:topic_dresseshobbies_1c0d20276055	expanded into distinct standalone character-life situations
v2_technical_topic_algorithms_db6720729f7f_372f69bbdc12	Algorithms	technical	topic_algorithms_66f62e1cff66	technical.topic_algorithms_db6720729f7f	self_talk	any	none	dry	1	120	120	1	1	false	true	位运算小技巧别背完就忘适用条件。	rewritten_topic	legacy:27323;topic:topic_algorithms_66f62e1cff66	rewritten as a complete technical observation without reply pressure
v2_technical_topic_systems_195729e55537_cc274bec93e5	Systems	technical	topic_systems_e3a9a733cad6	technical.topic_systems_195729e55537	self_talk	any	none	dry	1	120	120	1	1	false	true	磁盘写成功和数据真正落盘不是同一刻；不变量最好写进契约。	rewritten_topic	legacy:31210;topic:topic_systems_e3a9a733cad6	rewritten as a complete technical observation without reply pressure
v2_character_life_topic_dresseshobbies_c9917c791e64_c96088e944a3	DressesHobbies	character_life	topic_dresseshobbies_2c3d3ce8d32c	character_life.topic_dresseshobbies_c9917c791e64	self_talk	any	none	playful	0	144	144	1	1	false	true	好看的发饰和干净的代码都让人舒服；灵感先记进小本子。	rewritten_topic	legacy:72210;topic:topic_dresseshobbies_2c3d3ce8d32c	expanded into distinct standalone character-life situations
v2_character_life_topic_dresseshobbies_18db5fccdb24_978957e69f04	DressesHobbies	character_life	topic_dresseshobbies_8649e6a7ac23	character_life.topic_dresseshobbies_18db5fccdb24	self_talk	any	none	playful	0	144	144	1	1	false	true	练英语的时候读顺一句就很有成就感；慢慢挑更容易留下喜欢。	rewritten_topic	legacy:72155;topic:topic_dresseshobbies_8649e6a7ac23	expanded into distinct standalone character-life situations
v2_system_afternoon_3ca558fe82f3	SystemAmbient	system_ambient	system.afternoon.04	system.afternoon	system_observe	afternoon	none	gentle	0	120	120	1	1	false	true	时段适合收拾零散工作，不必硬啃所有难题。	new_ambient	catalog:approved-design:system-time-and-safe-character-life	authored as an explicit standalone context-safe sentence
v2_technical_topic_backend_7a83032ca034_fd0964b9f382	Backend	technical	topic_backend_7ae4c0d83072	technical.topic_backend_7a83032ca034	self_talk	any	none	dry	1	120	120	1	1	false	true	鉴权和业务权限不是一回事。	rewritten_topic	legacy:19513;topic:topic_backend_7ae4c0d83072	rewritten as a complete technical observation without reply pressure
v2_easter_egg_egg_standalone_0a1bc6346f4f_bfdb0b103511	EasterEgg	easter_egg	egg_standalone_a769974cdc24	easter_egg.egg_standalone_0a1bc6346f4f	self_talk	any	none	playful	0	720	720	1	0.1	false	true	预算允许再买，喜欢和克制可以同时存在。	preserved_easter_egg	legacy:75082;topic:egg_standalone_a769974cdc24	retained as a safe standalone easter egg
v2_character_life_topic_dresseshobbies_e4fc1c0537cb_ee546ad399a2	DressesHobbies	character_life	topic_dresseshobbies_19e31d03372b	character_life.topic_dresseshobbies_e4fc1c0537cb	self_talk	any	none	playful	0	144	144	1	1	false	true	学会一个新表达我会忍不住多念几遍；舒服和喜欢就很有分量。	rewritten_topic	legacy:72225;topic:topic_dresseshobbies_19e31d03372b	expanded into distinct standalone character-life situations
v2_technical_topic_debugging_d3fc3e673806_df1dd609edf3	Debugging	technical	topic_debugging_293cbee5cbde	technical.topic_debugging_d3fc3e673806	self_talk	any	none	dry	1	120	120	1	1	false	true	这段异常堆栈从第一处业务代码看起。	rewritten_topic	legacy:25;topic:topic_debugging_293cbee5cbde	rewritten as a complete technical observation without reply pressure
v2_technical_topic_study_7d0133a94912_040e6437af8c	Study	growth	topic_study_6461a6cd06b3	technical.topic_study_7d0133a94912	self_talk	any	none	dry	1	120	120	1	1	false	true	英语文档每天啃一小段就会快起来。	rewritten_topic	legacy:46821;topic:topic_study_6461a6cd06b3	rewritten as a complete technical observation without reply pressure
v2_technical_topic_gitdevops_ebb4f2b9547d_e8fbc99ee5b5	GitDevOps	technical	topic_gitdevops_2fc540281ebd	technical.topic_gitdevops_ebb4f2b9547d	self_talk	any	none	dry	1	120	120	1	1	false	true	流水线偶现失败先保存足够的诊断信息。	rewritten_topic	legacy:39027;topic:topic_gitdevops_2fc540281ebd	rewritten as a complete technical observation without reply pressure
v2_daily_care_topic_dailycare_008288cd6842_3de9cb2ab8e1	DailyCare	daily_care	topic_dailycare_4212b8aaec87	daily_care.topic_dailycare_008288cd6842	ambient	any	none	gentle	0	120	120	1	1	false	true	饭点到了别拿一包零食当正餐。	rewritten_topic	legacy:58501;topic:topic_dailycare_4212b8aaec87	rewritten as cautious general care without claiming user state
v2_care_eyes_posture_6dc20ab5c39e	DailyCare	daily_care	topic_dailycare_fc8599d58f4f	care.eyes_posture	ambient	any	none	gentle	0	144	144	1	1	false	true	椅背和桌面高度合适，身体就少替设备配置承担成本。	curated_standalone	legacy:58550;topic:topic_dailycare_fc8599d58f4f	authored as an explicit standalone context-safe sentence
v2_technical_topic_englishpractice_6cad72a2496b_1803b18e816a	EnglishPractice	growth	topic_englishpractice_e11527bec3d8	technical.topic_englishpractice_6cad72a2496b	self_talk	any	none	dry	1	120	120	1	1	false	true	开源 issue 先搜索再描述最小复现；依赖固定，边界才稳。	rewritten_topic	legacy:54606;topic:topic_englishpractice_e11527bec3d8	rewritten as a complete technical observation without reply pressure
v2_technical_topic_frontend_daf95cc135ab_fba4cc2dc23e	Frontend	technical	topic_frontend_9d8ef85f0653	technical.topic_frontend_daf95cc135ab	self_talk	any	none	dry	1	120	120	1	1	false	true	页面抖动先看布局变化和资源尺寸；证据要先于改动。	rewritten_topic	legacy:15628;topic:topic_frontend_9d8ef85f0653	rewritten as a complete technical observation without reply pressure
v2_technical_topic_architecture_a8c2e1949471_e1be67c243c4	Architecture	technical	topic_architecture_c5c29add0d90	technical.topic_architecture_a8c2e1949471	self_talk	any	none	dry	1	120	120	1	1	false	true	领域对象和传输对象最好别混用；回滚也要设计。	rewritten_topic	legacy:42920;topic:topic_architecture_c5c29add0d90	rewritten as a complete technical observation without reply pressure
v2_technical_topic_debugging_01d977ed83eb_76cfddcb0eae	Debugging	technical	topic_debugging_85ffee2564f0	technical.topic_debugging_01d977ed83eb	self_talk	any	none	dry	1	120	120	1	1	false	true	 UI 不刷新先确认状态有没有真的变化；先明确一致性要求。	rewritten_topic	legacy:2;topic:topic_debugging_85ffee2564f0	rewritten as a complete technical observation without reply pressure
v2_technical_topic_algorithms_22303c70630c_a476f7161075	Algorithms	technical	topic_algorithms_ad6a8bb2c2f7	technical.topic_algorithms_22303c70630c	self_talk	any	none	dry	1	120	120	1	1	false	true	样例过了不代表极端数据没问题。	rewritten_topic	legacy:27305;topic:topic_algorithms_ad6a8bb2c2f7	rewritten as a complete technical observation without reply pressure
v2_system_morning_5e7c4138b053	SystemAmbient	system_ambient	system.morning.04	system.morning	system_observe	morning	none	gentle	0	120	120	1	1	false	true	新的一天已经运行一阵，状态可以按自己的速度升起来。	new_ambient	catalog:approved-design:system-time-and-safe-character-life	authored as an explicit standalone context-safe sentence
v2_character_life_topic_dresseshobbies_bbcd384b699f_407d2813a1df	DressesHobbies	character_life	topic_dresseshobbies_2c3d3ce8d32c	character_life.topic_dresseshobbies_bbcd384b699f	self_talk	any	none	playful	0	144	144	1	1	false	true	听着歌练发音的时候时间过得特别快；慢慢挑更容易留下喜欢。	rewritten_topic	legacy:72205;topic:topic_dresseshobbies_2c3d3ce8d32c	expanded into distinct standalone character-life situations
v2_character_life_topic_dresseshobbies_5e175d3c2813_12ba68444c71	DressesHobbies	character_life	topic_dresseshobbies_8c174b2ed991	character_life.topic_dresseshobbies_5e175d3c2813	self_talk	any	none	playful	0	144	144	1	1	false	true	照片拍得自然比摆半天姿势更好看；实用和可爱可以同时存在，没必要只选一边。	rewritten_topic	legacy:72173;topic:topic_dresseshobbies_8c174b2ed991	expanded into distinct standalone character-life situations
v2_system_holiday_f19279510f0d	SystemAmbient	system_ambient	system.holiday.09	system.holiday	system_observe	holiday	none	gentle	0	120	120	1	1	false	true	节日可以热闹，也可以安静，两种方式都算认真度过。	new_ambient	catalog:approved-design:system-time-and-safe-character-life	authored as an explicit standalone context-safe sentence
v2_system_summer_2146a3cbd721	SystemAmbient	system_ambient	system.summer.06	system.summer	system_observe	day_changed	none	gentle	0	120	120	1	1	false	true	季节容易消耗电量，安排里留出休息会更稳定。	new_ambient	catalog:approved-design:system-time-and-safe-character-life	authored as an explicit standalone context-safe sentence
v2_system_morning_15e703b3c345	SystemAmbient	system_ambient	system.morning.03	system.morning	system_observe	morning	none	gentle	0	120	120	1	1	false	true	晨间光线落在窗口边上，今天的界面看着还算精神。	new_ambient	catalog:approved-design:system-time-and-safe-character-life	authored as an explicit standalone context-safe sentence
v2_life_small_daydreams_d6f7999c1a95	CharacterLife	character_life	life.small_daydreams.06	life.small_daydreams	self_talk	any	none	gentle	0	144	144	1	1	false	true	安静发一会儿呆以后，脑子常会自己把线头重新排好。	curated_standalone	catalog:approved-design:system-time-and-safe-character-life	authored as an explicit standalone context-safe sentence
v2_character_life_topic_dresseshobbies_19e31d03372b_aa00925ae428	DressesHobbies	character_life	topic_dresseshobbies_8649e6a7ac23	character_life.topic_dresseshobbies_19e31d03372b	self_talk	any	none	playful	0	144	144	1	1	false	true	喜欢的衣服不一定贵合适自己最重要。	rewritten_topic	legacy:72156;topic:topic_dresseshobbies_8649e6a7ac23	expanded into distinct standalone character-life situations
v2_technical_topic_gitdevops_bf448411467a_d401c0ef08c5	GitDevOps	technical	topic_gitdevops_19226aa98b7c	technical.topic_gitdevops_bf448411467a	self_talk	any	none	dry	1	120	120	1	1	false	true	告警阈值不调最后大家都会麻木。	rewritten_topic	legacy:39023;topic:topic_gitdevops_19226aa98b7c	rewritten as a complete technical observation without reply pressure
v2_technical_topic_gitdevops_19226aa98b7c_c11ebbf06a24	GitDevOps	technical	topic_gitdevops_506de9da606b	technical.topic_gitdevops_19226aa98b7c	self_talk	any	none	dry	1	120	120	1	1	false	true	合并冲突先理解双方改动别直接全选；关键行为要有测试。	rewritten_topic	legacy:39002;topic:topic_gitdevops_506de9da606b	rewritten as a complete technical observation without reply pressure
v2_easter_egg_egg_standalone_092daad64211_0fb33805b4ac	EasterEgg	easter_egg	egg_standalone_277af8700fad	easter_egg.egg_standalone_092daad64211	self_talk	any	none	playful	0	720	720	1	0.1	false	true	这把喜欢的搭配记下来，下次出门就不用现场编译。	preserved_easter_egg	legacy:75081;topic:egg_standalone_277af8700fad	retained as a safe standalone easter egg
v2_system_evening_0e5f01af1e52	SystemAmbient	system_ambient	system.evening.10	system.evening	system_observe	evening	none	gentle	0	120	120	1	1	false	true	这一天还没结束，但已经可以对自己温和一点。	new_ambient	catalog:approved-design:system-time-and-safe-character-life	authored as an explicit standalone context-safe sentence
v2_technical_topic_career_add8a7691bff_87efab6d828f	Career	career	topic_career_f7c03e019598	technical.topic_career_add8a7691bff	self_talk	any	none	dry	1	120	120	1	1	false	true	职业路线不用二十岁就一次定死。	rewritten_topic	legacy:50717;topic:topic_career_f7c03e019598	rewritten as a complete technical observation without reply pressure
v2_technical_topic_python_9daaa1899f28_5a0c1f1cbde8	Python	technical	topic_python_8fe2bf6cf4e9	technical.topic_python_9daaa1899f28	self_talk	any	none	dry	1	120	120	1	1	false	true	路径处理用 pathlib 看着都清爽一点。	rewritten_topic	legacy:3919;topic:topic_python_8fe2bf6cf4e9	rewritten as a complete technical observation without reply pressure
v2_system_app_start_6707c031ea98	SystemAmbient	system_ambient	system.app_start.06	system.app_start	system_observe	app_start	none	gentle	0	120	120	1	1	false	true	应用刚刚醒来，先把动作放轻一点再慢慢进入节奏。	new_ambient	catalog:approved-design:system-time-and-safe-character-life	authored as an explicit standalone context-safe sentence
v2_daily_care_topic_dailycare_a62f8c2613f6_0aca907dd54c	DailyCare	daily_care	topic_dailycare_de768ce1eb6f	daily_care.topic_dailycare_a62f8c2613f6	ambient	any	none	gentle	0	120	120	1	1	false	true	手腕酸了先离开键盘活动两下；情绪不必马上解释，给它一点空间也算处理。	rewritten_topic	legacy:58526;topic:topic_dailycare_de768ce1eb6f	rewritten as cautious general care without claiming user state
v2_emotional_reflection_topic_emotionalsupport_14a8a6047468_ac02bdcc84de	EmotionalSupport	emotional_reflection	topic_emotionalsupport_1e242c76b09c	emotional_reflection.topic_emotionalsupport_14a8a6047468	self_talk	any	none	gentle	0	120	120	1	1	false	true	被否定一次也不能把之前的努力抹掉；把选择权留给当下，提醒就不会变成命令。	rewritten_topic	legacy:62406;topic:topic_emotionalsupport_1e242c76b09c	rewritten as cautious general care without claiming user state
v2_technical_topic_java_5e334c08d686_2f4c9e5fe99d	Java	technical	topic_java_0c686ce39743	technical.topic_java_5e334c08d686	self_talk	any	none	dry	1	120	120	1	1	false	true	 equals 改了却没配 hashCode 很危险。	rewritten_topic	legacy:7811;topic:topic_java_0c686ce39743	rewritten as a complete technical observation without reply pressure
v2_technical_topic_java_b6044df0fa7a_47c21caf7db7	Java	technical	topic_java_d294dacb12d3	technical.topic_java_b6044df0fa7a	self_talk	any	none	dry	1	120	120	1	1	false	true	接口返回实体对象迟早把边界搞乱；容量上限也要先算。	rewritten_topic	legacy:7818;topic:topic_java_d294dacb12d3	rewritten as a complete technical observation without reply pressure
v2_character_life_topic_dresseshobbies_2c3d3ce8d32c_5749d725e1f4	DressesHobbies	character_life	topic_dresseshobbies_8c174b2ed991	character_life.topic_dresseshobbies_2c3d3ce8d32c	self_talk	any	none	playful	0	144	144	1	1	false	true	偶尔打扮得可爱一点心情会跟着亮。	rewritten_topic	legacy:72166;topic:topic_dresseshobbies_8c174b2ed991	expanded into distinct standalone character-life situations
v2_technical_topic_database_e886faeacdcb_39290a867872	Database	technical	topic_database_26b459df52ac	technical.topic_database_e886faeacdcb	self_talk	any	none	dry	1	120	120	1	1	false	true	索引不是越多越好写入也要付代价；先验证协议语义，再怀疑某个框架偷偷作怪。	rewritten_topic	legacy:23428;topic:topic_database_26b459df52ac	rewritten as a complete technical observation without reply pressure
v2_technical_topic_algorithms_4ad2f0ec587d_fa1772a6c901	Algorithms	technical	topic_algorithms_ad6a8bb2c2f7	technical.topic_algorithms_4ad2f0ec587d	self_talk	any	none	dry	1	120	120	1	1	false	true	动态规划先说清状态含义。	rewritten_topic	legacy:27308;topic:topic_algorithms_ad6a8bb2c2f7	rewritten as a complete technical observation without reply pressure
v2_easter_egg_egg_standalone_00e120ec8ff3_220bae489468	EasterEgg	easter_egg	egg_standalone_0519e29793e5	easter_egg.egg_standalone_00e120ec8ff3	self_talk	any	none	playful	0	720	720	1	0.1	false	true	生产环境不接受一句在我电脑上是好的。	preserved_easter_egg	legacy:75076;topic:egg_standalone_0519e29793e5	retained as a safe standalone easter egg
v2_daily_care_topic_dailycare_6abdd541b35b_035d3749e74d	DailyCare	daily_care	topic_dailycare_de768ce1eb6f	daily_care.topic_dailycare_6abdd541b35b	ambient	any	none	gentle	0	120	120	1	1	false	true	屏幕亮成这样眼睛不累才怪；把标准放回现实，今天只完成一点也有意义。	rewritten_topic	legacy:58518;topic:topic_dailycare_de768ce1eb6f	rewritten as cautious general care without claiming user state
v2_care_eyes_posture_4ae62a45ab71	DailyCare	daily_care	topic_dailycare_586c71c81237	care.eyes_posture	ambient	any	none	gentle	0	144	144	1	1	false	true	姿势调整以舒服和可持续为准，不需要摆成教科书照片。	curated_standalone	legacy:58555;topic:topic_dailycare_586c71c81237	authored as an explicit standalone context-safe sentence
v2_technical_topic_database_9155fac66261_0256076ec342	Database	technical	topic_database_e886faeacdcb	technical.topic_database_9155fac66261	self_talk	any	none	dry	1	120	120	1	1	false	true	联表结果膨胀先看基数估算。	rewritten_topic	legacy:23419;topic:topic_database_e886faeacdcb	rewritten as a complete technical observation without reply pressure
v2_life_room_cooking_11edfaa6ed3d	CharacterLife	character_life	life.room_cooking.06	life.room_cooking	self_talk	any	none	gentle	0	144	144	1	1	false	true	整理不是一次性工程，每天归位一点比周末大战更轻松。	curated_standalone	catalog:approved-design:system-time-and-safe-character-life	authored as an explicit standalone context-safe sentence
v2_technical_topic_java_5e334c08d686_f3a1e93f2813	Java	technical	topic_java_0c686ce39743	technical.topic_java_5e334c08d686	self_talk	any	none	dry	1	120	120	1	1	false	true	 equals 改了却没配 hashCode 很危险；回滚也要设计。	rewritten_topic	legacy:7812;topic:topic_java_0c686ce39743	rewritten as a complete technical observation without reply pressure
v2_character_life_topic_dresseshobbies_18db5fccdb24_ef214151daf6	DressesHobbies	character_life	topic_dresseshobbies_8649e6a7ac23	character_life.topic_dresseshobbies_18db5fccdb24	self_talk	any	none	playful	0	144	144	1	1	false	true	练英语的时候读顺一句就很有成就感；预算和心动不必对立。	rewritten_topic	legacy:72154;topic:topic_dresseshobbies_8649e6a7ac23	expanded into distinct standalone character-life situations
v2_emotional_reflection_topic_emotionalsupport_8ee9fda8bde4_318abe1b0359	EmotionalSupport	emotional_reflection	topic_emotionalsupport_1e242c76b09c	emotional_reflection.topic_emotionalsupport_8ee9fda8bde4	self_talk	any	none	gentle	0	120	120	1	1	false	true	压力太满的时候先允许自己停一下。	rewritten_topic	legacy:62413;topic:topic_emotionalsupport_1e242c76b09c	rewritten as cautious general care without claiming user state
v2_technical_topic_frontend_a4dd1531a74a_dacf802c0355	Frontend	technical	topic_frontend_daf95cc135ab	technical.topic_frontend_a4dd1531a74a	self_talk	any	none	dry	1	120	120	1	1	false	true	路由切换后的资源记得清理；可观测性也是功能。	rewritten_topic	legacy:15622;topic:topic_frontend_daf95cc135ab	rewritten as a complete technical observation without reply pressure
v2_technical_topic_networks_3258a2a87685_c6e7d90f3399	Networks	technical	topic_networks_4be4f0fa0ea0	technical.topic_networks_3258a2a87685	self_talk	any	none	dry	1	120	120	1	1	false	true	密钥写进仓库这种事真的别干。	rewritten_topic	legacy:35105;topic:topic_networks_4be4f0fa0ea0	rewritten as a complete technical observation without reply pressure
v2_system_app_start_3acc0713ab88	SystemAmbient	system_ambient	system.app_start.01	system.app_start	system_observe	app_start	none	gentle	0	120	120	1	1	false	true	窗口已经安静落在桌面上，今天的陪伴从这里开始。	new_ambient	catalog:approved-design:system-time-and-safe-character-life	authored as an explicit standalone context-safe sentence
v2_character_life_topic_dresseshobbies_2c3d3ce8d32c_1e55eab6e78e	DressesHobbies	character_life	topic_dresseshobbies_8c174b2ed991	character_life.topic_dresseshobbies_2c3d3ce8d32c	self_talk	any	none	playful	0	144	144	1	1	false	true	偶尔打扮得可爱一点心情会跟着亮；小进步自己知道就好。	rewritten_topic	legacy:72169;topic:topic_dresseshobbies_8c174b2ed991	expanded into distinct standalone character-life situations
v2_character_life_topic_dresseshobbies_6e4d35420b97_e014ea60d4ef	DressesHobbies	character_life	topic_dresseshobbies_18db5fccdb24	character_life.topic_dresseshobbies_6e4d35420b97	self_talk	any	none	playful	0	144	144	1	1	false	true	买小裙子前我也会认真算这个月预算；把喜欢放进普通日常。	rewritten_topic	legacy:72178;topic:topic_dresseshobbies_18db5fccdb24	expanded into distinct standalone character-life situations
v2_life_books_music_2ea4915efd14	CharacterLife	character_life	life.books_music.02	life.books_music	self_talk	any	none	gentle	0	144	144	1	1	false	true	听歌时记住一小段旋律，普通路程也会有自己的配乐。	curated_standalone	catalog:approved-design:system-time-and-safe-character-life	authored as an explicit standalone context-safe sentence
v2_technical_topic_java_de67bd18e9f9_80f85a2a1557	Java	technical	topic_java_d294dacb12d3	technical.topic_java_de67bd18e9f9	self_talk	any	none	dry	1	120	120	1	1	false	true	Spring 这个 Bean 到底有没有进容器先确认；安全默认值进配置。	rewritten_topic	legacy:7826;topic:topic_java_d294dacb12d3	rewritten as a complete technical observation without reply pressure
v2_technical_topic_career_690647065579_4e99eead6f15	Career	career	topic_career_3c52223c0e3d	technical.topic_career_690647065579	self_talk	any	none	dry	1	120	120	1	1	false	true	试用期目标最好早点跟负责人对齐。	rewritten_topic	legacy:50709;topic:topic_career_3c52223c0e3d	rewritten as a complete technical observation without reply pressure
v2_system_noon_a5bff7b3da49	SystemAmbient	system_ambient	system.noon.07	system.noon	system_observe	noon	none	gentle	0	120	120	1	1	false	true	正午像一次轻量检查点，保存进度以后再继续。	new_ambient	catalog:approved-design:system-time-and-safe-character-life	authored as an explicit standalone context-safe sentence
v2_system_winter_0c410a743ac6	SystemAmbient	system_ambient	system.winter.08	system.winter	system_observe	day_changed	none	gentle	0	120	120	1	1	false	true	季节安静下来以后，没说出口的话也不急着处理。	new_ambient	catalog:approved-design:system-time-and-safe-character-life	authored as an explicit standalone context-safe sentence
v2_emotional_reflection_topic_emotionalsupport_3a6333648763_ad87053cca2f	EmotionalSupport	emotional_reflection	topic_emotionalsupport_1e242c76b09c	emotional_reflection.topic_emotionalsupport_3a6333648763	self_talk	any	none	gentle	0	120	120	1	1	false	true	今天状态差一点真的不是什么大事；短暂离开屏幕，常常比继续用力更有效。	rewritten_topic	legacy:62411;topic:topic_emotionalsupport_1e242c76b09c	rewritten as cautious general care without claiming user state
v2_technical_topic_java_eb027760fe6c_0155f44b2b9c	Java	technical	topic_java_5e334c08d686	technical.topic_java_eb027760fe6c	self_talk	any	none	dry	1	120	120	1	1	false	true	日志里连请求标识都没有还怎么串链路。	rewritten_topic	legacy:7827;topic:topic_java_5e334c08d686	rewritten as a complete technical observation without reply pressure
v2_technical_topic_englishpractice_9894eff6f43f_5b45d8a26b28	EnglishPractice	growth	topic_englishpractice_e11527bec3d8	technical.topic_englishpractice_9894eff6f43f	self_talk	any	none	dry	1	120	120	1	1	false	true	英语邮件直接礼貌就够别绕太多。	rewritten_topic	legacy:54609;topic:topic_englishpractice_e11527bec3d8	rewritten as a complete technical observation without reply pressure
v2_system_late_night_86bbc965ca86	SystemAmbient	system_ambient	system.late_night.03	system.late_night	system_observe	late_night	none	gentle	0	120	120	1	1	false	true	夜里思路会显得特别绝对，重要决定留到白天更稳。	new_ambient	catalog:approved-design:system-time-and-safe-character-life	authored as an explicit standalone context-safe sentence
v2_system_dawn_2250e2e0544a	SystemAmbient	system_ambient	system.dawn.10	system.dawn	system_observe	morning	none	gentle	0	120	120	1	1	false	true	日期已经更新，剩下的节奏可以慢慢展开。	new_ambient	catalog:approved-design:system-time-and-safe-character-life	authored as an explicit standalone context-safe sentence
v2_technical_topic_cpp_ed580ae5911f_d12b22170d61	Cpp	technical	topic_cpp_f7ce35f89a48	technical.topic_cpp_ed580ae5911f	self_talk	any	none	dry	1	120	120	1	1	false	true	对象所有权不清，内存释放迟早会失控。	rewritten_topic	legacy:11728;topic:topic_cpp_f7ce35f89a48	rewritten as a complete technical observation without reply pressure
v2_daily_care_topic_dailycare_57e13bc26049_b40578acb9c1	DailyCare	daily_care	topic_dailycare_4212b8aaec87	daily_care.topic_dailycare_57e13bc26049	ambient	any	none	gentle	0	120	120	1	1	false	true	天气闷的时候别忘了开窗透气；节奏慢一点并不丢人，稳定比硬撑更长久。	rewritten_topic	legacy:58511;topic:topic_dailycare_4212b8aaec87	rewritten as cautious general care without claiming user state
v2_system_evening_1cedd4a85175	SystemAmbient	system_ambient	system.evening.02	system.evening	system_observe	evening	none	gentle	0	120	120	1	1	false	true	天色变暗以后，桌面也适合从工作模式往生活模式切换。	new_ambient	catalog:approved-design:system-time-and-safe-character-life	authored as an explicit standalone context-safe sentence
v2_daily_care_topic_dailycare_586c71c81237_d7d1f958e9fa	DailyCare	daily_care	topic_dailycare_4212b8aaec87	daily_care.topic_dailycare_586c71c81237	ambient	any	none	gentle	0	120	120	1	1	false	true	困得眼睛都睁不开就别硬写代码。	rewritten_topic	legacy:58513;topic:topic_dailycare_4212b8aaec87	rewritten as cautious general care without claiming user state
v2_system_month_boundary_623fa18807d2	SystemAmbient	system_ambient	system.month_boundary.08	system.month_boundary	system_observe	day_changed	none	gentle	0	120	120	1	1	false	true	月末复盘只看事实，不拿理想进度追着自己跑。	new_ambient	catalog:approved-design:system-time-and-safe-character-life	authored as an explicit standalone context-safe sentence
v2_technical_topic_algorithms_57ee368b158c_555359078b10	Algorithms	technical	topic_algorithms_ad6a8bb2c2f7	technical.topic_algorithms_57ee368b158c	self_talk	any	none	dry	1	120	120	1	1	false	true	滑动窗口要明确左右边界各自负责什么。	rewritten_topic	legacy:27311;topic:topic_algorithms_ad6a8bb2c2f7	rewritten as a complete technical observation without reply pressure
v2_technical_topic_gitdevops_506de9da606b_55dba89cb839	GitDevOps	technical	topic_gitdevops_506de9da606b	technical.topic_gitdevops_506de9da606b	self_talk	any	none	dry	1	120	120	1	1	false	true	提交把十件事揉一起谁看得懂。	rewritten_topic	legacy:39013;topic:topic_gitdevops_506de9da606b	rewritten as a complete technical observation without reply pressure
v2_care_rest_sleep_072b189a8388	DailyCare	daily_care	topic_dailycare_586c71c81237	care.rest_sleep	ambient	any	none	gentle	0	144	144	1	1	false	true	白天的小停顿能减少透支，不必等到彻底没电才维护。	curated_standalone	legacy:58563;topic:topic_dailycare_586c71c81237	authored as an explicit standalone context-safe sentence
v2_technical_topic_career_3c52223c0e3d_b6f420f1ab5b	Career	career	topic_career_3c52223c0e3d	technical.topic_career_3c52223c0e3d	self_talk	any	none	dry	1	120	120	1	1	false	true	简历项目别只写用了什么技术。	rewritten_topic	legacy:50705;topic:topic_career_3c52223c0e3d	rewritten as a complete technical observation without reply pressure
v2_system_noon_5e4e0762f27b	SystemAmbient	system_ambient	system.noon.01	system.noon	system_observe	noon	none	gentle	0	120	120	1	1	false	true	时间走到中午，上午的任务可以先在这里打个分号。	new_ambient	catalog:approved-design:system-time-and-safe-character-life	authored as an explicit standalone context-safe sentence
v2_technical_topic_database_47e099c79fa9_e0c282e3fac9	Database	technical	topic_database_6d7708bc4f22	technical.topic_database_47e099c79fa9	self_talk	any	none	dry	1	120	120	1	1	false	true	这次死锁得把双方持锁顺序对出来。	rewritten_topic	legacy:23411;topic:topic_database_6d7708bc4f22	rewritten as a complete technical observation without reply pressure
v2_technical_topic_java_d0712db71903_9f40db0bbecf	Java	technical	topic_java_d294dacb12d3	technical.topic_java_d0712db71903	self_talk	any	none	dry	1	120	120	1	1	false	true	线程池参数别照着博客一把抄；高低频路径分开看。	rewritten_topic	legacy:7820;topic:topic_java_d294dacb12d3	rewritten as a complete technical observation without reply pressure
v2_technical_topic_algorithms_ad6a8bb2c2f7_f6869ce9cb24	Algorithms	technical	topic_algorithms_66f62e1cff66	technical.topic_algorithms_ad6a8bb2c2f7	self_talk	any	none	dry	1	120	120	1	1	false	true	这题先把输入规模翻译成复杂度。	rewritten_topic	legacy:27321;topic:topic_algorithms_66f62e1cff66	rewritten as a complete technical observation without reply pressure
v2_technical_topic_englishpractice_c4b55fd49f40_584fb88e873a	EnglishPractice	growth	topic_englishpractice_d8bda551676e	technical.topic_englishpractice_c4b55fd49f40	self_talk	any	none	dry	1	120	120	1	1	false	true	每天跟读五分钟也比一周突击一次强；敏感信息放专用存储。	rewritten_topic	legacy:54616;topic:topic_englishpractice_d8bda551676e	rewritten as a complete technical observation without reply pressure
v2_character_life_topic_dresseshobbies_c9917c791e64_22522f244588	DressesHobbies	character_life	topic_dresseshobbies_2c3d3ce8d32c	character_life.topic_dresseshobbies_c9917c791e64	self_talk	any	none	playful	0	144	144	1	1	false	true	好看的发饰和干净的代码都让人舒服；偶尔认真打扮一下，仪式感就有了落脚处。	rewritten_topic	legacy:72208;topic:topic_dresseshobbies_2c3d3ce8d32c	expanded into distinct standalone character-life situations
v2_technical_topic_englishpractice_e11527bec3d8_c892fbcbf6ea	EnglishPractice	growth	topic_englishpractice_d8bda551676e	technical.topic_englishpractice_e11527bec3d8	self_talk	any	none	dry	1	120	120	1	1	false	true	变量命名顺手练成清楚的英文也不亏；校验越靠近入口越好。	rewritten_topic	legacy:54624;topic:topic_englishpractice_d8bda551676e	rewritten as a complete technical observation without reply pressure
v2_technical_topic_systems_386cdc23a12c_8655cd5d74d6	Systems	technical	topic_systems_e3a9a733cad6	technical.topic_systems_386cdc23a12c	self_talk	any	none	dry	1	120	120	1	1	false	true	文件句柄没关迟早把进程拖死。	rewritten_topic	legacy:31211;topic:topic_systems_e3a9a733cad6	rewritten as a complete technical observation without reply pressure
v2_character_life_topic_dresseshobbies_8649e6a7ac23_d83e2f221187	DressesHobbies	character_life	topic_dresseshobbies_18db5fccdb24	character_life.topic_dresseshobbies_8649e6a7ac23	self_talk	any	none	playful	0	144	144	1	1	false	true	看到好看的小裙子我真的会多看几眼；偶尔认真打扮一下，仪式感就有了落脚处。	rewritten_topic	legacy:72183;topic:topic_dresseshobbies_18db5fccdb24	expanded into distinct standalone character-life situations
v2_technical_topic_systems_bf7b565507b8_f28a89da791a	Systems	technical	topic_systems_bf7b565507b8	technical.topic_systems_bf7b565507b8	self_talk	any	none	dry	1	120	120	1	1	false	true	上下文切换多了吞吐当然会掉；现场用结构化字段保存。	rewritten_topic	legacy:31224;topic:topic_systems_bf7b565507b8	rewritten as a complete technical observation without reply pressure
v2_care_eyes_posture_9065ebbcc497	DailyCare	daily_care	topic_dailycare_fc8599d58f4f	care.eyes_posture	ambient	any	none	gentle	0	144	144	1	1	false	true	肩颈姿势不必一次纠正到标准，偶尔活动一下已经有帮助。	curated_standalone	legacy:58548;topic:topic_dailycare_fc8599d58f4f	authored as an explicit standalone context-safe sentence
v2_technical_topic_englishpractice_dc0c6af95387_ab9e7bd25132	EnglishPractice	growth	topic_englishpractice_d8bda551676e	technical.topic_englishpractice_dc0c6af95387	self_talk	any	none	dry	1	120	120	1	1	false	true	读 README 先别被一整屏英文吓退；最坏情况也要先算。	rewritten_topic	legacy:54620;topic:topic_englishpractice_d8bda551676e	rewritten as a complete technical observation without reply pressure
v2_life_books_music_9536fbcd7123	CharacterLife	character_life	life.books_music.03	life.books_music	self_talk	any	none	gentle	0	144	144	1	1	false	true	旧书页边的笔记像版本记录，隔久再看会发现当时的想法。	curated_standalone	catalog:approved-design:system-time-and-safe-character-life	authored as an explicit standalone context-safe sentence
v2_character_life_topic_dresseshobbies_c9917c791e64_e48f8a39a8e8	DressesHobbies	character_life	topic_dresseshobbies_2c3d3ce8d32c	character_life.topic_dresseshobbies_c9917c791e64	self_talk	any	none	playful	0	144	144	1	1	false	true	好看的发饰和干净的代码都让人舒服；兴趣轻松些才不成任务。	rewritten_topic	legacy:72209;topic:topic_dresseshobbies_2c3d3ce8d32c	expanded into distinct standalone character-life situations
v2_technical_topic_gitdevops_8e5dda59eb47_3681bd11e96c	GitDevOps	technical	topic_gitdevops_19226aa98b7c	technical.topic_gitdevops_8e5dda59eb47	self_talk	any	none	dry	1	120	120	1	1	false	true	容器健康不只看进程还活没活；让错误尽早暴露在边界上，内部逻辑就能更干净。	rewritten_topic	legacy:39020;topic:topic_gitdevops_19226aa98b7c	rewritten as a complete technical observation without reply pressure
v2_technical_topic_gitdevops_3377d874e5e0_2ac85c1468a6	GitDevOps	technical	topic_gitdevops_506de9da606b	technical.topic_gitdevops_3377d874e5e0	self_talk	any	none	dry	1	120	120	1	1	false	true	分支放太久合起来当然痛苦；边界越明确，调用方需要猜测的内容就越少。	rewritten_topic	legacy:39008;topic:topic_gitdevops_506de9da606b	rewritten as a complete technical observation without reply pressure
v2_technical_topic_study_6022bc4459fd_2cefe3103ce4	Study	growth	topic_study_39598576d0ea	technical.topic_study_6022bc4459fd	self_talk	any	none	dry	1	120	120	1	1	false	true	学习计划别排满给意外留点空位。	rewritten_topic	legacy:46813;topic:topic_study_39598576d0ea	rewritten as a complete technical observation without reply pressure
v2_technical_topic_frontend_560992e70df5_014d00bc3049	Frontend	technical	topic_frontend_33944c99354e	technical.topic_frontend_560992e70df5	self_talk	any	none	dry	1	120	120	1	1	false	true	首屏慢先把包体和关键请求拆开看。	rewritten_topic	legacy:15609;topic:topic_frontend_33944c99354e	rewritten as a complete technical observation without reply pressure
v2_technical_topic_architecture_5fdf1847e00b_0da57bd1cfa0	Architecture	technical	topic_architecture_3b8edc57ca24	technical.topic_architecture_5fdf1847e00b	self_talk	any	none	dry	1	120	120	1	1	false	true	接口稳定性比内部实现漂亮更重要。	rewritten_topic	legacy:42911;topic:topic_architecture_3b8edc57ca24	rewritten as a complete technical observation without reply pressure
v2_care_eyes_posture_f621d7fa509d	DailyCare	daily_care	topic_dailycare_fc8599d58f4f	care.eyes_posture	ambient	any	none	gentle	0	144	144	1	1	false	true	字体调大一点不会丢面子，清楚阅读比硬眯着眼更重要。	curated_standalone	legacy:58549;topic:topic_dailycare_fc8599d58f4f	authored as an explicit standalone context-safe sentence
v2_technical_topic_debugging_814d9e950cd4_54da0586e161	Debugging	technical	topic_debugging_293cbee5cbde	technical.topic_debugging_814d9e950cd4	self_talk	any	none	dry	1	120	120	1	1	false	true	乱码先把编码链路从头对一遍。	rewritten_topic	legacy:17;topic:topic_debugging_293cbee5cbde	rewritten as a complete technical observation without reply pressure
v2_technical_topic_java_eb027760fe6c_0d86ec3aab60	Java	technical	topic_java_5e334c08d686	technical.topic_java_eb027760fe6c	self_talk	any	none	dry	1	120	120	1	1	false	true	日志里连请求标识都没有还怎么串链路；锁顺序要写成规则。	rewritten_topic	legacy:7828;topic:topic_java_5e334c08d686	rewritten as a complete technical observation without reply pressure
v2_technical_topic_architecture_db7fffee10e5_5f325ea9397b	Architecture	technical	topic_architecture_c5c29add0d90	technical.topic_architecture_db7fffee10e5	self_talk	any	none	dry	1	120	120	1	1	false	true	公共库承担的职责已经太多了；容量上限也要先算。	rewritten_topic	legacy:42926;topic:topic_architecture_c5c29add0d90	rewritten as a complete technical observation without reply pressure
v2_daily_care_topic_dailycare_008288cd6842_9c19f657d2a7	DailyCare	daily_care	topic_dailycare_4212b8aaec87	daily_care.topic_dailycare_008288cd6842	ambient	any	none	gentle	0	120	120	1	1	false	true	饭点到了别拿一包零食当正餐；这种提醒只说到这里，不需要任何回应。	rewritten_topic	legacy:58502;topic:topic_dailycare_4212b8aaec87	rewritten as cautious general care without claiming user state
v2_technical_topic_study_fa505e199d7e_4a0f1c4794d7	Study	growth	topic_study_fa505e199d7e	technical.topic_study_fa505e199d7e	self_talk	any	none	dry	1	120	120	1	1	false	true	计算机网络从一次请求怎么走开始串；先正确稳定，再谈漂亮。	rewritten_topic	legacy:46828;topic:topic_study_fa505e199d7e	rewritten as a complete technical observation without reply pressure
v2_technical_topic_networks_eedd4e3db8df_bf3d38d12de9	Networks	technical	topic_networks_6c7352dd659a	technical.topic_networks_eedd4e3db8df	self_talk	any	none	dry	1	120	120	1	1	false	true	粘包问题本质上是协议边界没定义；每次提交只讲一件事。	rewritten_topic	legacy:35124;topic:topic_networks_6c7352dd659a	rewritten as a complete technical observation without reply pressure
v2_technical_topic_systems_8af1a772d715_954c2bf1694d	Systems	technical	topic_systems_bf7b565507b8	technical.topic_systems_8af1a772d715	self_talk	any	none	dry	1	120	120	1	1	false	true	系统调用次数太密也会有成本；把时间和随机性变成可控输入，测试会安稳很多。	rewritten_topic	legacy:31218;topic:topic_systems_bf7b565507b8	rewritten as a complete technical observation without reply pressure
v2_technical_topic_debugging_8db6c572d8f0_035e89cfb901	Debugging	technical	topic_debugging_293cbee5cbde	technical.topic_debugging_8db6c572d8f0	self_talk	any	none	dry	1	120	120	1	1	false	true	接口偶尔超时先把各阶段耗时打出来；从最小数据集开始验。	rewritten_topic	legacy:22;topic:topic_debugging_293cbee5cbde	rewritten as a complete technical observation without reply pressure
v2_technical_topic_architecture_0c8b13c05691_09a6b8d30b45	Architecture	technical	topic_architecture_3b8edc57ca24	technical.topic_architecture_0c8b13c05691	self_talk	any	none	dry	1	120	120	1	1	false	true	全局状态迟早让行为不可预测。	rewritten_topic	legacy:42901;topic:topic_architecture_3b8edc57ca24	rewritten as a complete technical observation without reply pressure
v2_easter_egg_egg_standalone_0f5a873710fe_fc69db5d24ba	EasterEgg	easter_egg	egg_standalone_c97ea4f2fe65	easter_egg.egg_standalone_0f5a873710fe	self_talk	any	none	playful	0	720	720	1	0.1	false	true	今天没发挥好，也不影响之前那些认真。	preserved_easter_egg	legacy:75089;topic:egg_standalone_c97ea4f2fe65	retained as a safe standalone easter egg
v2_system_app_start_7bb3c286f21b	SystemAmbient	system_ambient	system.app_start.07	system.app_start	system_observe	app_start	none	gentle	0	120	120	1	1	false	true	本地状态已经载入，之前的小记忆也一起回来了。	new_ambient	catalog:approved-design:system-time-and-safe-character-life	authored as an explicit standalone context-safe sentence
v2_character_life_topic_dresseshobbies_1c0d20276055_c4c23d9f8c12	DressesHobbies	character_life	topic_dresseshobbies_8649e6a7ac23	character_life.topic_dresseshobbies_1c0d20276055	self_talk	any	none	playful	0	144	144	1	1	false	true	挑颜色这件事比选框架还让我纠结；喜欢的东西收拾整齐，看着也会更安心。	rewritten_topic	legacy:72163;topic:topic_dresseshobbies_8649e6a7ac23	expanded into distinct standalone character-life situations
v2_technical_topic_study_735477b7b948_0775bc1e1031	Study	growth	topic_study_6461a6cd06b3	technical.topic_study_735477b7b948	self_talk	any	none	dry	1	120	120	1	1	false	true	编译原理再抽象也能拆成几个阶段。	rewritten_topic	legacy:46819;topic:topic_study_6461a6cd06b3	rewritten as a complete technical observation without reply pressure
v2_character_life_topic_dresseshobbies_19e31d03372b_6748b274a2d6	DressesHobbies	character_life	topic_dresseshobbies_8649e6a7ac23	character_life.topic_dresseshobbies_19e31d03372b	self_talk	any	none	playful	0	144	144	1	1	false	true	喜欢的衣服不一定贵合适自己最重要；偶尔认真打扮一下，仪式感就有了落脚处。	rewritten_topic	legacy:72158;topic:topic_dresseshobbies_8649e6a7ac23	expanded into distinct standalone character-life situations
v2_technical_topic_study_0898e214b0c8_26580042ef23	Study	growth	topic_study_39598576d0ea	technical.topic_study_0898e214b0c8	self_talk	any	none	dry	1	120	120	1	1	false	true	课堂代码最好关掉答案自己重写一次；取消信号要完整传递。	rewritten_topic	legacy:46802;topic:topic_study_39598576d0ea	rewritten as a complete technical observation without reply pressure
v2_technical_topic_systems_b2a53a25a02b_874518e4d19a	Systems	technical	topic_systems_bf7b565507b8	technical.topic_systems_b2a53a25a02b	self_talk	any	none	dry	1	120	120	1	1	false	true	权限问题先看运行身份和路径；资源归属要先说明。	rewritten_topic	legacy:31220;topic:topic_systems_bf7b565507b8	rewritten as a complete technical observation without reply pressure
v2_system_morning_f1b664245088	SystemAmbient	system_ambient	system.morning.02	system.morning	system_observe	morning	none	gentle	0	120	120	1	1	false	true	上午适合处理最清楚的一件事，不必同时打开十个战场。	new_ambient	catalog:approved-design:system-time-and-safe-character-life	authored as an explicit standalone context-safe sentence
v2_technical_topic_debugging_762b380363f8_d21583fcaaf6	Debugging	technical	topic_debugging_293cbee5cbde	technical.topic_debugging_762b380363f8	self_talk	any	none	dry	1	120	120	1	1	false	true	内存上涨先分清泄漏还是缓存；将安全默认值放进配置，遗漏时也不会裸奔。	rewritten_topic	legacy:14;topic:topic_debugging_293cbee5cbde	rewritten as a complete technical observation without reply pressure
v2_daily_care_topic_dailycare_57e13bc26049_db88a2e4f254	DailyCare	daily_care	topic_dailycare_4212b8aaec87	daily_care.topic_dailycare_57e13bc26049	ambient	any	none	gentle	0	120	120	1	1	false	true	天气闷的时候别忘了开窗透气；把选择权留给当下，提醒就不会变成命令。	rewritten_topic	legacy:58512;topic:topic_dailycare_4212b8aaec87	rewritten as cautious general care without claiming user state
v2_technical_topic_cpp_db39808086f4_4e94d3b6ba40	Cpp	technical	topic_cpp_ed580ae5911f	technical.topic_cpp_db39808086f4	self_talk	any	none	dry	1	120	120	1	1	false	true	越界写入可能破坏别处数据，必须尽早拦截。	rewritten_topic	legacy:11726;topic:topic_cpp_ed580ae5911f	rewritten as a complete technical observation without reply pressure
v2_technical_topic_backend_3f81d5ce7ffe_9e06b0674351	Backend	technical	topic_backend_7ae4c0d83072	technical.topic_backend_3f81d5ce7ffe	self_talk	any	none	dry	1	120	120	1	1	false	true	消息重复消费得靠业务幂等兜住。	rewritten_topic	legacy:19505;topic:topic_backend_7ae4c0d83072	rewritten as a complete technical observation without reply pressure
v2_technical_topic_algorithms_1c77a759bac7_63d03005c74d	Algorithms	technical	topic_algorithms_ad6a8bb2c2f7	technical.topic_algorithms_1c77a759bac7	self_talk	any	none	dry	1	120	120	1	1	false	true	二分边界与不变量要一起守住。	rewritten_topic	legacy:27304;topic:topic_algorithms_ad6a8bb2c2f7	rewritten as a complete technical observation without reply pressure
v2_easter_egg_egg_standalone_10fd164ccaa1_15ee5a45577f	EasterEgg	easter_egg	egg_standalone_5be828a3f9aa	easter_egg.egg_standalone_10fd164ccaa1	self_talk	any	none	playful	0	720	720	1	0.1	false	true	喜欢蕾丝也喜欢干净代码，完全不冲突。	preserved_easter_egg	legacy:75092;topic:egg_standalone_5be828a3f9aa	retained as a safe standalone easter egg
v2_emotional_reflection_topic_emotionalsupport_c63fcc64f3e7_ff9ab822ee3f	EmotionalSupport	emotional_reflection	topic_emotionalsupport_14a8a6047468	emotional_reflection.topic_emotionalsupport_c63fcc64f3e7	self_talk	any	none	gentle	0	120	120	1	1	false	true	有些委屈不是讲道理就能立刻消失。	rewritten_topic	legacy:62416;topic:topic_emotionalsupport_14a8a6047468	rewritten as cautious general care without claiming user state
v2_technical_topic_java_0c686ce39743_7c2335a06d38	Java	technical	topic_java_0c686ce39743	technical.topic_java_0c686ce39743	self_talk	any	none	dry	1	120	120	1	1	false	true	Java 这个空指针先看对象生命周期；时间和随机性都要可控。	rewritten_topic	legacy:7802;topic:topic_java_0c686ce39743	rewritten as a complete technical observation without reply pressure
v2_technical_topic_career_a911af371270_408f15558d9a	Career	career	topic_career_f7c03e019598	technical.topic_career_a911af371270	self_talk	any	none	dry	1	120	120	1	1	false	true	作品集展示一个完整项目，胜过堆满半成品。	rewritten_topic	legacy:50716;topic:topic_career_f7c03e019598	rewritten as a complete technical observation without reply pressure
v2_system_afternoon_c8d5563ed9af	SystemAmbient	system_ambient	system.afternoon.07	system.afternoon	system_observe	afternoon	none	gentle	0	120	120	1	1	false	true	午后窗口继续低调值班，偶尔冒一句就马上安静。	new_ambient	catalog:approved-design:system-time-and-safe-character-life	authored as an explicit standalone context-safe sentence
v2_technical_topic_debugging_db21127c5827_171dab7575bb	Debugging	technical	topic_debugging_db21127c5827	technical.topic_debugging_db21127c5827	self_talk	any	none	dry	1	120	120	1	1	false	true	偶现 bug 最怕没有稳定复现条件；构建过程必须可重复。	rewritten_topic	legacy:28;topic:topic_debugging_db21127c5827	rewritten as a complete technical observation without reply pressure
v2_technical_topic_frontend_c3c3d356bc23_3541af7d0b39	Frontend	technical	topic_frontend_daf95cc135ab	technical.topic_frontend_c3c3d356bc23	self_talk	any	none	dry	1	120	120	1	1	false	true	动画卡顿先别乱改时长。	rewritten_topic	legacy:15625;topic:topic_frontend_daf95cc135ab	rewritten as a complete technical observation without reply pressure
v2_technical_topic_englishpractice_a517a91c9419_6ba72148b40e	EnglishPractice	growth	topic_englishpractice_e11527bec3d8	technical.topic_englishpractice_a517a91c9419	self_talk	any	none	dry	1	120	120	1	1	false	true	commit message 写清动词和改动对象；每次提交只讲一件事。	rewritten_topic	legacy:54612;topic:topic_englishpractice_e11527bec3d8	rewritten as a complete technical observation without reply pressure
v2_technical_topic_backend_e334927e057b_10de231b1f72	Backend	technical	topic_backend_b97563d43020	technical.topic_backend_e334927e057b	self_talk	any	none	dry	1	120	120	1	1	false	true	接口版本不管迟早让客户端一起崩。	rewritten_topic	legacy:19529;topic:topic_backend_b97563d43020	rewritten as a complete technical observation without reply pressure
v2_system_month_boundary_405e64eac554	SystemAmbient	system_ambient	system.month_boundary.03	system.month_boundary	system_observe	day_changed	none	gentle	0	120	120	1	1	false	true	月初适合整理方向，计划留点余量会更耐用。	new_ambient	catalog:approved-design:system-time-and-safe-character-life	authored as an explicit standalone context-safe sentence
v2_technical_topic_study_6cc1ae41def2_cc4f10db4901	Study	growth	topic_study_6461a6cd06b3	technical.topic_study_6cc1ae41def2	self_talk	any	none	dry	1	120	120	1	1	false	true	知识点能用自己的话解释才算真会；先测量真实成本，优化方向才不容易跑偏。	rewritten_topic	legacy:46818;topic:topic_study_6461a6cd06b3	rewritten as a complete technical observation without reply pressure
v2_technical_topic_architecture_686d148f748e_d9bf6683573c	Architecture	technical	topic_architecture_c5c29add0d90	technical.topic_architecture_686d148f748e	self_talk	any	none	dry	1	120	120	1	1	false	true	缓存设计先定好失效策略。	rewritten_topic	legacy:42914;topic:topic_architecture_c5c29add0d90	rewritten as a complete technical observation without reply pressure
v2_system_afternoon_b4f0f95084e0	SystemAmbient	system_ambient	system.afternoon.10	system.afternoon	system_observe	afternoon	none	gentle	0	120	120	1	1	false	true	剩余时间写在钟表上，不需要提前替它焦虑。	new_ambient	catalog:approved-design:system-time-and-safe-character-life	authored as an explicit standalone context-safe sentence
v2_technical_topic_backend_6656e95951e3_225f5fe340b9	Backend	technical	topic_backend_7ae4c0d83072	technical.topic_backend_6656e95951e3	self_talk	any	none	dry	1	120	120	1	1	false	true	服务降级不是直接返回一坨空数据。	rewritten_topic	legacy:19511;topic:topic_backend_7ae4c0d83072	rewritten as a complete technical observation without reply pressure
v2_system_winter_af90f4837e93	SystemAmbient	system_ambient	system.winter.06	system.winter	system_observe	day_changed	none	gentle	0	120	120	1	1	false	true	季节适合保存体力，不用随时保持高性能。	new_ambient	catalog:approved-design:system-time-and-safe-character-life	authored as an explicit standalone context-safe sentence
v2_easter_egg_egg_standalone_16455c39a349_fe73a1d119cb	EasterEgg	easter_egg	egg_standalone_f1c533b32678	easter_egg.egg_standalone_16455c39a349	self_talk	any	none	playful	0	720	720	1	0.1	false	true	晚上十点以后，没收尾的事可以留给明天。	preserved_easter_egg	legacy:75097;topic:egg_standalone_f1c533b32678	retained as a safe standalone easter egg
v2_system_holiday_ea4d7e43ef7e	SystemAmbient	system_ambient	system.holiday.10	system.holiday	system_observe	holiday	none	gentle	0	120	120	1	1	false	true	日期值得轻轻记一下，然后按喜欢的节奏继续。	new_ambient	catalog:approved-design:system-time-and-safe-character-life	authored as an explicit standalone context-safe sentence
v2_care_hydration_meals_13f027988da8	DailyCare	daily_care	topic_dailycare_fc8599d58f4f	care.hydration_meals	ambient	any	none	gentle	0	144	144	1	1	false	true	补充能量不是偷懒，而是让后续活动有真实电量。	curated_standalone	legacy:58546;topic:topic_dailycare_fc8599d58f4f	authored as an explicit standalone context-safe sentence
v2_life_small_daydreams_e6e3d2618dd7	CharacterLife	character_life	life.small_daydreams.03	life.small_daydreams	self_talk	any	none	gentle	0	144	144	1	1	false	true	把喜欢的颜色记下来，下次挑东西时就少纠结一轮。	curated_standalone	catalog:approved-design:system-time-and-safe-character-life	authored as an explicit standalone context-safe sentence
v2_system_app_start_c05b068ee0c9	SystemAmbient	system_ambient	system.app_start.09	system.app_start	system_observe	app_start	none	gentle	0	120	120	1	1	false	true	启动完成，不联网也能把这份陪伴好好运行下去。	new_ambient	catalog:approved-design:system-time-and-safe-character-life	authored as an explicit standalone context-safe sentence
v2_easter_egg_egg_standalone_04c9a271d2cf_33ba2f34858a	EasterEgg	easter_egg	egg_standalone_427e5bab328f	easter_egg.egg_standalone_04c9a271d2cf	self_talk	any	none	playful	0	720	720	1	0.1	false	true	生活没给豪华配置，也能把基础版本维护好。	preserved_easter_egg	legacy:75078;topic:egg_standalone_427e5bab328f	retained as a safe standalone easter egg
v2_technical_topic_systems_1146583ec960_c30c21cf0c3e	Systems	technical	topic_systems_e3a9a733cad6	technical.topic_systems_1146583ec960	self_talk	any	none	dry	1	120	120	1	1	false	true	锁竞争严重时 CPU 高不等于有效工作多。	rewritten_topic	legacy:31205;topic:topic_systems_e3a9a733cad6	rewritten as a complete technical observation without reply pressure
v2_technical_topic_python_f61135711e50_3f3d7bdd9eea	Python	technical	topic_python_7b3a115757ca	technical.topic_python_f61135711e50	self_talk	any	none	dry	1	120	120	1	1	false	true	序列化前先确认对象里有没有不可编码的东西；事实和推测分开记。	rewritten_topic	legacy:3928;topic:topic_python_7b3a115757ca	rewritten as a complete technical observation without reply pressure
v2_technical_topic_frontend_c3c3d356bc23_6f9723347318	Frontend	technical	topic_frontend_daf95cc135ab	technical.topic_frontend_c3c3d356bc23	self_talk	any	none	dry	1	120	120	1	1	false	true	动画卡顿先别乱改时长；保留一份最小复现，后续验证就不用靠回忆。	rewritten_topic	legacy:15626;topic:topic_frontend_daf95cc135ab	rewritten as a complete technical observation without reply pressure
v2_technical_topic_cpp_64093dd12269_d3dacecb8ae4	Cpp	technical	topic_cpp_9e8ea5301ae4	technical.topic_cpp_64093dd12269	self_talk	any	none	dry	1	120	120	1	1	false	true	const 写对了接口意图会清楚很多。	rewritten_topic	legacy:11711;topic:topic_cpp_9e8ea5301ae4	rewritten as a complete technical observation without reply pressure
v2_technical_topic_python_7b3a115757ca_b4772bc568ea	Python	technical	topic_python_a73db8277bbb	technical.topic_python_7b3a115757ca	self_talk	any	none	dry	1	120	120	1	1	false	true	异步协程没 await 就跟没叫它干活一样；业务标识要贯穿日志。	rewritten_topic	legacy:3912;topic:topic_python_a73db8277bbb	rewritten as a complete technical observation without reply pressure
v2_technical_topic_networks_f0712094db1f_f89d14157e6c	Networks	technical	topic_networks_eedd4e3db8df	technical.topic_networks_f0712094db1f	self_talk	any	none	dry	1	120	120	1	1	false	true	长连接要有心跳也要处理半开状态；敏感信息放专用存储。	rewritten_topic	legacy:35128;topic:topic_networks_eedd4e3db8df	rewritten as a complete technical observation without reply pressure
v2_system_summer_8be89d0a54c8	SystemAmbient	system_ambient	system.summer.03	system.summer	system_observe	day_changed	none	gentle	0	120	120	1	1	false	true	季节走到夏天，补水和散热都属于基础维护。	new_ambient	catalog:approved-design:system-time-and-safe-character-life	authored as an explicit standalone context-safe sentence
v2_technical_topic_database_d72f277b6270_f90730a56048	Database	technical	topic_database_e886faeacdcb	technical.topic_database_d72f277b6270	self_talk	any	none	dry	1	120	120	1	1	false	true	批量写入应合并事务提交，避免每条数据单独落库。	rewritten_topic	legacy:23424;topic:topic_database_e886faeacdcb	rewritten as a complete technical observation without reply pressure
v2_technical_topic_career_19e64ad0ee77_83c6a36e17c1	Career	career	topic_career_3c52223c0e3d	technical.topic_career_19e64ad0ee77	self_talk	any	none	dry	1	120	120	1	1	false	true	跳槽别只因为一天心情差就冲动；权限先做最小化。	rewritten_topic	legacy:50702;topic:topic_career_3c52223c0e3d	rewritten as a complete technical observation without reply pressure
v2_system_spring_c4308893a2c0	SystemAmbient	system_ambient	system.spring.01	system.spring	system_observe	day_changed	none	gentle	0	120	120	1	1	false	true	日历进入春季，桌面配色也像多了一点轻快。	new_ambient	catalog:approved-design:system-time-and-safe-character-life	authored as an explicit standalone context-safe sentence
v2_easter_egg_egg_standalone_0dad90da48d7_38db41ac3f85	EasterEgg	easter_egg	egg_standalone_fc76cf770254	easter_egg.egg_standalone_0dad90da48d7	self_talk	any	none	playful	0	720	720	1	0.1	false	true	公交末班车的灯，常常比大道理更让人安心。	preserved_easter_egg	legacy:75087;topic:egg_standalone_fc76cf770254	retained as a safe standalone easter egg
v2_life_paper_plants_1306aba9fa30	CharacterLife	character_life	life.paper_plants.05	life.paper_plants	self_talk	any	none	gentle	0	144	144	1	1	false	true	浇水前先摸一摸土，比死记日期更接近植物真正的需要。	curated_standalone	catalog:approved-design:system-time-and-safe-character-life	authored as an explicit standalone context-safe sentence
v2_technical_topic_python_8fe2bf6cf4e9_c90188938356	Python	technical	topic_python_8fe2bf6cf4e9	technical.topic_python_8fe2bf6cf4e9	self_talk	any	none	dry	1	120	120	1	1	false	true	列表推导太长了已经不好读了；测试名写清条件结果。	rewritten_topic	legacy:3916;topic:topic_python_8fe2bf6cf4e9	rewritten as a complete technical observation without reply pressure
v2_system_summer_779507de42ca	SystemAmbient	system_ambient	system.summer.09	system.summer	system_observe	day_changed	none	gentle	0	120	120	1	1	false	true	夏季适合把复杂事项移到更清醒的时段处理。	new_ambient	catalog:approved-design:system-time-and-safe-character-life	authored as an explicit standalone context-safe sentence
v2_technical_topic_gitdevops_f1ea71a2e27b_0ea504e8aa54	GitDevOps	technical	topic_gitdevops_2fc540281ebd	technical.topic_gitdevops_f1ea71a2e27b	self_talk	any	none	dry	1	120	120	1	1	false	true	配置和密钥别一起塞进镜像。	rewritten_topic	legacy:39029;topic:topic_gitdevops_2fc540281ebd	rewritten as a complete technical observation without reply pressure
v2_technical_topic_gitdevops_8e5dda59eb47_608dba75e0a9	GitDevOps	technical	topic_gitdevops_19226aa98b7c	technical.topic_gitdevops_8e5dda59eb47	self_talk	any	none	dry	1	120	120	1	1	false	true	容器健康不只看进程还活没活。	rewritten_topic	legacy:39019;topic:topic_gitdevops_19226aa98b7c	rewritten as a complete technical observation without reply pressure
v2_technical_topic_englishpractice_e11527bec3d8_663c060a3843	EnglishPractice	growth	topic_englishpractice_d8bda551676e	technical.topic_englishpractice_e11527bec3d8	self_talk	any	none	dry	1	120	120	1	1	false	true	变量命名顺手练成清楚的英文也不亏。	rewritten_topic	legacy:54623;topic:topic_englishpractice_d8bda551676e	rewritten as a complete technical observation without reply pressure
v2_character_life_topic_dresseshobbies_2c3d3ce8d32c_db324a23dd6d	DressesHobbies	character_life	topic_dresseshobbies_8c174b2ed991	character_life.topic_dresseshobbies_2c3d3ce8d32c	self_talk	any	none	playful	0	144	144	1	1	false	true	偶尔打扮得可爱一点心情会跟着亮；学习和爱好轮流换气。	rewritten_topic	legacy:72168;topic:topic_dresseshobbies_8c174b2ed991	expanded into distinct standalone character-life situations
v2_technical_topic_englishpractice_7a60371372eb_8c27590a8670	EnglishPractice	growth	topic_englishpractice_e11527bec3d8	technical.topic_englishpractice_7a60371372eb	self_talk	any	none	dry	1	120	120	1	1	false	true	听不懂长句就先找重音和连接词。	rewritten_topic	legacy:54607;topic:topic_englishpractice_e11527bec3d8	rewritten as a complete technical observation without reply pressure
v2_technical_topic_frontend_32976568cccc_1962ce278e40	Frontend	technical	topic_frontend_33944c99354e	technical.topic_frontend_32976568cccc	self_talk	any	none	dry	1	120	120	1	1	false	true	可访问性不是最后随手补个标签。	rewritten_topic	legacy:15603;topic:topic_frontend_33944c99354e	rewritten as a complete technical observation without reply pressure
v2_technical_topic_python_3c0cc6d95fb3_8563a8044912	Python	technical	topic_python_a73db8277bbb	technical.topic_python_3c0cc6d95fb3	self_talk	any	none	dry	1	120	120	1	1	false	true	包导入混乱先理清模块边界。	rewritten_topic	legacy:3905;topic:topic_python_a73db8277bbb	rewritten as a complete technical observation without reply pressure
v2_technical_topic_cpp_d1c760be69f5_429e3eb303be	Cpp	technical	topic_cpp_ed580ae5911f	technical.topic_cpp_d1c760be69f5	self_talk	any	none	dry	1	120	120	1	1	false	true	引用和指针的生命周期别想当然。	rewritten_topic	legacy:11723;topic:topic_cpp_ed580ae5911f	rewritten as a complete technical observation without reply pressure
v2_character_life_topic_dresseshobbies_1c0d20276055_9565ed3c5b96	DressesHobbies	character_life	topic_dresseshobbies_8649e6a7ac23	character_life.topic_dresseshobbies_1c0d20276055	self_talk	any	none	playful	0	144	144	1	1	false	true	挑颜色这件事比选框架还让我纠结；熟练来自一次次小练习，不需要突然开窍。	rewritten_topic	legacy:72162;topic:topic_dresseshobbies_8649e6a7ac23	expanded into distinct standalone character-life situations
v2_technical_topic_backend_0ef5a7c2b078_1594e9b42647	Backend	technical	topic_backend_7ae4c0d83072	technical.topic_backend_0ef5a7c2b078	self_talk	any	none	dry	1	120	120	1	1	false	true	文件上传先限制大小类型和路径；事实来源只留一个。	rewritten_topic	legacy:19502;topic:topic_backend_7ae4c0d83072	rewritten as a complete technical observation without reply pressure
v2_system_autumn_536afd41721a	SystemAmbient	system_ambient	system.autumn.04	system.autumn	system_observe	day_changed	none	gentle	0	120	120	1	1	false	true	秋季适合复盘，但复盘不是专门寻找自己的错。	new_ambient	catalog:approved-design:system-time-and-safe-character-life	authored as an explicit standalone context-safe sentence
v2_system_spring_449488eea68b	SystemAmbient	system_ambient	system.spring.06	system.spring	system_observe	day_changed	none	gentle	0	120	120	1	1	false	true	春季像一次温和更新，变化可以一点点安装。	new_ambient	catalog:approved-design:system-time-and-safe-character-life	authored as an explicit standalone context-safe sentence
v2_technical_topic_debugging_814d9e950cd4_dc9213685ee4	Debugging	technical	topic_debugging_293cbee5cbde	technical.topic_debugging_814d9e950cd4	self_talk	any	none	dry	1	120	120	1	1	false	true	乱码先把编码链路从头对一遍；先分清两类故障。	rewritten_topic	legacy:18;topic:topic_debugging_293cbee5cbde	rewritten as a complete technical observation without reply pressure
v2_character_life_topic_dresseshobbies_6e4d35420b97_bfc4ea5db0fa	DressesHobbies	character_life	topic_dresseshobbies_18db5fccdb24	character_life.topic_dresseshobbies_6e4d35420b97	self_talk	any	none	playful	0	144	144	1	1	false	true	买小裙子前我也会认真算这个月预算；慢慢挑更容易留下喜欢。	rewritten_topic	legacy:72180;topic:topic_dresseshobbies_18db5fccdb24	expanded into distinct standalone character-life situations
v2_easter_egg_egg_standalone_0bbf57c78364_da23f78a15ab	EasterEgg	easter_egg	egg_standalone_cfc9a23a2002	easter_egg.egg_standalone_0bbf57c78364	self_talk	any	none	playful	0	720	720	1	0.1	false	true	卡住先离开五分钟，大脑可能会在后台继续跑。	preserved_easter_egg	legacy:75085;topic:egg_standalone_cfc9a23a2002	retained as a safe standalone easter egg
v2_technical_topic_debugging_01d977ed83eb_d19e633a4b4e	Debugging	technical	topic_debugging_85ffee2564f0	technical.topic_debugging_01d977ed83eb	self_talk	any	none	dry	1	120	120	1	1	false	true	 UI 不刷新先确认状态有没有真的变化。	rewritten_topic	legacy:1;topic:topic_debugging_85ffee2564f0	rewritten as a complete technical observation without reply pressure
v2_technical_topic_career_da7dbba721be_0ec6828bf8f5	Career	career	topic_career_f7c03e019598	technical.topic_career_da7dbba721be	self_talk	any	none	dry	1	120	120	1	1	false	true	算法题卡住时，先清楚讲出可行的暴力思路。	rewritten_topic	legacy:50726;topic:topic_career_f7c03e019598	rewritten as a complete technical observation without reply pressure
v2_technical_topic_networks_734719f4f427_8d063ca113d5	Networks	technical	topic_networks_6c7352dd659a	technical.topic_networks_734719f4f427	self_talk	any	none	dry	1	120	120	1	1	false	true	重传变多得结合丢包和拥塞一起看；状态含义要先定义。	rewritten_topic	legacy:35114;topic:topic_networks_6c7352dd659a	rewritten as a complete technical observation without reply pressure
v2_emotional_reflection_topic_emotionalsupport_8ee9fda8bde4_0a24a20d3e7d	EmotionalSupport	emotional_reflection	topic_emotionalsupport_14a8a6047468	emotional_reflection.topic_emotionalsupport_8ee9fda8bde4	self_talk	any	none	gentle	0	120	120	1	1	false	true	压力太满的时候先允许自己停一下；具体的小照顾更好执行。	rewritten_topic	legacy:62415;topic:topic_emotionalsupport_14a8a6047468	rewritten as cautious general care without claiming user state
v2_system_month_boundary_3b8d2bc30065	SystemAmbient	system_ambient	system.month_boundary.06	system.month_boundary	system_observe	day_changed	none	gentle	0	120	120	1	1	false	true	月份变化像版本号更新，核心状态不会一夜重写。	new_ambient	catalog:approved-design:system-time-and-safe-character-life	authored as an explicit standalone context-safe sentence
v2_system_evening_2c7857ad2a31	SystemAmbient	system_ambient	system.evening.05	system.evening	system_observe	evening	none	gentle	0	120	120	1	1	false	true	傍晚的窗口保持暖一点，提醒就不说得太硬。	new_ambient	catalog:approved-design:system-time-and-safe-character-life	authored as an explicit standalone context-safe sentence
v2_system_summer_e77104d908c9	SystemAmbient	system_ambient	system.summer.02	system.summer	system_observe	day_changed	none	gentle	0	120	120	1	1	false	true	夏天的桌面适合清爽布局，窗口也少占一点注意力。	new_ambient	catalog:approved-design:system-time-and-safe-character-life	authored as an explicit standalone context-safe sentence
v2_care_hydration_meals_031ff9d1b360	DailyCare	daily_care	topic_dailycare_008288cd6842	care.hydration_meals	ambient	any	none	gentle	0	144	144	1	1	false	true	正餐被拆成零碎零食以后，饱腹感和营养都容易失去秩序。	curated_standalone	legacy:58538;topic:topic_dailycare_008288cd6842	authored as an explicit standalone context-safe sentence
v2_technical_topic_database_f84245ae6067_18332e9d8de6	Database	technical	topic_database_26b459df52ac	technical.topic_database_f84245ae6067	self_talk	any	none	dry	1	120	120	1	1	false	true	 N 加一查询藏得还挺深；回滚也要设计。	rewritten_topic	legacy:23430;topic:topic_database_26b459df52ac	rewritten as a complete technical observation without reply pressure
v2_daily_care_topic_dailycare_6f7ba8e8a573_2bf6be511d3f	DailyCare	daily_care	topic_dailycare_de768ce1eb6f	daily_care.topic_dailycare_6f7ba8e8a573	ambient	any	none	gentle	0	120	120	1	1	false	true	连续工作这么久脑子早该换气了；休息不是奖励，而是长期运行需要的维护。	rewritten_topic	legacy:58520;topic:topic_dailycare_de768ce1eb6f	rewritten as cautious general care without claiming user state
v2_technical_topic_python_9cb2166418ec_31665ef86ea4	Python	technical	topic_python_8fe2bf6cf4e9	technical.topic_python_9cb2166418ec	self_talk	any	none	dry	1	120	120	1	1	false	true	装饰器先弄清闭包里捕获了什么。	rewritten_topic	legacy:3917;topic:topic_python_8fe2bf6cf4e9	rewritten as a complete technical observation without reply pressure
v2_care_emotional_pacing_4185f8bb1546	EmotionalSupport	emotional_reflection	topic_emotionalsupport_14a8a6047468	care.emotional_pacing	self_talk	any	none	gentle	0	144	144	1	1	false	true	对自己的评价可以晚一点下，疲惫时的结论往往太绝对。	curated_standalone	legacy:62426;topic:topic_emotionalsupport_14a8a6047468	authored as an explicit standalone context-safe sentence
v2_daily_care_topic_dailycare_a62f8c2613f6_cfdcc0ac7452	DailyCare	daily_care	topic_dailycare_de768ce1eb6f	daily_care.topic_dailycare_a62f8c2613f6	ambient	any	none	gentle	0	120	120	1	1	false	true	手腕酸了先离开键盘活动两下。	rewritten_topic	legacy:58525;topic:topic_dailycare_de768ce1eb6f	rewritten as cautious general care without claiming user state
v2_technical_topic_java_24b2e497d7a7_965f123b8f81	Java	technical	topic_java_0c686ce39743	technical.topic_java_24b2e497d7a7	self_talk	any	none	dry	1	120	120	1	1	false	true	事务没生效可能是调用方式绕过代理了。	rewritten_topic	legacy:7803;topic:topic_java_0c686ce39743	rewritten as a complete technical observation without reply pressure
v2_system_month_boundary_64a827a8065b	SystemAmbient	system_ambient	system.month_boundary.04	system.month_boundary	system_observe	day_changed	none	gentle	0	120	120	1	1	false	true	月末不必强行清空所有待办，诚实迁移比假装完成更好。	new_ambient	catalog:approved-design:system-time-and-safe-character-life	authored as an explicit standalone context-safe sentence
v2_technical_topic_backend_7cdf992d7f86_82ae5e39c1e6	Backend	technical	topic_backend_63208895b627	technical.topic_backend_7cdf992d7f86	self_talk	any	none	dry	1	120	120	1	1	false	true	链路追踪必须完整传播上下文才能连起全程。	rewritten_topic	legacy:19518;topic:topic_backend_63208895b627	rewritten as a complete technical observation without reply pressure
v2_life_paper_plants_5f637ea68b17	CharacterLife	character_life	life.paper_plants.02	life.paper_plants	self_talk	any	none	gentle	0	144	144	1	1	false	true	植物长出新叶时很低调，却能让窗边亮好几天。	curated_standalone	catalog:approved-design:system-time-and-safe-character-life	authored as an explicit standalone context-safe sentence
v2_technical_topic_cpp_7f6778a14a63_d4cef08fc05b	Cpp	technical	topic_cpp_ed580ae5911f	technical.topic_cpp_7f6778a14a63	self_talk	any	none	dry	1	120	120	1	1	false	true	容器扩容后旧迭代器可能早失效了；证据要先于改动。	rewritten_topic	legacy:11716;topic:topic_cpp_ed580ae5911f	rewritten as a complete technical observation without reply pressure
v2_technical_topic_java_70d7516a0fb2_83b85330425d	Java	technical	topic_java_0c686ce39743	technical.topic_java_70d7516a0fb2	self_talk	any	none	dry	1	120	120	1	1	false	true	泛型警告别全靠强转糊过去。	rewritten_topic	legacy:7813;topic:topic_java_0c686ce39743	rewritten as a complete technical observation without reply pressure
v2_technical_topic_algorithms_db6720729f7f_f945efd81ead	Algorithms	technical	topic_algorithms_66f62e1cff66	technical.topic_algorithms_db6720729f7f	self_talk	any	none	dry	1	120	120	1	1	false	true	位运算也要注明适用条件。	rewritten_topic	legacy:27324;topic:topic_algorithms_66f62e1cff66	rewritten as a complete technical observation without reply pressure
v2_technical_topic_frontend_77262a232c51_9f844cffb8de	Frontend	technical	topic_frontend_33944c99354e	technical.topic_frontend_77262a232c51	self_talk	any	none	dry	1	120	120	1	1	false	true	闭包拿到旧状态并不稀奇；将变化频率不同的部分分开，维护成本会更可控。	rewritten_topic	legacy:15612;topic:topic_frontend_33944c99354e	rewritten as a complete technical observation without reply pressure
v2_technical_topic_career_cb73e362c71a_08b28f18d466	Career	career	topic_career_f7c03e019598	technical.topic_career_cb73e362c71a	self_talk	any	none	dry	1	120	120	1	1	false	true	谈薪时也要把成长空间与生活成本算进去。	rewritten_topic	legacy:50724;topic:topic_career_f7c03e019598	rewritten as a complete technical observation without reply pressure
v2_technical_topic_algorithms_1ae70d763ad2_044e890de5a7	Algorithms	technical	topic_algorithms_ad6a8bb2c2f7	technical.topic_algorithms_1ae70d763ad2	self_talk	any	none	dry	1	120	120	1	1	false	true	前缀和适合把重复区间计算省掉；先写清输入和边界。	rewritten_topic	legacy:27302;topic:topic_algorithms_ad6a8bb2c2f7	rewritten as a complete technical observation without reply pressure
v2_emotional_reflection_topic_emotionalsupport_c63fcc64f3e7_b5e5bcfed611	EmotionalSupport	emotional_reflection	topic_emotionalsupport_14a8a6047468	emotional_reflection.topic_emotionalsupport_c63fcc64f3e7	self_talk	any	none	gentle	0	120	120	1	1	false	true	有些委屈不是讲道理就能立刻消失；状态有波动也很正常。	rewritten_topic	legacy:62417;topic:topic_emotionalsupport_14a8a6047468	rewritten as cautious general care without claiming user state
v2_system_weekend_26c16e8b0ea5	SystemAmbient	system_ambient	system.weekend.01	system.weekend	system_observe	weekend	none	gentle	0	120	120	1	1	false	true	周末不必复制工作日的节奏，空白时间也有自己的用途。	new_ambient	catalog:approved-design:system-time-and-safe-character-life	authored as an explicit standalone context-safe sentence
v2_technical_topic_frontend_048213274cf8_854d03241558	Frontend	technical	topic_frontend_33944c99354e	technical.topic_frontend_048213274cf8	self_talk	any	none	dry	1	120	120	1	1	false	true	浏览器兼容问题先确认目标范围。	rewritten_topic	legacy:15601;topic:topic_frontend_33944c99354e	rewritten as a complete technical observation without reply pressure
v2_life_books_music_d0b3860ee121	CharacterLife	character_life	life.books_music.06	life.books_music	self_talk	any	none	gentle	0	144	144	1	1	false	true	耳机里的音乐很轻，刚好够给一个普通下午加点颜色。	curated_standalone	catalog:approved-design:system-time-and-safe-character-life	authored as an explicit standalone context-safe sentence
v2_technical_topic_study_35cac5f24b8a_21aa0c413221	Study	growth	topic_study_39598576d0ea	technical.topic_study_35cac5f24b8a	self_talk	any	none	dry	1	120	120	1	1	false	true	数据库范式懂思想就别死抠术语；可观测性也是功能。	rewritten_topic	legacy:46806;topic:topic_study_39598576d0ea	rewritten as a complete technical observation without reply pressure
v2_technical_topic_frontend_560992e70df5_03f6b5f53cab	Frontend	technical	topic_frontend_33944c99354e	technical.topic_frontend_560992e70df5	self_talk	any	none	dry	1	120	120	1	1	false	true	首屏慢先把包体和关键请求拆开看；先看分布再选索引。	rewritten_topic	legacy:15610;topic:topic_frontend_33944c99354e	rewritten as a complete technical observation without reply pressure
v2_technical_topic_database_17a29d45a7d8_ff9335009dfe	Database	technical	topic_database_6d7708bc4f22	technical.topic_database_17a29d45a7d8	self_talk	any	none	dry	1	120	120	1	1	false	true	数据迁移脚本既要兼容旧数据，也要支持安全回滚。	rewritten_topic	legacy:23406;topic:topic_database_6d7708bc4f22	rewritten as a complete technical observation without reply pressure
v2_technical_topic_networks_efebd5c43387_f2f41458af41	Networks	technical	topic_networks_6c7352dd659a	technical.topic_networks_efebd5c43387	self_talk	any	none	dry	1	120	120	1	1	false	true	上传速度慢别只盯服务端 CPU；权限先做最小化。	rewritten_topic	legacy:35126;topic:topic_networks_6c7352dd659a	rewritten as a complete technical observation without reply pressure
v2_technical_topic_backend_63208895b627_673ff850d104	Backend	technical	topic_backend_7ae4c0d83072	technical.topic_backend_63208895b627	self_talk	any	none	dry	1	120	120	1	1	false	true	请求参数校验别全压到数据库报错。	rewritten_topic	legacy:19509;topic:topic_backend_7ae4c0d83072	rewritten as a complete technical observation without reply pressure
v2_technical_topic_database_26b459df52ac_9ffb9be70f5c	Database	technical	topic_database_6d7708bc4f22	technical.topic_database_26b459df52ac	self_talk	any	none	dry	1	120	120	1	1	false	true	事务范围太大锁当然放不掉；错误要在边界暴露。	rewritten_topic	legacy:23408;topic:topic_database_6d7708bc4f22	rewritten as a complete technical observation without reply pressure
v2_system_dawn_8546b624f7c9	SystemAmbient	system_ambient	system.dawn.09	system.dawn	system_observe	morning	none	gentle	0	120	120	1	1	false	true	时间点连风都像小声运行，窗口也不抢镜。	new_ambient	catalog:approved-design:system-time-and-safe-character-life	authored as an explicit standalone context-safe sentence
v2_technical_topic_python_2a96bda431af_f75191f9df5e	Python	technical	topic_python_a73db8277bbb	technical.topic_python_2a96bda431af	self_talk	any	none	dry	1	120	120	1	1	false	true	类型提示不是摆设它能省不少低级错误。	rewritten_topic	legacy:3903;topic:topic_python_a73db8277bbb	rewritten as a complete technical observation without reply pressure
v2_daily_care_topic_dailycare_203a23bada9e_773e3a537e92	DailyCare	daily_care	topic_dailycare_4212b8aaec87	daily_care.topic_dailycare_203a23bada9e	ambient	any	none	gentle	0	120	120	1	1	false	true	外卖再忙也挑个有菜有蛋白质的。	rewritten_topic	legacy:58504;topic:topic_dailycare_4212b8aaec87	rewritten as cautious general care without claiming user state
v2_character_life_topic_dresseshobbies_a1d4b73c27e3_82ee58941c67	DressesHobbies	character_life	topic_dresseshobbies_1c0d20276055	character_life.topic_dresseshobbies_a1d4b73c27e3	self_talk	any	none	playful	0	144	144	1	1	false	true	裙摆转起来那一下真的很容易开心；舒服和喜欢就很有分量。	rewritten_topic	legacy:72200;topic:topic_dresseshobbies_1c0d20276055	expanded into distinct standalone character-life situations
v2_technical_topic_java_d0712db71903_0c1bccf0569a	Java	technical	topic_java_d294dacb12d3	technical.topic_java_d0712db71903	self_talk	any	none	dry	1	120	120	1	1	false	true	线程池参数别照着博客一把抄。	rewritten_topic	legacy:7819;topic:topic_java_d294dacb12d3	rewritten as a complete technical observation without reply pressure
v2_system_summer_439993f07f10	SystemAmbient	system_ambient	system.summer.10	system.summer	system_observe	day_changed	none	gentle	0	120	120	1	1	false	true	日光停留得久，也不代表一天必须塞进更多内容。	new_ambient	catalog:approved-design:system-time-and-safe-character-life	authored as an explicit standalone context-safe sentence
v2_emotional_reflection_topic_emotionalsupport_3a6333648763_f902d4ff8c09	EmotionalSupport	emotional_reflection	topic_emotionalsupport_1e242c76b09c	emotional_reflection.topic_emotionalsupport_3a6333648763	self_talk	any	none	gentle	0	120	120	1	1	false	true	今天状态差一点真的不是什么大事。	rewritten_topic	legacy:62410;topic:topic_emotionalsupport_1e242c76b09c	rewritten as cautious general care without claiming user state
v2_system_month_boundary_7614371c0197	SystemAmbient	system_ambient	system.month_boundary.05	system.month_boundary	system_observe	day_changed	none	gentle	0	120	120	1	1	false	true	日历翻页以后，之前的小进展仍然算数。	new_ambient	catalog:approved-design:system-time-and-safe-character-life	authored as an explicit standalone context-safe sentence
v2_character_life_topic_dresseshobbies_a1d4b73c27e3_9cf11776693d	DressesHobbies	character_life	topic_dresseshobbies_1c0d20276055	character_life.topic_dresseshobbies_a1d4b73c27e3	self_talk	any	none	playful	0	144	144	1	1	false	true	裙摆转起来那一下真的很容易开心；整理过程不必赶，慢慢归位本身就很治愈。	rewritten_topic	legacy:72197;topic:topic_dresseshobbies_1c0d20276055	expanded into distinct standalone character-life situations
v2_technical_topic_algorithms_a6fe1512fd0f_db4c3b8cfbe1	Algorithms	technical	topic_algorithms_66f62e1cff66	technical.topic_algorithms_a6fe1512fd0f	self_talk	any	none	dry	1	120	120	1	1	false	true	拓扑排序前先问图里会不会有环；复杂度要对应规模。	rewritten_topic	legacy:27320;topic:topic_algorithms_66f62e1cff66	rewritten as a complete technical observation without reply pressure
v2_technical_topic_cpp_f7ce35f89a48_19c662d11225	Cpp	technical	topic_cpp_f7ce35f89a48	technical.topic_cpp_f7ce35f89a48	self_talk	any	none	dry	1	120	120	1	1	false	true	拷贝构造和移动构造先分明白；复杂度要对应规模。	rewritten_topic	legacy:11730;topic:topic_cpp_f7ce35f89a48	rewritten as a complete technical observation without reply pressure
v2_emotional_reflection_topic_emotionalsupport_0d6125ad0819_22a8ee557af6	EmotionalSupport	emotional_reflection	topic_emotionalsupport_1e242c76b09c	emotional_reflection.topic_emotionalsupport_0d6125ad0819	self_talk	any	none	gentle	0	120	120	1	1	false	true	失败的提交可以回滚心情也能慢慢恢复；普通地停一会儿也很好。	rewritten_topic	legacy:62402;topic:topic_emotionalsupport_1e242c76b09c	rewritten as cautious general care without claiming user state
v2_character_life_topic_dresseshobbies_e23e0e99974c_0b844106e51d	DressesHobbies	character_life	topic_dresseshobbies_19e31d03372b	character_life.topic_dresseshobbies_e23e0e99974c	self_talk	any	none	playful	0	144	144	1	1	false	true	生活里有点自己的小爱好才不容易闷；听见喜欢的旋律时，练习也会少一点枯燥。	rewritten_topic	legacy:72220;topic:topic_dresseshobbies_19e31d03372b	expanded into distinct standalone character-life situations
v2_technical_topic_frontend_9f057d41e3a6_ee5f6335d963	Frontend	technical	topic_frontend_daf95cc135ab	technical.topic_frontend_9f057d41e3a6	self_talk	any	none	dry	1	120	120	1	1	false	true	移动端适配不是把所有东西缩小；取消信号要完整传递。	rewritten_topic	legacy:15618;topic:topic_frontend_daf95cc135ab	rewritten as a complete technical observation without reply pressure
v2_technical_topic_debugging_85ffee2564f0_62319d9297a3	Debugging	technical	topic_debugging_293cbee5cbde	technical.topic_debugging_85ffee2564f0	self_talk	any	none	dry	1	120	120	1	1	false	true	空指针八成不是突然冒出来的；领域规则留在领域层。	rewritten_topic	legacy:20;topic:topic_debugging_293cbee5cbde	rewritten as a complete technical observation without reply pressure
v2_emotional_reflection_topic_emotionalsupport_c63fcc64f3e7_d0536e95ba3c	EmotionalSupport	emotional_reflection	topic_emotionalsupport_14a8a6047468	emotional_reflection.topic_emotionalsupport_c63fcc64f3e7	self_talk	any	none	gentle	0	120	120	1	1	false	true	有些委屈不是讲道理就能立刻消失；先保留体力，再决定剩下的事情怎样安排。	rewritten_topic	legacy:62418;topic:topic_emotionalsupport_14a8a6047468	rewritten as cautious general care without claiming user state
v2_technical_topic_englishpractice_b51daa488192_4927f09f52c2	EnglishPractice	growth	topic_englishpractice_e11527bec3d8	technical.topic_englishpractice_b51daa488192	self_talk	any	none	dry	1	120	120	1	1	false	true	学会读错误信息比背模板管用。	rewritten_topic	legacy:54613;topic:topic_englishpractice_e11527bec3d8	rewritten as a complete technical observation without reply pressure
v2_system_summer_3d5a0d3c2841	SystemAmbient	system_ambient	system.summer.05	system.summer	system_observe	day_changed	none	gentle	0	120	120	1	1	false	true	日历上的夏天已经加载，桌宠切到轻量陪伴模式。	new_ambient	catalog:approved-design:system-time-and-safe-character-life	authored as an explicit standalone context-safe sentence
v2_system_dawn_3819e2c5b8f5	SystemAmbient	system_ambient	system.dawn.08	system.dawn	system_observe	morning	none	gentle	0	120	120	1	1	false	true	清晨像系统冷启动，给状态一点加载时间很合理。	new_ambient	catalog:approved-design:system-time-and-safe-character-life	authored as an explicit standalone context-safe sentence
v2_technical_topic_java_b6044df0fa7a_882a86e259f1	Java	technical	topic_java_d294dacb12d3	technical.topic_java_b6044df0fa7a	self_talk	any	none	dry	1	120	120	1	1	false	true	接口返回实体对象迟早把边界搞乱。	rewritten_topic	legacy:7817;topic:topic_java_d294dacb12d3	rewritten as a complete technical observation without reply pressure
v2_technical_topic_backend_63208895b627_2a8cdf8ff98e	Backend	technical	topic_backend_7ae4c0d83072	technical.topic_backend_63208895b627	self_talk	any	none	dry	1	120	120	1	1	false	true	参数校验应该守在请求入口。	rewritten_topic	legacy:19510;topic:topic_backend_7ae4c0d83072	rewritten as a complete technical observation without reply pressure
v2_technical_topic_architecture_c0262f3e91b8_43a1550ae430	Architecture	technical	topic_architecture_c5c29add0d90	technical.topic_architecture_c0262f3e91b8	self_talk	any	none	dry	1	120	120	1	1	false	true	依赖方向清楚才容易测试。	rewritten_topic	legacy:42922;topic:topic_architecture_c5c29add0d90	rewritten as a complete technical observation without reply pressure
v2_life_books_music_730103a14080	CharacterLife	character_life	life.books_music.01	life.books_music	self_talk	any	none	gentle	0	144	144	1	1	false	true	书读到一半停下来也没关系，喜欢不是进度比赛。	curated_standalone	catalog:approved-design:system-time-and-safe-character-life	authored as an explicit standalone context-safe sentence
v2_technical_topic_englishpractice_11eba631ee8e_5b18e6a61186	EnglishPractice	growth	topic_englishpractice_e11527bec3d8	technical.topic_englishpractice_11eba631ee8e	self_talk	any	none	dry	1	120	120	1	1	false	true	技术表达准确比口音像谁更重要。	rewritten_topic	legacy:54601;topic:topic_englishpractice_e11527bec3d8	rewritten as a complete technical observation without reply pressure
v2_emotional_reflection_topic_emotionalsupport_c9c0f728c354_6699e4f86763	EmotionalSupport	emotional_reflection	topic_emotionalsupport_14a8a6047468	emotional_reflection.topic_emotionalsupport_c9c0f728c354	self_talk	any	none	gentle	0	120	120	1	1	false	true	犯错以后愿意修正就已经很勇敢。	rewritten_topic	legacy:62419;topic:topic_emotionalsupport_14a8a6047468	rewritten as cautious general care without claiming user state
v2_life_room_cooking_066541ee3a06	CharacterLife	character_life	life.room_cooking.05	life.room_cooking	self_talk	any	none	gentle	0	144	144	1	1	false	true	做饭时先把材料放齐，过程就不容易手忙脚乱。	curated_standalone	catalog:approved-design:system-time-and-safe-character-life	authored as an explicit standalone context-safe sentence
v2_character_life_topic_dresseshobbies_c9917c791e64_ec3db7502a95	DressesHobbies	character_life	topic_dresseshobbies_2c3d3ce8d32c	character_life.topic_dresseshobbies_c9917c791e64	self_talk	any	none	playful	0	144	144	1	1	false	true	好看的发饰和干净的代码都让人舒服。	rewritten_topic	legacy:72206;topic:topic_dresseshobbies_2c3d3ce8d32c	expanded into distinct standalone character-life situations
v2_technical_topic_python_49fc39fe14a3_fbd55919cee4	Python	technical	topic_python_a73db8277bbb	technical.topic_python_49fc39fe14a3	self_talk	any	none	dry	1	120	120	1	1	false	true	字典取值不确定就别硬写方括号；让数据校验靠近入口，错误越早拦住越便宜。	rewritten_topic	legacy:3908;topic:topic_python_a73db8277bbb	rewritten as a complete technical observation without reply pressure
v2_technical_topic_study_42ea48ed5e6f_61285c244193	Study	growth	topic_study_39598576d0ea	technical.topic_study_42ea48ed5e6f	self_talk	any	none	dry	1	120	120	1	1	false	true	概率题先写清随机变量是什么；先确认可观察证据，再决定是否值得改动实现。	rewritten_topic	legacy:46812;topic:topic_study_39598576d0ea	rewritten as a complete technical observation without reply pressure
v2_care_emotional_pacing_7fc3a2f38f04	EmotionalSupport	emotional_reflection	topic_emotionalsupport_14a8a6047468	care.emotional_pacing	self_talk	any	none	gentle	0	144	144	1	1	false	true	没有力气解释的时候，保持沉默也是合理的选择。	curated_standalone	legacy:62425;topic:topic_emotionalsupport_14a8a6047468	authored as an explicit standalone context-safe sentence
v2_system_weekend_5b404fe0d115	SystemAmbient	system_ambient	system.weekend.06	system.weekend	system_observe	weekend	none	gentle	0	120	120	1	1	false	true	两天空档很短，留一点给发呆也不算浪费。	new_ambient	catalog:approved-design:system-time-and-safe-character-life	authored as an explicit standalone context-safe sentence
v2_technical_topic_database_6d7708bc4f22_726ba112fd55	Database	technical	topic_database_e886faeacdcb	technical.topic_database_6d7708bc4f22	self_talk	any	none	dry	1	120	120	1	1	false	true	这条慢 SQL 先看执行计划别猜。	rewritten_topic	legacy:23415;topic:topic_database_e886faeacdcb	rewritten as a complete technical observation without reply pressure
v2_system_app_start_c8bea2aef0c8	SystemAmbient	system_ambient	system.app_start.04	system.app_start	system_observe	app_start	none	gentle	0	120	120	1	1	false	true	启动流程顺利结束，小小的窗口开始自己的值班。	new_ambient	catalog:approved-design:system-time-and-safe-character-life	authored as an explicit standalone context-safe sentence
v2_technical_topic_networks_aa4b10a702fe_d455fc5655ac	Networks	technical	topic_networks_6c7352dd659a	technical.topic_networks_aa4b10a702fe	self_talk	any	none	dry	1	120	120	1	1	false	true	用户输入进命令和路径前必须收紧。	rewritten_topic	legacy:35115;topic:topic_networks_6c7352dd659a	rewritten as a complete technical observation without reply pressure
v2_technical_topic_backend_5a2dadaed337_481ca4468142	Backend	technical	topic_backend_7ae4c0d83072	technical.topic_backend_5a2dadaed337	self_talk	any	none	dry	1	120	120	1	1	false	true	定时任务多实例下得防重复执行；先分清两类故障。	rewritten_topic	legacy:19508;topic:topic_backend_7ae4c0d83072	rewritten as a complete technical observation without reply pressure
v2_emotional_reflection_topic_emotionalsupport_2454b5058ccb_b24a324f150e	EmotionalSupport	emotional_reflection	topic_emotionalsupport_1e242c76b09c	emotional_reflection.topic_emotionalsupport_2454b5058ccb	self_talk	any	none	gentle	0	120	120	1	1	false	true	再难熬的一天也会走到结尾。	rewritten_topic	legacy:62407;topic:topic_emotionalsupport_1e242c76b09c	rewritten as cautious general care without claiming user state
v2_technical_topic_java_70d7516a0fb2_ec281c42d6a8	Java	technical	topic_java_d294dacb12d3	technical.topic_java_70d7516a0fb2	self_talk	any	none	dry	1	120	120	1	1	false	true	泛型警告别全靠强转糊过去；明确一致性要求之后，缓存策略才有选择依据。	rewritten_topic	legacy:7814;topic:topic_java_d294dacb12d3	rewritten as a complete technical observation without reply pressure
v2_technical_topic_networks_4861f284ffeb_ee8003842ca9	Networks	technical	topic_networks_4be4f0fa0ea0	technical.topic_networks_4861f284ffeb	self_talk	any	none	dry	1	120	120	1	1	false	true	跨域问题别拿关闭安全策略糊弄。	rewritten_topic	legacy:35107;topic:topic_networks_4be4f0fa0ea0	rewritten as a complete technical observation without reply pressure
v2_technical_topic_englishpractice_df4f3108fdb2_4ee835cd5bda	EnglishPractice	growth	topic_englishpractice_d8bda551676e	technical.topic_englishpractice_df4f3108fdb2	self_talk	any	none	dry	1	120	120	1	1	false	true	这把今天修的 bug 用英文说三句试试；用类型表达不确定性。	rewritten_topic	legacy:54622;topic:topic_englishpractice_d8bda551676e	rewritten as a complete technical observation without reply pressure
v2_life_paper_plants_bf0b7af182b3	CharacterLife	character_life	life.paper_plants.04	life.paper_plants	self_talk	any	none	gentle	0	144	144	1	1	false	true	纸张折错以后留下的痕迹，也可以顺势变成新的结构。	curated_standalone	catalog:approved-design:system-time-and-safe-character-life	authored as an explicit standalone context-safe sentence
v2_technical_topic_architecture_3b8edc57ca24_2162c224ae53	Architecture	technical	topic_architecture_3b8edc57ca24	technical.topic_architecture_3b8edc57ca24	self_talk	any	none	dry	1	120	120	1	1	false	true	模块边界要能用一句话讲清。	rewritten_topic	legacy:42910;topic:topic_architecture_3b8edc57ca24	rewritten as a complete technical observation without reply pressure
v2_care_hydration_meals_150b140af758	DailyCare	daily_care	topic_dailycare_fc8599d58f4f	care.hydration_meals	ambient	any	none	gentle	0	144	144	1	1	false	true	咖啡能提供清醒感，却不能代替水和正常进食。	curated_standalone	legacy:58544;topic:topic_dailycare_fc8599d58f4f	authored as an explicit standalone context-safe sentence
v2_technical_topic_networks_6c5d62543eab_b141ee0ec844	Networks	technical	topic_networks_4be4f0fa0ea0	technical.topic_networks_6c5d62543eab	self_talk	any	none	dry	1	120	120	1	1	false	true	限流策略要区分用户接口和资源。	rewritten_topic	legacy:35111;topic:topic_networks_4be4f0fa0ea0	rewritten as a complete technical observation without reply pressure
v2_technical_topic_frontend_eb8a7548df28_cc0d8b7a0cdc	Frontend	technical	topic_frontend_9d8ef85f0653	technical.topic_frontend_eb8a7548df28	self_talk	any	none	dry	1	120	120	1	1	false	true	列表渲染的 key 别再拿索引凑数；把假设拆小再定位。	rewritten_topic	legacy:15630;topic:topic_frontend_9d8ef85f0653	rewritten as a complete technical observation without reply pressure
v2_care_eyes_posture_f4e34dfdafca	DailyCare	daily_care	topic_dailycare_586c71c81237	care.eyes_posture	ambient	any	none	gentle	0	144	144	1	1	false	true	身体提醒只做轻量提示，持续不适应交给专业判断。	curated_standalone	legacy:58556;topic:topic_dailycare_586c71c81237	authored as an explicit standalone context-safe sentence
v2_technical_topic_gitdevops_392cf0ed7123_24b054243b9f	GitDevOps	technical	topic_gitdevops_506de9da606b	technical.topic_gitdevops_392cf0ed7123	self_talk	any	none	dry	1	120	120	1	1	false	true	构建环境和本机不一致就该固定依赖。	rewritten_topic	legacy:39009;topic:topic_gitdevops_506de9da606b	rewritten as a complete technical observation without reply pressure
v2_technical_topic_frontend_9f057d41e3a6_95d22fa7320d	Frontend	technical	topic_frontend_daf95cc135ab	technical.topic_frontend_9f057d41e3a6	self_talk	any	none	dry	1	120	120	1	1	false	true	移动端适配不是把所有东西缩小。	rewritten_topic	legacy:15617;topic:topic_frontend_daf95cc135ab	rewritten as a complete technical observation without reply pressure
v2_emotional_reflection_topic_emotionalsupport_14a8a6047468_06fdc84e1a3a	EmotionalSupport	emotional_reflection	topic_emotionalsupport_1e242c76b09c	emotional_reflection.topic_emotionalsupport_14a8a6047468	self_talk	any	none	gentle	0	120	120	1	1	false	true	被否定一次也不能把之前的努力抹掉。	rewritten_topic	legacy:62404;topic:topic_emotionalsupport_1e242c76b09c	rewritten as cautious general care without claiming user state
v2_character_life_topic_dresseshobbies_8c174b2ed991_6ddb150edabe	DressesHobbies	character_life	topic_dresseshobbies_1c0d20276055	character_life.topic_dresseshobbies_8c174b2ed991	self_talk	any	none	playful	0	144	144	1	1	false	true	衣柜再小也得给喜欢的裙子留个位置。	rewritten_topic	legacy:72191;topic:topic_dresseshobbies_1c0d20276055	expanded into distinct standalone character-life situations
v2_easter_egg_egg_standalone_206394363822_de52939e83fb	EasterEgg	easter_egg	egg_standalone_20a45054a241	easter_egg.egg_standalone_206394363822	self_talk	any	none	playful	0	720	720	1	0.1	false	true	夜里做的重大决定，天亮后再复核一次。	preserved_easter_egg	legacy:75101;topic:egg_standalone_20a45054a241	retained as a safe standalone easter egg
v2_system_morning_ea5102889fe2	SystemAmbient	system_ambient	system.morning.05	system.morning	system_observe	morning	none	gentle	0	120	120	1	1	false	true	上午的注意力很珍贵，少一点弹窗通常更舒服。	new_ambient	catalog:approved-design:system-time-and-safe-character-life	authored as an explicit standalone context-safe sentence
v2_system_spring_487f13e3d377	SystemAmbient	system_ambient	system.spring.04	system.spring	system_observe	day_changed	none	gentle	0	120	120	1	1	false	true	春季的日程不用塞满，留白才装得下临时的好天气。	new_ambient	catalog:approved-design:system-time-and-safe-character-life	authored as an explicit standalone context-safe sentence
v2_technical_topic_database_38afff4bd317_13dc08e7f709	Database	technical	topic_database_6d7708bc4f22	technical.topic_database_38afff4bd317	self_talk	any	none	dry	1	120	120	1	1	false	true	分页越翻越慢就别一直深 offset。	rewritten_topic	legacy:23409;topic:topic_database_6d7708bc4f22	rewritten as a complete technical observation without reply pressure
v2_technical_topic_algorithms_884b1ff4f362_61f39e978beb	Algorithms	technical	topic_algorithms_66f62e1cff66	technical.topic_algorithms_884b1ff4f362	self_talk	any	none	dry	1	120	120	1	1	false	true	回溯越早剪枝越省功夫。	rewritten_topic	legacy:27318;topic:topic_algorithms_66f62e1cff66	rewritten as a complete technical observation without reply pressure
v2_technical_topic_debugging_293cbee5cbde_9a1100820548	Debugging	technical	topic_debugging_85ffee2564f0	technical.topic_debugging_293cbee5cbde	self_talk	any	none	dry	1	120	120	1	1	false	true	越界问题先盯住索引和长度。	rewritten_topic	legacy:3;topic:topic_debugging_85ffee2564f0	rewritten as a complete technical observation without reply pressure
v2_technical_topic_englishpractice_a517a91c9419_ffc168906b01	EnglishPractice	growth	topic_englishpractice_e11527bec3d8	technical.topic_englishpractice_a517a91c9419	self_talk	any	none	dry	1	120	120	1	1	false	true	commit message 写清动词和改动对象。	rewritten_topic	legacy:54611;topic:topic_englishpractice_e11527bec3d8	rewritten as a complete technical observation without reply pressure
v2_character_life_topic_dresseshobbies_87cd4f3ad988_282fa1ea741e	DressesHobbies	character_life	topic_dresseshobbies_18db5fccdb24	character_life.topic_dresseshobbies_87cd4f3ad988	self_talk	any	none	playful	0	144	144	1	1	false	true	这把新学的英文写进小本子还挺治愈。	rewritten_topic	legacy:72186;topic:topic_dresseshobbies_18db5fccdb24	expanded into distinct standalone character-life situations
v2_character_life_topic_dresseshobbies_bbcd384b699f_8d152e44b080	DressesHobbies	character_life	standalone_bf942bf063fe	character_life.topic_dresseshobbies_bbcd384b699f	self_talk	any	none	playful	0	144	144	1	1	false	true	听着歌练发音的时候时间过得特别快；把喜欢放进普通日常。	rewritten_topic	legacy:72203;topic:standalone_bf942bf063fe	expanded into distinct standalone character-life situations
v2_system_late_night_df8cded789ee	SystemAmbient	system_ambient	system.late_night.04	system.late_night	system_observe	late_night	none	gentle	0	120	120	1	1	false	true	时段的主动消息应该少一点，安静本身就是陪伴。	new_ambient	catalog:approved-design:system-time-and-safe-character-life	authored as an explicit standalone context-safe sentence
v2_technical_topic_gitdevops_506de9da606b_4ed3bce773ba	GitDevOps	technical	topic_gitdevops_19226aa98b7c	technical.topic_gitdevops_506de9da606b	self_talk	any	none	dry	1	120	120	1	1	false	true	提交把十件事揉一起谁看得懂；先正确稳定，再谈漂亮。	rewritten_topic	legacy:39014;topic:topic_gitdevops_19226aa98b7c	rewritten as a complete technical observation without reply pressure
v2_technical_topic_backend_b97563d43020_7620e80a6071	Backend	technical	topic_backend_63208895b627	technical.topic_backend_b97563d43020	self_talk	any	none	dry	1	120	120	1	1	false	true	重试没有退避只会把下游打得更惨。	rewritten_topic	legacy:19525;topic:topic_backend_63208895b627	rewritten as a complete technical observation without reply pressure
v2_technical_topic_architecture_30c2a80e20a0_49b70bf16562	Architecture	technical	topic_architecture_3b8edc57ca24	technical.topic_architecture_30c2a80e20a0	self_talk	any	none	dry	1	120	120	1	1	false	true	复杂方案必须真正降低风险。	rewritten_topic	legacy:42908;topic:topic_architecture_3b8edc57ca24	rewritten as a complete technical observation without reply pressure
v2_technical_topic_architecture_30c2a80e20a0_437f3141b043	Architecture	technical	topic_architecture_3b8edc57ca24	technical.topic_architecture_30c2a80e20a0	self_talk	any	none	dry	1	120	120	1	1	false	true	复杂方案如果不能降低总风险就没必要。	rewritten_topic	legacy:42907;topic:topic_architecture_3b8edc57ca24	rewritten as a complete technical observation without reply pressure
v2_system_autumn_67afbdb46a7a	SystemAmbient	system_ambient	system.autumn.10	system.autumn	system_observe	day_changed	none	gentle	0	120	120	1	1	false	true	一年走到这个阶段，小进展依旧值得写进记录。	new_ambient	catalog:approved-design:system-time-and-safe-character-life	authored as an explicit standalone context-safe sentence
v2_technical_topic_networks_18bf17688d18_d9ac7b263869	Networks	technical	topic_networks_4be4f0fa0ea0	technical.topic_networks_18bf17688d18	self_talk	any	none	dry	1	120	120	1	1	false	true	权限最小化不是一句安全口号；领域规则留在领域层。	rewritten_topic	legacy:35104;topic:topic_networks_4be4f0fa0ea0	rewritten as a complete technical observation without reply pressure
v2_system_noon_7b53c8e408f6	SystemAmbient	system_ambient	system.noon.08	system.noon	system_observe	noon	none	gentle	0	120	120	1	1	false	true	半天过去不代表必须交成绩，时间只是正常往前走。	new_ambient	catalog:approved-design:system-time-and-safe-character-life	authored as an explicit standalone context-safe sentence
v2_technical_topic_englishpractice_e5d6924a4a90_cadf63edf551	EnglishPractice	growth	topic_englishpractice_d8bda551676e	technical.topic_englishpractice_e5d6924a4a90	self_talk	any	none	dry	1	120	120	1	1	false	true	今天开口说错一句也算练到了一句。	rewritten_topic	legacy:54625;topic:topic_englishpractice_d8bda551676e	rewritten as a complete technical observation without reply pressure
v2_technical_topic_python_d769fd78b280_652e26226a20	Python	technical	topic_python_8fe2bf6cf4e9	technical.topic_python_d769fd78b280	self_talk	any	none	dry	1	120	120	1	1	false	true	pytest 的夹具别堆成看不懂的魔法。	rewritten_topic	legacy:3923;topic:topic_python_8fe2bf6cf4e9	rewritten as a complete technical observation without reply pressure
v2_daily_care_topic_dailycare_e05947e38717_69008e3638e1	DailyCare	daily_care	topic_dailycare_008288cd6842	daily_care.topic_dailycare_e05947e38717	ambient	any	none	gentle	0	120	120	1	1	false	true	胃不舒服还空腹扛着真的很笨；这种提醒只说到这里，不需要任何回应。	rewritten_topic	legacy:58532;topic:topic_dailycare_008288cd6842	rewritten as cautious general care without claiming user state
v2_system_late_night_cdf9aed3ae0e	SystemAmbient	system_ambient	system.late_night.02	system.late_night	system_observe	late_night	none	gentle	0	120	120	1	1	false	true	深夜适合保存进度，不适合把所有问题都当场审完。	new_ambient	catalog:approved-design:system-time-and-safe-character-life	authored as an explicit standalone context-safe sentence
v2_daily_care_topic_dailycare_6abdd541b35b_61b216979daf	DailyCare	daily_care	topic_dailycare_de768ce1eb6f	daily_care.topic_dailycare_6abdd541b35b	ambient	any	none	gentle	0	120	120	1	1	false	true	屏幕亮成这样眼睛不累才怪。	rewritten_topic	legacy:58516;topic:topic_dailycare_de768ce1eb6f	rewritten as cautious general care without claiming user state
v2_technical_topic_architecture_a8c2e1949471_c0a0bf969cf5	Architecture	technical	topic_architecture_c5c29add0d90	technical.topic_architecture_a8c2e1949471	self_talk	any	none	dry	1	120	120	1	1	false	true	领域对象和传输对象最好别混用。	rewritten_topic	legacy:42919;topic:topic_architecture_c5c29add0d90	rewritten as a complete technical observation without reply pressure
v2_character_life_topic_dresseshobbies_87cd4f3ad988_4d34e0ae0cc7	DressesHobbies	character_life	topic_dresseshobbies_18db5fccdb24	character_life.topic_dresseshobbies_87cd4f3ad988	self_talk	any	none	playful	0	144	144	1	1	false	true	这把新学的英文写进小本子还挺治愈；只留适合自己的潮流。	rewritten_topic	legacy:72189;topic:topic_dresseshobbies_18db5fccdb24	expanded into distinct standalone character-life situations
v2_character_life_topic_dresseshobbies_6e4d35420b97_9c791ee4b45c	DressesHobbies	character_life	topic_dresseshobbies_8c174b2ed991	character_life.topic_dresseshobbies_6e4d35420b97	self_talk	any	none	playful	0	144	144	1	1	false	true	买小裙子前我也会认真算这个月预算。	rewritten_topic	legacy:72176;topic:topic_dresseshobbies_8c174b2ed991	expanded into distinct standalone character-life situations
v2_easter_egg_egg_standalone_0f2eb9b11c23_e004639aea2c	EasterEgg	easter_egg	egg_standalone_110debd3f322	easter_egg.egg_standalone_0f2eb9b11c23	self_talk	any	none	playful	0	720	720	1	0.1	false	true	没有人能一直高性能，降频保护很合理。	preserved_easter_egg	legacy:75088;topic:egg_standalone_110debd3f322	retained as a safe standalone easter egg
v2_system_holiday_53ed758b1a73	SystemAmbient	system_ambient	system.holiday.07	system.holiday	system_observe	holiday	none	gentle	0	120	120	1	1	false	true	特别的一天不要求特别完美，平常心情也可以被允许。	new_ambient	catalog:approved-design:system-time-and-safe-character-life	authored as an explicit standalone context-safe sentence
v2_system_noon_1f6c37c39186	SystemAmbient	system_ambient	system.noon.09	system.noon	system_observe	noon	none	gentle	0	120	120	1	1	false	true	中午的窗口安静一点，给大脑留个空白区域。	new_ambient	catalog:approved-design:system-time-and-safe-character-life	authored as an explicit standalone context-safe sentence
v2_character_life_topic_dresseshobbies_bbcd384b699f_7e9dbd7fa9f6	DressesHobbies	character_life	topic_dresseshobbies_1c0d20276055	character_life.topic_dresseshobbies_bbcd384b699f	self_talk	any	none	playful	0	144	144	1	1	false	true	听着歌练发音的时候时间过得特别快；小爱好带来一点亮色。	rewritten_topic	legacy:72202;topic:topic_dresseshobbies_1c0d20276055	expanded into distinct standalone character-life situations
v2_system_spring_2128eb8542a5	SystemAmbient	system_ambient	system.spring.05	system.spring	system_observe	day_changed	none	gentle	0	120	120	1	1	false	true	日历上的春天已经到场，窗口也轻轻晃一下表示知道。	new_ambient	catalog:approved-design:system-time-and-safe-character-life	authored as an explicit standalone context-safe sentence
v2_system_autumn_2f0207c8f2e4	SystemAmbient	system_ambient	system.autumn.01	system.autumn	system_observe	day_changed	none	gentle	0	120	120	1	1	false	true	日历进入秋季，适合把散乱的进度慢慢收拢。	new_ambient	catalog:approved-design:system-time-and-safe-character-life	authored as an explicit standalone context-safe sentence
v2_technical_topic_career_5f6958f7a71a_6beb240097ec	Career	career	topic_career_3c52223c0e3d	technical.topic_career_5f6958f7a71a	self_talk	any	none	dry	1	120	120	1	1	false	true	自我介绍别背得像客服录音。	rewritten_topic	legacy:50707;topic:topic_career_3c52223c0e3d	rewritten as a complete technical observation without reply pressure
v2_technical_topic_cpp_c45e233f23a5_f6b0003795c4	Cpp	technical	topic_cpp_ed580ae5911f	technical.topic_cpp_c45e233f23a5	self_talk	any	none	dry	1	120	120	1	1	false	true	析构顺序得结合成员声明来看。	rewritten_topic	legacy:11721;topic:topic_cpp_ed580ae5911f	rewritten as a complete technical observation without reply pressure
v2_technical_topic_python_2a96bda431af_0eb46c437dcb	Python	technical	topic_python_a73db8277bbb	technical.topic_python_2a96bda431af	self_talk	any	none	dry	1	120	120	1	1	false	true	类型提示不是摆设它能省不少低级错误；最坏情况也要先算。	rewritten_topic	legacy:3904;topic:topic_python_a73db8277bbb	rewritten as a complete technical observation without reply pressure
v2_character_life_topic_dresseshobbies_cd0fe88d0c6f_4c248a5fb862	DressesHobbies	character_life	topic_dresseshobbies_2c3d3ce8d32c	character_life.topic_dresseshobbies_cd0fe88d0c6f	self_talk	any	none	playful	0	144	144	1	1	false	true	周末慢慢整理房间像给脑子清缓存；拍下光线，也留住开心。	rewritten_topic	legacy:72215;topic:topic_dresseshobbies_2c3d3ce8d32c	expanded into distinct standalone character-life situations
v2_technical_topic_englishpractice_df4f3108fdb2_62e1836d3174	EnglishPractice	growth	topic_englishpractice_d8bda551676e	technical.topic_englishpractice_df4f3108fdb2	self_talk	any	none	dry	1	120	120	1	1	false	true	这把今天修的 bug 用英文说三句试试。	rewritten_topic	legacy:54621;topic:topic_englishpractice_d8bda551676e	rewritten as a complete technical observation without reply pressure
v2_system_month_boundary_9161ba851321	SystemAmbient	system_ambient	system.month_boundary.07	system.month_boundary	system_observe	day_changed	none	gentle	0	120	120	1	1	false	true	月初的清单先写必要项，空位留给真实生活。	new_ambient	catalog:approved-design:system-time-and-safe-character-life	authored as an explicit standalone context-safe sentence
v2_technical_topic_englishpractice_fe6777121939_7e3118e3e609	EnglishPractice	growth	topic_englishpractice_3cda2f73bff9	technical.topic_englishpractice_fe6777121939	self_talk	any	none	dry	1	120	120	1	1	false	true	提问时把环境现象预期分开写；业务标识要贯穿日志。	rewritten_topic	legacy:54628;topic:topic_englishpractice_3cda2f73bff9	rewritten as a complete technical observation without reply pressure
v2_character_life_topic_dresseshobbies_8649e6a7ac23_9d9b2ab180da	DressesHobbies	character_life	topic_dresseshobbies_18db5fccdb24	character_life.topic_dresseshobbies_8649e6a7ac23	self_talk	any	none	playful	0	144	144	1	1	false	true	看到好看的小裙子我真的会多看几眼；兴趣轻松些才不成任务。	rewritten_topic	legacy:72184;topic:topic_dresseshobbies_18db5fccdb24	expanded into distinct standalone character-life situations
v2_character_life_topic_dresseshobbies_a1d4b73c27e3_cd4d2e690f55	DressesHobbies	character_life	topic_dresseshobbies_1c0d20276055	character_life.topic_dresseshobbies_a1d4b73c27e3	self_talk	any	none	playful	0	144	144	1	1	false	true	裙摆转起来那一下真的很容易开心；实用和可爱可以同时存在，没必要只选一边。	rewritten_topic	legacy:72198;topic:topic_dresseshobbies_1c0d20276055	expanded into distinct standalone character-life situations
v2_technical_topic_systems_859924044650_08dc7fcb3f2e	Systems	technical	topic_systems_bf7b565507b8	technical.topic_systems_859924044650	self_talk	any	none	dry	1	120	120	1	1	false	true	僵尸进程得看父进程有没有回收；长尾比平均值更诚实。	rewritten_topic	legacy:31214;topic:topic_systems_bf7b565507b8	rewritten as a complete technical observation without reply pressure
v2_system_afternoon_c1c2185a863e	SystemAmbient	system_ambient	system.afternoon.03	system.afternoon	system_observe	afternoon	none	gentle	0	120	120	1	1	false	true	午后的注意力偶尔飘走很正常，重新定位一件小事就好。	new_ambient	catalog:approved-design:system-time-and-safe-character-life	authored as an explicit standalone context-safe sentence
v2_character_life_topic_dresseshobbies_19e31d03372b_c3132b4bcc93	DressesHobbies	character_life	topic_dresseshobbies_8649e6a7ac23	character_life.topic_dresseshobbies_19e31d03372b	self_talk	any	none	playful	0	144	144	1	1	false	true	喜欢的衣服不一定贵合适自己最重要；灵感先记进小本子。	rewritten_topic	legacy:72160;topic:topic_dresseshobbies_8649e6a7ac23	expanded into distinct standalone character-life situations
v2_technical_topic_backend_149bd3a8fd58_673d20a223c3	Backend	technical	topic_backend_7ae4c0d83072	technical.topic_backend_149bd3a8fd58	self_talk	any	none	dry	1	120	120	1	1	false	true	批处理一次塞太多内存肯定难受；安全默认值进配置。	rewritten_topic	legacy:19504;topic:topic_backend_7ae4c0d83072	rewritten as a complete technical observation without reply pressure
v2_system_holiday_bffd1f7cf59e	SystemAmbient	system_ambient	system.holiday.08	system.holiday	system_observe	holiday	none	gentle	0	120	120	1	1	false	true	日历彩蛋已经亮起，愿今天少一点匆忙。	new_ambient	catalog:approved-design:system-time-and-safe-character-life	authored as an explicit standalone context-safe sentence
v2_system_holiday_87413f55deed	SystemAmbient	system_ambient	system.holiday.01	system.holiday	system_observe	holiday	none	gentle	0	120	120	1	1	false	true	日历标出了节日，今天可以多留一点轻松的位置。	new_ambient	catalog:approved-design:system-time-and-safe-character-life	authored as an explicit standalone context-safe sentence
v2_system_app_start_00827fdb7709	SystemAmbient	system_ambient	system.app_start.02	system.app_start	system_observe	app_start	none	gentle	0	120	120	1	1	false	true	程序完成启动，角落里多了一点不打扰的动静。	new_ambient	catalog:approved-design:system-time-and-safe-character-life	authored as an explicit standalone context-safe sentence
v2_technical_topic_networks_037e74eaffdd_3fbc588db90b	Networks	technical	topic_networks_4be4f0fa0ea0	technical.topic_networks_037e74eaffdd	self_talk	any	none	dry	1	120	120	1	1	false	true	日志里敏感字段该脱敏就别偷懒。	rewritten_topic	legacy:35101;topic:topic_networks_4be4f0fa0ea0	rewritten as a complete technical observation without reply pressure
v2_care_rest_sleep_f3cba60da8bd	DailyCare	daily_care	topic_dailycare_586c71c81237	care.rest_sleep	ambient	any	none	gentle	0	144	144	1	1	false	true	休息不需要等所有任务清零，任务本来也很少真正清零。	curated_standalone	legacy:58557;topic:topic_dailycare_586c71c81237	authored as an explicit standalone context-safe sentence
v2_system_autumn_5cbb3c89179b	SystemAmbient	system_ambient	system.autumn.05	system.autumn	system_observe	day_changed	none	gentle	0	120	120	1	1	false	true	日历上的秋天已经到场，窗口继续轻声运行。	new_ambient	catalog:approved-design:system-time-and-safe-character-life	authored as an explicit standalone context-safe sentence
v2_system_morning_6cfb123f9d97	SystemAmbient	system_ambient	system.morning.06	system.morning	system_observe	morning	none	gentle	0	120	120	1	1	false	true	早间任务排成小队，比全部挤在门口更容易处理。	new_ambient	catalog:approved-design:system-time-and-safe-character-life	authored as an explicit standalone context-safe sentence
v2_technical_topic_systems_fb97a2a32362_554b3b6c5627	Systems	technical	topic_systems_386cdc23a12c	technical.topic_systems_fb97a2a32362	self_talk	any	none	dry	1	120	120	1	1	false	true	信号处理里能做的事情其实很有限。	rewritten_topic	legacy:31227;topic:topic_systems_386cdc23a12c	rewritten as a complete technical observation without reply pressure
v2_technical_topic_debugging_77cbf0198e53_480241747ae3	Debugging	technical	topic_debugging_293cbee5cbde	technical.topic_debugging_77cbf0198e53	self_talk	any	none	dry	1	120	120	1	1	false	true	并发问题先确认共享状态是谁改的；锁顺序要写成规则。	rewritten_topic	legacy:16;topic:topic_debugging_293cbee5cbde	rewritten as a complete technical observation without reply pressure
v2_technical_topic_study_42ea48ed5e6f_a1279ef71366	Study	growth	topic_study_39598576d0ea	technical.topic_study_42ea48ed5e6f	self_talk	any	none	dry	1	120	120	1	1	false	true	概率题先写清随机变量是什么。	rewritten_topic	legacy:46811;topic:topic_study_39598576d0ea	rewritten as a complete technical observation without reply pressure
v2_care_hydration_meals_d30940046575	DailyCare	daily_care	topic_dailycare_008288cd6842	care.hydration_meals	ambient	any	none	gentle	0	144	144	1	1	false	true	忙碌时先准备简单能吃的东西，比空着肚子硬撑更实际。	curated_standalone	legacy:58539;topic:topic_dailycare_008288cd6842	authored as an explicit standalone context-safe sentence
v2_technical_topic_career_20d60d151bab_8980f18cd697	Career	career	topic_career_3c52223c0e3d	technical.topic_career_20d60d151bab	self_talk	any	none	dry	1	120	120	1	1	false	true	面试不会的问题坦白思路比乱编强。	rewritten_topic	legacy:50703;topic:topic_career_3c52223c0e3d	rewritten as a complete technical observation without reply pressure
v2_technical_topic_python_9daaa1899f28_adfffc45a7cd	Python	technical	topic_python_8fe2bf6cf4e9	technical.topic_python_9daaa1899f28	self_talk	any	none	dry	1	120	120	1	1	false	true	路径处理用 pathlib 看着都清爽一点；资源预算写成门禁。	rewritten_topic	legacy:3920;topic:topic_python_8fe2bf6cf4e9	rewritten as a complete technical observation without reply pressure
v2_technical_topic_cpp_ed580ae5911f_97e83ff26b9a	Cpp	technical	topic_cpp_f7ce35f89a48	technical.topic_cpp_ed580ae5911f	self_talk	any	none	dry	1	120	120	1	1	false	true	对象所有权没说清楚迟早出内存问题。	rewritten_topic	legacy:11727;topic:topic_cpp_f7ce35f89a48	rewritten as a complete technical observation without reply pressure
v2_character_life_topic_dresseshobbies_cd0fe88d0c6f_1269d9655423	DressesHobbies	character_life	topic_dresseshobbies_2c3d3ce8d32c	character_life.topic_dresseshobbies_cd0fe88d0c6f	self_talk	any	none	playful	0	144	144	1	1	false	true	周末慢慢整理房间像给脑子清缓存；喜欢的东西收拾整齐，看着也会更安心。	rewritten_topic	legacy:72213;topic:topic_dresseshobbies_2c3d3ce8d32c	expanded into distinct standalone character-life situations
v2_daily_care_topic_dailycare_203a23bada9e_bde7f8009166	DailyCare	daily_care	topic_dailycare_4212b8aaec87	daily_care.topic_dailycare_203a23bada9e	ambient	any	none	gentle	0	120	120	1	1	false	true	外卖再忙也挑个有菜有蛋白质的；把动作做小一点，照顾自己会更容易开始。	rewritten_topic	legacy:58505;topic:topic_dailycare_4212b8aaec87	rewritten as cautious general care without claiming user state
v2_character_life_topic_dresseshobbies_6e4d35420b97_a1bd959d501a	DressesHobbies	character_life	topic_dresseshobbies_18db5fccdb24	character_life.topic_dresseshobbies_6e4d35420b97	self_talk	any	none	playful	0	144	144	1	1	false	true	买小裙子前我也会认真算这个月预算；预算和心动不必对立。	rewritten_topic	legacy:72179;topic:topic_dresseshobbies_18db5fccdb24	expanded into distinct standalone character-life situations
v2_technical_topic_networks_18bf17688d18_430032f89fe9	Networks	technical	topic_networks_4be4f0fa0ea0	technical.topic_networks_18bf17688d18	self_talk	any	none	dry	1	120	120	1	1	false	true	权限最小化不是一句安全口号。	rewritten_topic	legacy:35103;topic:topic_networks_4be4f0fa0ea0	rewritten as a complete technical observation without reply pressure
v2_technical_topic_java_34c373c363d0_900f3a99b3d9	Java	technical	topic_java_0c686ce39743	technical.topic_java_34c373c363d0	self_talk	any	none	dry	1	120	120	1	1	false	true	JVM 内存问题先分堆内堆外和元空间；现场用结构化字段保存。	rewritten_topic	legacy:7808;topic:topic_java_0c686ce39743	rewritten as a complete technical observation without reply pressure
v2_technical_topic_cpp_64093dd12269_4133703c9441	Cpp	technical	topic_cpp_9e8ea5301ae4	technical.topic_cpp_64093dd12269	self_talk	any	none	dry	1	120	120	1	1	false	true	const写准确后，接口意图和约束都会更清楚。	rewritten_topic	legacy:11712;topic:topic_cpp_9e8ea5301ae4	rewritten as a complete technical observation without reply pressure
v2_daily_care_topic_dailycare_6f7ba8e8a573_097c8b6fed8d	DailyCare	daily_care	topic_dailycare_de768ce1eb6f	daily_care.topic_dailycare_6f7ba8e8a573	ambient	any	none	gentle	0	120	120	1	1	false	true	连续工作这么久脑子早该换气了。	rewritten_topic	legacy:58519;topic:topic_dailycare_de768ce1eb6f	rewritten as cautious general care without claiming user state
v2_technical_topic_java_0c686ce39743_9c5559e45f64	Java	technical	topic_java_0c686ce39743	technical.topic_java_0c686ce39743	self_talk	any	none	dry	1	120	120	1	1	false	true	Java 这个空指针先看对象生命周期。	rewritten_topic	legacy:7801;topic:topic_java_0c686ce39743	rewritten as a complete technical observation without reply pressure
v2_system_noon_4c22a904302d	SystemAmbient	system_ambient	system.noon.03	system.noon	system_observe	noon	none	gentle	0	120	120	1	1	false	true	一天运行到中段，补充能量比继续堆任务更有用。	new_ambient	catalog:approved-design:system-time-and-safe-character-life	authored as an explicit standalone context-safe sentence
v2_technical_topic_algorithms_a6fe1512fd0f_7c8e31394a27	Algorithms	technical	topic_algorithms_66f62e1cff66	technical.topic_algorithms_a6fe1512fd0f	self_talk	any	none	dry	1	120	120	1	1	false	true	拓扑排序前先问图里会不会有环。	rewritten_topic	legacy:27319;topic:topic_algorithms_66f62e1cff66	rewritten as a complete technical observation without reply pressure
v2_character_life_topic_dresseshobbies_cd0fe88d0c6f_b21cba2b70ae	DressesHobbies	character_life	topic_dresseshobbies_2c3d3ce8d32c	character_life.topic_dresseshobbies_cd0fe88d0c6f	self_talk	any	none	playful	0	144	144	1	1	false	true	周末慢慢整理房间像给脑子清缓存；熟练来自一次次小练习，不需要突然开窍。	rewritten_topic	legacy:72212;topic:topic_dresseshobbies_2c3d3ce8d32c	expanded into distinct standalone character-life situations
v2_care_rest_sleep_9911234cbff9	DailyCare	daily_care	topic_dailycare_586c71c81237	care.rest_sleep	ambient	any	none	gentle	0	144	144	1	1	false	true	声音和亮度慢慢降下来，身体会更容易理解准备休息的信号。	curated_standalone	legacy:58562;topic:topic_dailycare_586c71c81237	authored as an explicit standalone context-safe sentence
v2_technical_topic_database_7d9ee0afcb49_2ac7c3f606d2	Database	technical	topic_database_e886faeacdcb	technical.topic_database_7d9ee0afcb49	self_talk	any	none	dry	1	120	120	1	1	false	true	字段能不能为空别含糊地交给业务猜。	rewritten_topic	legacy:23417;topic:topic_database_e886faeacdcb	rewritten as a complete technical observation without reply pressure
v2_technical_topic_python_f61135711e50_f425fd421b8c	Python	technical	topic_python_7b3a115757ca	technical.topic_python_f61135711e50	self_talk	any	none	dry	1	120	120	1	1	false	true	序列化前先确认对象里有没有不可编码的东西。	rewritten_topic	legacy:3927;topic:topic_python_7b3a115757ca	rewritten as a complete technical observation without reply pressure
v2_system_dawn_58c0bc524f03	SystemAmbient	system_ambient	system.dawn.01	system.dawn	system_observe	morning	none	gentle	0	120	120	1	1	false	true	天还没完全亮，桌面也适合保持低声和慢动作。	new_ambient	catalog:approved-design:system-time-and-safe-character-life	authored as an explicit standalone context-safe sentence
v2_system_winter_3d07b6bdb2e5	SystemAmbient	system_ambient	system.winter.09	system.winter	system_observe	day_changed	none	gentle	0	120	120	1	1	false	true	冬季夜晚来得早，收尾时间也可以跟着提前。	new_ambient	catalog:approved-design:system-time-and-safe-character-life	authored as an explicit standalone context-safe sentence
v2_technical_topic_database_e3c34c66ba17_468865fdb9ae	Database	technical	topic_database_e886faeacdcb	technical.topic_database_e3c34c66ba17	self_talk	any	none	dry	1	120	120	1	1	false	true	读写分离下延迟一致性要说清楚。	rewritten_topic	legacy:23425;topic:topic_database_e886faeacdcb	rewritten as a complete technical observation without reply pressure
v2_care_hydration_meals_7ae5511c6519	DailyCare	daily_care	topic_dailycare_fc8599d58f4f	care.hydration_meals	ambient	any	none	gentle	0	144	144	1	1	false	true	温度合适的水通常更容易入口，照顾动作也能减少阻力。	curated_standalone	legacy:58540;topic:topic_dailycare_fc8599d58f4f	authored as an explicit standalone context-safe sentence
v2_easter_egg_egg_standalone_20a6aaa3d054_db31063e2f9e	EasterEgg	easter_egg	egg_standalone_d719dcc05c7e	easter_egg.egg_standalone_20a6aaa3d054	self_talk	any	none	playful	0	720	720	1	0.1	false	true	DNS 有缓存，人的第一印象也可以慢慢更新。	preserved_easter_egg	legacy:75102;topic:egg_standalone_d719dcc05c7e	retained as a safe standalone easter egg
v2_technical_topic_frontend_9d8ef85f0653_4214091b37ff	Frontend	technical	topic_frontend_daf95cc135ab	technical.topic_frontend_9d8ef85f0653	self_talk	any	none	dry	1	120	120	1	1	false	true	请求重复发送多半是副作用没管好；事实和推测分开记。	rewritten_topic	legacy:15616;topic:topic_frontend_daf95cc135ab	rewritten as a complete technical observation without reply pressure
v2_technical_topic_systems_b2a53a25a02b_95a3ac0dc06b	Systems	technical	topic_systems_bf7b565507b8	technical.topic_systems_b2a53a25a02b	self_talk	any	none	dry	1	120	120	1	1	false	true	权限问题先看运行身份和路径。	rewritten_topic	legacy:31219;topic:topic_systems_bf7b565507b8	rewritten as a complete technical observation without reply pressure
v2_easter_egg_egg_standalone_16afe13960d4_19cc0843f273	EasterEgg	easter_egg	egg_standalone_125e9c6f97fa	easter_egg.egg_standalone_16afe13960d4	self_talk	any	none	playful	0	720	720	1	0.1	false	true	听力没跟上就调慢一点，学习不讲面子。	preserved_easter_egg	legacy:75098;topic:egg_standalone_125e9c6f97fa	retained as a safe standalone easter egg
v2_technical_topic_networks_6c5d62543eab_4371b6bcb06a	Networks	technical	topic_networks_4be4f0fa0ea0	technical.topic_networks_6c5d62543eab	self_talk	any	none	dry	1	120	120	1	1	false	true	限流策略要区分用户接口和资源；构建过程必须可重复。	rewritten_topic	legacy:35112;topic:topic_networks_4be4f0fa0ea0	rewritten as a complete technical observation without reply pressure
v2_technical_topic_networks_ca3dbf9bab24_017313cd2c0a	Networks	technical	topic_networks_6c7352dd659a	technical.topic_networks_ca3dbf9bab24	self_talk	any	none	dry	1	120	120	1	1	false	true	HTTPS 出错先看证书链和系统时间；依赖固定，边界才稳。	rewritten_topic	legacy:35118;topic:topic_networks_6c7352dd659a	rewritten as a complete technical observation without reply pressure
v2_technical_topic_frontend_048213274cf8_88a1e9065e8c	Frontend	technical	topic_frontend_33944c99354e	technical.topic_frontend_048213274cf8	self_talk	any	none	dry	1	120	120	1	1	false	true	浏览器兼容问题先确认目标范围；幂等性要先确认。	rewritten_topic	legacy:15602;topic:topic_frontend_33944c99354e	rewritten as a complete technical observation without reply pressure
v2_technical_topic_cpp_c45e233f23a5_52a0efdd962f	Cpp	technical	topic_cpp_ed580ae5911f	technical.topic_cpp_c45e233f23a5	self_talk	any	none	dry	1	120	120	1	1	false	true	析构顺序由成员声明决定，不能只看调用位置。	rewritten_topic	legacy:11722;topic:topic_cpp_ed580ae5911f	rewritten as a complete technical observation without reply pressure
v2_system_weekend_19028f88b414	SystemAmbient	system_ambient	system.weekend.05	system.weekend	system_observe	weekend	none	gentle	0	120	120	1	1	false	true	时间属于周末以后，慢一点不会触发任何系统警报。	new_ambient	catalog:approved-design:system-time-and-safe-character-life	authored as an explicit standalone context-safe sentence
v2_technical_topic_networks_ccf8c5ae3474_0fd73781569e	Networks	technical	topic_networks_6c7352dd659a	technical.topic_networks_ccf8c5ae3474	self_talk	any	none	dry	1	120	120	1	1	false	true	接口签名必须防重放还要校验时效；先验证序列化往返。	rewritten_topic	legacy:35120;topic:topic_networks_6c7352dd659a	rewritten as a complete technical observation without reply pressure
v2_technical_topic_architecture_db7fffee10e5_21a5b9a4f4bb	Architecture	technical	topic_architecture_c5c29add0d90	technical.topic_architecture_db7fffee10e5	self_talk	any	none	dry	1	120	120	1	1	false	true	公共库承担的职责已经太多了。	rewritten_topic	legacy:42925;topic:topic_architecture_c5c29add0d90	rewritten as a complete technical observation without reply pressure
v2_technical_topic_algorithms_4f8fcf59e05f_51d699e65c77	Algorithms	technical	topic_algorithms_ad6a8bb2c2f7	technical.topic_algorithms_4f8fcf59e05f	self_talk	any	none	dry	1	120	120	1	1	false	true	递归先定终止条件和子问题。	rewritten_topic	legacy:27310;topic:topic_algorithms_ad6a8bb2c2f7	rewritten as a complete technical observation without reply pressure
v2_technical_topic_englishpractice_9894eff6f43f_3a0b4e1c8c51	EnglishPractice	growth	topic_englishpractice_e11527bec3d8	technical.topic_englishpractice_9894eff6f43f	self_talk	any	none	dry	1	120	120	1	1	false	true	英语邮件直接礼貌就够别绕太多；失败样例要留作回归。	rewritten_topic	legacy:54610;topic:topic_englishpractice_e11527bec3d8	rewritten as a complete technical observation without reply pressure
v2_technical_topic_frontend_77262a232c51_aeaa17bd8259	Frontend	technical	topic_frontend_33944c99354e	technical.topic_frontend_77262a232c51	self_talk	any	none	dry	1	120	120	1	1	false	true	闭包拿到旧状态并不稀奇。	rewritten_topic	legacy:15611;topic:topic_frontend_33944c99354e	rewritten as a complete technical observation without reply pressure
v2_technical_topic_englishpractice_11eba631ee8e_80c832b63897	EnglishPractice	growth	topic_englishpractice_e11527bec3d8	technical.topic_englishpractice_11eba631ee8e	self_talk	any	none	dry	1	120	120	1	1	false	true	技术表达准确比口音像谁更重要；先定义状态含义，状态转移才不会凭感觉乱跳。	rewritten_topic	legacy:54602;topic:topic_englishpractice_e11527bec3d8	rewritten as a complete technical observation without reply pressure
v2_technical_topic_gitdevops_bf448411467a_e2a43a5696f7	GitDevOps	technical	topic_gitdevops_19226aa98b7c	technical.topic_gitdevops_bf448411467a	self_talk	any	none	dry	1	120	120	1	1	false	true	告警阈值不调最后大家都会麻木；不变量最好写进契约。	rewritten_topic	legacy:39024;topic:topic_gitdevops_19226aa98b7c	rewritten as a complete technical observation without reply pressure
v2_life_room_cooking_c5dc79fd6eaf	CharacterLife	character_life	life.room_cooking.01	life.room_cooking	self_talk	any	none	gentle	0	144	144	1	1	false	true	房间收拾到能舒服活动就很好，不用摆成展示样板。	curated_standalone	catalog:approved-design:system-time-and-safe-character-life	authored as an explicit standalone context-safe sentence
v2_technical_topic_networks_4be4f0fa0ea0_fbc0c24bfba5	Networks	technical	topic_networks_4be4f0fa0ea0	technical.topic_networks_4be4f0fa0ea0	self_talk	any	none	dry	1	120	120	1	1	false	true	连接超时先确认 DNS 和路由；指标要对应用户影响。	rewritten_topic	legacy:35110;topic:topic_networks_4be4f0fa0ea0	rewritten as a complete technical observation without reply pressure
v2_character_life_topic_dresseshobbies_c9917c791e64_61d34c5d13ad	DressesHobbies	character_life	topic_dresseshobbies_2c3d3ce8d32c	character_life.topic_dresseshobbies_c9917c791e64	self_talk	any	none	playful	0	144	144	1	1	false	true	好看的发饰和干净的代码都让人舒服；颜色材质舒服就耐看。	rewritten_topic	legacy:72207;topic:topic_dresseshobbies_2c3d3ce8d32c	expanded into distinct standalone character-life situations
v2_technical_topic_backend_7cdf992d7f86_b5defab7bf60	Backend	technical	topic_backend_63208895b627	technical.topic_backend_7cdf992d7f86	self_talk	any	none	dry	1	120	120	1	1	false	true	链路追踪没有上下文传播等于白装。	rewritten_topic	legacy:19517;topic:topic_backend_63208895b627	rewritten as a complete technical observation without reply pressure
v2_technical_topic_debugging_4316c37d5360_d84f210ce227	Debugging	technical	topic_debugging_85ffee2564f0	technical.topic_debugging_4316c37d5360	self_talk	any	none	dry	1	120	120	1	1	false	true	这次卡死大概率要看线程栈和锁。	rewritten_topic	legacy:9;topic:topic_debugging_85ffee2564f0	rewritten as a complete technical observation without reply pressure
v2_emotional_reflection_topic_emotionalsupport_c9c0f728c354_ef70697354bf	EmotionalSupport	emotional_reflection	topic_emotionalsupport_14a8a6047468	emotional_reflection.topic_emotionalsupport_c9c0f728c354	self_talk	any	none	gentle	0	120	120	1	1	false	true	犯错以后愿意修正就已经很勇敢；情绪不必马上解释，给它一点空间也算处理。	rewritten_topic	legacy:62420;topic:topic_emotionalsupport_14a8a6047468	rewritten as cautious general care without claiming user state
v2_technical_topic_gitdevops_3ce02b21ccb7_b1b379da0cbf	GitDevOps	technical	topic_gitdevops_506de9da606b	technical.topic_gitdevops_3ce02b21ccb7	self_talk	any	none	dry	1	120	120	1	1	false	true	版本号和变更记录要对得上；数据规模写进分析里，复杂度结论才有现实意义。	rewritten_topic	legacy:39012;topic:topic_gitdevops_506de9da606b	rewritten as a complete technical observation without reply pressure
v2_technical_topic_architecture_98583cac672a_575c451b84b8	Architecture	technical	topic_architecture_c5c29add0d90	technical.topic_architecture_98583cac672a	self_talk	any	none	dry	1	120	120	1	1	false	true	技术选型要算长期维护成本。	rewritten_topic	legacy:42918;topic:topic_architecture_c5c29add0d90	rewritten as a complete technical observation without reply pressure
v2_technical_topic_englishpractice_e5d6924a4a90_d499a47e81c6	EnglishPractice	growth	topic_englishpractice_d8bda551676e	technical.topic_englishpractice_e5d6924a4a90	self_talk	any	none	dry	1	120	120	1	1	false	true	今天开口说错一句也算练到了一句；读写路径要先拆清。	rewritten_topic	legacy:54626;topic:topic_englishpractice_d8bda551676e	rewritten as a complete technical observation without reply pressure
v2_technical_topic_englishpractice_7a60371372eb_d46a45504138	EnglishPractice	growth	topic_englishpractice_e11527bec3d8	technical.topic_englishpractice_7a60371372eb	self_talk	any	none	dry	1	120	120	1	1	false	true	听不懂长句就先找重音和连接词；先验证序列化往返，字段兼容问题会更早出现。	rewritten_topic	legacy:54608;topic:topic_englishpractice_e11527bec3d8	rewritten as a complete technical observation without reply pressure
v2_technical_topic_frontend_a4dd1531a74a_9acaf0c610e0	Frontend	technical	topic_frontend_daf95cc135ab	technical.topic_frontend_a4dd1531a74a	self_talk	any	none	dry	1	120	120	1	1	false	true	路由切换后的资源记得清理。	rewritten_topic	legacy:15621;topic:topic_frontend_daf95cc135ab	rewritten as a complete technical observation without reply pressure
v2_technical_topic_backend_7ae4c0d83072_af3657c049ab	Backend	technical	topic_backend_63208895b627	technical.topic_backend_7ae4c0d83072	self_talk	any	none	dry	1	120	120	1	1	false	true	幂等规则不明确时，同一请求可能产生重复写入。	rewritten_topic	legacy:19516;topic:topic_backend_63208895b627	rewritten as a complete technical observation without reply pressure
v2_technical_topic_frontend_9f4d10f19cdb_d5c35e34409b	Frontend	technical	topic_frontend_daf95cc135ab	technical.topic_frontend_9f4d10f19cdb	self_talk	any	none	dry	1	120	120	1	1	false	true	按钮连禁用态都没处理会被连点。	rewritten_topic	legacy:15619;topic:topic_frontend_daf95cc135ab	rewritten as a complete technical observation without reply pressure
v2_technical_topic_gitdevops_8021321d81c6_6fbeec7faa0a	GitDevOps	technical	topic_gitdevops_19226aa98b7c	technical.topic_gitdevops_8021321d81c6	self_talk	any	none	dry	1	120	120	1	1	false	true	回滚方案不能等出事了才现场想；把共享状态减到最少，并发行为会更容易推理。	rewritten_topic	legacy:39016;topic:topic_gitdevops_19226aa98b7c	rewritten as a complete technical observation without reply pressure
v2_technical_topic_database_38afff4bd317_a299c20652a9	Database	technical	topic_database_6d7708bc4f22	technical.topic_database_38afff4bd317	self_talk	any	none	dry	1	120	120	1	1	false	true	深分页变慢时，应改用游标而不是深offset。	rewritten_topic	legacy:23410;topic:topic_database_6d7708bc4f22	rewritten as a complete technical observation without reply pressure
v2_character_life_topic_dresseshobbies_6e4d35420b97_7d409534f672	DressesHobbies	character_life	standalone_ef3e1e38d487	character_life.topic_dresseshobbies_6e4d35420b97	self_talk	any	none	playful	0	144	144	1	1	false	true	买小裙子前我也会认真算这个月预算；小爱好带来一点亮色。	rewritten_topic	legacy:72177;topic:standalone_ef3e1e38d487	expanded into distinct standalone character-life situations
v2_technical_topic_python_590f4ebb2c74_a0ba0d09f0dd	Python	technical	topic_python_a73db8277bbb	technical.topic_python_590f4ebb2c74	self_talk	any	none	dry	1	120	120	1	1	false	true	生成器适合流式处理别急着全转列表；读写路径要先拆清。	rewritten_topic	legacy:3910;topic:topic_python_a73db8277bbb	rewritten as a complete technical observation without reply pressure
v2_system_late_night_3bbb73c90d9e	SystemAmbient	system_ambient	system.late_night.01	system.late_night	system_observe	late_night	none	gentle	0	120	120	1	1	false	true	时间已经很晚，桌面接下来只保留低打扰模式。	new_ambient	catalog:approved-design:system-time-and-safe-character-life	authored as an explicit standalone context-safe sentence
v2_emotional_reflection_topic_emotionalsupport_2454b5058ccb_fa10cd1d970a	EmotionalSupport	emotional_reflection	topic_emotionalsupport_1e242c76b09c	emotional_reflection.topic_emotionalsupport_2454b5058ccb	self_talk	any	none	gentle	0	120	120	1	1	false	true	再难熬的一天也会走到结尾；先满足最基础的需要，复杂情绪可以晚一点处理。	rewritten_topic	legacy:62408;topic:topic_emotionalsupport_1e242c76b09c	rewritten as cautious general care without claiming user state
v2_technical_topic_frontend_9d8ef85f0653_52cc73d116e4	Frontend	technical	topic_frontend_daf95cc135ab	technical.topic_frontend_9d8ef85f0653	self_talk	any	none	dry	1	120	120	1	1	false	true	请求重复发送多半是副作用没管好。	rewritten_topic	legacy:15615;topic:topic_frontend_daf95cc135ab	rewritten as a complete technical observation without reply pressure
v2_character_life_topic_dresseshobbies_8c174b2ed991_04237b05df50	DressesHobbies	character_life	topic_dresseshobbies_1c0d20276055	character_life.topic_dresseshobbies_8c174b2ed991	self_talk	any	none	playful	0	144	144	1	1	false	true	衣柜再小也得给喜欢的裙子留个位置；给衣柜留出空位，选择会比堆满时更轻松。	rewritten_topic	legacy:72192;topic:topic_dresseshobbies_1c0d20276055	expanded into distinct standalone character-life situations
v2_system_noon_389947e17095	SystemAmbient	system_ambient	system.noon.05	system.noon	system_observe	noon	none	gentle	0	120	120	1	1	false	true	上午没收完的尾巴可以留着，午间不必强行清零。	new_ambient	catalog:approved-design:system-time-and-safe-character-life	authored as an explicit standalone context-safe sentence
v2_character_life_topic_dresseshobbies_87cd4f3ad988_cafcd38a7a1d	DressesHobbies	character_life	standalone_ea2087885de7	character_life.topic_dresseshobbies_87cd4f3ad988	self_talk	any	none	playful	0	144	144	1	1	false	true	这把新学的英文写进小本子还挺治愈；拍下光线，也留住开心。	rewritten_topic	legacy:72190;topic:standalone_ea2087885de7	expanded into distinct standalone character-life situations
v2_system_winter_e3b6eefe3e7c	SystemAmbient	system_ambient	system.winter.10	system.winter	system_observe	day_changed	none	gentle	0	120	120	1	1	false	true	一年接近尾部，普通地过好每一天就很不错。	new_ambient	catalog:approved-design:system-time-and-safe-character-life	authored as an explicit standalone context-safe sentence
v2_technical_topic_cpp_153073b75ae0_4d8ac1e15bbb	Cpp	technical	topic_cpp_9e8ea5301ae4	technical.topic_cpp_153073b75ae0	self_talk	any	none	dry	1	120	120	1	1	false	true	ABI 和编译选项不一致会整出怪事。	rewritten_topic	legacy:11703;topic:topic_cpp_9e8ea5301ae4	rewritten as a complete technical observation without reply pressure
v2_technical_topic_networks_734719f4f427_20ce38d2e00c	Networks	technical	topic_networks_4be4f0fa0ea0	technical.topic_networks_734719f4f427	self_talk	any	none	dry	1	120	120	1	1	false	true	重传变多得结合丢包和拥塞一起看。	rewritten_topic	legacy:35113;topic:topic_networks_4be4f0fa0ea0	rewritten as a complete technical observation without reply pressure
v2_technical_topic_database_0d42351a5645_725b87d4f23b	Database	technical	topic_database_6d7708bc4f22	technical.topic_database_0d42351a5645	self_talk	any	none	dry	1	120	120	1	1	false	true	备份没演练过恢复就不算真的备份。	rewritten_topic	legacy:23403;topic:topic_database_6d7708bc4f22	rewritten as a complete technical observation without reply pressure
v2_system_late_night_d5e2522dcf71	SystemAmbient	system_ambient	system.late_night.05	system.late_night	system_observe	late_night	none	gentle	0	120	120	1	1	false	true	钟表走到深夜，没收尾的内容可以安全留给明天。	new_ambient	catalog:approved-design:system-time-and-safe-character-life	authored as an explicit standalone context-safe sentence
v2_technical_topic_backend_b290dc5679cd_47af903578ed	Backend	technical	topic_backend_63208895b627	technical.topic_backend_b290dc5679cd	self_talk	any	none	dry	1	120	120	1	1	false	true	超时要分连接读取和业务处理；依赖固定，边界才稳。	rewritten_topic	legacy:19524;topic:topic_backend_63208895b627	rewritten as a complete technical observation without reply pressure
v2_care_eyes_posture_de0266a59c69	DailyCare	daily_care	topic_dailycare_fc8599d58f4f	care.eyes_posture	ambient	any	none	gentle	0	144	144	1	1	false	true	屏幕看久以后望向远处一会儿，眼睛会得到真正的焦距变化。	curated_standalone	legacy:58547;topic:topic_dailycare_fc8599d58f4f	authored as an explicit standalone context-safe sentence
v2_system_weekend_d8347a3370ea	SystemAmbient	system_ambient	system.weekend.10	system.weekend	system_observe	weekend	none	gentle	0	120	120	1	1	false	true	周末像一次软重启，保留状态，也允许换个节奏。	new_ambient	catalog:approved-design:system-time-and-safe-character-life	authored as an explicit standalone context-safe sentence
v2_technical_topic_career_91a46b9b265d_6d4680035ff9	Career	career	topic_career_3c52223c0e3d	technical.topic_career_91a46b9b265d	self_talk	any	none	dry	1	120	120	1	1	false	true	谈薪前先弄清自己的底线和筹码。	rewritten_topic	legacy:50713;topic:topic_career_3c52223c0e3d	rewritten as a complete technical observation without reply pressure
v2_technical_topic_career_c2b2cbd1f3fc_ec3116543ed1	Career	career	topic_career_f7c03e019598	technical.topic_career_c2b2cbd1f3fc	self_talk	any	none	dry	1	120	120	1	1	false	true	岗位要求写得吓人也可以先投。	rewritten_topic	legacy:50719;topic:topic_career_f7c03e019598	rewritten as a complete technical observation without reply pressure
v2_daily_care_topic_dailycare_afab65745a22_3f6d3cb53fff	DailyCare	daily_care	topic_dailycare_008288cd6842	daily_care.topic_dailycare_afab65745a22	ambient	any	none	gentle	0	120	120	1	1	false	true	睡前还盯着报错大脑会继续加班。	rewritten_topic	legacy:58528;topic:topic_dailycare_008288cd6842	rewritten as cautious general care without claiming user state
v2_character_life_topic_dresseshobbies_5e175d3c2813_618c1b4f11d6	DressesHobbies	character_life	topic_dresseshobbies_8c174b2ed991	character_life.topic_dresseshobbies_5e175d3c2813	self_talk	any	none	playful	0	144	144	1	1	false	true	照片拍得自然比摆半天姿势更好看；把搭配提前记下来，出门时就不用现场编译。	rewritten_topic	legacy:72174;topic:topic_dresseshobbies_8c174b2ed991	expanded into distinct standalone character-life situations
v2_emotional_reflection_topic_emotionalsupport_2454b5058ccb_a079d0a4556e	EmotionalSupport	emotional_reflection	topic_emotionalsupport_1e242c76b09c	emotional_reflection.topic_emotionalsupport_2454b5058ccb	self_talk	any	none	gentle	0	120	120	1	1	false	true	再难熬的一天也会走到结尾；没有结论也没关系，安静经过这一刻就够了。	rewritten_topic	legacy:62409;topic:topic_emotionalsupport_1e242c76b09c	rewritten as cautious general care without claiming user state
v2_technical_topic_frontend_40d0c29e52ee_a39577fd4709	Frontend	technical	topic_frontend_33944c99354e	technical.topic_frontend_40d0c29e52ee	self_talk	any	none	dry	1	120	120	1	1	false	true	样式优先级打架别继续堆 important。	rewritten_topic	legacy:15607;topic:topic_frontend_33944c99354e	rewritten as a complete technical observation without reply pressure
v2_technical_topic_gitdevops_3ce02b21ccb7_0531eb93d47c	GitDevOps	technical	topic_gitdevops_506de9da606b	technical.topic_gitdevops_3ce02b21ccb7	self_talk	any	none	dry	1	120	120	1	1	false	true	版本号和变更记录要对得上。	rewritten_topic	legacy:39011;topic:topic_gitdevops_506de9da606b	rewritten as a complete technical observation without reply pressure
v2_technical_topic_cpp_5ee3e6493802_4b0e2067123b	Cpp	technical	topic_cpp_9e8ea5301ae4	technical.topic_cpp_5ee3e6493802	self_talk	any	none	dry	1	120	120	1	1	false	true	编译器优化下暴露的问题更说明代码有坑。	rewritten_topic	legacy:11707;topic:topic_cpp_9e8ea5301ae4	rewritten as a complete technical observation without reply pressure
v2_daily_care_topic_dailycare_afab65745a22_1d8507352e03	DailyCare	daily_care	topic_dailycare_008288cd6842	daily_care.topic_dailycare_afab65745a22	ambient	any	none	gentle	0	120	120	1	1	false	true	睡前还盯着报错大脑会继续加班；提醒到这里就收声，桌面继续保持安静。	rewritten_topic	legacy:58529;topic:topic_dailycare_008288cd6842	rewritten as cautious general care without claiming user state
v2_technical_topic_cpp_f7ce35f89a48_ae28c027dccd	Cpp	technical	topic_cpp_f7ce35f89a48	technical.topic_cpp_f7ce35f89a48	self_talk	any	none	dry	1	120	120	1	1	false	true	拷贝构造和移动构造先分明白。	rewritten_topic	legacy:11729;topic:topic_cpp_f7ce35f89a48	rewritten as a complete technical observation without reply pressure
v2_character_life_topic_dresseshobbies_cd0fe88d0c6f_012418bb4696	DressesHobbies	character_life	topic_dresseshobbies_2c3d3ce8d32c	character_life.topic_dresseshobbies_cd0fe88d0c6f	self_talk	any	none	playful	0	144	144	1	1	false	true	周末慢慢整理房间像给脑子清缓存。	rewritten_topic	legacy:72211;topic:topic_dresseshobbies_2c3d3ce8d32c	expanded into distinct standalone character-life situations
v2_care_emotional_pacing_42551b9a684c	EmotionalSupport	emotional_reflection	topic_emotionalsupport_14a8a6047468	care.emotional_pacing	self_talk	any	none	gentle	0	144	144	1	1	false	true	状态低一点时把目标缩小，完成感会比硬撑更真实。	curated_standalone	legacy:62424;topic:topic_emotionalsupport_14a8a6047468	authored as an explicit standalone context-safe sentence
v2_technical_topic_python_7b3a115757ca_d0099338ff25	Python	technical	topic_python_a73db8277bbb	technical.topic_python_7b3a115757ca	self_talk	any	none	dry	1	120	120	1	1	false	true	异步协程没 await 就跟没叫它干活一样。	rewritten_topic	legacy:3911;topic:topic_python_a73db8277bbb	rewritten as a complete technical observation without reply pressure
v2_technical_topic_systems_bd48b810b6d7_965a1a133ef9	Systems	technical	topic_systems_bf7b565507b8	technical.topic_systems_bd48b810b6d7	self_talk	any	none	dry	1	120	120	1	1	false	true	时间测量别拿会跳变的墙上时钟；副作用尽量留在边界。	rewritten_topic	legacy:31222;topic:topic_systems_bf7b565507b8	rewritten as a complete technical observation without reply pressure
v2_system_morning_5a51f70c33b0	SystemAmbient	system_ambient	system.morning.07	system.morning	system_observe	morning	none	gentle	0	120	120	1	1	false	true	时段适合把复杂事情拆出第一步，然后安静开工。	new_ambient	catalog:approved-design:system-time-and-safe-character-life	authored as an explicit standalone context-safe sentence
v2_system_app_start_d65bc43b99ff	SystemAmbient	system_ambient	system.app_start.10	system.app_start	system_observe	app_start	none	gentle	0	120	120	1	1	false	true	今天的第一条系统事件很简单，就是平安启动。	new_ambient	catalog:approved-design:system-time-and-safe-character-life	authored as an explicit standalone context-safe sentence
v2_technical_topic_englishpractice_d8bda551676e_f11c38ae5af4	EnglishPractice	growth	topic_englishpractice_d8bda551676e	technical.topic_englishpractice_d8bda551676e	self_talk	any	none	dry	1	120	120	1	1	false	true	看文档先抓标题示例和关键词；外部调用必须有超时。	rewritten_topic	legacy:54618;topic:topic_englishpractice_d8bda551676e	rewritten as a complete technical observation without reply pressure
v2_system_dawn_bfbc721bfe78	SystemAmbient	system_ambient	system.dawn.05	system.dawn	system_observe	morning	none	gentle	0	120	120	1	1	false	true	清晨的窗口亮度不高，陪伴也先保持柔和。	new_ambient	catalog:approved-design:system-time-and-safe-character-life	authored as an explicit standalone context-safe sentence
v2_technical_topic_systems_195729e55537_b917c8fd6ff8	Systems	technical	topic_systems_e3a9a733cad6	technical.topic_systems_195729e55537	self_talk	any	none	dry	1	120	120	1	1	false	true	磁盘写成功和数据真正落盘不是同一刻。	rewritten_topic	legacy:31209;topic:topic_systems_e3a9a733cad6	rewritten as a complete technical observation without reply pressure
v2_technical_topic_frontend_8ce617f5a1b4_67b02ee2e8e6	Frontend	technical	topic_frontend_daf95cc135ab	technical.topic_frontend_8ce617f5a1b4	self_talk	any	none	dry	1	120	120	1	1	false	true	缓存状态和服务端状态别混成一锅；兼容边界要写明。	rewritten_topic	legacy:15614;topic:topic_frontend_daf95cc135ab	rewritten as a complete technical observation without reply pressure
v2_technical_topic_python_8fe2bf6cf4e9_cbba1fcc37e0	Python	technical	topic_python_8fe2bf6cf4e9	technical.topic_python_8fe2bf6cf4e9	self_talk	any	none	dry	1	120	120	1	1	false	true	列表推导太长了已经不好读了。	rewritten_topic	legacy:3915;topic:topic_python_8fe2bf6cf4e9	rewritten as a complete technical observation without reply pressure
v2_daily_care_topic_dailycare_765998c970de_40997e42149f	DailyCare	daily_care	topic_dailycare_de768ce1eb6f	daily_care.topic_dailycare_765998c970de	ambient	any	none	gentle	0	120	120	1	1	false	true	咖啡喝太晚今晚又要睡不着；先保留体力，再决定剩下的事情怎样安排。	rewritten_topic	legacy:58524;topic:topic_dailycare_de768ce1eb6f	rewritten as cautious general care without claiming user state
v2_technical_topic_frontend_33944c99354e_d461d31668a6	Frontend	technical	topic_frontend_33944c99354e	technical.topic_frontend_33944c99354e	self_talk	any	none	dry	1	120	120	1	1	false	true	组件状态已经多到该拆了。	rewritten_topic	legacy:15605;topic:topic_frontend_33944c99354e	rewritten as a complete technical observation without reply pressure
v2_technical_topic_debugging_d3fc3e673806_23ad09a9ba5e	Debugging	technical	topic_debugging_293cbee5cbde	technical.topic_debugging_d3fc3e673806	self_talk	any	none	dry	1	120	120	1	1	false	true	这段异常堆栈从第一处业务代码看起；指标要对应用户影响。	rewritten_topic	legacy:26;topic:topic_debugging_293cbee5cbde	rewritten as a complete technical observation without reply pressure
v2_technical_topic_architecture_98583cac672a_0d4d129ad9fd	Architecture	technical	topic_architecture_c5c29add0d90	technical.topic_architecture_98583cac672a	self_talk	any	none	dry	1	120	120	1	1	false	true	技术选型先看团队和维护成本。	rewritten_topic	legacy:42917;topic:topic_architecture_c5c29add0d90	rewritten as a complete technical observation without reply pressure
v2_technical_topic_architecture_c0262f3e91b8_285f5150bf20	Architecture	technical	topic_architecture_c5c29add0d90	technical.topic_architecture_c0262f3e91b8	self_talk	any	none	dry	1	120	120	1	1	false	true	依赖方向乱了测试自然越来越难写。	rewritten_topic	legacy:42921;topic:topic_architecture_c5c29add0d90	rewritten as a complete technical observation without reply pressure
v2_technical_topic_architecture_3b8edc57ca24_394553c0b209	Architecture	technical	topic_architecture_3b8edc57ca24	technical.topic_architecture_3b8edc57ca24	self_talk	any	none	dry	1	120	120	1	1	false	true	模块边界连一句话都讲不清就该重想。	rewritten_topic	legacy:42909;topic:topic_architecture_3b8edc57ca24	rewritten as a complete technical observation without reply pressure
v2_care_hydration_meals_b9fed930bff7	DailyCare	daily_care	topic_dailycare_fc8599d58f4f	care.hydration_meals	ambient	any	none	gentle	0	144	144	1	1	false	true	准备少量方便食物，状态低时也能保住最基础的需要。	curated_standalone	legacy:58545;topic:topic_dailycare_fc8599d58f4f	authored as an explicit standalone context-safe sentence
v2_daily_care_topic_dailycare_6abdd541b35b_5b6404ce3d10	DailyCare	daily_care	topic_dailycare_de768ce1eb6f	daily_care.topic_dailycare_6abdd541b35b	ambient	any	none	gentle	0	120	120	1	1	false	true	屏幕亮成这样眼睛不累才怪；短暂离开屏幕，常常比继续用力更有效。	rewritten_topic	legacy:58517;topic:topic_dailycare_de768ce1eb6f	rewritten as cautious general care without claiming user state
v2_character_life_topic_dresseshobbies_e23e0e99974c_574aae8782c1	DressesHobbies	character_life	topic_dresseshobbies_19e31d03372b	character_life.topic_dresseshobbies_e23e0e99974c	self_talk	any	none	playful	0	144	144	1	1	false	true	生活里有点自己的小爱好才不容易闷；小进步自己知道就好。	rewritten_topic	legacy:72219;topic:topic_dresseshobbies_19e31d03372b	expanded into distinct standalone character-life situations
v2_character_life_topic_dresseshobbies_bbcd384b699f_054f6308c35c	DressesHobbies	character_life	topic_dresseshobbies_2c3d3ce8d32c	character_life.topic_dresseshobbies_bbcd384b699f	self_talk	any	none	playful	0	144	144	1	1	false	true	听着歌练发音的时候时间过得特别快；预算和心动不必对立。	rewritten_topic	legacy:72204;topic:topic_dresseshobbies_2c3d3ce8d32c	expanded into distinct standalone character-life situations
v2_technical_topic_java_d2b53557113c_5e45d91759fb	Java	technical	topic_java_d294dacb12d3	technical.topic_java_d2b53557113c	self_talk	any	none	dry	1	120	120	1	1	false	true	反射能用不等于什么都该用反射；事实来源只留一个。	rewritten_topic	legacy:7824;topic:topic_java_d294dacb12d3	rewritten as a complete technical observation without reply pressure
v2_easter_egg_egg_standalone_11e10de30298_8a13af2d0b71	EasterEgg	easter_egg	egg_standalone_91cbcd725d7e	easter_egg.egg_standalone_11e10de30298	self_talk	any	none	playful	0	720	720	1	0.1	false	true	优化之前先测量，不然可能只是把代码写得更玄。	preserved_easter_egg	legacy:75094;topic:egg_standalone_91cbcd725d7e	retained as a safe standalone easter egg
v2_technical_topic_cpp_3a4cb394137f_93e1676f5c28	Cpp	technical	topic_cpp_9e8ea5301ae4	technical.topic_cpp_3a4cb394137f	self_talk	any	none	dry	1	120	120	1	1	false	true	宏难懂时先看完整展开结果，再判断真实行为。	rewritten_topic	legacy:11706;topic:topic_cpp_9e8ea5301ae4	rewritten as a complete technical observation without reply pressure
v2_technical_topic_java_a730b9cbe2c7_80a6cef2d4f6	Java	technical	topic_java_d294dacb12d3	technical.topic_java_a730b9cbe2c7	self_talk	any	none	dry	1	120	120	1	1	false	true	集合遍历时修改结构很容易出事。	rewritten_topic	legacy:7815;topic:topic_java_d294dacb12d3	rewritten as a complete technical observation without reply pressure
v2_technical_topic_python_3c0cc6d95fb3_f8551b2944ee	Python	technical	topic_python_a73db8277bbb	technical.topic_python_3c0cc6d95fb3	self_talk	any	none	dry	1	120	120	1	1	false	true	包导入混乱先理清模块边界；用类型表达不确定性。	rewritten_topic	legacy:3906;topic:topic_python_a73db8277bbb	rewritten as a complete technical observation without reply pressure
v2_technical_topic_englishpractice_3cda2f73bff9_3702c31950e2	EnglishPractice	growth	topic_englishpractice_e11527bec3d8	technical.topic_englishpractice_3cda2f73bff9	self_talk	any	none	dry	1	120	120	1	1	false	true	生词别每个都查先猜句子主干。	rewritten_topic	legacy:54603;topic:topic_englishpractice_e11527bec3d8	rewritten as a complete technical observation without reply pressure
v2_technical_topic_frontend_af8d6f15b204_f5155c134311	Frontend	technical	topic_frontend_daf95cc135ab	technical.topic_frontend_af8d6f15b204	self_talk	any	none	dry	1	120	120	1	1	false	true	表单校验别只在前端自我感动；先把输入、输出和边界条件写清楚，判断会更稳。	rewritten_topic	legacy:15624;topic:topic_frontend_daf95cc135ab	rewritten as a complete technical observation without reply pressure
v2_system_spring_79d6361ceb40	SystemAmbient	system_ambient	system.spring.09	system.spring	system_observe	day_changed	none	gentle	0	120	120	1	1	false	true	季节开始变亮，桌面角落继续保持安静。	new_ambient	catalog:approved-design:system-time-and-safe-character-life	authored as an explicit standalone context-safe sentence
v2_emotional_reflection_topic_emotionalsupport_14a8a6047468_82ac7257c075	EmotionalSupport	emotional_reflection	topic_emotionalsupport_1e242c76b09c	emotional_reflection.topic_emotionalsupport_14a8a6047468	self_talk	any	none	gentle	0	120	120	1	1	false	true	被否定一次也不能把之前的努力抹掉；节奏慢一点并不丢人，稳定比硬撑更长久。	rewritten_topic	legacy:62405;topic:topic_emotionalsupport_1e242c76b09c	rewritten as cautious general care without claiming user state
v2_character_life_topic_dresseshobbies_8c174b2ed991_145e95aa3d8a	DressesHobbies	character_life	topic_dresseshobbies_1c0d20276055	character_life.topic_dresseshobbies_8c174b2ed991	self_talk	any	none	playful	0	144	144	1	1	false	true	衣柜再小也得给喜欢的裙子留个位置；小进步自己知道就好。	rewritten_topic	legacy:72194;topic:topic_dresseshobbies_1c0d20276055	expanded into distinct standalone character-life situations
v2_technical_topic_career_add8a7691bff_455fb15f7cf1	Career	career	topic_career_f7c03e019598	technical.topic_career_add8a7691bff	self_talk	any	none	dry	1	120	120	1	1	false	true	职业路线不用二十岁就一次定死；幂等性要先确认。	rewritten_topic	legacy:50718;topic:topic_career_f7c03e019598	rewritten as a complete technical observation without reply pressure
v2_system_app_start_b5d0ead7d4fb	SystemAmbient	system_ambient	system.app_start.03	system.app_start	system_observe	app_start	none	gentle	0	120	120	1	1	false	true	桌宠已经就位，接下来只负责安静待着和偶尔说句话。	new_ambient	catalog:approved-design:system-time-and-safe-character-life	authored as an explicit standalone context-safe sentence
v2_system_month_boundary_e1180cf5f0ce	SystemAmbient	system_ambient	system.month_boundary.09	system.month_boundary	system_observe	day_changed	none	gentle	0	120	120	1	1	false	true	新月份可以从一个很小的动作开始，不用举办启动大会。	new_ambient	catalog:approved-design:system-time-and-safe-character-life	authored as an explicit standalone context-safe sentence
v2_technical_topic_systems_87b55060f6c4_fd750bc90a32	Systems	technical	topic_systems_bf7b565507b8	technical.topic_systems_87b55060f6c4	self_talk	any	none	dry	1	120	120	1	1	false	true	容器隔离不代表它是一台完整虚拟机；重试要有上限和退避。	rewritten_topic	legacy:31216;topic:topic_systems_bf7b565507b8	rewritten as a complete technical observation without reply pressure
v2_life_books_music_8904f293c983	CharacterLife	character_life	life.books_music.04	life.books_music	self_talk	any	none	gentle	0	144	144	1	1	false	true	歌单不需要风格统一，心情本来就不会只用一种格式。	curated_standalone	catalog:approved-design:system-time-and-safe-character-life	authored as an explicit standalone context-safe sentence
v2_technical_topic_study_2053f4ca8a90_99e79cf53446	Study	growth	topic_study_39598576d0ea	technical.topic_study_2053f4ca8a90	self_talk	any	none	dry	1	120	120	1	1	false	true	错题不复盘下次还会在同一个坑里摔；备份还要验证恢复。	rewritten_topic	legacy:46804;topic:topic_study_39598576d0ea	rewritten as a complete technical observation without reply pressure
v2_technical_topic_database_c58a115537a8_1ddf99771869	Database	technical	topic_database_e886faeacdcb	technical.topic_database_c58a115537a8	self_talk	any	none	dry	1	120	120	1	1	false	true	JSON 字段方便归方便别把模型全塞进去。	rewritten_topic	legacy:23421;topic:topic_database_e886faeacdcb	rewritten as a complete technical observation without reply pressure
v2_technical_topic_study_fa505e199d7e_b312fe243c45	Study	growth	topic_study_fa505e199d7e	technical.topic_study_fa505e199d7e	self_talk	any	none	dry	1	120	120	1	1	false	true	计算机网络从一次请求怎么走开始串。	rewritten_topic	legacy:46827;topic:topic_study_fa505e199d7e	rewritten as a complete technical observation without reply pressure
v2_daily_care_topic_dailycare_3acb1b95e490_1ccf98436694	DailyCare	daily_care	topic_dailycare_4212b8aaec87	daily_care.topic_dailycare_3acb1b95e490	ambient	any	none	gentle	0	120	120	1	1	false	true	今天如果没晒到太阳就出去走几分钟。	rewritten_topic	legacy:58507;topic:topic_dailycare_4212b8aaec87	rewritten as cautious general care without claiming user state
v2_technical_topic_gitdevops_19226aa98b7c_6370a3476b57	GitDevOps	technical	topic_gitdevops_506de9da606b	technical.topic_gitdevops_19226aa98b7c	self_talk	any	none	dry	1	120	120	1	1	false	true	合并冲突先理解双方改动别直接全选。	rewritten_topic	legacy:39001;topic:topic_gitdevops_506de9da606b	rewritten as a complete technical observation without reply pressure
v2_technical_topic_architecture_0c8b13c05691_47d94e31dcc7	Architecture	technical	topic_architecture_3b8edc57ca24	technical.topic_architecture_0c8b13c05691	self_talk	any	none	dry	1	120	120	1	1	false	true	全局状态迟早让行为不可预测；不变量最好写进契约。	rewritten_topic	legacy:42902;topic:topic_architecture_3b8edc57ca24	rewritten as a complete technical observation without reply pressure
v2_technical_topic_study_6022bc4459fd_a0cb17bf19ad	Study	growth	topic_study_6461a6cd06b3	technical.topic_study_6022bc4459fd	self_talk	any	none	dry	1	120	120	1	1	false	true	学习计划别排满给意外留点空位；把假设拆成小步骤，定位过程会少绕很多路。	rewritten_topic	legacy:46814;topic:topic_study_6461a6cd06b3	rewritten as a complete technical observation without reply pressure
v2_system_autumn_647039db00ee	SystemAmbient	system_ambient	system.autumn.03	system.autumn	system_observe	day_changed	none	gentle	0	120	120	1	1	false	true	季节转凉以后，桌面的色调看着也稳了一点。	new_ambient	catalog:approved-design:system-time-and-safe-character-life	authored as an explicit standalone context-safe sentence
v2_technical_topic_frontend_32976568cccc_8d233bf1a625	Frontend	technical	topic_frontend_33944c99354e	technical.topic_frontend_32976568cccc	self_talk	any	none	dry	1	120	120	1	1	false	true	可访问性不是最后随手补个标签；测试名写清条件结果。	rewritten_topic	legacy:15604;topic:topic_frontend_33944c99354e	rewritten as a complete technical observation without reply pressure
v2_easter_egg_egg_standalone_0aef54536680_5e632b133aca	EasterEgg	easter_egg	egg_standalone_e6a01f78e893	easter_egg.egg_standalone_0aef54536680	self_talk	any	none	playful	0	720	720	1	0.1	false	true	早上七点的窗口，适合放一句慢慢启动。	preserved_easter_egg	legacy:75084;topic:egg_standalone_e6a01f78e893	retained as a safe standalone easter egg
v2_technical_topic_frontend_eb8a7548df28_a63141f95146	Frontend	technical	topic_frontend_9d8ef85f0653	technical.topic_frontend_eb8a7548df28	self_talk	any	none	dry	1	120	120	1	1	false	true	列表渲染的 key 别再拿索引凑数。	rewritten_topic	legacy:15629;topic:topic_frontend_9d8ef85f0653	rewritten as a complete technical observation without reply pressure
v2_technical_topic_gitdevops_98a1d1a8b159_92de0e90a79e	GitDevOps	technical	topic_gitdevops_19226aa98b7c	technical.topic_gitdevops_98a1d1a8b159	self_talk	any	none	dry	1	120	120	1	1	false	true	镜像层顺序会直接影响缓存命中。	rewritten_topic	legacy:39021;topic:topic_gitdevops_19226aa98b7c	rewritten as a complete technical observation without reply pressure
v2_easter_egg_egg_standalone_116768d4d858_ad403e70e6ce	EasterEgg	easter_egg	egg_standalone_6cb044cc4473	easter_egg.egg_standalone_116768d4d858	self_talk	any	none	playful	0	720	720	1	0.1	false	true	二分查找前先确认答案真的有单调性。	preserved_easter_egg	legacy:75093;topic:egg_standalone_6cb044cc4473	retained as a safe standalone easter egg
v2_care_rest_sleep_d60f491f5e7f	DailyCare	daily_care	topic_dailycare_586c71c81237	care.rest_sleep	ambient	any	none	gentle	0	144	144	1	1	false	true	固定一些睡前步骤，比临时命令自己立刻入睡更温和。	curated_standalone	legacy:58561;topic:topic_dailycare_586c71c81237	authored as an explicit standalone context-safe sentence
v2_technical_topic_backend_3f81d5ce7ffe_bacfc2c00fbd	Backend	technical	topic_backend_7ae4c0d83072	technical.topic_backend_3f81d5ce7ffe	self_talk	any	none	dry	1	120	120	1	1	false	true	消息重复消费得靠业务幂等兜住；锁顺序要写成规则。	rewritten_topic	legacy:19506;topic:topic_backend_7ae4c0d83072	rewritten as a complete technical observation without reply pressure
v2_technical_topic_cpp_ad6ae0039945_af86bc5b6afa	Cpp	technical	topic_cpp_ed580ae5911f	technical.topic_cpp_ad6ae0039945	self_talk	any	none	dry	1	120	120	1	1	false	true	裸new四处出现时，所有权和释放路径都会混乱。	rewritten_topic	legacy:11720;topic:topic_cpp_ed580ae5911f	rewritten as a complete technical observation without reply pressure
v2_system_evening_1a44ecb79d6a	SystemAmbient	system_ambient	system.evening.03	system.evening	system_observe	evening	none	gentle	0	120	120	1	1	false	true	晚间不必立刻总结整天，先让脑子从高频状态降下来。	new_ambient	catalog:approved-design:system-time-and-safe-character-life	authored as an explicit standalone context-safe sentence
v2_technical_topic_database_0b76a487d053_7e5ef4286173	Database	technical	topic_database_6d7708bc4f22	technical.topic_database_0b76a487d053	self_talk	any	none	dry	1	120	120	1	1	false	true	唯一约束应该由数据库兜底，避免并发写出重复记录。	rewritten_topic	legacy:23402;topic:topic_database_6d7708bc4f22	rewritten as a complete technical observation without reply pressure
v2_daily_care_topic_dailycare_765998c970de_d9d838a36907	DailyCare	daily_care	topic_dailycare_de768ce1eb6f	daily_care.topic_dailycare_765998c970de	ambient	any	none	gentle	0	120	120	1	1	false	true	咖啡喝太晚今晚又要睡不着。	rewritten_topic	legacy:58522;topic:topic_dailycare_de768ce1eb6f	rewritten as cautious general care without claiming user state
v2_technical_topic_gitdevops_8c8fe1a8bc18_d4fde48fd0c0	GitDevOps	technical	topic_gitdevops_19226aa98b7c	technical.topic_gitdevops_8c8fe1a8bc18	self_talk	any	none	dry	1	120	120	1	1	false	true	监控只报红却不告诉影响范围很烦。	rewritten_topic	legacy:39017;topic:topic_gitdevops_19226aa98b7c	rewritten as a complete technical observation without reply pressure
v2_technical_topic_study_39b9b3d67fe1_41feb3830e88	Study	growth	topic_study_39598576d0ea	technical.topic_study_39b9b3d67fe1	self_talk	any	none	dry	1	120	120	1	1	false	true	线性代数别只会按按钮算矩阵。	rewritten_topic	legacy:46809;topic:topic_study_39598576d0ea	rewritten as a complete technical observation without reply pressure
v2_technical_topic_java_d2b53557113c_a3bceadc999f	Java	technical	topic_java_d294dacb12d3	technical.topic_java_d2b53557113c	self_talk	any	none	dry	1	120	120	1	1	false	true	反射能用不等于什么都该用反射。	rewritten_topic	legacy:7823;topic:topic_java_d294dacb12d3	rewritten as a complete technical observation without reply pressure
v2_system_afternoon_8903d28a9957	SystemAmbient	system_ambient	system.afternoon.02	system.afternoon	system_observe	afternoon	none	gentle	0	120	120	1	1	false	true	日光开始偏斜，桌面的节奏也可以稍微松一点。	new_ambient	catalog:approved-design:system-time-and-safe-character-life	authored as an explicit standalone context-safe sentence
v2_technical_topic_englishpractice_d8bda551676e_a0557107d2c0	EnglishPractice	growth	topic_englishpractice_d8bda551676e	technical.topic_englishpractice_d8bda551676e	self_talk	any	none	dry	1	120	120	1	1	false	true	看文档先抓标题示例和关键词。	rewritten_topic	legacy:54617;topic:topic_englishpractice_d8bda551676e	rewritten as a complete technical observation without reply pressure
v2_system_summer_2b4bd721bf45	SystemAmbient	system_ambient	system.summer.07	system.summer	system_observe	day_changed	none	gentle	0	120	120	1	1	false	true	夏天的计划像冰块，别握得太紧才不会化得更快。	new_ambient	catalog:approved-design:system-time-and-safe-character-life	authored as an explicit standalone context-safe sentence
v2_technical_topic_python_0d7f6aa90969_6df105ef8b3f	Python	technical	topic_python_a73db8277bbb	technical.topic_python_0d7f6aa90969	self_talk	any	none	dry	1	120	120	1	1	false	true	虚拟环境不对时装多少次包都白搭；外部调用必须有超时。	rewritten_topic	legacy:3902;topic:topic_python_a73db8277bbb	rewritten as a complete technical observation without reply pressure
v2_technical_topic_algorithms_884b1ff4f362_162786962994	Algorithms	technical	topic_algorithms_66f62e1cff66	technical.topic_algorithms_884b1ff4f362	self_talk	any	none	dry	1	120	120	1	1	false	true	回溯要尽早剪掉不可能的分支。	rewritten_topic	legacy:27317;topic:topic_algorithms_66f62e1cff66	rewritten as a complete technical observation without reply pressure
v2_technical_topic_systems_bd48b810b6d7_0bc759bd8805	Systems	technical	topic_systems_bf7b565507b8	technical.topic_systems_bd48b810b6d7	self_talk	any	none	dry	1	120	120	1	1	false	true	时间测量别拿会跳变的墙上时钟。	rewritten_topic	legacy:31221;topic:topic_systems_bf7b565507b8	rewritten as a complete technical observation without reply pressure
v2_system_dawn_124671db4f61	SystemAmbient	system_ambient	system.dawn.04	system.dawn	system_observe	morning	none	gentle	0	120	120	1	1	false	true	时段适合短句，不适合突然塞来一大段热闹。	new_ambient	catalog:approved-design:system-time-and-safe-character-life	authored as an explicit standalone context-safe sentence
v2_technical_topic_python_a73db8277bbb_181d8e14e9b7	Python	technical	topic_python_8fe2bf6cf4e9	technical.topic_python_a73db8277bbb	self_talk	any	none	dry	1	120	120	1	1	false	true	Python 这个可变默认参数又在偷偷留状态。	rewritten_topic	legacy:3921;topic:topic_python_8fe2bf6cf4e9	rewritten as a complete technical observation without reply pressure
v2_technical_topic_python_e48642fb5770_42929c411de6	Python	technical	topic_python_8fe2bf6cf4e9	technical.topic_python_e48642fb5770	self_talk	any	none	dry	1	120	120	1	1	false	true	pandas 这段循环八成能向量化；兼容边界要写明。	rewritten_topic	legacy:3926;topic:topic_python_8fe2bf6cf4e9	rewritten as a complete technical observation without reply pressure
v2_system_late_night_a95a357e40a5	SystemAmbient	system_ambient	system.late_night.06	system.late_night	system_observe	late_night	none	gentle	0	120	120	1	1	false	true	屏幕还亮着不代表程序必须一直满负荷运行。	new_ambient	catalog:approved-design:system-time-and-safe-character-life	authored as an explicit standalone context-safe sentence
v2_technical_topic_database_d72f277b6270_57056c63e5f3	Database	technical	topic_database_e886faeacdcb	technical.topic_database_d72f277b6270	self_talk	any	none	dry	1	120	120	1	1	false	true	批量写入别每条都单独提交。	rewritten_topic	legacy:23423;topic:topic_database_e886faeacdcb	rewritten as a complete technical observation without reply pressure
v2_technical_topic_python_d769fd78b280_8276ab0c7a0d	Python	technical	topic_python_8fe2bf6cf4e9	technical.topic_python_d769fd78b280	self_talk	any	none	dry	1	120	120	1	1	false	true	pytest 的夹具别堆成看不懂的魔法；变化频率不同就分开。	rewritten_topic	legacy:3924;topic:topic_python_8fe2bf6cf4e9	rewritten as a complete technical observation without reply pressure
v2_technical_topic_networks_d2ff061a9424_3ada02f41ba0	Networks	technical	topic_networks_6c7352dd659a	technical.topic_networks_d2ff061a9424	self_talk	any	none	dry	1	120	120	1	1	false	true	代理层改了头信息可能影响后端判断；失败样例要留作回归。	rewritten_topic	legacy:35122;topic:topic_networks_6c7352dd659a	rewritten as a complete technical observation without reply pressure
v2_technical_topic_cpp_153073b75ae0_a7efd611bff4	Cpp	technical	topic_cpp_9e8ea5301ae4	technical.topic_cpp_153073b75ae0	self_talk	any	none	dry	1	120	120	1	1	false	true	编译选项和ABI不一致时，程序行为会变得异常。	rewritten_topic	legacy:11704;topic:topic_cpp_9e8ea5301ae4	rewritten as a complete technical observation without reply pressure
v2_technical_topic_gitdevops_256cd4f4ab67_b8d045204b5c	GitDevOps	technical	topic_gitdevops_506de9da606b	technical.topic_gitdevops_256cd4f4ab67	self_talk	any	none	dry	1	120	120	1	1	false	true	发布脚本得能重复跑不能靠手速；先测量真实成本，优化方向才不容易跑偏。	rewritten_topic	legacy:39004;topic:topic_gitdevops_506de9da606b	rewritten as a complete technical observation without reply pressure
v2_system_weekend_234de7ce77a5	SystemAmbient	system_ambient	system.weekend.03	system.weekend	system_observe	weekend	none	gentle	0	120	120	1	1	false	true	今天适合让兴趣和休息轮流出现，不用排成严格队列。	new_ambient	catalog:approved-design:system-time-and-safe-character-life	authored as an explicit standalone context-safe sentence
v2_character_life_topic_dresseshobbies_19e31d03372b_8a362e2c8f21	DressesHobbies	character_life	topic_dresseshobbies_8649e6a7ac23	character_life.topic_dresseshobbies_19e31d03372b	self_talk	any	none	playful	0	144	144	1	1	false	true	喜欢的衣服不一定贵合适自己最重要；兴趣轻松些才不成任务。	rewritten_topic	legacy:72159;topic:topic_dresseshobbies_8649e6a7ac23	expanded into distinct standalone character-life situations
v2_life_room_cooking_8fe8c3d2e3fd	CharacterLife	character_life	life.room_cooking.03	life.room_cooking	self_talk	any	none	gentle	0	144	144	1	1	false	true	桌面只留常用物品以后，寻找东西会少一点临时加班。	curated_standalone	catalog:approved-design:system-time-and-safe-character-life	authored as an explicit standalone context-safe sentence
v2_technical_topic_gitdevops_2fc540281ebd_9d1259314c04	GitDevOps	technical	topic_gitdevops_506de9da606b	technical.topic_gitdevops_2fc540281ebd	self_talk	any	none	dry	1	120	120	1	1	false	true	rebase 前先确认分支有没有被别人依赖；失败路径也要走一遍。	rewritten_topic	legacy:39006;topic:topic_gitdevops_506de9da606b	rewritten as a complete technical observation without reply pressure
v2_system_noon_a6fa4e12ad29	SystemAmbient	system_ambient	system.noon.02	system.noon	system_observe	noon	none	gentle	0	120	120	1	1	false	true	正午适合让注意力离开屏幕一会儿，系统不会因此停摆。	new_ambient	catalog:approved-design:system-time-and-safe-character-life	authored as an explicit standalone context-safe sentence
v2_system_evening_c5d192b6040a	SystemAmbient	system_ambient	system.evening.04	system.evening	system_observe	evening	none	gentle	0	120	120	1	1	false	true	一天走到这个位置，没完成的事项仍然可以排到以后。	new_ambient	catalog:approved-design:system-time-and-safe-character-life	authored as an explicit standalone context-safe sentence
v2_technical_topic_systems_386cdc23a12c_9f08436c7166	Systems	technical	topic_systems_e3a9a733cad6	technical.topic_systems_386cdc23a12c	self_talk	any	none	dry	1	120	120	1	1	false	true	文件句柄没关迟早把进程拖死；先画清数据流向，局部修补才不会误伤别处。	rewritten_topic	legacy:31212;topic:topic_systems_e3a9a733cad6	rewritten as a complete technical observation without reply pressure
v2_system_late_night_cb527992d758	SystemAmbient	system_ambient	system.late_night.08	system.late_night	system_observe	late_night	none	gentle	0	120	120	1	1	false	true	夜色已经很深，窗口只轻轻晃一下就继续休息。	new_ambient	catalog:approved-design:system-time-and-safe-character-life	authored as an explicit standalone context-safe sentence
v2_character_life_topic_dresseshobbies_87cd4f3ad988_48efaedc44c8	DressesHobbies	character_life	topic_dresseshobbies_18db5fccdb24	character_life.topic_dresseshobbies_87cd4f3ad988	self_talk	any	none	playful	0	144	144	1	1	false	true	这把新学的英文写进小本子还挺治愈；熟练来自一次次小练习，不需要突然开窍。	rewritten_topic	legacy:72187;topic:topic_dresseshobbies_18db5fccdb24	expanded into distinct standalone character-life situations
v2_life_books_music_0adb4e23dd55	CharacterLife	character_life	life.books_music.05	life.books_music	self_talk	any	none	gentle	0	144	144	1	1	false	true	安静读几页书，比勉强完成整章更容易留下内容。	curated_standalone	catalog:approved-design:system-time-and-safe-character-life	authored as an explicit standalone context-safe sentence
v2_technical_topic_networks_037e74eaffdd_8121aa817fa0	Networks	technical	topic_networks_4be4f0fa0ea0	technical.topic_networks_037e74eaffdd	self_talk	any	none	dry	1	120	120	1	1	false	true	日志里敏感字段该脱敏就别偷懒；先分清两类故障。	rewritten_topic	legacy:35102;topic:topic_networks_4be4f0fa0ea0	rewritten as a complete technical observation without reply pressure
v2_technical_topic_study_6cc1ae41def2_268dce0872ba	Study	growth	topic_study_6461a6cd06b3	technical.topic_study_6cc1ae41def2	self_talk	any	none	dry	1	120	120	1	1	false	true	知识点能用自己的话解释才算真会。	rewritten_topic	legacy:46817;topic:topic_study_6461a6cd06b3	rewritten as a complete technical observation without reply pressure
v2_system_month_boundary_d66c7f98b2a3	SystemAmbient	system_ambient	system.month_boundary.02	system.month_boundary	system_observe	day_changed	none	gentle	0	120	120	1	1	false	true	新的月份只是时间标记，不需要突然变成全新的自己。	new_ambient	catalog:approved-design:system-time-and-safe-character-life	authored as an explicit standalone context-safe sentence
v2_easter_egg_egg_standalone_1a66dd5d8071_54584ebf01c3	EasterEgg	easter_egg	egg_standalone_82e990582d45	easter_egg.egg_standalone_1a66dd5d8071	self_talk	any	none	playful	0	720	720	1	0.1	false	true	栈满了会溢出，脑子装满了也该停一下。	preserved_easter_egg	legacy:75099;topic:egg_standalone_82e990582d45	retained as a safe standalone easter egg
v2_system_holiday_e74d67f872a2	SystemAmbient	system_ambient	system.holiday.02	system.holiday	system_observe	holiday	none	gentle	0	120	120	1	1	false	true	节日不必塞满安排，留一段空白也很像过节。	new_ambient	catalog:approved-design:system-time-and-safe-character-life	authored as an explicit standalone context-safe sentence
v2_character_life_topic_dresseshobbies_87cd4f3ad988_d805a9735450	DressesHobbies	character_life	topic_dresseshobbies_18db5fccdb24	character_life.topic_dresseshobbies_87cd4f3ad988	self_talk	any	none	playful	0	144	144	1	1	false	true	这把新学的英文写进小本子还挺治愈；喜欢的东西收拾整齐，看着也会更安心。	rewritten_topic	legacy:72188;topic:topic_dresseshobbies_18db5fccdb24	expanded into distinct standalone character-life situations
v2_system_winter_edf3fa124136	SystemAmbient	system_ambient	system.winter.05	system.winter	system_observe	day_changed	none	gentle	0	120	120	1	1	false	true	日历上的冬天已经加载，窗口继续用低功耗陪伴。	new_ambient	catalog:approved-design:system-time-and-safe-character-life	authored as an explicit standalone context-safe sentence
v2_system_evening_89c238794820	SystemAmbient	system_ambient	system.evening.08	system.evening	system_observe	evening	none	gentle	0	120	120	1	1	false	true	夜色刚开始，桌面角落的动作也跟着放慢。	new_ambient	catalog:approved-design:system-time-and-safe-character-life	authored as an explicit standalone context-safe sentence
v2_easter_egg_egg_standalone_21e47435b2ce_82a0298d48e1	EasterEgg	easter_egg	egg_standalone_57c00c60f253	easter_egg.egg_standalone_21e47435b2ce	self_talk	any	none	playful	0	720	720	1	0.1	false	true	今天读顺一句长句，已经是有效进度。	preserved_easter_egg	legacy:75104;topic:egg_standalone_57c00c60f253	retained as a safe standalone easter egg
v2_technical_topic_cpp_5faae95e0cec_e5d1503eedf3	Cpp	technical	topic_cpp_9e8ea5301ae4	technical.topic_cpp_5faae95e0cec	self_talk	any	none	dry	1	120	120	1	1	false	true	模板报错再长也从最早的约束看。	rewritten_topic	legacy:11709;topic:topic_cpp_9e8ea5301ae4	rewritten as a complete technical observation without reply pressure
v2_character_life_topic_dresseshobbies_19e31d03372b_6529df18a516	DressesHobbies	character_life	topic_dresseshobbies_8649e6a7ac23	character_life.topic_dresseshobbies_19e31d03372b	self_talk	any	none	playful	0	144	144	1	1	false	true	喜欢的衣服不一定贵合适自己最重要；颜色材质舒服就耐看。	rewritten_topic	legacy:72157;topic:topic_dresseshobbies_8649e6a7ac23	expanded into distinct standalone character-life situations
v2_technical_topic_systems_e3a9a733cad6_9738ca63b927	Systems	technical	topic_systems_bf7b565507b8	technical.topic_systems_e3a9a733cad6	self_talk	any	none	dry	1	120	120	1	1	false	true	进程和线程的资源边界先别混。	rewritten_topic	legacy:31225;topic:topic_systems_bf7b565507b8	rewritten as a complete technical observation without reply pressure
v2_character_life_topic_dresseshobbies_5e175d3c2813_6d43b1b3c395	DressesHobbies	character_life	topic_dresseshobbies_8c174b2ed991	character_life.topic_dresseshobbies_5e175d3c2813	self_talk	any	none	playful	0	144	144	1	1	false	true	照片拍得自然比摆半天姿势更好看；舒服和喜欢就很有分量。	rewritten_topic	legacy:72175;topic:topic_dresseshobbies_8c174b2ed991	expanded into distinct standalone character-life situations
v2_technical_topic_englishpractice_dc0c6af95387_12b6e1d43a48	EnglishPractice	growth	topic_englishpractice_d8bda551676e	technical.topic_englishpractice_dc0c6af95387	self_talk	any	none	dry	1	120	120	1	1	false	true	读 README 先别被一整屏英文吓退。	rewritten_topic	legacy:54619;topic:topic_englishpractice_d8bda551676e	rewritten as a complete technical observation without reply pressure
v2_technical_topic_debugging_cf09d970b401_08ef908a6d07	Debugging	technical	topic_debugging_293cbee5cbde	technical.topic_debugging_cf09d970b401	self_talk	any	none	dry	1	120	120	1	1	false	true	性能抖动别只看平均耗时。	rewritten_topic	legacy:23;topic:topic_debugging_293cbee5cbde	rewritten as a complete technical observation without reply pressure
v2_technical_topic_algorithms_1ae70d763ad2_65fc2ff74f0d	Algorithms	technical	topic_algorithms_ad6a8bb2c2f7	technical.topic_algorithms_1ae70d763ad2	self_talk	any	none	dry	1	120	120	1	1	false	true	前缀和适合把重复区间计算省掉。	rewritten_topic	legacy:27301;topic:topic_algorithms_ad6a8bb2c2f7	rewritten as a complete technical observation without reply pressure
v2_technical_topic_debugging_2ff78387a51e_ecef8cb1fa76	Debugging	technical	topic_debugging_85ffee2564f0	technical.topic_debugging_2ff78387a51e	self_talk	any	none	dry	1	120	120	1	1	false	true	配置不生效先看实际加载的是哪一份；容量上限也要先算。	rewritten_topic	legacy:6;topic:topic_debugging_85ffee2564f0	rewritten as a complete technical observation without reply pressure
v2_technical_topic_study_35cac5f24b8a_00691e1117ac	Study	growth	topic_study_39598576d0ea	technical.topic_study_35cac5f24b8a	self_talk	any	none	dry	1	120	120	1	1	false	true	数据库范式懂思想就别死抠术语。	rewritten_topic	legacy:46805;topic:topic_study_39598576d0ea	rewritten as a complete technical observation without reply pressure
v2_technical_topic_study_a6d6a3df77a2_8a50932629d9	Study	growth	topic_study_6461a6cd06b3	technical.topic_study_a6d6a3df77a2	self_talk	any	none	dry	1	120	120	1	1	false	true	注意力散了就把任务切成二十分钟。	rewritten_topic	legacy:46823;topic:topic_study_6461a6cd06b3	rewritten as a complete technical observation without reply pressure
v2_system_evening_51656f8d6770	SystemAmbient	system_ambient	system.evening.06	system.evening	system_observe	evening	none	gentle	0	120	120	1	1	false	true	时间栏进入晚上，新的大任务可以谨慎一点再开。	new_ambient	catalog:approved-design:system-time-and-safe-character-life	authored as an explicit standalone context-safe sentence
v2_system_spring_ec0a9f2f2ed0	SystemAmbient	system_ambient	system.spring.10	system.spring	system_observe	day_changed	none	gentle	0	120	120	1	1	false	true	春季不用急着证明成长，时间会自己留下版本差异。	new_ambient	catalog:approved-design:system-time-and-safe-character-life	authored as an explicit standalone context-safe sentence
v2_system_winter_4a108551afe3	SystemAmbient	system_ambient	system.winter.02	system.winter	system_observe	day_changed	none	gentle	0	120	120	1	1	false	true	冬天适合把动作做得慢些，稳定比赶路更重要。	new_ambient	catalog:approved-design:system-time-and-safe-character-life	authored as an explicit standalone context-safe sentence
v2_technical_topic_algorithms_66f62e1cff66_07266f64009f	Algorithms	technical	topic_algorithms_ad6a8bb2c2f7	technical.topic_algorithms_66f62e1cff66	self_talk	any	none	dry	1	120	120	1	1	false	true	双指针能不能用得看单调性。	rewritten_topic	legacy:27313;topic:topic_algorithms_ad6a8bb2c2f7	rewritten as a complete technical observation without reply pressure
v2_system_dawn_8c4759f28c7f	SystemAmbient	system_ambient	system.dawn.07	system.dawn	system_observe	morning	none	gentle	0	120	120	1	1	false	true	天色正在换班，桌面角落先安静看一会儿。	new_ambient	catalog:approved-design:system-time-and-safe-character-life	authored as an explicit standalone context-safe sentence
v2_daily_care_topic_dailycare_fc8599d58f4f_b01cc837ce19	DailyCare	daily_care	topic_dailycare_008288cd6842	daily_care.topic_dailycare_fc8599d58f4f	ambient	any	none	gentle	0	120	120	1	1	false	true	空调吹久了记得给自己加件衣服。	rewritten_topic	legacy:58534;topic:topic_dailycare_008288cd6842	rewritten as cautious general care without claiming user state
v2_easter_egg_egg_standalone_20dc0f9953c3_f7dd16ee2253	EasterEgg	easter_egg	egg_standalone_2f6400f77ffb	easter_egg.egg_standalone_20dc0f9953c3	self_talk	any	none	playful	0	720	720	1	0.1	false	true	犯错以后先修，不用顺便把自己骂一遍。	preserved_easter_egg	legacy:75103;topic:egg_standalone_2f6400f77ffb	retained as a safe standalone easter egg
v2_technical_topic_career_cb73e362c71a_da606573c4f1	Career	career	topic_career_f7c03e019598	technical.topic_career_cb73e362c71a	self_talk	any	none	dry	1	120	120	1	1	false	true	薪资不高也别忽略成长和生活成本。	rewritten_topic	legacy:50723;topic:topic_career_f7c03e019598	rewritten as a complete technical observation without reply pressure
v2_technical_topic_python_590f4ebb2c74_7b317f30fa5d	Python	technical	topic_python_a73db8277bbb	technical.topic_python_590f4ebb2c74	self_talk	any	none	dry	1	120	120	1	1	false	true	生成器适合流式处理别急着全转列表。	rewritten_topic	legacy:3909;topic:topic_python_a73db8277bbb	rewritten as a complete technical observation without reply pressure
v2_technical_topic_cpp_5ee3e6493802_1760a3667b39	Cpp	technical	topic_cpp_9e8ea5301ae4	technical.topic_cpp_5ee3e6493802	self_talk	any	none	dry	1	120	120	1	1	false	true	优化模式才暴露的问题，往往更能说明代码有坑。	rewritten_topic	legacy:11708;topic:topic_cpp_9e8ea5301ae4	rewritten as a complete technical observation without reply pressure
v2_technical_topic_algorithms_77747d9aa621_23b6e8bf9613	Algorithms	technical	topic_algorithms_66f62e1cff66	technical.topic_algorithms_77747d9aa621	self_talk	any	none	dry	1	120	120	1	1	false	true	单调栈先明确元素何时出栈。	rewritten_topic	legacy:27316;topic:topic_algorithms_66f62e1cff66	rewritten as a complete technical observation without reply pressure
v2_technical_topic_networks_eedd4e3db8df_f98c7b546a27	Networks	technical	topic_networks_6c7352dd659a	technical.topic_networks_eedd4e3db8df	self_talk	any	none	dry	1	120	120	1	1	false	true	粘包问题本质上是协议边界没定义。	rewritten_topic	legacy:35123;topic:topic_networks_6c7352dd659a	rewritten as a complete technical observation without reply pressure
v2_care_hydration_meals_d3617b352402	DailyCare	daily_care	topic_dailycare_fc8599d58f4f	care.hydration_meals	ambient	any	none	gentle	0	144	144	1	1	false	true	基础饮食保持普通就很好，不必每一餐都优化成完美方案。	curated_standalone	legacy:58543;topic:topic_dailycare_fc8599d58f4f	authored as an explicit standalone context-safe sentence
v2_technical_topic_debugging_40cd98906949_d1970ca576cb	Debugging	technical	topic_debugging_85ffee2564f0	technical.topic_debugging_40cd98906949	self_talk	any	none	dry	1	120	120	1	1	false	true	日期 bug 先检查时区和夏令时。	rewritten_topic	legacy:7;topic:topic_debugging_85ffee2564f0	rewritten as a complete technical observation without reply pressure
v2_daily_care_topic_dailycare_e05947e38717_73c24f47c556	DailyCare	daily_care	topic_dailycare_008288cd6842	daily_care.topic_dailycare_e05947e38717	ambient	any	none	gentle	0	120	120	1	1	false	true	胃不舒服还空腹扛着真的很笨；留一点余地，比逼着自己立刻恢复更稳妥。	rewritten_topic	legacy:58533;topic:topic_dailycare_008288cd6842	rewritten as cautious general care without claiming user state
v2_technical_topic_cpp_5faae95e0cec_e523a6bef721	Cpp	technical	topic_cpp_9e8ea5301ae4	technical.topic_cpp_5faae95e0cec	self_talk	any	none	dry	1	120	120	1	1	false	true	模板报错再长也从最早的约束看；可观测性也是功能。	rewritten_topic	legacy:11710;topic:topic_cpp_9e8ea5301ae4	rewritten as a complete technical observation without reply pressure
v2_system_holiday_e380bd7a36fe	SystemAmbient	system_ambient	system.holiday.06	system.holiday	system_observe	holiday	none	gentle	0	120	120	1	1	false	true	节日提醒只出现一次，剩下的时间继续安静陪伴。	new_ambient	catalog:approved-design:system-time-and-safe-character-life	authored as an explicit standalone context-safe sentence
v2_system_app_start_2f1b3485832f	SystemAmbient	system_ambient	system.app_start.08	system.app_start	system_observe	app_start	none	gentle	0	120	120	1	1	false	true	窗口出现得很轻，像在桌面边缘找到了固定座位。	new_ambient	catalog:approved-design:system-time-and-safe-character-life	authored as an explicit standalone context-safe sentence
v2_technical_topic_career_da7dbba721be_e77afa13b07b	Career	career	topic_career_f7c03e019598	technical.topic_career_da7dbba721be	self_talk	any	none	dry	1	120	120	1	1	false	true	算法题卡住时先把暴力思路讲出来。	rewritten_topic	legacy:50725;topic:topic_career_f7c03e019598	rewritten as a complete technical observation without reply pressure
v2_technical_topic_cpp_9e8ea5301ae4_fca31b88762b	Cpp	technical	topic_cpp_ed580ae5911f	technical.topic_cpp_9e8ea5301ae4	self_talk	any	none	dry	1	120	120	1	1	false	true	C++悬空指针可能随时失效，必须尽早消除隐患。	rewritten_topic	legacy:11718;topic:topic_cpp_ed580ae5911f	rewritten as a complete technical observation without reply pressure
v2_technical_topic_study_2053f4ca8a90_5ceced0186dc	Study	growth	topic_study_39598576d0ea	technical.topic_study_2053f4ca8a90	self_talk	any	none	dry	1	120	120	1	1	false	true	错题不复盘下次还会在同一个坑里摔。	rewritten_topic	legacy:46803;topic:topic_study_39598576d0ea	rewritten as a complete technical observation without reply pressure
v2_system_autumn_1c66019babcb	SystemAmbient	system_ambient	system.autumn.09	system.autumn	system_observe	day_changed	none	gentle	0	120	120	1	1	false	true	秋季的风格很安静，正好适合低频陪伴。	new_ambient	catalog:approved-design:system-time-and-safe-character-life	authored as an explicit standalone context-safe sentence
v2_character_life_topic_dresseshobbies_1c0d20276055_a3d1a9c5c274	DressesHobbies	character_life	standalone_77bdd9ab3125	character_life.topic_dresseshobbies_1c0d20276055	self_talk	any	none	playful	0	144	144	1	1	false	true	挑颜色这件事比选框架还让我纠结；只留适合自己的潮流。	rewritten_topic	legacy:72164;topic:standalone_77bdd9ab3125	expanded into distinct standalone character-life situations
v2_technical_topic_englishpractice_3cda2f73bff9_1c4b659a78de	EnglishPractice	growth	topic_englishpractice_e11527bec3d8	technical.topic_englishpractice_3cda2f73bff9	self_talk	any	none	dry	1	120	120	1	1	false	true	生词别每个都查先猜句子主干；编码时区要全链路检查。	rewritten_topic	legacy:54604;topic:topic_englishpractice_e11527bec3d8	rewritten as a complete technical observation without reply pressure
v2_technical_topic_englishpractice_6cad72a2496b_d768d3e28607	EnglishPractice	growth	topic_englishpractice_e11527bec3d8	technical.topic_englishpractice_6cad72a2496b	self_talk	any	none	dry	1	120	120	1	1	false	true	开源 issue 先搜索再描述最小复现。	rewritten_topic	legacy:54605;topic:topic_englishpractice_e11527bec3d8	rewritten as a complete technical observation without reply pressure
v2_technical_topic_systems_8af1a772d715_c17f529f0d68	Systems	technical	topic_systems_bf7b565507b8	technical.topic_systems_8af1a772d715	self_talk	any	none	dry	1	120	120	1	1	false	true	系统调用次数太密也会有成本。	rewritten_topic	legacy:31217;topic:topic_systems_bf7b565507b8	rewritten as a complete technical observation without reply pressure
v2_system_noon_5f27a9602229	SystemAmbient	system_ambient	system.noon.06	system.noon	system_observe	noon	none	gentle	0	120	120	1	1	false	true	时间栏已经跨过十二点，节奏也该换一小段。	new_ambient	catalog:approved-design:system-time-and-safe-character-life	authored as an explicit standalone context-safe sentence
v2_character_life_topic_dresseshobbies_8c174b2ed991_0721ddd19253	DressesHobbies	character_life	topic_dresseshobbies_1c0d20276055	character_life.topic_dresseshobbies_8c174b2ed991	self_talk	any	none	playful	0	144	144	1	1	false	true	衣柜再小也得给喜欢的裙子留个位置；听见喜欢的旋律时，练习也会少一点枯燥。	rewritten_topic	legacy:72195;topic:topic_dresseshobbies_1c0d20276055	expanded into distinct standalone character-life situations
v2_system_evening_312bcbd5c998	SystemAmbient	system_ambient	system.evening.09	system.evening	system_observe	evening	none	gentle	0	120	120	1	1	false	true	晚间适合整理和收尾，不适合跟自己临时加码。	new_ambient	catalog:approved-design:system-time-and-safe-character-life	authored as an explicit standalone context-safe sentence
v2_daily_care_topic_dailycare_57e13bc26049_1bfb143ab667	DailyCare	daily_care	topic_dailycare_4212b8aaec87	daily_care.topic_dailycare_57e13bc26049	ambient	any	none	gentle	0	120	120	1	1	false	true	天气闷的时候别忘了开窗透气。	rewritten_topic	legacy:58510;topic:topic_dailycare_4212b8aaec87	rewritten as cautious general care without claiming user state
v2_daily_care_topic_dailycare_203a23bada9e_eaaa55a60e27	DailyCare	daily_care	topic_dailycare_4212b8aaec87	daily_care.topic_dailycare_203a23bada9e	ambient	any	none	gentle	0	120	120	1	1	false	true	外卖再忙也挑个有菜有蛋白质的；不追求一次做到满分，能持续就已经很好。	rewritten_topic	legacy:58506;topic:topic_dailycare_4212b8aaec87	rewritten as cautious general care without claiming user state
v2_technical_topic_database_17a29d45a7d8_1b9a31b566cb	Database	technical	topic_database_6d7708bc4f22	technical.topic_database_17a29d45a7d8	self_talk	any	none	dry	1	120	120	1	1	false	true	迁移脚本必须考虑回滚和旧数据。	rewritten_topic	legacy:23405;topic:topic_database_6d7708bc4f22	rewritten as a complete technical observation without reply pressure
v2_technical_topic_architecture_269cfade4d38_3f04c3eb7198	Architecture	technical	topic_architecture_3b8edc57ca24	technical.topic_architecture_269cfade4d38	self_talk	any	none	dry	1	120	120	1	1	false	true	一致性要求不明确架构图画再美也没用。	rewritten_topic	legacy:42905;topic:topic_architecture_3b8edc57ca24	rewritten as a complete technical observation without reply pressure
v2_technical_topic_java_de67bd18e9f9_d2c1b1cc0b3a	Java	technical	topic_java_d294dacb12d3	technical.topic_java_de67bd18e9f9	self_talk	any	none	dry	1	120	120	1	1	false	true	Spring 这个 Bean 到底有没有进容器先确认。	rewritten_topic	legacy:7825;topic:topic_java_d294dacb12d3	rewritten as a complete technical observation without reply pressure
v2_character_life_topic_dresseshobbies_18db5fccdb24_d6765bc9f6e0	DressesHobbies	character_life	standalone_bad53bb55e68	character_life.topic_dresseshobbies_18db5fccdb24	self_talk	any	none	playful	0	144	144	1	1	false	true	练英语的时候读顺一句就很有成就感。	rewritten_topic	legacy:72151;topic:standalone_bad53bb55e68	expanded into distinct standalone character-life situations
v2_care_rest_sleep_a037f13b704d	DailyCare	daily_care	topic_dailycare_586c71c81237	care.rest_sleep	ambient	any	none	gentle	0	144	144	1	1	false	true	夜里继续硬撑换来的时间，第二天常会连本带利收回去。	curated_standalone	legacy:58559;topic:topic_dailycare_586c71c81237	authored as an explicit standalone context-safe sentence
v2_technical_topic_systems_0f2819027caa_7157e5bcb1c7	Systems	technical	topic_systems_e3a9a733cad6	technical.topic_systems_0f2819027caa	self_talk	any	none	dry	1	120	120	1	1	false	true	端序问题一跨机器就容易露馅。	rewritten_topic	legacy:31203;topic:topic_systems_e3a9a733cad6	rewritten as a complete technical observation without reply pressure
v2_life_room_cooking_c428d9fb62d8	CharacterLife	character_life	life.room_cooking.02	life.room_cooking	self_talk	any	none	gentle	0	144	144	1	1	false	true	简单食材认真煮熟，也能组成让人安心的一顿饭。	curated_standalone	catalog:approved-design:system-time-and-safe-character-life	authored as an explicit standalone context-safe sentence
v2_technical_topic_cpp_3a4cb394137f_bea040771702	Cpp	technical	topic_cpp_9e8ea5301ae4	technical.topic_cpp_3a4cb394137f	self_talk	any	none	dry	1	120	120	1	1	false	true	这段宏展开后是什么样先看一眼。	rewritten_topic	legacy:11705;topic:topic_cpp_9e8ea5301ae4	rewritten as a complete technical observation without reply pressure
v2_technical_topic_career_91a46b9b265d_13847d488bc8	Career	career	topic_career_f7c03e019598	technical.topic_career_91a46b9b265d	self_talk	any	none	dry	1	120	120	1	1	false	true	谈薪前先弄清自己的底线和筹码；读写路径要先拆清。	rewritten_topic	legacy:50714;topic:topic_career_f7c03e019598	rewritten as a complete technical observation without reply pressure
v2_technical_topic_architecture_1ea912140454_13f63e1f90e7	Architecture	technical	topic_architecture_3b8edc57ca24	technical.topic_architecture_1ea912140454	self_talk	any	none	dry	1	120	120	1	1	false	true	扩展点只为真实变化预留。	rewritten_topic	legacy:42904;topic:topic_architecture_3b8edc57ca24	rewritten as a complete technical observation without reply pressure
v2_easter_egg_egg_standalone_2276704aa2d8_80cdff3401ef	EasterEgg	easter_egg	egg_standalone_8169a5f60ce4	easter_egg.egg_standalone_2276704aa2d8	self_talk	any	none	playful	0	720	720	1	0.1	false	true	屏幕看久了就看看远处，眼睛也需要切换上下文。	preserved_easter_egg	legacy:75105;topic:egg_standalone_8169a5f60ce4	retained as a safe standalone easter egg
v2_emotional_reflection_topic_emotionalsupport_3a6333648763_b0a8dd054484	EmotionalSupport	emotional_reflection	topic_emotionalsupport_1e242c76b09c	emotional_reflection.topic_emotionalsupport_3a6333648763	self_talk	any	none	gentle	0	120	120	1	1	false	true	今天状态差一点真的不是什么大事；把标准放回现实，今天只完成一点也有意义。	rewritten_topic	legacy:62412;topic:topic_emotionalsupport_1e242c76b09c	rewritten as cautious general care without claiming user state
v2_technical_topic_database_7d9ee0afcb49_e36f2b055187	Database	technical	topic_database_e886faeacdcb	technical.topic_database_7d9ee0afcb49	self_talk	any	none	dry	1	120	120	1	1	false	true	字段是否可空必须在模型里明确，不能交给业务猜。	rewritten_topic	legacy:23418;topic:topic_database_e886faeacdcb	rewritten as a complete technical observation without reply pressure
v2_technical_topic_networks_4861f284ffeb_000f7bb316dc	Networks	technical	topic_networks_4be4f0fa0ea0	technical.topic_networks_4861f284ffeb	self_talk	any	none	dry	1	120	120	1	1	false	true	跨域问题别拿关闭安全策略糊弄；排序稳定性要先确认。	rewritten_topic	legacy:35108;topic:topic_networks_4be4f0fa0ea0	rewritten as a complete technical observation without reply pressure
v2_technical_topic_frontend_daf95cc135ab_1b76947a0b9c	Frontend	technical	topic_frontend_9d8ef85f0653	technical.topic_frontend_daf95cc135ab	self_talk	any	none	dry	1	120	120	1	1	false	true	页面抖动先看布局变化和资源尺寸。	rewritten_topic	legacy:15627;topic:topic_frontend_9d8ef85f0653	rewritten as a complete technical observation without reply pressure
v2_character_life_topic_dresseshobbies_5e175d3c2813_4b6d3afc4c37	DressesHobbies	character_life	topic_dresseshobbies_8c174b2ed991	character_life.topic_dresseshobbies_5e175d3c2813	self_talk	any	none	playful	0	144	144	1	1	false	true	照片拍得自然比摆半天姿势更好看。	rewritten_topic	legacy:72171;topic:topic_dresseshobbies_8c174b2ed991	expanded into distinct standalone character-life situations
v2_life_small_daydreams_45c2fcfb2b6c	CharacterLife	character_life	life.small_daydreams.01	life.small_daydreams	self_talk	any	none	gentle	0	144	144	1	1	false	true	窗外的云走得很慢，偶尔看一会儿也不算浪费时间。	curated_standalone	catalog:approved-design:system-time-and-safe-character-life	authored as an explicit standalone context-safe sentence
v2_technical_topic_study_0898e214b0c8_b5f62e482bf9	Study	growth	topic_study_39598576d0ea	technical.topic_study_0898e214b0c8	self_talk	any	none	dry	1	120	120	1	1	false	true	课堂代码最好关掉答案自己重写一次。	rewritten_topic	legacy:46801;topic:topic_study_39598576d0ea	rewritten as a complete technical observation without reply pressure
v2_technical_topic_networks_d2ff061a9424_9b67eab27f35	Networks	technical	topic_networks_6c7352dd659a	technical.topic_networks_d2ff061a9424	self_talk	any	none	dry	1	120	120	1	1	false	true	代理层改了头信息可能影响后端判断。	rewritten_topic	legacy:35121;topic:topic_networks_6c7352dd659a	rewritten as a complete technical observation without reply pressure
v2_character_life_topic_dresseshobbies_8649e6a7ac23_dbdd239e4d26	DressesHobbies	character_life	topic_dresseshobbies_18db5fccdb24	character_life.topic_dresseshobbies_8649e6a7ac23	self_talk	any	none	playful	0	144	144	1	1	false	true	看到好看的小裙子我真的会多看几眼；灵感先记进小本子。	rewritten_topic	legacy:72185;topic:topic_dresseshobbies_18db5fccdb24	expanded into distinct standalone character-life situations
v2_technical_topic_backend_9d94d2ae7862_fd9c45c6d80c	Backend	technical	topic_backend_63208895b627	technical.topic_backend_9d94d2ae7862	self_talk	any	none	dry	1	120	120	1	1	false	true	缓存击穿得先看热点和过期策略。	rewritten_topic	legacy:19521;topic:topic_backend_63208895b627	rewritten as a complete technical observation without reply pressure
v2_technical_topic_systems_e3a9a733cad6_c89d4503be0e	Systems	technical	topic_systems_bf7b565507b8	technical.topic_systems_e3a9a733cad6	self_talk	any	none	dry	1	120	120	1	1	false	true	进程和线程的资源边界先别混；先验证协议语义，再怀疑某个框架偷偷作怪。	rewritten_topic	legacy:31226;topic:topic_systems_bf7b565507b8	rewritten as a complete technical observation without reply pressure
v2_easter_egg_egg_standalone_08a2cd362916_26b1083fb658	EasterEgg	easter_egg	egg_standalone_a0b2bc184b44	easter_egg.egg_standalone_08a2cd362916	self_talk	any	none	playful	0	720	720	1	0.1	false	true	merge 前先看差异，别拿勇气代替判断。	preserved_easter_egg	legacy:75079;topic:egg_standalone_a0b2bc184b44	retained as a safe standalone easter egg
v2_system_spring_fe87e615d260	SystemAmbient	system_ambient	system.spring.07	system.spring	system_observe	day_changed	none	gentle	0	120	120	1	1	false	true	季节适合整理旧文件，也适合保留舍不得删的记忆。	new_ambient	catalog:approved-design:system-time-and-safe-character-life	authored as an explicit standalone context-safe sentence
v2_technical_topic_career_690647065579_087a10bb0739	Career	career	topic_career_3c52223c0e3d	technical.topic_career_690647065579	self_talk	any	none	dry	1	120	120	1	1	false	true	试用期目标越早与负责人对齐，后续越少走偏。	rewritten_topic	legacy:50710;topic:topic_career_3c52223c0e3d	rewritten as a complete technical observation without reply pressure
v2_easter_egg_egg_standalone_08ae68d3da01_a5d253fee162	EasterEgg	easter_egg	egg_standalone_307b511e64d3	easter_egg.egg_standalone_08ae68d3da01	self_talk	any	none	playful	0	720	720	1	0.1	false	true	418 我是茶壶，咖啡请求先去隔壁队列。	preserved_easter_egg	legacy:75080;topic:egg_standalone_307b511e64d3	retained as a safe standalone easter egg
v2_character_life_topic_dresseshobbies_5e175d3c2813_eb6717bb4c54	DressesHobbies	character_life	topic_dresseshobbies_8c174b2ed991	character_life.topic_dresseshobbies_5e175d3c2813	self_talk	any	none	playful	0	144	144	1	1	false	true	照片拍得自然比摆半天姿势更好看；整理过程不必赶，慢慢归位本身就很治愈。	rewritten_topic	legacy:72172;topic:topic_dresseshobbies_8c174b2ed991	expanded into distinct standalone character-life situations
v2_system_spring_b6c938fb7f5c	SystemAmbient	system_ambient	system.spring.03	system.spring	system_observe	day_changed	none	gentle	0	120	120	1	1	false	true	季节换到春天，新念头可以先发一枚很小的芽。	new_ambient	catalog:approved-design:system-time-and-safe-character-life	authored as an explicit standalone context-safe sentence
v2_system_weekend_b454adfc9ab0	SystemAmbient	system_ambient	system.weekend.04	system.weekend	system_observe	weekend	none	gentle	0	120	120	1	1	false	true	周末的待办若只完成一件，也已经算正常运行。	new_ambient	catalog:approved-design:system-time-and-safe-character-life	authored as an explicit standalone context-safe sentence
v2_system_holiday_bdca1b32f115	SystemAmbient	system_ambient	system.holiday.05	system.holiday	system_observe	holiday	none	gentle	0	120	120	1	1	false	true	今天的日历有小标记，普通生活也可以添一点仪式感。	new_ambient	catalog:approved-design:system-time-and-safe-character-life	authored as an explicit standalone context-safe sentence
v2_technical_topic_systems_fb97a2a32362_3a186b489ca4	Systems	technical	topic_systems_386cdc23a12c	technical.topic_systems_fb97a2a32362	self_talk	any	none	dry	1	120	120	1	1	false	true	信号处理里能做的事情其实很有限；回滚也要设计。	rewritten_topic	legacy:31228;topic:topic_systems_386cdc23a12c	rewritten as a complete technical observation without reply pressure
v2_system_late_night_d64185af562f	SystemAmbient	system_ambient	system.late_night.07	system.late_night	system_observe	late_night	none	gentle	0	120	120	1	1	false	true	深夜的桌面很安静，短暂停顿也不会丢掉已经完成的部分。	new_ambient	catalog:approved-design:system-time-and-safe-character-life	authored as an explicit standalone context-safe sentence
v2_system_app_start_798dacc4cfe2	SystemAmbient	system_ambient	system.app_start.05	system.app_start	system_observe	app_start	none	gentle	0	120	120	1	1	false	true	图标亮起来以后，这个桌面就多了一位安静邻居。	new_ambient	catalog:approved-design:system-time-and-safe-character-life	authored as an explicit standalone context-safe sentence
v2_system_month_boundary_c01bee9818f7	SystemAmbient	system_ambient	system.month_boundary.10	system.month_boundary	system_observe	day_changed	none	gentle	0	120	120	1	1	false	true	日期跨过边界，窗口继续按原来的温度陪着。	new_ambient	catalog:approved-design:system-time-and-safe-character-life	authored as an explicit standalone context-safe sentence
v2_technical_topic_java_34c373c363d0_8db614102dfd	Java	technical	topic_java_0c686ce39743	technical.topic_java_34c373c363d0	self_talk	any	none	dry	1	120	120	1	1	false	true	JVM 内存问题先分堆内堆外和元空间。	rewritten_topic	legacy:7807;topic:topic_java_0c686ce39743	rewritten as a complete technical observation without reply pressure
v2_technical_topic_systems_154ceb40b5cf_a51591c25e27	Systems	technical	topic_systems_e3a9a733cad6	technical.topic_systems_154ceb40b5cf	self_talk	any	none	dry	1	120	120	1	1	false	true	系统负载高得分清是在等 CPU 还是等 IO；好命名能省下猜测。	rewritten_topic	legacy:31208;topic:topic_systems_e3a9a733cad6	rewritten as a complete technical observation without reply pressure
v2_technical_topic_architecture_5fdf1847e00b_1fce1f8b71f3	Architecture	technical	topic_architecture_3b8edc57ca24	technical.topic_architecture_5fdf1847e00b	self_talk	any	none	dry	1	120	120	1	1	false	true	接口稳定比内部美观更重要。	rewritten_topic	legacy:42912;topic:topic_architecture_3b8edc57ca24	rewritten as a complete technical observation without reply pressure
v2_technical_topic_database_c58a115537a8_022663934d7e	Database	technical	topic_database_e886faeacdcb	technical.topic_database_c58a115537a8	self_talk	any	none	dry	1	120	120	1	1	false	true	JSON字段虽然灵活，也不该吞掉完整领域模型。	rewritten_topic	legacy:23422;topic:topic_database_e886faeacdcb	rewritten as a complete technical observation without reply pressure
v2_life_paper_plants_96c454e76e5c	CharacterLife	character_life	life.paper_plants.01	life.paper_plants	self_talk	any	none	gentle	0	144	144	1	1	false	true	折纸歪一点也有自己的样子，不必每条边都像机器裁过。	curated_standalone	catalog:approved-design:system-time-and-safe-character-life	authored as an explicit standalone context-safe sentence
v2_daily_care_topic_dailycare_a62f8c2613f6_0bacf913609b	DailyCare	daily_care	topic_dailycare_008288cd6842	daily_care.topic_dailycare_a62f8c2613f6	ambient	any	none	gentle	0	120	120	1	1	false	true	手腕酸了先离开键盘活动两下；把注意力放回可控的小事，心里会少一点拥挤。	rewritten_topic	legacy:58527;topic:topic_dailycare_008288cd6842	rewritten as cautious general care without claiming user state
v2_technical_topic_study_f9326eb2ead8_4f8673f1f742	Study	growth	topic_study_6461a6cd06b3	technical.topic_study_f9326eb2ead8	self_talk	any	none	dry	1	120	120	1	1	false	true	离散数学看不顺先拿小例子代进去。	rewritten_topic	legacy:46825;topic:topic_study_6461a6cd06b3	rewritten as a complete technical observation without reply pressure
v2_system_holiday_487c4b03b211	SystemAmbient	system_ambient	system.holiday.03	system.holiday	system_observe	holiday	none	gentle	0	120	120	1	1	false	true	特别日期已经触发，窗口送上一句很轻的祝福。	new_ambient	catalog:approved-design:system-time-and-safe-character-life	authored as an explicit standalone context-safe sentence
v2_care_rest_sleep_02ae9b4db975	DailyCare	daily_care	topic_dailycare_a62f8c2613f6	care.rest_sleep	ambient	any	none	gentle	0	144	144	1	1	false	true	今天的进度可以保存，明天仍然能够从检查点继续。	curated_standalone	legacy:58566;topic:topic_dailycare_a62f8c2613f6	authored as an explicit standalone context-safe sentence
v2_technical_topic_career_f7c03e019598_e9a2d9232648	Career	career	topic_career_da7dbba721be	technical.topic_career_f7c03e019598	self_talk	any	none	dry	1	120	120	1	1	false	true	讲项目时要交代难点、取舍以及最终结果。	rewritten_topic	legacy:50728;topic:topic_career_da7dbba721be	rewritten as a complete technical observation without reply pressure
v2_technical_topic_backend_b97563d43020_dd09f530a463	Backend	technical	topic_backend_63208895b627	technical.topic_backend_b97563d43020	self_talk	any	none	dry	1	120	120	1	1	false	true	重试若没有退避，只会继续放大下游压力。	rewritten_topic	legacy:19526;topic:topic_backend_63208895b627	rewritten as a complete technical observation without reply pressure
v2_care_eyes_posture_58d7b0c08d66	DailyCare	daily_care	topic_dailycare_586c71c81237	care.eyes_posture	ambient	any	none	gentle	0	144	144	1	1	false	true	眨眼频率在专注时容易下降，主动停一下能让视线放松。	curated_standalone	legacy:58554;topic:topic_dailycare_586c71c81237	authored as an explicit standalone context-safe sentence
v2_technical_topic_architecture_ee0aaa54c18c_4b8d406b83ce	Architecture	technical	topic_architecture_933c2ec90b9d	technical.topic_architecture_ee0aaa54c18c	self_talk	any	none	dry	1	120	120	1	1	false	true	事件驱动要定义失败与顺序语义。	rewritten_topic	legacy:42928;topic:topic_architecture_933c2ec90b9d	rewritten as a complete technical observation without reply pressure
v2_technical_topic_debugging_5a7703f5e86c_08872800b1f9	Debugging	technical	topic_debugging_85ffee2564f0	technical.topic_debugging_5a7703f5e86c	self_talk	any	none	dry	1	120	120	1	1	false	true	精度问题先看浮点比较方式。	rewritten_topic	legacy:11;topic:topic_debugging_85ffee2564f0	rewritten as a complete technical observation without reply pressure
v2_daily_care_topic_dailycare_586c71c81237_b725a2044667	DailyCare	daily_care	topic_dailycare_de768ce1eb6f	daily_care.topic_dailycare_586c71c81237	ambient	any	none	gentle	0	120	120	1	1	false	true	困得眼睛都睁不开就别硬写代码；没有结论也没关系，安静经过这一刻就够了。	rewritten_topic	legacy:58515;topic:topic_dailycare_de768ce1eb6f	rewritten as cautious general care without claiming user state
v2_character_life_topic_dresseshobbies_e4fc1c0537cb_d583d8005800	DressesHobbies	character_life	topic_dresseshobbies_19e31d03372b	character_life.topic_dresseshobbies_e4fc1c0537cb	self_talk	any	none	playful	0	144	144	1	1	false	true	学会一个新表达我会忍不住多念几遍。	rewritten_topic	legacy:72221;topic:topic_dresseshobbies_19e31d03372b	expanded into distinct standalone character-life situations
v2_technical_topic_systems_0e7c72b40b44_df7b3c326676	Systems	technical	topic_systems_e3a9a733cad6	technical.topic_systems_0e7c72b40b44	self_talk	any	none	dry	1	120	120	1	1	false	true	虚拟内存不是硬盘冒充内存这么简单。	rewritten_topic	legacy:31201;topic:topic_systems_e3a9a733cad6	rewritten as a complete technical observation without reply pressure
v2_technical_topic_debugging_cf09d970b401_cf5267c61c52	Debugging	technical	topic_debugging_293cbee5cbde	technical.topic_debugging_cf09d970b401	self_talk	any	none	dry	1	120	120	1	1	false	true	性能抖动别只看平均耗时；先确认排序是否稳定，分页结果才不会悄悄漂移。	rewritten_topic	legacy:24;topic:topic_debugging_293cbee5cbde	rewritten as a complete technical observation without reply pressure
v2_technical_topic_debugging_40cd98906949_daf662606a29	Debugging	technical	topic_debugging_85ffee2564f0	technical.topic_debugging_40cd98906949	self_talk	any	none	dry	1	120	120	1	1	false	true	日期 bug 先检查时区和夏令时；高低频路径分开看。	rewritten_topic	legacy:8;topic:topic_debugging_85ffee2564f0	rewritten as a complete technical observation without reply pressure
v2_technical_topic_cpp_d1c760be69f5_b40fb780917d	Cpp	technical	topic_cpp_ed580ae5911f	technical.topic_cpp_d1c760be69f5	self_talk	any	none	dry	1	120	120	1	1	false	true	引用和指针都不能脱离所指对象的生命周期。	rewritten_topic	legacy:11724;topic:topic_cpp_ed580ae5911f	rewritten as a complete technical observation without reply pressure
v2_technical_topic_algorithms_e113f4119e5a_1d0a19602763	Algorithms	technical	topic_algorithms_66f62e1cff66	technical.topic_algorithms_e113f4119e5a	self_talk	any	none	dry	1	120	120	1	1	false	true	贪心选择必须证明每一步都合理。	rewritten_topic	legacy:27326;topic:topic_algorithms_66f62e1cff66	rewritten as a complete technical observation without reply pressure
v2_care_eyes_posture_9d948f79a51e	DailyCare	daily_care	topic_dailycare_fc8599d58f4f	care.eyes_posture	ambient	any	none	gentle	0	144	144	1	1	false	true	连续坐着的时间太长时，短暂站起比继续忍耐更实际。	curated_standalone	legacy:58551;topic:topic_dailycare_fc8599d58f4f	authored as an explicit standalone context-safe sentence
v2_technical_topic_backend_7a83032ca034_8779b6d7e928	Backend	technical	topic_backend_63208895b627	technical.topic_backend_7a83032ca034	self_talk	any	none	dry	1	120	120	1	1	false	true	鉴权只确认身份，业务权限仍要另行判断。	rewritten_topic	legacy:19514;topic:topic_backend_63208895b627	rewritten as a complete technical observation without reply pressure
v2_technical_topic_python_8795703d215c_61cb6df2214d	Python	technical	topic_python_8fe2bf6cf4e9	technical.topic_python_8795703d215c	self_talk	any	none	dry	1	120	120	1	1	false	true	多进程和多线程别凭感觉乱选；幂等性要先确认。	rewritten_topic	legacy:3914;topic:topic_python_8fe2bf6cf4e9	rewritten as a complete technical observation without reply pressure
v2_system_noon_6302d456444d	SystemAmbient	system_ambient	system.noon.04	system.noon	system_observe	noon	none	gentle	0	120	120	1	1	false	true	中午的阳光很直，桌面提示就保持简单一点。	new_ambient	catalog:approved-design:system-time-and-safe-character-life	authored as an explicit standalone context-safe sentence
v2_technical_topic_frontend_33944c99354e_50169578d4f0	Frontend	technical	topic_frontend_33944c99354e	technical.topic_frontend_33944c99354e	self_talk	any	none	dry	1	120	120	1	1	false	true	组件状态已经多到该拆了；先压缩问题范围，再把复杂工具请进现场。	rewritten_topic	legacy:15606;topic:topic_frontend_33944c99354e	rewritten as a complete technical observation without reply pressure
v2_technical_topic_gitdevops_8021321d81c6_af438615b1d8	GitDevOps	technical	topic_gitdevops_19226aa98b7c	technical.topic_gitdevops_8021321d81c6	self_talk	any	none	dry	1	120	120	1	1	false	true	回滚方案不能等出事了才现场想。	rewritten_topic	legacy:39015;topic:topic_gitdevops_19226aa98b7c	rewritten as a complete technical observation without reply pressure
v2_technical_topic_java_d294dacb12d3_1dbe59e3d53d	Java	technical	topic_java_d294dacb12d3	technical.topic_java_d294dacb12d3	self_talk	any	none	dry	1	120	120	1	1	false	true	Stream 链写太长了调试起来真折磨人；返回结构要保持稳定。	rewritten_topic	legacy:7822;topic:topic_java_d294dacb12d3	rewritten as a complete technical observation without reply pressure
v2_system_morning_4718fc978ec4	SystemAmbient	system_ambient	system.morning.10	system.morning	system_observe	morning	none	gentle	0	120	120	1	1	false	true	早上的程序状态稳定，桌宠继续在边上低功耗陪伴。	new_ambient	catalog:approved-design:system-time-and-safe-character-life	authored as an explicit standalone context-safe sentence
v2_technical_topic_python_0d7f6aa90969_fea8c5db45da	Python	technical	topic_python_a73db8277bbb	technical.topic_python_0d7f6aa90969	self_talk	any	none	dry	1	120	120	1	1	false	true	虚拟环境不对时装多少次包都白搭。	rewritten_topic	legacy:3901;topic:topic_python_a73db8277bbb	rewritten as a complete technical observation without reply pressure
v2_technical_topic_database_4dbfdf4e438a_95a9f6ae39a9	Database	technical	topic_database_e886faeacdcb	technical.topic_database_4dbfdf4e438a	self_talk	any	none	dry	1	120	120	1	1	false	true	连接池大小要依据负载测量，盲目增大反而添堵。	rewritten_topic	legacy:23414;topic:topic_database_e886faeacdcb	rewritten as a complete technical observation without reply pressure
v2_technical_topic_architecture_c5c29add0d90_1bd0b48f60bc	Architecture	technical	topic_architecture_c5c29add0d90	technical.topic_architecture_c5c29add0d90	self_talk	any	none	dry	1	120	120	1	1	false	true	抽象太早会把简单需求做成迷宫；异常原因链不能丢。	rewritten_topic	legacy:42924;topic:topic_architecture_c5c29add0d90	rewritten as a complete technical observation without reply pressure
v2_technical_topic_database_e3c34c66ba17_9fe046a959e0	Database	technical	topic_database_e886faeacdcb	technical.topic_database_e3c34c66ba17	self_talk	any	none	dry	1	120	120	1	1	false	true	读写分离下延迟一致性要说清楚；现场用结构化字段保存。	rewritten_topic	legacy:23426;topic:topic_database_e886faeacdcb	rewritten as a complete technical observation without reply pressure
v2_technical_topic_gitdevops_3377d874e5e0_31c989a567d2	GitDevOps	technical	topic_gitdevops_506de9da606b	technical.topic_gitdevops_3377d874e5e0	self_talk	any	none	dry	1	120	120	1	1	false	true	分支放太久合起来当然痛苦。	rewritten_topic	legacy:39007;topic:topic_gitdevops_506de9da606b	rewritten as a complete technical observation without reply pressure
v2_system_morning_ba905027ad44	SystemAmbient	system_ambient	system.morning.08	system.morning	system_observe	morning	none	gentle	0	120	120	1	1	false	true	上午的空气感很干净，桌面也别堆得太满。	new_ambient	catalog:approved-design:system-time-and-safe-character-life	authored as an explicit standalone context-safe sentence
v2_system_weekend_9cd55cc49223	SystemAmbient	system_ambient	system.weekend.02	system.weekend	system_observe	weekend	none	gentle	0	120	120	1	1	false	true	日历走到周末，桌面可以少一点计划感。	new_ambient	catalog:approved-design:system-time-and-safe-character-life	authored as an explicit standalone context-safe sentence
v2_technical_topic_systems_154ceb40b5cf_256ad76843d6	Systems	technical	topic_systems_e3a9a733cad6	technical.topic_systems_154ceb40b5cf	self_talk	any	none	dry	1	120	120	1	1	false	true	系统负载高得分清是在等 CPU 还是等 IO。	rewritten_topic	legacy:31207;topic:topic_systems_e3a9a733cad6	rewritten as a complete technical observation without reply pressure
v2_character_life_topic_dresseshobbies_2c3d3ce8d32c_f8471264e730	DressesHobbies	character_life	topic_dresseshobbies_8c174b2ed991	character_life.topic_dresseshobbies_2c3d3ce8d32c	self_talk	any	none	playful	0	144	144	1	1	false	true	偶尔打扮得可爱一点心情会跟着亮；给衣柜留出空位，选择会比堆满时更轻松。	rewritten_topic	legacy:72167;topic:topic_dresseshobbies_8c174b2ed991	expanded into distinct standalone character-life situations
v2_technical_topic_career_19e64ad0ee77_aa43966997c5	Career	career	topic_career_3c52223c0e3d	technical.topic_career_19e64ad0ee77	self_talk	any	none	dry	1	120	120	1	1	false	true	跳槽别只因为一天心情差就冲动。	rewritten_topic	legacy:50701;topic:topic_career_3c52223c0e3d	rewritten as a complete technical observation without reply pressure
v2_emotional_reflection_topic_emotionalsupport_8ee9fda8bde4_d46b986e0813	EmotionalSupport	emotional_reflection	topic_emotionalsupport_14a8a6047468	emotional_reflection.topic_emotionalsupport_8ee9fda8bde4	self_talk	any	none	gentle	0	120	120	1	1	false	true	压力太满的时候先允许自己停一下；休息不是奖励，而是长期运行需要的维护。	rewritten_topic	legacy:62414;topic:topic_emotionalsupport_14a8a6047468	rewritten as cautious general care without claiming user state
v2_life_small_daydreams_28650612f3f7	CharacterLife	character_life	life.small_daydreams.02	life.small_daydreams	self_talk	any	none	gentle	0	144	144	1	1	false	true	路灯亮起来的瞬间很普通，却总能给傍晚加一点故事感。	curated_standalone	catalog:approved-design:system-time-and-safe-character-life	authored as an explicit standalone context-safe sentence
v2_life_room_cooking_2931f0ab7577	CharacterLife	character_life	life.room_cooking.04	life.room_cooking	self_talk	any	none	gentle	0	144	144	1	1	false	true	洗好的杯子排在架子上，普通生活也会显得很有秩序。	curated_standalone	catalog:approved-design:system-time-and-safe-character-life	authored as an explicit standalone context-safe sentence
v2_technical_topic_algorithms_fb55484277bd_d398b5419207	Algorithms	technical	topic_algorithms_4ad2f0ec587d	technical.topic_algorithms_fb55484277bd	self_talk	any	none	dry	1	120	120	1	1	false	true	并查集要说清维护的关系。	rewritten_topic	legacy:27330;topic:topic_algorithms_4ad2f0ec587d	rewritten as a complete technical observation without reply pressure
v2_character_life_topic_dresseshobbies_bbcd384b699f_086f664498ab	DressesHobbies	character_life	topic_dresseshobbies_1c0d20276055	character_life.topic_dresseshobbies_bbcd384b699f	self_talk	any	none	playful	0	144	144	1	1	false	true	听着歌练发音的时候时间过得特别快。	rewritten_topic	legacy:72201;topic:topic_dresseshobbies_1c0d20276055	expanded into distinct standalone character-life situations
v2_technical_topic_backend_b290dc5679cd_2029ba55300f	Backend	technical	topic_backend_63208895b627	technical.topic_backend_b290dc5679cd	self_talk	any	none	dry	1	120	120	1	1	false	true	超时要分连接读取和业务处理。	rewritten_topic	legacy:19523;topic:topic_backend_63208895b627	rewritten as a complete technical observation without reply pressure
v2_system_late_night_8e32a0b6dcca	SystemAmbient	system_ambient	system.late_night.09	system.late_night	system_observe	late_night	none	gentle	0	120	120	1	1	false	true	现在适合关掉不必要的标签页，让系统和脑子一起降温。	new_ambient	catalog:approved-design:system-time-and-safe-character-life	authored as an explicit standalone context-safe sentence
v2_technical_topic_debugging_8db6c572d8f0_e1da0dcddc39	Debugging	technical	topic_debugging_293cbee5cbde	technical.topic_debugging_8db6c572d8f0	self_talk	any	none	dry	1	120	120	1	1	false	true	接口偶尔超时先把各阶段耗时打出来。	rewritten_topic	legacy:21;topic:topic_debugging_293cbee5cbde	rewritten as a complete technical observation without reply pressure
v2_technical_topic_algorithms_ad6a8bb2c2f7_10aeefe8e202	Algorithms	technical	topic_algorithms_66f62e1cff66	technical.topic_algorithms_ad6a8bb2c2f7	self_talk	any	none	dry	1	120	120	1	1	false	true	先按输入规模选择复杂度。	rewritten_topic	legacy:27322;topic:topic_algorithms_66f62e1cff66	rewritten as a complete technical observation without reply pressure
v2_technical_topic_debugging_293cbee5cbde_f128679513b8	Debugging	technical	topic_debugging_85ffee2564f0	technical.topic_debugging_293cbee5cbde	self_talk	any	none	dry	1	120	120	1	1	false	true	越界问题先盯住索引和长度；异常原因链不能丢。	rewritten_topic	legacy:4;topic:topic_debugging_85ffee2564f0	rewritten as a complete technical observation without reply pressure
v2_technical_topic_networks_3258a2a87685_ebde82a5fc1e	Networks	technical	topic_networks_4be4f0fa0ea0	technical.topic_networks_3258a2a87685	self_talk	any	none	dry	1	120	120	1	1	false	true	密钥写进仓库这种事真的别干；从最小数据集开始验证，错误原因会更容易看见。	rewritten_topic	legacy:35106;topic:topic_networks_4be4f0fa0ea0	rewritten as a complete technical observation without reply pressure
v2_technical_topic_gitdevops_ebb4f2b9547d_c128a51d6a43	GitDevOps	technical	topic_gitdevops_2fc540281ebd	technical.topic_gitdevops_ebb4f2b9547d	self_talk	any	none	dry	1	120	120	1	1	false	true	流水线偶现失败先保存足够的诊断信息；长尾比平均值更诚实。	rewritten_topic	legacy:39028;topic:topic_gitdevops_2fc540281ebd	rewritten as a complete technical observation without reply pressure
v2_system_afternoon_76aa95b554b0	SystemAmbient	system_ambient	system.afternoon.08	system.afternoon	system_observe	afternoon	none	gentle	0	120	120	1	1	false	true	阳光在桌面上换了角度，日程也可以跟着微调。	new_ambient	catalog:approved-design:system-time-and-safe-character-life	authored as an explicit standalone context-safe sentence
v2_technical_topic_backend_5a2dadaed337_88e2ef1bd4ca	Backend	technical	topic_backend_7ae4c0d83072	technical.topic_backend_5a2dadaed337	self_talk	any	none	dry	1	120	120	1	1	false	true	定时任务多实例下得防重复执行。	rewritten_topic	legacy:19507;topic:topic_backend_7ae4c0d83072	rewritten as a complete technical observation without reply pressure
v2_technical_topic_backend_7ae4c0d83072_5b1db3bc62e0	Backend	technical	topic_backend_63208895b627	technical.topic_backend_7ae4c0d83072	self_talk	any	none	dry	1	120	120	1	1	false	true	接口幂等性没想清楚会重复写数据。	rewritten_topic	legacy:19515;topic:topic_backend_63208895b627	rewritten as a complete technical observation without reply pressure
v2_technical_topic_cpp_6d558c915d02_c2b37662aed4	Cpp	technical	topic_cpp_ed580ae5911f	technical.topic_cpp_6d558c915d02	self_talk	any	none	dry	1	120	120	1	1	false	true	多线程里的原子性必须由同步机制保证，不能靠运气。	rewritten_topic	legacy:11714;topic:topic_cpp_ed580ae5911f	rewritten as a complete technical observation without reply pressure
v2_daily_care_topic_dailycare_3acb1b95e490_5e9bedf8a78e	DailyCare	daily_care	topic_dailycare_4212b8aaec87	daily_care.topic_dailycare_3acb1b95e490	ambient	any	none	gentle	0	120	120	1	1	false	true	今天如果没晒到太阳就出去走几分钟；听见身体信号，不乱猜。	rewritten_topic	legacy:58509;topic:topic_dailycare_4212b8aaec87	rewritten as cautious general care without claiming user state
v2_technical_topic_algorithms_1c77a759bac7_4939a949fd20	Algorithms	technical	topic_algorithms_ad6a8bb2c2f7	technical.topic_algorithms_1c77a759bac7	self_talk	any	none	dry	1	120	120	1	1	false	true	二分最容易错的还是边界和不变量。	rewritten_topic	legacy:27303;topic:topic_algorithms_ad6a8bb2c2f7	rewritten as a complete technical observation without reply pressure
v2_life_paper_plants_b847e609cbe9	CharacterLife	character_life	life.paper_plants.06	life.paper_plants	self_talk	any	none	gentle	0	144	144	1	1	false	true	小手工完成以后放在桌角，看见时会有一点安静的满足。	curated_standalone	catalog:approved-design:system-time-and-safe-character-life	authored as an explicit standalone context-safe sentence
v2_daily_care_topic_dailycare_6f7ba8e8a573_c082e2511fb1	DailyCare	daily_care	topic_dailycare_de768ce1eb6f	daily_care.topic_dailycare_6f7ba8e8a573	ambient	any	none	gentle	0	120	120	1	1	false	true	连续工作这么久脑子早该换气了；照顾动作越具体，执行时越不需要额外意志力。	rewritten_topic	legacy:58521;topic:topic_dailycare_de768ce1eb6f	rewritten as cautious general care without claiming user state
v2_technical_topic_study_a6d6a3df77a2_5215e8fe945b	Study	growth	topic_study_6461a6cd06b3	technical.topic_study_a6d6a3df77a2	self_talk	any	none	dry	1	120	120	1	1	false	true	注意力散了就把任务切成二十分钟；方案理由也要记录。	rewritten_topic	legacy:46824;topic:topic_study_6461a6cd06b3	rewritten as a complete technical observation without reply pressure
v2_technical_topic_frontend_9f4d10f19cdb_98ab57c65248	Frontend	technical	topic_frontend_daf95cc135ab	technical.topic_frontend_9f4d10f19cdb	self_talk	any	none	dry	1	120	120	1	1	false	true	按钮连禁用态都没处理会被连点；备份还要验证恢复。	rewritten_topic	legacy:15620;topic:topic_frontend_daf95cc135ab	rewritten as a complete technical observation without reply pressure
v2_technical_topic_architecture_ef9af7db87e1_215198889cdf	Architecture	technical	topic_architecture_933c2ec90b9d	technical.topic_architecture_ef9af7db87e1	self_talk	any	none	dry	1	120	120	1	1	false	true	可观测性应该跟功能一起设计。	rewritten_topic	legacy:42929;topic:topic_architecture_933c2ec90b9d	rewritten as a complete technical observation without reply pressure
v2_technical_topic_python_a73db8277bbb_5a300b95de51	Python	technical	topic_python_8fe2bf6cf4e9	technical.topic_python_a73db8277bbb	self_talk	any	none	dry	1	120	120	1	1	false	true	Python 这个可变默认参数又在偷偷留状态；先看分布再选索引。	rewritten_topic	legacy:3922;topic:topic_python_8fe2bf6cf4e9	rewritten as a complete technical observation without reply pressure
v2_technical_topic_algorithms_66f62e1cff66_0b12ce96127b	Algorithms	technical	topic_algorithms_66f62e1cff66	technical.topic_algorithms_66f62e1cff66	self_talk	any	none	dry	1	120	120	1	1	false	true	双指针成立要依赖单调性。	rewritten_topic	legacy:27314;topic:topic_algorithms_66f62e1cff66	rewritten as a complete technical observation without reply pressure
v2_technical_topic_networks_efebd5c43387_bb0170e18445	Networks	technical	topic_networks_6c7352dd659a	technical.topic_networks_efebd5c43387	self_talk	any	none	dry	1	120	120	1	1	false	true	上传速度慢别只盯服务端 CPU。	rewritten_topic	legacy:35125;topic:topic_networks_6c7352dd659a	rewritten as a complete technical observation without reply pressure
v2_character_life_topic_dresseshobbies_1c0d20276055_d7fde06eae1c	DressesHobbies	character_life	topic_dresseshobbies_8c174b2ed991	character_life.topic_dresseshobbies_1c0d20276055	self_talk	any	none	playful	0	144	144	1	1	false	true	挑颜色这件事比选框架还让我纠结；拍下光线，也留住开心。	rewritten_topic	legacy:72165;topic:topic_dresseshobbies_8c174b2ed991	expanded into distinct standalone character-life situations
v2_technical_topic_career_3c52223c0e3d_5d00de83fe6d	Career	career	topic_career_3c52223c0e3d	technical.topic_career_3c52223c0e3d	self_talk	any	none	dry	1	120	120	1	1	false	true	简历项目别只写用了什么技术；外部调用必须有超时。	rewritten_topic	legacy:50706;topic:topic_career_3c52223c0e3d	rewritten as a complete technical observation without reply pressure
v2_technical_topic_networks_aa4b10a702fe_a4102c6a694f	Networks	technical	topic_networks_6c7352dd659a	technical.topic_networks_aa4b10a702fe	self_talk	any	none	dry	1	120	120	1	1	false	true	用户输入进命令和路径前必须收紧；编码时区要全链路检查。	rewritten_topic	legacy:35116;topic:topic_networks_6c7352dd659a	rewritten as a complete technical observation without reply pressure
v2_technical_topic_gitdevops_98a1d1a8b159_eb19002b84bc	GitDevOps	technical	topic_gitdevops_19226aa98b7c	technical.topic_gitdevops_98a1d1a8b159	self_talk	any	none	dry	1	120	120	1	1	false	true	镜像层顺序会直接影响缓存命中；好命名能省下猜测。	rewritten_topic	legacy:39022;topic:topic_gitdevops_19226aa98b7c	rewritten as a complete technical observation without reply pressure
v2_system_dawn_778c01bd81dc	SystemAmbient	system_ambient	system.dawn.06	system.dawn	system_observe	morning	none	gentle	0	120	120	1	1	false	true	新一天刚开始，很多事情暂时不用急着排满。	new_ambient	catalog:approved-design:system-time-and-safe-character-life	authored as an explicit standalone context-safe sentence
v2_system_autumn_f00f7403013f	SystemAmbient	system_ambient	system.autumn.08	system.autumn	system_observe	day_changed	none	gentle	0	120	120	1	1	false	true	季节正在换挡，状态偶尔波动不算系统故障。	new_ambient	catalog:approved-design:system-time-and-safe-character-life	authored as an explicit standalone context-safe sentence
v2_technical_topic_englishpractice_fe6777121939_cfcd2270f1e4	EnglishPractice	growth	topic_englishpractice_3cda2f73bff9	technical.topic_englishpractice_fe6777121939	self_talk	any	none	dry	1	120	120	1	1	false	true	提问时把环境现象预期分开写。	rewritten_topic	legacy:54627;topic:topic_englishpractice_3cda2f73bff9	rewritten as a complete technical observation without reply pressure
v2_technical_topic_python_8795703d215c_f7e964239b3b	Python	technical	topic_python_a73db8277bbb	technical.topic_python_8795703d215c	self_talk	any	none	dry	1	120	120	1	1	false	true	多进程和多线程别凭感觉乱选。	rewritten_topic	legacy:3913;topic:topic_python_a73db8277bbb	rewritten as a complete technical observation without reply pressure
v2_technical_topic_study_39b9b3d67fe1_83e16d81169f	Study	growth	topic_study_39598576d0ea	technical.topic_study_39b9b3d67fe1	self_talk	any	none	dry	1	120	120	1	1	false	true	线性代数别只会按按钮算矩阵；保留一份最小复现，后续验证就不用靠回忆。	rewritten_topic	legacy:46810;topic:topic_study_39598576d0ea	rewritten as a complete technical observation without reply pressure
v2_technical_topic_gitdevops_f1ea71a2e27b_61c480953e2b	GitDevOps	technical	topic_gitdevops_2fc540281ebd	technical.topic_gitdevops_f1ea71a2e27b	self_talk	any	none	dry	1	120	120	1	1	false	true	配置和密钥别一起塞进镜像；重试要有上限和退避。	rewritten_topic	legacy:39030;topic:topic_gitdevops_2fc540281ebd	rewritten as a complete technical observation without reply pressure
v2_technical_topic_algorithms_77747d9aa621_ca4d74be6a52	Algorithms	technical	topic_algorithms_66f62e1cff66	technical.topic_algorithms_77747d9aa621	self_talk	any	none	dry	1	120	120	1	1	false	true	单调栈的关键是元素什么时候出栈。	rewritten_topic	legacy:27315;topic:topic_algorithms_66f62e1cff66	rewritten as a complete technical observation without reply pressure
v2_technical_topic_debugging_db21127c5827_910e222bfabd	Debugging	technical	topic_debugging_db21127c5827	technical.topic_debugging_db21127c5827	self_talk	any	none	dry	1	120	120	1	1	false	true	偶现 bug 最怕没有稳定复现条件。	rewritten_topic	legacy:27;topic:topic_debugging_db21127c5827	rewritten as a complete technical observation without reply pressure
v2_technical_topic_englishpractice_c4b55fd49f40_1431986d3468	EnglishPractice	growth	topic_englishpractice_d8bda551676e	technical.topic_englishpractice_c4b55fd49f40	self_talk	any	none	dry	1	120	120	1	1	false	true	每天跟读五分钟也比一周突击一次强。	rewritten_topic	legacy:54615;topic:topic_englishpractice_d8bda551676e	rewritten as a complete technical observation without reply pressure
