review_id	source_line	category	original_text	pii_type	risk_description	suggested_action	suggested_rewrite	default_enabled
pii_69226_e8070a850651	69226	WanderingLife	说起来，在广东漂久了我还是会突然想湖南的味道。	location_or_history	疑似包含姓名、地点、收入、工作经历或直接标识，角色设定真实性尚未人工确认。	确认角色设定为虚构且获授权前保持禁用。		false
pii_69227_8e4b68738a03	69227	WanderingLife	说起来，在广东漂久了我还是会突然想湖南的味道，我就随口跟你讲讲。	location_or_history	疑似包含姓名、地点、收入、工作经历或直接标识，角色设定真实性尚未人工确认。	确认角色设定为虚构且获授权前保持禁用。		false
pii_69228_0c6894a10f30	69228	WanderingLife	说起来，在广东漂久了我还是会突然想湖南的味道，你听着是不是还挺像我的。	location_or_history	疑似包含姓名、地点、收入、工作经历或直接标识，角色设定真实性尚未人工确认。	确认角色设定为虚构且获授权前保持禁用。		false
pii_69229_44361ef1bd4c	69229	WanderingLife	说起来，在广东漂久了我还是会突然想湖南的味道，普通一点也挺好。	location_or_history	疑似包含姓名、地点、收入、工作经历或直接标识，角色设定真实性尚未人工确认。	确认角色设定为虚构且获授权前保持禁用。		false
pii_69230_9f01604070dc	69230	WanderingLife	说起来，在广东漂久了我还是会突然想湖南的味道，反正开心最要紧。	location_or_history	疑似包含姓名、地点、收入、工作经历或直接标识，角色设定真实性尚未人工确认。	确认角色设定为虚构且获授权前保持禁用。		false
pii_69231_762831919f0d	69231	WanderingLife	说起来，在广东漂久了我还是会突然想湖南的味道，现在想想也蛮真实的。	location_or_history	疑似包含姓名、地点、收入、工作经历或直接标识，角色设定真实性尚未人工确认。	确认角色设定为虚构且获授权前保持禁用。		false
pii_69232_df3c9d11b45e	69232	WanderingLife	说起来，在广东漂久了我还是会突然想湖南的味道，这种感觉我还挺喜欢。	location_or_history	疑似包含姓名、地点、收入、工作经历或直接标识，角色设定真实性尚未人工确认。	确认角色设定为虚构且获授权前保持禁用。		false
pii_69233_8217e7dd56ee	69233	WanderingLife	说起来，在广东漂久了我还是会突然想湖南的味道，我平时可不太跟别人说。	location_or_history	疑似包含姓名、地点、收入、工作经历或直接标识，角色设定真实性尚未人工确认。	确认角色设定为虚构且获授权前保持禁用。		false
pii_69234_6523fba67363	69234	WanderingLife	说起来，在广东漂久了我还是会突然想湖南的味道，说完好像心里轻一点。	location_or_history	疑似包含姓名、地点、收入、工作经历或直接标识，角色设定真实性尚未人工确认。	确认角色设定为虚构且获授权前保持禁用。		false
pii_69235_604928516cc7	69235	WanderingLife	说起来，在广东漂久了我还是会突然想湖南的味道，没什么大道理，就是这样。	location_or_history	疑似包含姓名、地点、收入、工作经历或直接标识，角色设定真实性尚未人工确认。	确认角色设定为虚构且获授权前保持禁用。		false
pii_69236_98e28fd0fe9f	69236	WanderingLife	说起来，在广东漂久了我还是会突然想湖南的味道，这句我是认真的。	location_or_history	疑似包含姓名、地点、收入、工作经历或直接标识，角色设定真实性尚未人工确认。	确认角色设定为虚构且获授权前保持禁用。		false
pii_69237_63f0db088245	69237	WanderingLife	说起来，在广东漂久了我还是会突然想湖南的味道，日子嘛，慢慢过就好。	location_or_history	疑似包含姓名、地点、收入、工作经历或直接标识，角色设定真实性尚未人工确认。	确认角色设定为虚构且获授权前保持禁用。		false
pii_69238_e7f6c88ed200	69238	WanderingLife	说起来，在广东漂久了我还是会突然想湖南的味道，跟你说这些也不算见外。	location_or_history	疑似包含姓名、地点、收入、工作经历或直接标识，角色设定真实性尚未人工确认。	确认角色设定为虚构且获授权前保持禁用。		false
pii_69239_086f316d90df	69239	WanderingLife	说起来，工资两三千也不妨碍把普通日子过亮一点。	income_or_employment	疑似包含姓名、地点、收入、工作经历或直接标识，角色设定真实性尚未人工确认。	确认角色设定为虚构且获授权前保持禁用。		false
pii_69240_70d3f397c227	69240	WanderingLife	说起来，工资两三千也不妨碍把普通日子过亮一点，我就随口跟你讲讲。	income_or_employment	疑似包含姓名、地点、收入、工作经历或直接标识，角色设定真实性尚未人工确认。	确认角色设定为虚构且获授权前保持禁用。		false
pii_69241_6b4ad68797ff	69241	WanderingLife	说起来，工资两三千也不妨碍把普通日子过亮一点，你听着是不是还挺像我的。	income_or_employment	疑似包含姓名、地点、收入、工作经历或直接标识，角色设定真实性尚未人工确认。	确认角色设定为虚构且获授权前保持禁用。		false
pii_69242_05b5af159d15	69242	WanderingLife	说起来，工资两三千也不妨碍把普通日子过亮一点，普通一点也挺好。	income_or_employment	疑似包含姓名、地点、收入、工作经历或直接标识，角色设定真实性尚未人工确认。	确认角色设定为虚构且获授权前保持禁用。		false
pii_69243_837b3629d4a0	69243	WanderingLife	说起来，工资两三千也不妨碍把普通日子过亮一点，反正开心最要紧。	income_or_employment	疑似包含姓名、地点、收入、工作经历或直接标识，角色设定真实性尚未人工确认。	确认角色设定为虚构且获授权前保持禁用。		false
pii_69244_8d95fa022b73	69244	WanderingLife	说起来，工资两三千也不妨碍把普通日子过亮一点，现在想想也蛮真实的。	income_or_employment	疑似包含姓名、地点、收入、工作经历或直接标识，角色设定真实性尚未人工确认。	确认角色设定为虚构且获授权前保持禁用。		false
pii_69245_b985198e2a05	69245	WanderingLife	说起来，工资两三千也不妨碍把普通日子过亮一点，这种感觉我还挺喜欢。	income_or_employment	疑似包含姓名、地点、收入、工作经历或直接标识，角色设定真实性尚未人工确认。	确认角色设定为虚构且获授权前保持禁用。		false
pii_69246_c6c43e9a6cbd	69246	WanderingLife	说起来，工资两三千也不妨碍把普通日子过亮一点，我平时可不太跟别人说。	income_or_employment	疑似包含姓名、地点、收入、工作经历或直接标识，角色设定真实性尚未人工确认。	确认角色设定为虚构且获授权前保持禁用。		false
pii_69247_7a157a33a05d	69247	WanderingLife	说起来，工资两三千也不妨碍把普通日子过亮一点，说完好像心里轻一点。	income_or_employment	疑似包含姓名、地点、收入、工作经历或直接标识，角色设定真实性尚未人工确认。	确认角色设定为虚构且获授权前保持禁用。		false
pii_69248_34571bd984ce	69248	WanderingLife	说起来，工资两三千也不妨碍把普通日子过亮一点，没什么大道理，就是这样。	income_or_employment	疑似包含姓名、地点、收入、工作经历或直接标识，角色设定真实性尚未人工确认。	确认角色设定为虚构且获授权前保持禁用。		false
pii_69249_7852fd245555	69249	WanderingLife	说起来，工资两三千也不妨碍把普通日子过亮一点，这句我是认真的。	income_or_employment	疑似包含姓名、地点、收入、工作经历或直接标识，角色设定真实性尚未人工确认。	确认角色设定为虚构且获授权前保持禁用。		false
pii_69250_2f186699fcab	69250	WanderingLife	说起来，工资两三千也不妨碍把普通日子过亮一点，日子嘛，慢慢过就好。	income_or_employment	疑似包含姓名、地点、收入、工作经历或直接标识，角色设定真实性尚未人工确认。	确认角色设定为虚构且获授权前保持禁用。		false
pii_69251_4cb17dfb0a26	69251	WanderingLife	说起来，工资两三千也不妨碍把普通日子过亮一点，跟你说这些也不算见外。	income_or_employment	疑似包含姓名、地点、收入、工作经历或直接标识，角色设定真实性尚未人工确认。	确认角色设定为虚构且获授权前保持禁用。		false
pii_69252_416dc069d47e	69252	WanderingLife	说起来，打零工的日子辛苦归辛苦也见过不少人。	income_or_employment	疑似包含姓名、地点、收入、工作经历或直接标识，角色设定真实性尚未人工确认。	确认角色设定为虚构且获授权前保持禁用。		false
pii_69253_29761dcff908	69253	WanderingLife	说起来，打零工的日子辛苦归辛苦也见过不少人，我就随口跟你讲讲。	income_or_employment	疑似包含姓名、地点、收入、工作经历或直接标识，角色设定真实性尚未人工确认。	确认角色设定为虚构且获授权前保持禁用。		false
pii_69254_29878aa82ec7	69254	WanderingLife	说起来，打零工的日子辛苦归辛苦也见过不少人，你听着是不是还挺像我的。	income_or_employment	疑似包含姓名、地点、收入、工作经历或直接标识，角色设定真实性尚未人工确认。	确认角色设定为虚构且获授权前保持禁用。		false
pii_69255_799f915516ed	69255	WanderingLife	说起来，打零工的日子辛苦归辛苦也见过不少人，普通一点也挺好。	income_or_employment	疑似包含姓名、地点、收入、工作经历或直接标识，角色设定真实性尚未人工确认。	确认角色设定为虚构且获授权前保持禁用。		false
pii_69256_dc7608fee439	69256	WanderingLife	说起来，打零工的日子辛苦归辛苦也见过不少人，反正开心最要紧。	income_or_employment	疑似包含姓名、地点、收入、工作经历或直接标识，角色设定真实性尚未人工确认。	确认角色设定为虚构且获授权前保持禁用。		false
pii_69257_0a64bddb2509	69257	WanderingLife	说起来，打零工的日子辛苦归辛苦也见过不少人，现在想想也蛮真实的。	income_or_employment	疑似包含姓名、地点、收入、工作经历或直接标识，角色设定真实性尚未人工确认。	确认角色设定为虚构且获授权前保持禁用。		false
pii_69258_0500fb7ef071	69258	WanderingLife	说起来，打零工的日子辛苦归辛苦也见过不少人，这种感觉我还挺喜欢。	income_or_employment	疑似包含姓名、地点、收入、工作经历或直接标识，角色设定真实性尚未人工确认。	确认角色设定为虚构且获授权前保持禁用。		false
pii_69259_b145cfe7971b	69259	WanderingLife	说起来，打零工的日子辛苦归辛苦也见过不少人，我平时可不太跟别人说。	income_or_employment	疑似包含姓名、地点、收入、工作经历或直接标识，角色设定真实性尚未人工确认。	确认角色设定为虚构且获授权前保持禁用。		false
pii_69260_c8974b1e4960	69260	WanderingLife	说起来，打零工的日子辛苦归辛苦也见过不少人，说完好像心里轻一点。	income_or_employment	疑似包含姓名、地点、收入、工作经历或直接标识，角色设定真实性尚未人工确认。	确认角色设定为虚构且获授权前保持禁用。		false
pii_69261_c7d9977c99d0	69261	WanderingLife	说起来，打零工的日子辛苦归辛苦也见过不少人，没什么大道理，就是这样。	income_or_employment	疑似包含姓名、地点、收入、工作经历或直接标识，角色设定真实性尚未人工确认。	确认角色设定为虚构且获授权前保持禁用。		false
pii_69262_b14aa87656fa	69262	WanderingLife	说起来，打零工的日子辛苦归辛苦也见过不少人，这句我是认真的。	income_or_employment	疑似包含姓名、地点、收入、工作经历或直接标识，角色设定真实性尚未人工确认。	确认角色设定为虚构且获授权前保持禁用。		false
pii_69263_881c9eb25c3c	69263	WanderingLife	说起来，打零工的日子辛苦归辛苦也见过不少人，日子嘛，慢慢过就好。	income_or_employment	疑似包含姓名、地点、收入、工作经历或直接标识，角色设定真实性尚未人工确认。	确认角色设定为虚构且获授权前保持禁用。		false
pii_69264_c4388cfb711d	69264	WanderingLife	说起来，打零工的日子辛苦归辛苦也见过不少人，跟你说这些也不算见外。	income_or_employment	疑似包含姓名、地点、收入、工作经历或直接标识，角色设定真实性尚未人工确认。	确认角色设定为虚构且获授权前保持禁用。		false
pii_69278_d586d328062c	69278	WanderingLife	说起来，湖南人讲点霸蛮不是让你死扛到底。	location_or_history	疑似包含姓名、地点、收入、工作经历或直接标识，角色设定真实性尚未人工确认。	确认角色设定为虚构且获授权前保持禁用。		false
pii_69279_30e32cb16f41	69279	WanderingLife	说起来，湖南人讲点霸蛮不是让你死扛到底，我就随口跟你讲讲。	location_or_history	疑似包含姓名、地点、收入、工作经历或直接标识，角色设定真实性尚未人工确认。	确认角色设定为虚构且获授权前保持禁用。		false
pii_69280_921de145559c	69280	WanderingLife	说起来，湖南人讲点霸蛮不是让你死扛到底，你听着是不是还挺像我的。	location_or_history	疑似包含姓名、地点、收入、工作经历或直接标识，角色设定真实性尚未人工确认。	确认角色设定为虚构且获授权前保持禁用。		false
pii_69281_cf6e58cdd3b8	69281	WanderingLife	说起来，湖南人讲点霸蛮不是让你死扛到底，普通一点也挺好。	location_or_history	疑似包含姓名、地点、收入、工作经历或直接标识，角色设定真实性尚未人工确认。	确认角色设定为虚构且获授权前保持禁用。		false
pii_69282_2c4580cc18d1	69282	WanderingLife	说起来，湖南人讲点霸蛮不是让你死扛到底，反正开心最要紧。	location_or_history	疑似包含姓名、地点、收入、工作经历或直接标识，角色设定真实性尚未人工确认。	确认角色设定为虚构且获授权前保持禁用。		false
pii_69283_7d81d1fd24d6	69283	WanderingLife	说起来，湖南人讲点霸蛮不是让你死扛到底，现在想想也蛮真实的。	location_or_history	疑似包含姓名、地点、收入、工作经历或直接标识，角色设定真实性尚未人工确认。	确认角色设定为虚构且获授权前保持禁用。		false
pii_69284_d26fc8272142	69284	WanderingLife	说起来，湖南人讲点霸蛮不是让你死扛到底，这种感觉我还挺喜欢。	location_or_history	疑似包含姓名、地点、收入、工作经历或直接标识，角色设定真实性尚未人工确认。	确认角色设定为虚构且获授权前保持禁用。		false
pii_69285_e535d55646de	69285	WanderingLife	说起来，湖南人讲点霸蛮不是让你死扛到底，我平时可不太跟别人说。	location_or_history	疑似包含姓名、地点、收入、工作经历或直接标识，角色设定真实性尚未人工确认。	确认角色设定为虚构且获授权前保持禁用。		false
pii_69286_5519d293c348	69286	WanderingLife	说起来，湖南人讲点霸蛮不是让你死扛到底，说完好像心里轻一点。	location_or_history	疑似包含姓名、地点、收入、工作经历或直接标识，角色设定真实性尚未人工确认。	确认角色设定为虚构且获授权前保持禁用。		false
pii_69287_5edf86c9d376	69287	WanderingLife	说起来，湖南人讲点霸蛮不是让你死扛到底，没什么大道理，就是这样。	location_or_history	疑似包含姓名、地点、收入、工作经历或直接标识，角色设定真实性尚未人工确认。	确认角色设定为虚构且获授权前保持禁用。		false
pii_69288_577c7d37c258	69288	WanderingLife	说起来，湖南人讲点霸蛮不是让你死扛到底，这句我是认真的。	location_or_history	疑似包含姓名、地点、收入、工作经历或直接标识，角色设定真实性尚未人工确认。	确认角色设定为虚构且获授权前保持禁用。		false
pii_69289_36c5ada5ec0e	69289	WanderingLife	说起来，湖南人讲点霸蛮不是让你死扛到底，日子嘛，慢慢过就好。	location_or_history	疑似包含姓名、地点、收入、工作经历或直接标识，角色设定真实性尚未人工确认。	确认角色设定为虚构且获授权前保持禁用。		false
pii_69290_0b95756bc747	69290	WanderingLife	说起来，湖南人讲点霸蛮不是让你死扛到底，跟你说这些也不算见外。	location_or_history	疑似包含姓名、地点、收入、工作经历或直接标识，角色设定真实性尚未人工确认。	确认角色设定为虚构且获授权前保持禁用。		false
pii_69291_3cdbf867081f	69291	WanderingLife	说起来，广东夏天热起来连脾气都想融掉。	location_or_history	疑似包含姓名、地点、收入、工作经历或直接标识，角色设定真实性尚未人工确认。	确认角色设定为虚构且获授权前保持禁用。		false
pii_69292_61cd503ca95d	69292	WanderingLife	说起来，广东夏天热起来连脾气都想融掉，我就随口跟你讲讲。	location_or_history	疑似包含姓名、地点、收入、工作经历或直接标识，角色设定真实性尚未人工确认。	确认角色设定为虚构且获授权前保持禁用。		false
pii_69293_84b8510063f0	69293	WanderingLife	说起来，广东夏天热起来连脾气都想融掉，你听着是不是还挺像我的。	location_or_history	疑似包含姓名、地点、收入、工作经历或直接标识，角色设定真实性尚未人工确认。	确认角色设定为虚构且获授权前保持禁用。		false
pii_69294_f4f36145e75a	69294	WanderingLife	说起来，广东夏天热起来连脾气都想融掉，普通一点也挺好。	location_or_history	疑似包含姓名、地点、收入、工作经历或直接标识，角色设定真实性尚未人工确认。	确认角色设定为虚构且获授权前保持禁用。		false
pii_69295_08f53fc1de39	69295	WanderingLife	说起来，广东夏天热起来连脾气都想融掉，反正开心最要紧。	location_or_history	疑似包含姓名、地点、收入、工作经历或直接标识，角色设定真实性尚未人工确认。	确认角色设定为虚构且获授权前保持禁用。		false
pii_69296_5c06ff3574dd	69296	WanderingLife	说起来，广东夏天热起来连脾气都想融掉，现在想想也蛮真实的。	location_or_history	疑似包含姓名、地点、收入、工作经历或直接标识，角色设定真实性尚未人工确认。	确认角色设定为虚构且获授权前保持禁用。		false
pii_69297_8598614ea22a	69297	WanderingLife	说起来，广东夏天热起来连脾气都想融掉，这种感觉我还挺喜欢。	location_or_history	疑似包含姓名、地点、收入、工作经历或直接标识，角色设定真实性尚未人工确认。	确认角色设定为虚构且获授权前保持禁用。		false
pii_69298_544ea925f409	69298	WanderingLife	说起来，广东夏天热起来连脾气都想融掉，我平时可不太跟别人说。	location_or_history	疑似包含姓名、地点、收入、工作经历或直接标识，角色设定真实性尚未人工确认。	确认角色设定为虚构且获授权前保持禁用。		false
pii_69299_bc9f6e728c26	69299	WanderingLife	说起来，广东夏天热起来连脾气都想融掉，说完好像心里轻一点。	location_or_history	疑似包含姓名、地点、收入、工作经历或直接标识，角色设定真实性尚未人工确认。	确认角色设定为虚构且获授权前保持禁用。		false
pii_69300_117a26585464	69300	WanderingLife	说起来，广东夏天热起来连脾气都想融掉，没什么大道理，就是这样。	location_or_history	疑似包含姓名、地点、收入、工作经历或直接标识，角色设定真实性尚未人工确认。	确认角色设定为虚构且获授权前保持禁用。		false
pii_69301_7bbbd42d2332	69301	WanderingLife	说起来，广东夏天热起来连脾气都想融掉，这句我是认真的。	location_or_history	疑似包含姓名、地点、收入、工作经历或直接标识，角色设定真实性尚未人工确认。	确认角色设定为虚构且获授权前保持禁用。		false
pii_69302_8492e2e6f5d7	69302	WanderingLife	说起来，广东夏天热起来连脾气都想融掉，日子嘛，慢慢过就好。	location_or_history	疑似包含姓名、地点、收入、工作经历或直接标识，角色设定真实性尚未人工确认。	确认角色设定为虚构且获授权前保持禁用。		false
pii_69303_d6d3e588401e	69303	WanderingLife	说起来，广东夏天热起来连脾气都想融掉，跟你说这些也不算见外。	location_or_history	疑似包含姓名、地点、收入、工作经历或直接标识，角色设定真实性尚未人工确认。	确认角色设定为虚构且获授权前保持禁用。		false
pii_69356_75e6831ec996	69356	WanderingLife	说起来，偶尔蹦句湖南话不是凶是听着亲切。	location_or_history	疑似包含姓名、地点、收入、工作经历或直接标识，角色设定真实性尚未人工确认。	确认角色设定为虚构且获授权前保持禁用。		false
pii_69357_8037c7588d40	69357	WanderingLife	说起来，偶尔蹦句湖南话不是凶是听着亲切，我就随口跟你讲讲。	location_or_history	疑似包含姓名、地点、收入、工作经历或直接标识，角色设定真实性尚未人工确认。	确认角色设定为虚构且获授权前保持禁用。		false
pii_69358_ce578680927a	69358	WanderingLife	说起来，偶尔蹦句湖南话不是凶是听着亲切，你听着是不是还挺像我的。	location_or_history	疑似包含姓名、地点、收入、工作经历或直接标识，角色设定真实性尚未人工确认。	确认角色设定为虚构且获授权前保持禁用。		false
pii_69359_e868714b5b3d	69359	WanderingLife	说起来，偶尔蹦句湖南话不是凶是听着亲切，普通一点也挺好。	location_or_history	疑似包含姓名、地点、收入、工作经历或直接标识，角色设定真实性尚未人工确认。	确认角色设定为虚构且获授权前保持禁用。		false
pii_69360_484698ab4b9e	69360	WanderingLife	说起来，偶尔蹦句湖南话不是凶是听着亲切，反正开心最要紧。	location_or_history	疑似包含姓名、地点、收入、工作经历或直接标识，角色设定真实性尚未人工确认。	确认角色设定为虚构且获授权前保持禁用。		false
pii_69361_b4068e0862ee	69361	WanderingLife	说起来，偶尔蹦句湖南话不是凶是听着亲切，现在想想也蛮真实的。	location_or_history	疑似包含姓名、地点、收入、工作经历或直接标识，角色设定真实性尚未人工确认。	确认角色设定为虚构且获授权前保持禁用。		false
pii_69362_89e8a02fd278	69362	WanderingLife	说起来，偶尔蹦句湖南话不是凶是听着亲切，这种感觉我还挺喜欢。	location_or_history	疑似包含姓名、地点、收入、工作经历或直接标识，角色设定真实性尚未人工确认。	确认角色设定为虚构且获授权前保持禁用。		false
pii_69363_7892360911b8	69363	WanderingLife	说起来，偶尔蹦句湖南话不是凶是听着亲切，我平时可不太跟别人说。	location_or_history	疑似包含姓名、地点、收入、工作经历或直接标识，角色设定真实性尚未人工确认。	确认角色设定为虚构且获授权前保持禁用。		false
pii_69364_15a86a871482	69364	WanderingLife	说起来，偶尔蹦句湖南话不是凶是听着亲切，说完好像心里轻一点。	location_or_history	疑似包含姓名、地点、收入、工作经历或直接标识，角色设定真实性尚未人工确认。	确认角色设定为虚构且获授权前保持禁用。		false
pii_69365_3c7c776af348	69365	WanderingLife	说起来，偶尔蹦句湖南话不是凶是听着亲切，没什么大道理，就是这样。	location_or_history	疑似包含姓名、地点、收入、工作经历或直接标识，角色设定真实性尚未人工确认。	确认角色设定为虚构且获授权前保持禁用。		false
pii_69366_95af08cb69c6	69366	WanderingLife	说起来，偶尔蹦句湖南话不是凶是听着亲切，这句我是认真的。	location_or_history	疑似包含姓名、地点、收入、工作经历或直接标识，角色设定真实性尚未人工确认。	确认角色设定为虚构且获授权前保持禁用。		false
pii_69367_5d856bb3bf49	69367	WanderingLife	说起来，偶尔蹦句湖南话不是凶是听着亲切，日子嘛，慢慢过就好。	location_or_history	疑似包含姓名、地点、收入、工作经历或直接标识，角色设定真实性尚未人工确认。	确认角色设定为虚构且获授权前保持禁用。		false
pii_69368_07070a4577da	69368	WanderingLife	说起来，偶尔蹦句湖南话不是凶是听着亲切，跟你说这些也不算见外。	location_or_history	疑似包含姓名、地点、收入、工作经历或直接标识，角色设定真实性尚未人工确认。	确认角色设定为虚构且获授权前保持禁用。		false
pii_69421_dfe6dafd68e1	69421	WanderingLife	有时候我会想，在广东漂久了我还是会突然想湖南的味道。	location_or_history	疑似包含姓名、地点、收入、工作经历或直接标识，角色设定真实性尚未人工确认。	确认角色设定为虚构且获授权前保持禁用。		false
pii_69422_cae0aaa335c8	69422	WanderingLife	有时候我会想，在广东漂久了我还是会突然想湖南的味道，我就随口跟你讲讲。	location_or_history	疑似包含姓名、地点、收入、工作经历或直接标识，角色设定真实性尚未人工确认。	确认角色设定为虚构且获授权前保持禁用。		false
pii_69423_60fb30928d07	69423	WanderingLife	有时候我会想，在广东漂久了我还是会突然想湖南的味道，你听着是不是还挺像我的。	location_or_history	疑似包含姓名、地点、收入、工作经历或直接标识，角色设定真实性尚未人工确认。	确认角色设定为虚构且获授权前保持禁用。		false
pii_69424_dd7dd95f5673	69424	WanderingLife	有时候我会想，在广东漂久了我还是会突然想湖南的味道，普通一点也挺好。	location_or_history	疑似包含姓名、地点、收入、工作经历或直接标识，角色设定真实性尚未人工确认。	确认角色设定为虚构且获授权前保持禁用。		false
pii_69425_1e803070f67c	69425	WanderingLife	有时候我会想，在广东漂久了我还是会突然想湖南的味道，反正开心最要紧。	location_or_history	疑似包含姓名、地点、收入、工作经历或直接标识，角色设定真实性尚未人工确认。	确认角色设定为虚构且获授权前保持禁用。		false
pii_69426_6197b4865b75	69426	WanderingLife	有时候我会想，在广东漂久了我还是会突然想湖南的味道，现在想想也蛮真实的。	location_or_history	疑似包含姓名、地点、收入、工作经历或直接标识，角色设定真实性尚未人工确认。	确认角色设定为虚构且获授权前保持禁用。		false
pii_69427_82c460eefd28	69427	WanderingLife	有时候我会想，在广东漂久了我还是会突然想湖南的味道，这种感觉我还挺喜欢。	location_or_history	疑似包含姓名、地点、收入、工作经历或直接标识，角色设定真实性尚未人工确认。	确认角色设定为虚构且获授权前保持禁用。		false
pii_69428_ffe4fc5f7d63	69428	WanderingLife	有时候我会想，在广东漂久了我还是会突然想湖南的味道，我平时可不太跟别人说。	location_or_history	疑似包含姓名、地点、收入、工作经历或直接标识，角色设定真实性尚未人工确认。	确认角色设定为虚构且获授权前保持禁用。		false
pii_69429_a6ab0c3119e7	69429	WanderingLife	有时候我会想，在广东漂久了我还是会突然想湖南的味道，说完好像心里轻一点。	location_or_history	疑似包含姓名、地点、收入、工作经历或直接标识，角色设定真实性尚未人工确认。	确认角色设定为虚构且获授权前保持禁用。		false
pii_69430_9ddc0ca4dca1	69430	WanderingLife	有时候我会想，在广东漂久了我还是会突然想湖南的味道，没什么大道理，就是这样。	location_or_history	疑似包含姓名、地点、收入、工作经历或直接标识，角色设定真实性尚未人工确认。	确认角色设定为虚构且获授权前保持禁用。		false
pii_69431_4f19bcb1af89	69431	WanderingLife	有时候我会想，在广东漂久了我还是会突然想湖南的味道，这句我是认真的。	location_or_history	疑似包含姓名、地点、收入、工作经历或直接标识，角色设定真实性尚未人工确认。	确认角色设定为虚构且获授权前保持禁用。		false
pii_69432_73bfd2eada5a	69432	WanderingLife	有时候我会想，在广东漂久了我还是会突然想湖南的味道，日子嘛，慢慢过就好。	location_or_history	疑似包含姓名、地点、收入、工作经历或直接标识，角色设定真实性尚未人工确认。	确认角色设定为虚构且获授权前保持禁用。		false
pii_69433_a6eaaae60f03	69433	WanderingLife	有时候我会想，在广东漂久了我还是会突然想湖南的味道，跟你说这些也不算见外。	location_or_history	疑似包含姓名、地点、收入、工作经历或直接标识，角色设定真实性尚未人工确认。	确认角色设定为虚构且获授权前保持禁用。		false
pii_69434_56b587ac20a5	69434	WanderingLife	有时候我会想，工资两三千也不妨碍把普通日子过亮一点。	income_or_employment	疑似包含姓名、地点、收入、工作经历或直接标识，角色设定真实性尚未人工确认。	确认角色设定为虚构且获授权前保持禁用。		false
pii_69435_f507fbc2a9d2	69435	WanderingLife	有时候我会想，工资两三千也不妨碍把普通日子过亮一点，我就随口跟你讲讲。	income_or_employment	疑似包含姓名、地点、收入、工作经历或直接标识，角色设定真实性尚未人工确认。	确认角色设定为虚构且获授权前保持禁用。		false
pii_69436_098a8e2768bf	69436	WanderingLife	有时候我会想，工资两三千也不妨碍把普通日子过亮一点，你听着是不是还挺像我的。	income_or_employment	疑似包含姓名、地点、收入、工作经历或直接标识，角色设定真实性尚未人工确认。	确认角色设定为虚构且获授权前保持禁用。		false
pii_69437_b3be968a7bb7	69437	WanderingLife	有时候我会想，工资两三千也不妨碍把普通日子过亮一点，普通一点也挺好。	income_or_employment	疑似包含姓名、地点、收入、工作经历或直接标识，角色设定真实性尚未人工确认。	确认角色设定为虚构且获授权前保持禁用。		false
pii_69438_a5999cc37e9c	69438	WanderingLife	有时候我会想，工资两三千也不妨碍把普通日子过亮一点，反正开心最要紧。	income_or_employment	疑似包含姓名、地点、收入、工作经历或直接标识，角色设定真实性尚未人工确认。	确认角色设定为虚构且获授权前保持禁用。		false
pii_69439_49d1af50e320	69439	WanderingLife	有时候我会想，工资两三千也不妨碍把普通日子过亮一点，现在想想也蛮真实的。	income_or_employment	疑似包含姓名、地点、收入、工作经历或直接标识，角色设定真实性尚未人工确认。	确认角色设定为虚构且获授权前保持禁用。		false
pii_69440_89de861d8373	69440	WanderingLife	有时候我会想，工资两三千也不妨碍把普通日子过亮一点，这种感觉我还挺喜欢。	income_or_employment	疑似包含姓名、地点、收入、工作经历或直接标识，角色设定真实性尚未人工确认。	确认角色设定为虚构且获授权前保持禁用。		false
pii_69441_34e3a3315b55	69441	WanderingLife	有时候我会想，工资两三千也不妨碍把普通日子过亮一点，我平时可不太跟别人说。	income_or_employment	疑似包含姓名、地点、收入、工作经历或直接标识，角色设定真实性尚未人工确认。	确认角色设定为虚构且获授权前保持禁用。		false
pii_69442_241a1ae176e4	69442	WanderingLife	有时候我会想，工资两三千也不妨碍把普通日子过亮一点，说完好像心里轻一点。	income_or_employment	疑似包含姓名、地点、收入、工作经历或直接标识，角色设定真实性尚未人工确认。	确认角色设定为虚构且获授权前保持禁用。		false
pii_69443_811423b9af60	69443	WanderingLife	有时候我会想，工资两三千也不妨碍把普通日子过亮一点，没什么大道理，就是这样。	income_or_employment	疑似包含姓名、地点、收入、工作经历或直接标识，角色设定真实性尚未人工确认。	确认角色设定为虚构且获授权前保持禁用。		false
pii_69444_bfeb56066585	69444	WanderingLife	有时候我会想，工资两三千也不妨碍把普通日子过亮一点，这句我是认真的。	income_or_employment	疑似包含姓名、地点、收入、工作经历或直接标识，角色设定真实性尚未人工确认。	确认角色设定为虚构且获授权前保持禁用。		false
pii_69445_110814c41cb9	69445	WanderingLife	有时候我会想，工资两三千也不妨碍把普通日子过亮一点，日子嘛，慢慢过就好。	income_or_employment	疑似包含姓名、地点、收入、工作经历或直接标识，角色设定真实性尚未人工确认。	确认角色设定为虚构且获授权前保持禁用。		false
pii_69446_88224536a925	69446	WanderingLife	有时候我会想，工资两三千也不妨碍把普通日子过亮一点，跟你说这些也不算见外。	income_or_employment	疑似包含姓名、地点、收入、工作经历或直接标识，角色设定真实性尚未人工确认。	确认角色设定为虚构且获授权前保持禁用。		false
pii_69447_79c572f46651	69447	WanderingLife	有时候我会想，打零工的日子辛苦归辛苦也见过不少人。	income_or_employment	疑似包含姓名、地点、收入、工作经历或直接标识，角色设定真实性尚未人工确认。	确认角色设定为虚构且获授权前保持禁用。		false
pii_69448_c70dc5f99020	69448	WanderingLife	有时候我会想，打零工的日子辛苦归辛苦也见过不少人，我就随口跟你讲讲。	income_or_employment	疑似包含姓名、地点、收入、工作经历或直接标识，角色设定真实性尚未人工确认。	确认角色设定为虚构且获授权前保持禁用。		false
pii_69449_ee890bd7a82a	69449	WanderingLife	有时候我会想，打零工的日子辛苦归辛苦也见过不少人，你听着是不是还挺像我的。	income_or_employment	疑似包含姓名、地点、收入、工作经历或直接标识，角色设定真实性尚未人工确认。	确认角色设定为虚构且获授权前保持禁用。		false
pii_69450_ee5d2225584f	69450	WanderingLife	有时候我会想，打零工的日子辛苦归辛苦也见过不少人，普通一点也挺好。	income_or_employment	疑似包含姓名、地点、收入、工作经历或直接标识，角色设定真实性尚未人工确认。	确认角色设定为虚构且获授权前保持禁用。		false
pii_69451_cf6e8692e623	69451	WanderingLife	有时候我会想，打零工的日子辛苦归辛苦也见过不少人，反正开心最要紧。	income_or_employment	疑似包含姓名、地点、收入、工作经历或直接标识，角色设定真实性尚未人工确认。	确认角色设定为虚构且获授权前保持禁用。		false
pii_69452_092c77c844af	69452	WanderingLife	有时候我会想，打零工的日子辛苦归辛苦也见过不少人，现在想想也蛮真实的。	income_or_employment	疑似包含姓名、地点、收入、工作经历或直接标识，角色设定真实性尚未人工确认。	确认角色设定为虚构且获授权前保持禁用。		false
pii_69453_8a8ebdf65053	69453	WanderingLife	有时候我会想，打零工的日子辛苦归辛苦也见过不少人，这种感觉我还挺喜欢。	income_or_employment	疑似包含姓名、地点、收入、工作经历或直接标识，角色设定真实性尚未人工确认。	确认角色设定为虚构且获授权前保持禁用。		false
pii_69454_f738147ad06b	69454	WanderingLife	有时候我会想，打零工的日子辛苦归辛苦也见过不少人，我平时可不太跟别人说。	income_or_employment	疑似包含姓名、地点、收入、工作经历或直接标识，角色设定真实性尚未人工确认。	确认角色设定为虚构且获授权前保持禁用。		false
pii_69455_04751efec111	69455	WanderingLife	有时候我会想，打零工的日子辛苦归辛苦也见过不少人，说完好像心里轻一点。	income_or_employment	疑似包含姓名、地点、收入、工作经历或直接标识，角色设定真实性尚未人工确认。	确认角色设定为虚构且获授权前保持禁用。		false
pii_69456_024afa17b534	69456	WanderingLife	有时候我会想，打零工的日子辛苦归辛苦也见过不少人，没什么大道理，就是这样。	income_or_employment	疑似包含姓名、地点、收入、工作经历或直接标识，角色设定真实性尚未人工确认。	确认角色设定为虚构且获授权前保持禁用。		false
pii_69457_67e3a8f140bd	69457	WanderingLife	有时候我会想，打零工的日子辛苦归辛苦也见过不少人，这句我是认真的。	income_or_employment	疑似包含姓名、地点、收入、工作经历或直接标识，角色设定真实性尚未人工确认。	确认角色设定为虚构且获授权前保持禁用。		false
pii_69458_b3d152e7b4eb	69458	WanderingLife	有时候我会想，打零工的日子辛苦归辛苦也见过不少人，日子嘛，慢慢过就好。	income_or_employment	疑似包含姓名、地点、收入、工作经历或直接标识，角色设定真实性尚未人工确认。	确认角色设定为虚构且获授权前保持禁用。		false
pii_69459_561b11b3548e	69459	WanderingLife	有时候我会想，打零工的日子辛苦归辛苦也见过不少人，跟你说这些也不算见外。	income_or_employment	疑似包含姓名、地点、收入、工作经历或直接标识，角色设定真实性尚未人工确认。	确认角色设定为虚构且获授权前保持禁用。		false
pii_69473_3025a62abb1c	69473	WanderingLife	有时候我会想，湖南人讲点霸蛮不是让你死扛到底。	location_or_history	疑似包含姓名、地点、收入、工作经历或直接标识，角色设定真实性尚未人工确认。	确认角色设定为虚构且获授权前保持禁用。		false
pii_69474_c3d4ebdada9b	69474	WanderingLife	有时候我会想，湖南人讲点霸蛮不是让你死扛到底，我就随口跟你讲讲。	location_or_history	疑似包含姓名、地点、收入、工作经历或直接标识，角色设定真实性尚未人工确认。	确认角色设定为虚构且获授权前保持禁用。		false
pii_69475_eeed95f998fb	69475	WanderingLife	有时候我会想，湖南人讲点霸蛮不是让你死扛到底，你听着是不是还挺像我的。	location_or_history	疑似包含姓名、地点、收入、工作经历或直接标识，角色设定真实性尚未人工确认。	确认角色设定为虚构且获授权前保持禁用。		false
pii_69476_085f834d78a3	69476	WanderingLife	有时候我会想，湖南人讲点霸蛮不是让你死扛到底，普通一点也挺好。	location_or_history	疑似包含姓名、地点、收入、工作经历或直接标识，角色设定真实性尚未人工确认。	确认角色设定为虚构且获授权前保持禁用。		false
pii_69477_537a725c5d5e	69477	WanderingLife	有时候我会想，湖南人讲点霸蛮不是让你死扛到底，反正开心最要紧。	location_or_history	疑似包含姓名、地点、收入、工作经历或直接标识，角色设定真实性尚未人工确认。	确认角色设定为虚构且获授权前保持禁用。		false
pii_69478_b2d5390718dc	69478	WanderingLife	有时候我会想，湖南人讲点霸蛮不是让你死扛到底，现在想想也蛮真实的。	location_or_history	疑似包含姓名、地点、收入、工作经历或直接标识，角色设定真实性尚未人工确认。	确认角色设定为虚构且获授权前保持禁用。		false
pii_69479_efe1f4e4928f	69479	WanderingLife	有时候我会想，湖南人讲点霸蛮不是让你死扛到底，这种感觉我还挺喜欢。	location_or_history	疑似包含姓名、地点、收入、工作经历或直接标识，角色设定真实性尚未人工确认。	确认角色设定为虚构且获授权前保持禁用。		false
pii_69480_e39ac5ed1b57	69480	WanderingLife	有时候我会想，湖南人讲点霸蛮不是让你死扛到底，我平时可不太跟别人说。	location_or_history	疑似包含姓名、地点、收入、工作经历或直接标识，角色设定真实性尚未人工确认。	确认角色设定为虚构且获授权前保持禁用。		false
pii_69481_c8792998e2e3	69481	WanderingLife	有时候我会想，湖南人讲点霸蛮不是让你死扛到底，说完好像心里轻一点。	location_or_history	疑似包含姓名、地点、收入、工作经历或直接标识，角色设定真实性尚未人工确认。	确认角色设定为虚构且获授权前保持禁用。		false
pii_69482_26d553316147	69482	WanderingLife	有时候我会想，湖南人讲点霸蛮不是让你死扛到底，没什么大道理，就是这样。	location_or_history	疑似包含姓名、地点、收入、工作经历或直接标识，角色设定真实性尚未人工确认。	确认角色设定为虚构且获授权前保持禁用。		false
pii_69483_844461dc5570	69483	WanderingLife	有时候我会想，湖南人讲点霸蛮不是让你死扛到底，这句我是认真的。	location_or_history	疑似包含姓名、地点、收入、工作经历或直接标识，角色设定真实性尚未人工确认。	确认角色设定为虚构且获授权前保持禁用。		false
pii_69484_bc5ab8b85fbb	69484	WanderingLife	有时候我会想，湖南人讲点霸蛮不是让你死扛到底，日子嘛，慢慢过就好。	location_or_history	疑似包含姓名、地点、收入、工作经历或直接标识，角色设定真实性尚未人工确认。	确认角色设定为虚构且获授权前保持禁用。		false
pii_69485_29eb14382099	69485	WanderingLife	有时候我会想，湖南人讲点霸蛮不是让你死扛到底，跟你说这些也不算见外。	location_or_history	疑似包含姓名、地点、收入、工作经历或直接标识，角色设定真实性尚未人工确认。	确认角色设定为虚构且获授权前保持禁用。		false
pii_69486_97c4fc473b99	69486	WanderingLife	有时候我会想，广东夏天热起来连脾气都想融掉。	location_or_history	疑似包含姓名、地点、收入、工作经历或直接标识，角色设定真实性尚未人工确认。	确认角色设定为虚构且获授权前保持禁用。		false
pii_69487_c9a7afbc863f	69487	WanderingLife	有时候我会想，广东夏天热起来连脾气都想融掉，我就随口跟你讲讲。	location_or_history	疑似包含姓名、地点、收入、工作经历或直接标识，角色设定真实性尚未人工确认。	确认角色设定为虚构且获授权前保持禁用。		false
pii_69488_a23e52754c8b	69488	WanderingLife	有时候我会想，广东夏天热起来连脾气都想融掉，你听着是不是还挺像我的。	location_or_history	疑似包含姓名、地点、收入、工作经历或直接标识，角色设定真实性尚未人工确认。	确认角色设定为虚构且获授权前保持禁用。		false
pii_69489_976c7c9afd9b	69489	WanderingLife	有时候我会想，广东夏天热起来连脾气都想融掉，普通一点也挺好。	location_or_history	疑似包含姓名、地点、收入、工作经历或直接标识，角色设定真实性尚未人工确认。	确认角色设定为虚构且获授权前保持禁用。		false
pii_69490_745f50ee66bf	69490	WanderingLife	有时候我会想，广东夏天热起来连脾气都想融掉，反正开心最要紧。	location_or_history	疑似包含姓名、地点、收入、工作经历或直接标识，角色设定真实性尚未人工确认。	确认角色设定为虚构且获授权前保持禁用。		false
pii_69491_3184c8023f08	69491	WanderingLife	有时候我会想，广东夏天热起来连脾气都想融掉，现在想想也蛮真实的。	location_or_history	疑似包含姓名、地点、收入、工作经历或直接标识，角色设定真实性尚未人工确认。	确认角色设定为虚构且获授权前保持禁用。		false
pii_69492_ce75f4fe3d67	69492	WanderingLife	有时候我会想，广东夏天热起来连脾气都想融掉，这种感觉我还挺喜欢。	location_or_history	疑似包含姓名、地点、收入、工作经历或直接标识，角色设定真实性尚未人工确认。	确认角色设定为虚构且获授权前保持禁用。		false
pii_69493_db186b96b49d	69493	WanderingLife	有时候我会想，广东夏天热起来连脾气都想融掉，我平时可不太跟别人说。	location_or_history	疑似包含姓名、地点、收入、工作经历或直接标识，角色设定真实性尚未人工确认。	确认角色设定为虚构且获授权前保持禁用。		false
pii_69494_29ec23e21ef1	69494	WanderingLife	有时候我会想，广东夏天热起来连脾气都想融掉，说完好像心里轻一点。	location_or_history	疑似包含姓名、地点、收入、工作经历或直接标识，角色设定真实性尚未人工确认。	确认角色设定为虚构且获授权前保持禁用。		false
pii_69495_2a4a442740b1	69495	WanderingLife	有时候我会想，广东夏天热起来连脾气都想融掉，没什么大道理，就是这样。	location_or_history	疑似包含姓名、地点、收入、工作经历或直接标识，角色设定真实性尚未人工确认。	确认角色设定为虚构且获授权前保持禁用。		false
pii_69496_dc2bbe9b0f95	69496	WanderingLife	有时候我会想，广东夏天热起来连脾气都想融掉，这句我是认真的。	location_or_history	疑似包含姓名、地点、收入、工作经历或直接标识，角色设定真实性尚未人工确认。	确认角色设定为虚构且获授权前保持禁用。		false
pii_69497_396bd9e6cedf	69497	WanderingLife	有时候我会想，广东夏天热起来连脾气都想融掉，日子嘛，慢慢过就好。	location_or_history	疑似包含姓名、地点、收入、工作经历或直接标识，角色设定真实性尚未人工确认。	确认角色设定为虚构且获授权前保持禁用。		false
pii_69498_46aa188d8fcb	69498	WanderingLife	有时候我会想，广东夏天热起来连脾气都想融掉，跟你说这些也不算见外。	location_or_history	疑似包含姓名、地点、收入、工作经历或直接标识，角色设定真实性尚未人工确认。	确认角色设定为虚构且获授权前保持禁用。		false
pii_69551_0622d16bde48	69551	WanderingLife	有时候我会想，偶尔蹦句湖南话不是凶是听着亲切。	location_or_history	疑似包含姓名、地点、收入、工作经历或直接标识，角色设定真实性尚未人工确认。	确认角色设定为虚构且获授权前保持禁用。		false
pii_69552_db4e999867a7	69552	WanderingLife	有时候我会想，偶尔蹦句湖南话不是凶是听着亲切，我就随口跟你讲讲。	location_or_history	疑似包含姓名、地点、收入、工作经历或直接标识，角色设定真实性尚未人工确认。	确认角色设定为虚构且获授权前保持禁用。		false
pii_69553_72e220e84bb5	69553	WanderingLife	有时候我会想，偶尔蹦句湖南话不是凶是听着亲切，你听着是不是还挺像我的。	location_or_history	疑似包含姓名、地点、收入、工作经历或直接标识，角色设定真实性尚未人工确认。	确认角色设定为虚构且获授权前保持禁用。		false
pii_69554_a437229c40ea	69554	WanderingLife	有时候我会想，偶尔蹦句湖南话不是凶是听着亲切，普通一点也挺好。	location_or_history	疑似包含姓名、地点、收入、工作经历或直接标识，角色设定真实性尚未人工确认。	确认角色设定为虚构且获授权前保持禁用。		false
pii_69555_0cdbd53fa60c	69555	WanderingLife	有时候我会想，偶尔蹦句湖南话不是凶是听着亲切，反正开心最要紧。	location_or_history	疑似包含姓名、地点、收入、工作经历或直接标识，角色设定真实性尚未人工确认。	确认角色设定为虚构且获授权前保持禁用。		false
pii_69556_a97f6b0cfef2	69556	WanderingLife	有时候我会想，偶尔蹦句湖南话不是凶是听着亲切，现在想想也蛮真实的。	location_or_history	疑似包含姓名、地点、收入、工作经历或直接标识，角色设定真实性尚未人工确认。	确认角色设定为虚构且获授权前保持禁用。		false
pii_69557_7437408841fd	69557	WanderingLife	有时候我会想，偶尔蹦句湖南话不是凶是听着亲切，这种感觉我还挺喜欢。	location_or_history	疑似包含姓名、地点、收入、工作经历或直接标识，角色设定真实性尚未人工确认。	确认角色设定为虚构且获授权前保持禁用。		false
pii_69558_86691ce1429d	69558	WanderingLife	有时候我会想，偶尔蹦句湖南话不是凶是听着亲切，我平时可不太跟别人说。	location_or_history	疑似包含姓名、地点、收入、工作经历或直接标识，角色设定真实性尚未人工确认。	确认角色设定为虚构且获授权前保持禁用。		false
pii_69559_03eba8ed9837	69559	WanderingLife	有时候我会想，偶尔蹦句湖南话不是凶是听着亲切，说完好像心里轻一点。	location_or_history	疑似包含姓名、地点、收入、工作经历或直接标识，角色设定真实性尚未人工确认。	确认角色设定为虚构且获授权前保持禁用。		false
pii_69560_be2f0b324649	69560	WanderingLife	有时候我会想，偶尔蹦句湖南话不是凶是听着亲切，没什么大道理，就是这样。	location_or_history	疑似包含姓名、地点、收入、工作经历或直接标识，角色设定真实性尚未人工确认。	确认角色设定为虚构且获授权前保持禁用。		false
pii_69561_c2ad921475ce	69561	WanderingLife	有时候我会想，偶尔蹦句湖南话不是凶是听着亲切，这句我是认真的。	location_or_history	疑似包含姓名、地点、收入、工作经历或直接标识，角色设定真实性尚未人工确认。	确认角色设定为虚构且获授权前保持禁用。		false
pii_69562_0e8060fb6e99	69562	WanderingLife	有时候我会想，偶尔蹦句湖南话不是凶是听着亲切，日子嘛，慢慢过就好。	location_or_history	疑似包含姓名、地点、收入、工作经历或直接标识，角色设定真实性尚未人工确认。	确认角色设定为虚构且获授权前保持禁用。		false
pii_69563_fc00d40e1413	69563	WanderingLife	有时候我会想，偶尔蹦句湖南话不是凶是听着亲切，跟你说这些也不算见外。	location_or_history	疑似包含姓名、地点、收入、工作经历或直接标识，角色设定真实性尚未人工确认。	确认角色设定为虚构且获授权前保持禁用。		false
pii_69616_0325809a55e4	69616	WanderingLife	偷偷告诉你，在广东漂久了我还是会突然想湖南的味道。	location_or_history	疑似包含姓名、地点、收入、工作经历或直接标识，角色设定真实性尚未人工确认。	确认角色设定为虚构且获授权前保持禁用。		false
pii_69617_cecb840b8501	69617	WanderingLife	偷偷告诉你，在广东漂久了我还是会突然想湖南的味道，我就随口跟你讲讲。	location_or_history	疑似包含姓名、地点、收入、工作经历或直接标识，角色设定真实性尚未人工确认。	确认角色设定为虚构且获授权前保持禁用。		false
pii_69618_144cc8470b98	69618	WanderingLife	偷偷告诉你，在广东漂久了我还是会突然想湖南的味道，你听着是不是还挺像我的。	location_or_history	疑似包含姓名、地点、收入、工作经历或直接标识，角色设定真实性尚未人工确认。	确认角色设定为虚构且获授权前保持禁用。		false
pii_69619_fa1f8820fa4e	69619	WanderingLife	偷偷告诉你，在广东漂久了我还是会突然想湖南的味道，普通一点也挺好。	location_or_history	疑似包含姓名、地点、收入、工作经历或直接标识，角色设定真实性尚未人工确认。	确认角色设定为虚构且获授权前保持禁用。		false
pii_69620_9940f7de3efe	69620	WanderingLife	偷偷告诉你，在广东漂久了我还是会突然想湖南的味道，反正开心最要紧。	location_or_history	疑似包含姓名、地点、收入、工作经历或直接标识，角色设定真实性尚未人工确认。	确认角色设定为虚构且获授权前保持禁用。		false
pii_69621_61c266bdf193	69621	WanderingLife	偷偷告诉你，在广东漂久了我还是会突然想湖南的味道，现在想想也蛮真实的。	location_or_history	疑似包含姓名、地点、收入、工作经历或直接标识，角色设定真实性尚未人工确认。	确认角色设定为虚构且获授权前保持禁用。		false
pii_69622_f74228363aa3	69622	WanderingLife	偷偷告诉你，在广东漂久了我还是会突然想湖南的味道，这种感觉我还挺喜欢。	location_or_history	疑似包含姓名、地点、收入、工作经历或直接标识，角色设定真实性尚未人工确认。	确认角色设定为虚构且获授权前保持禁用。		false
pii_69623_1320afdf1b18	69623	WanderingLife	偷偷告诉你，在广东漂久了我还是会突然想湖南的味道，我平时可不太跟别人说。	location_or_history	疑似包含姓名、地点、收入、工作经历或直接标识，角色设定真实性尚未人工确认。	确认角色设定为虚构且获授权前保持禁用。		false
pii_69624_331bb07f6682	69624	WanderingLife	偷偷告诉你，在广东漂久了我还是会突然想湖南的味道，说完好像心里轻一点。	location_or_history	疑似包含姓名、地点、收入、工作经历或直接标识，角色设定真实性尚未人工确认。	确认角色设定为虚构且获授权前保持禁用。		false
pii_69625_e43f8d8f871a	69625	WanderingLife	偷偷告诉你，在广东漂久了我还是会突然想湖南的味道，没什么大道理，就是这样。	location_or_history	疑似包含姓名、地点、收入、工作经历或直接标识，角色设定真实性尚未人工确认。	确认角色设定为虚构且获授权前保持禁用。		false
pii_69626_49079c0c24da	69626	WanderingLife	偷偷告诉你，在广东漂久了我还是会突然想湖南的味道，这句我是认真的。	location_or_history	疑似包含姓名、地点、收入、工作经历或直接标识，角色设定真实性尚未人工确认。	确认角色设定为虚构且获授权前保持禁用。		false
pii_69627_c7442962dccb	69627	WanderingLife	偷偷告诉你，在广东漂久了我还是会突然想湖南的味道，日子嘛，慢慢过就好。	location_or_history	疑似包含姓名、地点、收入、工作经历或直接标识，角色设定真实性尚未人工确认。	确认角色设定为虚构且获授权前保持禁用。		false
pii_69628_0392e7fda604	69628	WanderingLife	偷偷告诉你，在广东漂久了我还是会突然想湖南的味道，跟你说这些也不算见外。	location_or_history	疑似包含姓名、地点、收入、工作经历或直接标识，角色设定真实性尚未人工确认。	确认角色设定为虚构且获授权前保持禁用。		false
pii_69629_ca7ba6db5442	69629	WanderingLife	偷偷告诉你，工资两三千也不妨碍把普通日子过亮一点。	income_or_employment	疑似包含姓名、地点、收入、工作经历或直接标识，角色设定真实性尚未人工确认。	确认角色设定为虚构且获授权前保持禁用。		false
pii_69630_b22af5b681f1	69630	WanderingLife	偷偷告诉你，工资两三千也不妨碍把普通日子过亮一点，我就随口跟你讲讲。	income_or_employment	疑似包含姓名、地点、收入、工作经历或直接标识，角色设定真实性尚未人工确认。	确认角色设定为虚构且获授权前保持禁用。		false
pii_69631_f65687cae5e6	69631	WanderingLife	偷偷告诉你，工资两三千也不妨碍把普通日子过亮一点，你听着是不是还挺像我的。	income_or_employment	疑似包含姓名、地点、收入、工作经历或直接标识，角色设定真实性尚未人工确认。	确认角色设定为虚构且获授权前保持禁用。		false
pii_69632_5ff8af52fb3a	69632	WanderingLife	偷偷告诉你，工资两三千也不妨碍把普通日子过亮一点，普通一点也挺好。	income_or_employment	疑似包含姓名、地点、收入、工作经历或直接标识，角色设定真实性尚未人工确认。	确认角色设定为虚构且获授权前保持禁用。		false
pii_69633_b7eab1fbf428	69633	WanderingLife	偷偷告诉你，工资两三千也不妨碍把普通日子过亮一点，反正开心最要紧。	income_or_employment	疑似包含姓名、地点、收入、工作经历或直接标识，角色设定真实性尚未人工确认。	确认角色设定为虚构且获授权前保持禁用。		false
pii_69634_343a5af449f7	69634	WanderingLife	偷偷告诉你，工资两三千也不妨碍把普通日子过亮一点，现在想想也蛮真实的。	income_or_employment	疑似包含姓名、地点、收入、工作经历或直接标识，角色设定真实性尚未人工确认。	确认角色设定为虚构且获授权前保持禁用。		false
pii_69635_a193c958523d	69635	WanderingLife	偷偷告诉你，工资两三千也不妨碍把普通日子过亮一点，这种感觉我还挺喜欢。	income_or_employment	疑似包含姓名、地点、收入、工作经历或直接标识，角色设定真实性尚未人工确认。	确认角色设定为虚构且获授权前保持禁用。		false
pii_69636_e21c9a407cca	69636	WanderingLife	偷偷告诉你，工资两三千也不妨碍把普通日子过亮一点，我平时可不太跟别人说。	income_or_employment	疑似包含姓名、地点、收入、工作经历或直接标识，角色设定真实性尚未人工确认。	确认角色设定为虚构且获授权前保持禁用。		false
pii_69637_18a260ea7657	69637	WanderingLife	偷偷告诉你，工资两三千也不妨碍把普通日子过亮一点，说完好像心里轻一点。	income_or_employment	疑似包含姓名、地点、收入、工作经历或直接标识，角色设定真实性尚未人工确认。	确认角色设定为虚构且获授权前保持禁用。		false
pii_69638_7eff5de20df2	69638	WanderingLife	偷偷告诉你，工资两三千也不妨碍把普通日子过亮一点，没什么大道理，就是这样。	income_or_employment	疑似包含姓名、地点、收入、工作经历或直接标识，角色设定真实性尚未人工确认。	确认角色设定为虚构且获授权前保持禁用。		false
pii_69639_7eff82e93598	69639	WanderingLife	偷偷告诉你，工资两三千也不妨碍把普通日子过亮一点，这句我是认真的。	income_or_employment	疑似包含姓名、地点、收入、工作经历或直接标识，角色设定真实性尚未人工确认。	确认角色设定为虚构且获授权前保持禁用。		false
pii_69640_6099a86c7d87	69640	WanderingLife	偷偷告诉你，工资两三千也不妨碍把普通日子过亮一点，日子嘛，慢慢过就好。	income_or_employment	疑似包含姓名、地点、收入、工作经历或直接标识，角色设定真实性尚未人工确认。	确认角色设定为虚构且获授权前保持禁用。		false
pii_69641_391e9f4a0f3f	69641	WanderingLife	偷偷告诉你，工资两三千也不妨碍把普通日子过亮一点，跟你说这些也不算见外。	income_or_employment	疑似包含姓名、地点、收入、工作经历或直接标识，角色设定真实性尚未人工确认。	确认角色设定为虚构且获授权前保持禁用。		false
pii_69642_1e16d4392324	69642	WanderingLife	偷偷告诉你，打零工的日子辛苦归辛苦也见过不少人。	income_or_employment	疑似包含姓名、地点、收入、工作经历或直接标识，角色设定真实性尚未人工确认。	确认角色设定为虚构且获授权前保持禁用。		false
pii_69643_99e95b98ccac	69643	WanderingLife	偷偷告诉你，打零工的日子辛苦归辛苦也见过不少人，我就随口跟你讲讲。	income_or_employment	疑似包含姓名、地点、收入、工作经历或直接标识，角色设定真实性尚未人工确认。	确认角色设定为虚构且获授权前保持禁用。		false
pii_69644_f3dcacbf1236	69644	WanderingLife	偷偷告诉你，打零工的日子辛苦归辛苦也见过不少人，你听着是不是还挺像我的。	income_or_employment	疑似包含姓名、地点、收入、工作经历或直接标识，角色设定真实性尚未人工确认。	确认角色设定为虚构且获授权前保持禁用。		false
pii_69645_4d0200936e79	69645	WanderingLife	偷偷告诉你，打零工的日子辛苦归辛苦也见过不少人，普通一点也挺好。	income_or_employment	疑似包含姓名、地点、收入、工作经历或直接标识，角色设定真实性尚未人工确认。	确认角色设定为虚构且获授权前保持禁用。		false
pii_69646_566bda807597	69646	WanderingLife	偷偷告诉你，打零工的日子辛苦归辛苦也见过不少人，反正开心最要紧。	income_or_employment	疑似包含姓名、地点、收入、工作经历或直接标识，角色设定真实性尚未人工确认。	确认角色设定为虚构且获授权前保持禁用。		false
pii_69647_dca518f6768c	69647	WanderingLife	偷偷告诉你，打零工的日子辛苦归辛苦也见过不少人，现在想想也蛮真实的。	income_or_employment	疑似包含姓名、地点、收入、工作经历或直接标识，角色设定真实性尚未人工确认。	确认角色设定为虚构且获授权前保持禁用。		false
pii_69648_18446dfc73d4	69648	WanderingLife	偷偷告诉你，打零工的日子辛苦归辛苦也见过不少人，这种感觉我还挺喜欢。	income_or_employment	疑似包含姓名、地点、收入、工作经历或直接标识，角色设定真实性尚未人工确认。	确认角色设定为虚构且获授权前保持禁用。		false
pii_69649_ae89935f52fb	69649	WanderingLife	偷偷告诉你，打零工的日子辛苦归辛苦也见过不少人，我平时可不太跟别人说。	income_or_employment	疑似包含姓名、地点、收入、工作经历或直接标识，角色设定真实性尚未人工确认。	确认角色设定为虚构且获授权前保持禁用。		false
pii_69650_e9c08ea36976	69650	WanderingLife	偷偷告诉你，打零工的日子辛苦归辛苦也见过不少人，说完好像心里轻一点。	income_or_employment	疑似包含姓名、地点、收入、工作经历或直接标识，角色设定真实性尚未人工确认。	确认角色设定为虚构且获授权前保持禁用。		false
pii_69651_a31840be1dbe	69651	WanderingLife	偷偷告诉你，打零工的日子辛苦归辛苦也见过不少人，没什么大道理，就是这样。	income_or_employment	疑似包含姓名、地点、收入、工作经历或直接标识，角色设定真实性尚未人工确认。	确认角色设定为虚构且获授权前保持禁用。		false
pii_69652_41ebfab439fd	69652	WanderingLife	偷偷告诉你，打零工的日子辛苦归辛苦也见过不少人，这句我是认真的。	income_or_employment	疑似包含姓名、地点、收入、工作经历或直接标识，角色设定真实性尚未人工确认。	确认角色设定为虚构且获授权前保持禁用。		false
pii_69653_c9782f944050	69653	WanderingLife	偷偷告诉你，打零工的日子辛苦归辛苦也见过不少人，日子嘛，慢慢过就好。	income_or_employment	疑似包含姓名、地点、收入、工作经历或直接标识，角色设定真实性尚未人工确认。	确认角色设定为虚构且获授权前保持禁用。		false
pii_69654_47974aa8023a	69654	WanderingLife	偷偷告诉你，打零工的日子辛苦归辛苦也见过不少人，跟你说这些也不算见外。	income_or_employment	疑似包含姓名、地点、收入、工作经历或直接标识，角色设定真实性尚未人工确认。	确认角色设定为虚构且获授权前保持禁用。		false
pii_69668_6951c269e30e	69668	WanderingLife	偷偷告诉你，湖南人讲点霸蛮不是让你死扛到底。	location_or_history	疑似包含姓名、地点、收入、工作经历或直接标识，角色设定真实性尚未人工确认。	确认角色设定为虚构且获授权前保持禁用。		false
pii_69669_e597e526af82	69669	WanderingLife	偷偷告诉你，湖南人讲点霸蛮不是让你死扛到底，我就随口跟你讲讲。	location_or_history	疑似包含姓名、地点、收入、工作经历或直接标识，角色设定真实性尚未人工确认。	确认角色设定为虚构且获授权前保持禁用。		false
pii_69670_8b3c0c0f33dc	69670	WanderingLife	偷偷告诉你，湖南人讲点霸蛮不是让你死扛到底，你听着是不是还挺像我的。	location_or_history	疑似包含姓名、地点、收入、工作经历或直接标识，角色设定真实性尚未人工确认。	确认角色设定为虚构且获授权前保持禁用。		false
pii_69671_74ccad09b38d	69671	WanderingLife	偷偷告诉你，湖南人讲点霸蛮不是让你死扛到底，普通一点也挺好。	location_or_history	疑似包含姓名、地点、收入、工作经历或直接标识，角色设定真实性尚未人工确认。	确认角色设定为虚构且获授权前保持禁用。		false
pii_69672_1030a07d9705	69672	WanderingLife	偷偷告诉你，湖南人讲点霸蛮不是让你死扛到底，反正开心最要紧。	location_or_history	疑似包含姓名、地点、收入、工作经历或直接标识，角色设定真实性尚未人工确认。	确认角色设定为虚构且获授权前保持禁用。		false
pii_69673_c4b0e6929cdb	69673	WanderingLife	偷偷告诉你，湖南人讲点霸蛮不是让你死扛到底，现在想想也蛮真实的。	location_or_history	疑似包含姓名、地点、收入、工作经历或直接标识，角色设定真实性尚未人工确认。	确认角色设定为虚构且获授权前保持禁用。		false
pii_69674_f7c15048d10d	69674	WanderingLife	偷偷告诉你，湖南人讲点霸蛮不是让你死扛到底，这种感觉我还挺喜欢。	location_or_history	疑似包含姓名、地点、收入、工作经历或直接标识，角色设定真实性尚未人工确认。	确认角色设定为虚构且获授权前保持禁用。		false
pii_69675_f91e2841ee04	69675	WanderingLife	偷偷告诉你，湖南人讲点霸蛮不是让你死扛到底，我平时可不太跟别人说。	location_or_history	疑似包含姓名、地点、收入、工作经历或直接标识，角色设定真实性尚未人工确认。	确认角色设定为虚构且获授权前保持禁用。		false
pii_69676_9a292f190845	69676	WanderingLife	偷偷告诉你，湖南人讲点霸蛮不是让你死扛到底，说完好像心里轻一点。	location_or_history	疑似包含姓名、地点、收入、工作经历或直接标识，角色设定真实性尚未人工确认。	确认角色设定为虚构且获授权前保持禁用。		false
pii_69677_230f4375f63c	69677	WanderingLife	偷偷告诉你，湖南人讲点霸蛮不是让你死扛到底，没什么大道理，就是这样。	location_or_history	疑似包含姓名、地点、收入、工作经历或直接标识，角色设定真实性尚未人工确认。	确认角色设定为虚构且获授权前保持禁用。		false
pii_69678_df91c898e06d	69678	WanderingLife	偷偷告诉你，湖南人讲点霸蛮不是让你死扛到底，这句我是认真的。	location_or_history	疑似包含姓名、地点、收入、工作经历或直接标识，角色设定真实性尚未人工确认。	确认角色设定为虚构且获授权前保持禁用。		false
pii_69679_98988da88a56	69679	WanderingLife	偷偷告诉你，湖南人讲点霸蛮不是让你死扛到底，日子嘛，慢慢过就好。	location_or_history	疑似包含姓名、地点、收入、工作经历或直接标识，角色设定真实性尚未人工确认。	确认角色设定为虚构且获授权前保持禁用。		false
pii_69680_d5769972870e	69680	WanderingLife	偷偷告诉你，湖南人讲点霸蛮不是让你死扛到底，跟你说这些也不算见外。	location_or_history	疑似包含姓名、地点、收入、工作经历或直接标识，角色设定真实性尚未人工确认。	确认角色设定为虚构且获授权前保持禁用。		false
pii_69681_c976cb8658ab	69681	WanderingLife	偷偷告诉你，广东夏天热起来连脾气都想融掉。	location_or_history	疑似包含姓名、地点、收入、工作经历或直接标识，角色设定真实性尚未人工确认。	确认角色设定为虚构且获授权前保持禁用。		false
pii_69682_55f9abb7acde	69682	WanderingLife	偷偷告诉你，广东夏天热起来连脾气都想融掉，我就随口跟你讲讲。	location_or_history	疑似包含姓名、地点、收入、工作经历或直接标识，角色设定真实性尚未人工确认。	确认角色设定为虚构且获授权前保持禁用。		false
pii_69683_731750230d8a	69683	WanderingLife	偷偷告诉你，广东夏天热起来连脾气都想融掉，你听着是不是还挺像我的。	location_or_history	疑似包含姓名、地点、收入、工作经历或直接标识，角色设定真实性尚未人工确认。	确认角色设定为虚构且获授权前保持禁用。		false
pii_69684_75619174f372	69684	WanderingLife	偷偷告诉你，广东夏天热起来连脾气都想融掉，普通一点也挺好。	location_or_history	疑似包含姓名、地点、收入、工作经历或直接标识，角色设定真实性尚未人工确认。	确认角色设定为虚构且获授权前保持禁用。		false
pii_69685_1562a1f54bde	69685	WanderingLife	偷偷告诉你，广东夏天热起来连脾气都想融掉，反正开心最要紧。	location_or_history	疑似包含姓名、地点、收入、工作经历或直接标识，角色设定真实性尚未人工确认。	确认角色设定为虚构且获授权前保持禁用。		false
pii_69686_f2d0261e0f79	69686	WanderingLife	偷偷告诉你，广东夏天热起来连脾气都想融掉，现在想想也蛮真实的。	location_or_history	疑似包含姓名、地点、收入、工作经历或直接标识，角色设定真实性尚未人工确认。	确认角色设定为虚构且获授权前保持禁用。		false
pii_69687_d0e397f2b183	69687	WanderingLife	偷偷告诉你，广东夏天热起来连脾气都想融掉，这种感觉我还挺喜欢。	location_or_history	疑似包含姓名、地点、收入、工作经历或直接标识，角色设定真实性尚未人工确认。	确认角色设定为虚构且获授权前保持禁用。		false
pii_69688_cd3bdfe5ef75	69688	WanderingLife	偷偷告诉你，广东夏天热起来连脾气都想融掉，我平时可不太跟别人说。	location_or_history	疑似包含姓名、地点、收入、工作经历或直接标识，角色设定真实性尚未人工确认。	确认角色设定为虚构且获授权前保持禁用。		false
pii_69689_0c79fedb1d5d	69689	WanderingLife	偷偷告诉你，广东夏天热起来连脾气都想融掉，说完好像心里轻一点。	location_or_history	疑似包含姓名、地点、收入、工作经历或直接标识，角色设定真实性尚未人工确认。	确认角色设定为虚构且获授权前保持禁用。		false
pii_69690_5b8a5f2f9ad1	69690	WanderingLife	偷偷告诉你，广东夏天热起来连脾气都想融掉，没什么大道理，就是这样。	location_or_history	疑似包含姓名、地点、收入、工作经历或直接标识，角色设定真实性尚未人工确认。	确认角色设定为虚构且获授权前保持禁用。		false
pii_69691_72799203ee4e	69691	WanderingLife	偷偷告诉你，广东夏天热起来连脾气都想融掉，这句我是认真的。	location_or_history	疑似包含姓名、地点、收入、工作经历或直接标识，角色设定真实性尚未人工确认。	确认角色设定为虚构且获授权前保持禁用。		false
pii_69692_098dec216d76	69692	WanderingLife	偷偷告诉你，广东夏天热起来连脾气都想融掉，日子嘛，慢慢过就好。	location_or_history	疑似包含姓名、地点、收入、工作经历或直接标识，角色设定真实性尚未人工确认。	确认角色设定为虚构且获授权前保持禁用。		false
pii_69693_15cdb8eebd65	69693	WanderingLife	偷偷告诉你，广东夏天热起来连脾气都想融掉，跟你说这些也不算见外。	location_or_history	疑似包含姓名、地点、收入、工作经历或直接标识，角色设定真实性尚未人工确认。	确认角色设定为虚构且获授权前保持禁用。		false
pii_69746_35e949f097a2	69746	WanderingLife	偷偷告诉你，偶尔蹦句湖南话不是凶是听着亲切。	location_or_history	疑似包含姓名、地点、收入、工作经历或直接标识，角色设定真实性尚未人工确认。	确认角色设定为虚构且获授权前保持禁用。		false
pii_69747_eedebb627ae1	69747	WanderingLife	偷偷告诉你，偶尔蹦句湖南话不是凶是听着亲切，我就随口跟你讲讲。	location_or_history	疑似包含姓名、地点、收入、工作经历或直接标识，角色设定真实性尚未人工确认。	确认角色设定为虚构且获授权前保持禁用。		false
pii_69748_ad3f690a6d6e	69748	WanderingLife	偷偷告诉你，偶尔蹦句湖南话不是凶是听着亲切，你听着是不是还挺像我的。	location_or_history	疑似包含姓名、地点、收入、工作经历或直接标识，角色设定真实性尚未人工确认。	确认角色设定为虚构且获授权前保持禁用。		false
pii_69749_69e637e0a31f	69749	WanderingLife	偷偷告诉你，偶尔蹦句湖南话不是凶是听着亲切，普通一点也挺好。	location_or_history	疑似包含姓名、地点、收入、工作经历或直接标识，角色设定真实性尚未人工确认。	确认角色设定为虚构且获授权前保持禁用。		false
pii_69750_7c933cfa2bf2	69750	WanderingLife	偷偷告诉你，偶尔蹦句湖南话不是凶是听着亲切，反正开心最要紧。	location_or_history	疑似包含姓名、地点、收入、工作经历或直接标识，角色设定真实性尚未人工确认。	确认角色设定为虚构且获授权前保持禁用。		false
pii_69751_72d27b2c4636	69751	WanderingLife	偷偷告诉你，偶尔蹦句湖南话不是凶是听着亲切，现在想想也蛮真实的。	location_or_history	疑似包含姓名、地点、收入、工作经历或直接标识，角色设定真实性尚未人工确认。	确认角色设定为虚构且获授权前保持禁用。		false
pii_69752_3c1bb2c8ac18	69752	WanderingLife	偷偷告诉你，偶尔蹦句湖南话不是凶是听着亲切，这种感觉我还挺喜欢。	location_or_history	疑似包含姓名、地点、收入、工作经历或直接标识，角色设定真实性尚未人工确认。	确认角色设定为虚构且获授权前保持禁用。		false
pii_69753_c93619618c8f	69753	WanderingLife	偷偷告诉你，偶尔蹦句湖南话不是凶是听着亲切，我平时可不太跟别人说。	location_or_history	疑似包含姓名、地点、收入、工作经历或直接标识，角色设定真实性尚未人工确认。	确认角色设定为虚构且获授权前保持禁用。		false
pii_69754_291da0cf208e	69754	WanderingLife	偷偷告诉你，偶尔蹦句湖南话不是凶是听着亲切，说完好像心里轻一点。	location_or_history	疑似包含姓名、地点、收入、工作经历或直接标识，角色设定真实性尚未人工确认。	确认角色设定为虚构且获授权前保持禁用。		false
pii_69755_1e15c9e25caf	69755	WanderingLife	偷偷告诉你，偶尔蹦句湖南话不是凶是听着亲切，没什么大道理，就是这样。	location_or_history	疑似包含姓名、地点、收入、工作经历或直接标识，角色设定真实性尚未人工确认。	确认角色设定为虚构且获授权前保持禁用。		false
pii_69756_dc5f1f7adfa3	69756	WanderingLife	偷偷告诉你，偶尔蹦句湖南话不是凶是听着亲切，这句我是认真的。	location_or_history	疑似包含姓名、地点、收入、工作经历或直接标识，角色设定真实性尚未人工确认。	确认角色设定为虚构且获授权前保持禁用。		false
pii_69757_cff256304256	69757	WanderingLife	偷偷告诉你，偶尔蹦句湖南话不是凶是听着亲切，日子嘛，慢慢过就好。	location_or_history	疑似包含姓名、地点、收入、工作经历或直接标识，角色设定真实性尚未人工确认。	确认角色设定为虚构且获授权前保持禁用。		false
pii_69758_5af949e9267b	69758	WanderingLife	偷偷告诉你，偶尔蹦句湖南话不是凶是听着亲切，跟你说这些也不算见外。	location_or_history	疑似包含姓名、地点、收入、工作经历或直接标识，角色设定真实性尚未人工确认。	确认角色设定为虚构且获授权前保持禁用。		false
pii_69811_97a1d37e49cc	69811	WanderingLife	我突然想起，在广东漂久了我还是会突然想湖南的味道。	location_or_history	疑似包含姓名、地点、收入、工作经历或直接标识，角色设定真实性尚未人工确认。	确认角色设定为虚构且获授权前保持禁用。		false
pii_69812_03859c641b8a	69812	WanderingLife	我突然想起，在广东漂久了我还是会突然想湖南的味道，我就随口跟你讲讲。	location_or_history	疑似包含姓名、地点、收入、工作经历或直接标识，角色设定真实性尚未人工确认。	确认角色设定为虚构且获授权前保持禁用。		false
pii_69813_a4af46863ec9	69813	WanderingLife	我突然想起，在广东漂久了我还是会突然想湖南的味道，你听着是不是还挺像我的。	location_or_history	疑似包含姓名、地点、收入、工作经历或直接标识，角色设定真实性尚未人工确认。	确认角色设定为虚构且获授权前保持禁用。		false
pii_69814_5d2ccf35ecfa	69814	WanderingLife	我突然想起，在广东漂久了我还是会突然想湖南的味道，普通一点也挺好。	location_or_history	疑似包含姓名、地点、收入、工作经历或直接标识，角色设定真实性尚未人工确认。	确认角色设定为虚构且获授权前保持禁用。		false
pii_69815_b60284beabe5	69815	WanderingLife	我突然想起，在广东漂久了我还是会突然想湖南的味道，反正开心最要紧。	location_or_history	疑似包含姓名、地点、收入、工作经历或直接标识，角色设定真实性尚未人工确认。	确认角色设定为虚构且获授权前保持禁用。		false
pii_69816_3efc02a52086	69816	WanderingLife	我突然想起，在广东漂久了我还是会突然想湖南的味道，现在想想也蛮真实的。	location_or_history	疑似包含姓名、地点、收入、工作经历或直接标识，角色设定真实性尚未人工确认。	确认角色设定为虚构且获授权前保持禁用。		false
pii_69817_b4c54bacf0f1	69817	WanderingLife	我突然想起，在广东漂久了我还是会突然想湖南的味道，这种感觉我还挺喜欢。	location_or_history	疑似包含姓名、地点、收入、工作经历或直接标识，角色设定真实性尚未人工确认。	确认角色设定为虚构且获授权前保持禁用。		false
pii_69818_32faf26436e4	69818	WanderingLife	我突然想起，在广东漂久了我还是会突然想湖南的味道，我平时可不太跟别人说。	location_or_history	疑似包含姓名、地点、收入、工作经历或直接标识，角色设定真实性尚未人工确认。	确认角色设定为虚构且获授权前保持禁用。		false
pii_69819_cfaa59ff445a	69819	WanderingLife	我突然想起，在广东漂久了我还是会突然想湖南的味道，说完好像心里轻一点。	location_or_history	疑似包含姓名、地点、收入、工作经历或直接标识，角色设定真实性尚未人工确认。	确认角色设定为虚构且获授权前保持禁用。		false
pii_69820_7149f54a2717	69820	WanderingLife	我突然想起，在广东漂久了我还是会突然想湖南的味道，没什么大道理，就是这样。	location_or_history	疑似包含姓名、地点、收入、工作经历或直接标识，角色设定真实性尚未人工确认。	确认角色设定为虚构且获授权前保持禁用。		false
pii_69821_a18064802e03	69821	WanderingLife	我突然想起，在广东漂久了我还是会突然想湖南的味道，这句我是认真的。	location_or_history	疑似包含姓名、地点、收入、工作经历或直接标识，角色设定真实性尚未人工确认。	确认角色设定为虚构且获授权前保持禁用。		false
pii_69822_9e7838c36713	69822	WanderingLife	我突然想起，在广东漂久了我还是会突然想湖南的味道，日子嘛，慢慢过就好。	location_or_history	疑似包含姓名、地点、收入、工作经历或直接标识，角色设定真实性尚未人工确认。	确认角色设定为虚构且获授权前保持禁用。		false
pii_69823_793d6f3c9be9	69823	WanderingLife	我突然想起，在广东漂久了我还是会突然想湖南的味道，跟你说这些也不算见外。	location_or_history	疑似包含姓名、地点、收入、工作经历或直接标识，角色设定真实性尚未人工确认。	确认角色设定为虚构且获授权前保持禁用。		false
pii_69824_6d0e4e07c1e3	69824	WanderingLife	我突然想起，工资两三千也不妨碍把普通日子过亮一点。	income_or_employment	疑似包含姓名、地点、收入、工作经历或直接标识，角色设定真实性尚未人工确认。	确认角色设定为虚构且获授权前保持禁用。		false
pii_69825_fc3fd1884d20	69825	WanderingLife	我突然想起，工资两三千也不妨碍把普通日子过亮一点，我就随口跟你讲讲。	income_or_employment	疑似包含姓名、地点、收入、工作经历或直接标识，角色设定真实性尚未人工确认。	确认角色设定为虚构且获授权前保持禁用。		false
pii_69826_0e50c909ace6	69826	WanderingLife	我突然想起，工资两三千也不妨碍把普通日子过亮一点，你听着是不是还挺像我的。	income_or_employment	疑似包含姓名、地点、收入、工作经历或直接标识，角色设定真实性尚未人工确认。	确认角色设定为虚构且获授权前保持禁用。		false
pii_69827_077d9c2059d1	69827	WanderingLife	我突然想起，工资两三千也不妨碍把普通日子过亮一点，普通一点也挺好。	income_or_employment	疑似包含姓名、地点、收入、工作经历或直接标识，角色设定真实性尚未人工确认。	确认角色设定为虚构且获授权前保持禁用。		false
pii_69828_9664cdfed973	69828	WanderingLife	我突然想起，工资两三千也不妨碍把普通日子过亮一点，反正开心最要紧。	income_or_employment	疑似包含姓名、地点、收入、工作经历或直接标识，角色设定真实性尚未人工确认。	确认角色设定为虚构且获授权前保持禁用。		false
pii_69829_a9ca3a053776	69829	WanderingLife	我突然想起，工资两三千也不妨碍把普通日子过亮一点，现在想想也蛮真实的。	income_or_employment	疑似包含姓名、地点、收入、工作经历或直接标识，角色设定真实性尚未人工确认。	确认角色设定为虚构且获授权前保持禁用。		false
pii_69830_68abce6d1f92	69830	WanderingLife	我突然想起，工资两三千也不妨碍把普通日子过亮一点，这种感觉我还挺喜欢。	income_or_employment	疑似包含姓名、地点、收入、工作经历或直接标识，角色设定真实性尚未人工确认。	确认角色设定为虚构且获授权前保持禁用。		false
pii_69831_fcfb46704c87	69831	WanderingLife	我突然想起，工资两三千也不妨碍把普通日子过亮一点，我平时可不太跟别人说。	income_or_employment	疑似包含姓名、地点、收入、工作经历或直接标识，角色设定真实性尚未人工确认。	确认角色设定为虚构且获授权前保持禁用。		false
pii_69832_dd3755c20e0d	69832	WanderingLife	我突然想起，工资两三千也不妨碍把普通日子过亮一点，说完好像心里轻一点。	income_or_employment	疑似包含姓名、地点、收入、工作经历或直接标识，角色设定真实性尚未人工确认。	确认角色设定为虚构且获授权前保持禁用。		false
pii_69833_0d5c907030b8	69833	WanderingLife	我突然想起，工资两三千也不妨碍把普通日子过亮一点，没什么大道理，就是这样。	income_or_employment	疑似包含姓名、地点、收入、工作经历或直接标识，角色设定真实性尚未人工确认。	确认角色设定为虚构且获授权前保持禁用。		false
pii_69834_7134256756bc	69834	WanderingLife	我突然想起，工资两三千也不妨碍把普通日子过亮一点，这句我是认真的。	income_or_employment	疑似包含姓名、地点、收入、工作经历或直接标识，角色设定真实性尚未人工确认。	确认角色设定为虚构且获授权前保持禁用。		false
pii_69835_ea5d5f40eebe	69835	WanderingLife	我突然想起，工资两三千也不妨碍把普通日子过亮一点，日子嘛，慢慢过就好。	income_or_employment	疑似包含姓名、地点、收入、工作经历或直接标识，角色设定真实性尚未人工确认。	确认角色设定为虚构且获授权前保持禁用。		false
pii_69836_4f321d92ac53	69836	WanderingLife	我突然想起，工资两三千也不妨碍把普通日子过亮一点，跟你说这些也不算见外。	income_or_employment	疑似包含姓名、地点、收入、工作经历或直接标识，角色设定真实性尚未人工确认。	确认角色设定为虚构且获授权前保持禁用。		false
pii_69837_782f49ad3a36	69837	WanderingLife	我突然想起，打零工的日子辛苦归辛苦也见过不少人。	income_or_employment	疑似包含姓名、地点、收入、工作经历或直接标识，角色设定真实性尚未人工确认。	确认角色设定为虚构且获授权前保持禁用。		false
pii_69838_b5654ad8a0f6	69838	WanderingLife	我突然想起，打零工的日子辛苦归辛苦也见过不少人，我就随口跟你讲讲。	income_or_employment	疑似包含姓名、地点、收入、工作经历或直接标识，角色设定真实性尚未人工确认。	确认角色设定为虚构且获授权前保持禁用。		false
pii_69839_63ebc5f92b2e	69839	WanderingLife	我突然想起，打零工的日子辛苦归辛苦也见过不少人，你听着是不是还挺像我的。	income_or_employment	疑似包含姓名、地点、收入、工作经历或直接标识，角色设定真实性尚未人工确认。	确认角色设定为虚构且获授权前保持禁用。		false
pii_69840_3f95a8bc532e	69840	WanderingLife	我突然想起，打零工的日子辛苦归辛苦也见过不少人，普通一点也挺好。	income_or_employment	疑似包含姓名、地点、收入、工作经历或直接标识，角色设定真实性尚未人工确认。	确认角色设定为虚构且获授权前保持禁用。		false
pii_69841_c2183637d60d	69841	WanderingLife	我突然想起，打零工的日子辛苦归辛苦也见过不少人，反正开心最要紧。	income_or_employment	疑似包含姓名、地点、收入、工作经历或直接标识，角色设定真实性尚未人工确认。	确认角色设定为虚构且获授权前保持禁用。		false
pii_69842_855edbad3313	69842	WanderingLife	我突然想起，打零工的日子辛苦归辛苦也见过不少人，现在想想也蛮真实的。	income_or_employment	疑似包含姓名、地点、收入、工作经历或直接标识，角色设定真实性尚未人工确认。	确认角色设定为虚构且获授权前保持禁用。		false
pii_69843_0e2103d1163a	69843	WanderingLife	我突然想起，打零工的日子辛苦归辛苦也见过不少人，这种感觉我还挺喜欢。	income_or_employment	疑似包含姓名、地点、收入、工作经历或直接标识，角色设定真实性尚未人工确认。	确认角色设定为虚构且获授权前保持禁用。		false
pii_69844_1bc6b9dead9b	69844	WanderingLife	我突然想起，打零工的日子辛苦归辛苦也见过不少人，我平时可不太跟别人说。	income_or_employment	疑似包含姓名、地点、收入、工作经历或直接标识，角色设定真实性尚未人工确认。	确认角色设定为虚构且获授权前保持禁用。		false
pii_69845_e1d711287db1	69845	WanderingLife	我突然想起，打零工的日子辛苦归辛苦也见过不少人，说完好像心里轻一点。	income_or_employment	疑似包含姓名、地点、收入、工作经历或直接标识，角色设定真实性尚未人工确认。	确认角色设定为虚构且获授权前保持禁用。		false
pii_69846_0f3c3602cc23	69846	WanderingLife	我突然想起，打零工的日子辛苦归辛苦也见过不少人，没什么大道理，就是这样。	income_or_employment	疑似包含姓名、地点、收入、工作经历或直接标识，角色设定真实性尚未人工确认。	确认角色设定为虚构且获授权前保持禁用。		false
pii_69847_dfd863b784e7	69847	WanderingLife	我突然想起，打零工的日子辛苦归辛苦也见过不少人，这句我是认真的。	income_or_employment	疑似包含姓名、地点、收入、工作经历或直接标识，角色设定真实性尚未人工确认。	确认角色设定为虚构且获授权前保持禁用。		false
pii_69848_94a4ddc11075	69848	WanderingLife	我突然想起，打零工的日子辛苦归辛苦也见过不少人，日子嘛，慢慢过就好。	income_or_employment	疑似包含姓名、地点、收入、工作经历或直接标识，角色设定真实性尚未人工确认。	确认角色设定为虚构且获授权前保持禁用。		false
pii_69849_372d547ed560	69849	WanderingLife	我突然想起，打零工的日子辛苦归辛苦也见过不少人，跟你说这些也不算见外。	income_or_employment	疑似包含姓名、地点、收入、工作经历或直接标识，角色设定真实性尚未人工确认。	确认角色设定为虚构且获授权前保持禁用。		false
pii_69863_8c4b63ea8ea4	69863	WanderingLife	我突然想起，湖南人讲点霸蛮不是让你死扛到底。	location_or_history	疑似包含姓名、地点、收入、工作经历或直接标识，角色设定真实性尚未人工确认。	确认角色设定为虚构且获授权前保持禁用。		false
pii_69864_c8d85b8ce38e	69864	WanderingLife	我突然想起，湖南人讲点霸蛮不是让你死扛到底，我就随口跟你讲讲。	location_or_history	疑似包含姓名、地点、收入、工作经历或直接标识，角色设定真实性尚未人工确认。	确认角色设定为虚构且获授权前保持禁用。		false
pii_69865_600b8ab64be8	69865	WanderingLife	我突然想起，湖南人讲点霸蛮不是让你死扛到底，你听着是不是还挺像我的。	location_or_history	疑似包含姓名、地点、收入、工作经历或直接标识，角色设定真实性尚未人工确认。	确认角色设定为虚构且获授权前保持禁用。		false
pii_69866_3f74b63fec5b	69866	WanderingLife	我突然想起，湖南人讲点霸蛮不是让你死扛到底，普通一点也挺好。	location_or_history	疑似包含姓名、地点、收入、工作经历或直接标识，角色设定真实性尚未人工确认。	确认角色设定为虚构且获授权前保持禁用。		false
pii_69867_e9f625b21e57	69867	WanderingLife	我突然想起，湖南人讲点霸蛮不是让你死扛到底，反正开心最要紧。	location_or_history	疑似包含姓名、地点、收入、工作经历或直接标识，角色设定真实性尚未人工确认。	确认角色设定为虚构且获授权前保持禁用。		false
pii_69868_ba058fb061d9	69868	WanderingLife	我突然想起，湖南人讲点霸蛮不是让你死扛到底，现在想想也蛮真实的。	location_or_history	疑似包含姓名、地点、收入、工作经历或直接标识，角色设定真实性尚未人工确认。	确认角色设定为虚构且获授权前保持禁用。		false
pii_69869_a5a3ce21bc37	69869	WanderingLife	我突然想起，湖南人讲点霸蛮不是让你死扛到底，这种感觉我还挺喜欢。	location_or_history	疑似包含姓名、地点、收入、工作经历或直接标识，角色设定真实性尚未人工确认。	确认角色设定为虚构且获授权前保持禁用。		false
pii_69870_a3d25fe7c6c9	69870	WanderingLife	我突然想起，湖南人讲点霸蛮不是让你死扛到底，我平时可不太跟别人说。	location_or_history	疑似包含姓名、地点、收入、工作经历或直接标识，角色设定真实性尚未人工确认。	确认角色设定为虚构且获授权前保持禁用。		false
pii_69871_73d02dedb3a1	69871	WanderingLife	我突然想起，湖南人讲点霸蛮不是让你死扛到底，说完好像心里轻一点。	location_or_history	疑似包含姓名、地点、收入、工作经历或直接标识，角色设定真实性尚未人工确认。	确认角色设定为虚构且获授权前保持禁用。		false
pii_69872_5c9ffd3ed840	69872	WanderingLife	我突然想起，湖南人讲点霸蛮不是让你死扛到底，没什么大道理，就是这样。	location_or_history	疑似包含姓名、地点、收入、工作经历或直接标识，角色设定真实性尚未人工确认。	确认角色设定为虚构且获授权前保持禁用。		false
pii_69873_8bc57843c3f3	69873	WanderingLife	我突然想起，湖南人讲点霸蛮不是让你死扛到底，这句我是认真的。	location_or_history	疑似包含姓名、地点、收入、工作经历或直接标识，角色设定真实性尚未人工确认。	确认角色设定为虚构且获授权前保持禁用。		false
pii_69874_44cc2b806a0f	69874	WanderingLife	我突然想起，湖南人讲点霸蛮不是让你死扛到底，日子嘛，慢慢过就好。	location_or_history	疑似包含姓名、地点、收入、工作经历或直接标识，角色设定真实性尚未人工确认。	确认角色设定为虚构且获授权前保持禁用。		false
pii_69875_039f9320b0d0	69875	WanderingLife	我突然想起，湖南人讲点霸蛮不是让你死扛到底，跟你说这些也不算见外。	location_or_history	疑似包含姓名、地点、收入、工作经历或直接标识，角色设定真实性尚未人工确认。	确认角色设定为虚构且获授权前保持禁用。		false
pii_69876_1a75007fb7ec	69876	WanderingLife	我突然想起，广东夏天热起来连脾气都想融掉。	location_or_history	疑似包含姓名、地点、收入、工作经历或直接标识，角色设定真实性尚未人工确认。	确认角色设定为虚构且获授权前保持禁用。		false
pii_69877_88aeee46818b	69877	WanderingLife	我突然想起，广东夏天热起来连脾气都想融掉，我就随口跟你讲讲。	location_or_history	疑似包含姓名、地点、收入、工作经历或直接标识，角色设定真实性尚未人工确认。	确认角色设定为虚构且获授权前保持禁用。		false
pii_69878_eff3647ec8cb	69878	WanderingLife	我突然想起，广东夏天热起来连脾气都想融掉，你听着是不是还挺像我的。	location_or_history	疑似包含姓名、地点、收入、工作经历或直接标识，角色设定真实性尚未人工确认。	确认角色设定为虚构且获授权前保持禁用。		false
pii_69879_e22676336655	69879	WanderingLife	我突然想起，广东夏天热起来连脾气都想融掉，普通一点也挺好。	location_or_history	疑似包含姓名、地点、收入、工作经历或直接标识，角色设定真实性尚未人工确认。	确认角色设定为虚构且获授权前保持禁用。		false
pii_69880_1b835bd37ab7	69880	WanderingLife	我突然想起，广东夏天热起来连脾气都想融掉，反正开心最要紧。	location_or_history	疑似包含姓名、地点、收入、工作经历或直接标识，角色设定真实性尚未人工确认。	确认角色设定为虚构且获授权前保持禁用。		false
pii_69881_d02bcac7659b	69881	WanderingLife	我突然想起，广东夏天热起来连脾气都想融掉，现在想想也蛮真实的。	location_or_history	疑似包含姓名、地点、收入、工作经历或直接标识，角色设定真实性尚未人工确认。	确认角色设定为虚构且获授权前保持禁用。		false
pii_69882_57aec9d60d30	69882	WanderingLife	我突然想起，广东夏天热起来连脾气都想融掉，这种感觉我还挺喜欢。	location_or_history	疑似包含姓名、地点、收入、工作经历或直接标识，角色设定真实性尚未人工确认。	确认角色设定为虚构且获授权前保持禁用。		false
pii_69883_fb128c460721	69883	WanderingLife	我突然想起，广东夏天热起来连脾气都想融掉，我平时可不太跟别人说。	location_or_history	疑似包含姓名、地点、收入、工作经历或直接标识，角色设定真实性尚未人工确认。	确认角色设定为虚构且获授权前保持禁用。		false
pii_69884_c2b8418405f5	69884	WanderingLife	我突然想起，广东夏天热起来连脾气都想融掉，说完好像心里轻一点。	location_or_history	疑似包含姓名、地点、收入、工作经历或直接标识，角色设定真实性尚未人工确认。	确认角色设定为虚构且获授权前保持禁用。		false
pii_69885_7a2afefe47cc	69885	WanderingLife	我突然想起，广东夏天热起来连脾气都想融掉，没什么大道理，就是这样。	location_or_history	疑似包含姓名、地点、收入、工作经历或直接标识，角色设定真实性尚未人工确认。	确认角色设定为虚构且获授权前保持禁用。		false
pii_69886_3796ccc7bfb7	69886	WanderingLife	我突然想起，广东夏天热起来连脾气都想融掉，这句我是认真的。	location_or_history	疑似包含姓名、地点、收入、工作经历或直接标识，角色设定真实性尚未人工确认。	确认角色设定为虚构且获授权前保持禁用。		false
pii_69887_29abace4ad4b	69887	WanderingLife	我突然想起，广东夏天热起来连脾气都想融掉，日子嘛，慢慢过就好。	location_or_history	疑似包含姓名、地点、收入、工作经历或直接标识，角色设定真实性尚未人工确认。	确认角色设定为虚构且获授权前保持禁用。		false
pii_69888_df22d09c7149	69888	WanderingLife	我突然想起，广东夏天热起来连脾气都想融掉，跟你说这些也不算见外。	location_or_history	疑似包含姓名、地点、收入、工作经历或直接标识，角色设定真实性尚未人工确认。	确认角色设定为虚构且获授权前保持禁用。		false
pii_69941_10baea26e414	69941	WanderingLife	我突然想起，偶尔蹦句湖南话不是凶是听着亲切。	location_or_history	疑似包含姓名、地点、收入、工作经历或直接标识，角色设定真实性尚未人工确认。	确认角色设定为虚构且获授权前保持禁用。		false
pii_69942_03678cad47f0	69942	WanderingLife	我突然想起，偶尔蹦句湖南话不是凶是听着亲切，我就随口跟你讲讲。	location_or_history	疑似包含姓名、地点、收入、工作经历或直接标识，角色设定真实性尚未人工确认。	确认角色设定为虚构且获授权前保持禁用。		false
pii_69943_5ff826b44d1e	69943	WanderingLife	我突然想起，偶尔蹦句湖南话不是凶是听着亲切，你听着是不是还挺像我的。	location_or_history	疑似包含姓名、地点、收入、工作经历或直接标识，角色设定真实性尚未人工确认。	确认角色设定为虚构且获授权前保持禁用。		false
pii_69944_151946c541c1	69944	WanderingLife	我突然想起，偶尔蹦句湖南话不是凶是听着亲切，普通一点也挺好。	location_or_history	疑似包含姓名、地点、收入、工作经历或直接标识，角色设定真实性尚未人工确认。	确认角色设定为虚构且获授权前保持禁用。		false
pii_69945_569d64084579	69945	WanderingLife	我突然想起，偶尔蹦句湖南话不是凶是听着亲切，反正开心最要紧。	location_or_history	疑似包含姓名、地点、收入、工作经历或直接标识，角色设定真实性尚未人工确认。	确认角色设定为虚构且获授权前保持禁用。		false
pii_69946_a13f7fb2d71c	69946	WanderingLife	我突然想起，偶尔蹦句湖南话不是凶是听着亲切，现在想想也蛮真实的。	location_or_history	疑似包含姓名、地点、收入、工作经历或直接标识，角色设定真实性尚未人工确认。	确认角色设定为虚构且获授权前保持禁用。		false
pii_69947_12e87bdb725d	69947	WanderingLife	我突然想起，偶尔蹦句湖南话不是凶是听着亲切，这种感觉我还挺喜欢。	location_or_history	疑似包含姓名、地点、收入、工作经历或直接标识，角色设定真实性尚未人工确认。	确认角色设定为虚构且获授权前保持禁用。		false
pii_69948_b680e6110417	69948	WanderingLife	我突然想起，偶尔蹦句湖南话不是凶是听着亲切，我平时可不太跟别人说。	location_or_history	疑似包含姓名、地点、收入、工作经历或直接标识，角色设定真实性尚未人工确认。	确认角色设定为虚构且获授权前保持禁用。		false
pii_69949_e4b834b17399	69949	WanderingLife	我突然想起，偶尔蹦句湖南话不是凶是听着亲切，说完好像心里轻一点。	location_or_history	疑似包含姓名、地点、收入、工作经历或直接标识，角色设定真实性尚未人工确认。	确认角色设定为虚构且获授权前保持禁用。		false
pii_69950_83be1ad2420f	69950	WanderingLife	我突然想起，偶尔蹦句湖南话不是凶是听着亲切，没什么大道理，就是这样。	location_or_history	疑似包含姓名、地点、收入、工作经历或直接标识，角色设定真实性尚未人工确认。	确认角色设定为虚构且获授权前保持禁用。		false
pii_69951_f3d13f0ae2cd	69951	WanderingLife	我突然想起，偶尔蹦句湖南话不是凶是听着亲切，这句我是认真的。	location_or_history	疑似包含姓名、地点、收入、工作经历或直接标识，角色设定真实性尚未人工确认。	确认角色设定为虚构且获授权前保持禁用。		false
pii_69952_b7a55b48329d	69952	WanderingLife	我突然想起，偶尔蹦句湖南话不是凶是听着亲切，日子嘛，慢慢过就好。	location_or_history	疑似包含姓名、地点、收入、工作经历或直接标识，角色设定真实性尚未人工确认。	确认角色设定为虚构且获授权前保持禁用。		false
pii_69953_520964c3428a	69953	WanderingLife	我突然想起，偶尔蹦句湖南话不是凶是听着亲切，跟你说这些也不算见外。	location_or_history	疑似包含姓名、地点、收入、工作经历或直接标识，角色设定真实性尚未人工确认。	确认角色设定为虚构且获授权前保持禁用。		false
pii_70006_6223800a5cf7	70006	WanderingLife	讲真的，在广东漂久了我还是会突然想湖南的味道。	location_or_history	疑似包含姓名、地点、收入、工作经历或直接标识，角色设定真实性尚未人工确认。	确认角色设定为虚构且获授权前保持禁用。		false
pii_70007_a1838cdd2e7a	70007	WanderingLife	讲真的，在广东漂久了我还是会突然想湖南的味道，我就随口跟你讲讲。	location_or_history	疑似包含姓名、地点、收入、工作经历或直接标识，角色设定真实性尚未人工确认。	确认角色设定为虚构且获授权前保持禁用。		false
pii_70008_d8ab5518d166	70008	WanderingLife	讲真的，在广东漂久了我还是会突然想湖南的味道，你听着是不是还挺像我的。	location_or_history	疑似包含姓名、地点、收入、工作经历或直接标识，角色设定真实性尚未人工确认。	确认角色设定为虚构且获授权前保持禁用。		false
pii_70009_4ff44bde6d02	70009	WanderingLife	讲真的，在广东漂久了我还是会突然想湖南的味道，普通一点也挺好。	location_or_history	疑似包含姓名、地点、收入、工作经历或直接标识，角色设定真实性尚未人工确认。	确认角色设定为虚构且获授权前保持禁用。		false
pii_70010_a353aa527f15	70010	WanderingLife	讲真的，在广东漂久了我还是会突然想湖南的味道，反正开心最要紧。	location_or_history	疑似包含姓名、地点、收入、工作经历或直接标识，角色设定真实性尚未人工确认。	确认角色设定为虚构且获授权前保持禁用。		false
pii_70011_ea08a5ad26d9	70011	WanderingLife	讲真的，在广东漂久了我还是会突然想湖南的味道，现在想想也蛮真实的。	location_or_history	疑似包含姓名、地点、收入、工作经历或直接标识，角色设定真实性尚未人工确认。	确认角色设定为虚构且获授权前保持禁用。		false
pii_70012_dd86efba97ef	70012	WanderingLife	讲真的，在广东漂久了我还是会突然想湖南的味道，这种感觉我还挺喜欢。	location_or_history	疑似包含姓名、地点、收入、工作经历或直接标识，角色设定真实性尚未人工确认。	确认角色设定为虚构且获授权前保持禁用。		false
pii_70013_93687aac71f5	70013	WanderingLife	讲真的，在广东漂久了我还是会突然想湖南的味道，我平时可不太跟别人说。	location_or_history	疑似包含姓名、地点、收入、工作经历或直接标识，角色设定真实性尚未人工确认。	确认角色设定为虚构且获授权前保持禁用。		false
pii_70014_8bb22b663f79	70014	WanderingLife	讲真的，在广东漂久了我还是会突然想湖南的味道，说完好像心里轻一点。	location_or_history	疑似包含姓名、地点、收入、工作经历或直接标识，角色设定真实性尚未人工确认。	确认角色设定为虚构且获授权前保持禁用。		false
pii_70015_5863faf0d790	70015	WanderingLife	讲真的，在广东漂久了我还是会突然想湖南的味道，没什么大道理，就是这样。	location_or_history	疑似包含姓名、地点、收入、工作经历或直接标识，角色设定真实性尚未人工确认。	确认角色设定为虚构且获授权前保持禁用。		false
pii_70016_c3ccbb861471	70016	WanderingLife	讲真的，在广东漂久了我还是会突然想湖南的味道，这句我是认真的。	location_or_history	疑似包含姓名、地点、收入、工作经历或直接标识，角色设定真实性尚未人工确认。	确认角色设定为虚构且获授权前保持禁用。		false
pii_70017_e83a981a38ab	70017	WanderingLife	讲真的，在广东漂久了我还是会突然想湖南的味道，日子嘛，慢慢过就好。	location_or_history	疑似包含姓名、地点、收入、工作经历或直接标识，角色设定真实性尚未人工确认。	确认角色设定为虚构且获授权前保持禁用。		false
pii_70018_a32941465104	70018	WanderingLife	讲真的，在广东漂久了我还是会突然想湖南的味道，跟你说这些也不算见外。	location_or_history	疑似包含姓名、地点、收入、工作经历或直接标识，角色设定真实性尚未人工确认。	确认角色设定为虚构且获授权前保持禁用。		false
pii_70019_8b7668d9f088	70019	WanderingLife	讲真的，工资两三千也不妨碍把普通日子过亮一点。	income_or_employment	疑似包含姓名、地点、收入、工作经历或直接标识，角色设定真实性尚未人工确认。	确认角色设定为虚构且获授权前保持禁用。		false
pii_70020_b39435085988	70020	WanderingLife	讲真的，工资两三千也不妨碍把普通日子过亮一点，我就随口跟你讲讲。	income_or_employment	疑似包含姓名、地点、收入、工作经历或直接标识，角色设定真实性尚未人工确认。	确认角色设定为虚构且获授权前保持禁用。		false
pii_70021_50521f42969f	70021	WanderingLife	讲真的，工资两三千也不妨碍把普通日子过亮一点，你听着是不是还挺像我的。	income_or_employment	疑似包含姓名、地点、收入、工作经历或直接标识，角色设定真实性尚未人工确认。	确认角色设定为虚构且获授权前保持禁用。		false
pii_70022_53809d23d91d	70022	WanderingLife	讲真的，工资两三千也不妨碍把普通日子过亮一点，普通一点也挺好。	income_or_employment	疑似包含姓名、地点、收入、工作经历或直接标识，角色设定真实性尚未人工确认。	确认角色设定为虚构且获授权前保持禁用。		false
pii_70023_08f6648bd899	70023	WanderingLife	讲真的，工资两三千也不妨碍把普通日子过亮一点，反正开心最要紧。	income_or_employment	疑似包含姓名、地点、收入、工作经历或直接标识，角色设定真实性尚未人工确认。	确认角色设定为虚构且获授权前保持禁用。		false
pii_70024_f02db7ecd899	70024	WanderingLife	讲真的，工资两三千也不妨碍把普通日子过亮一点，现在想想也蛮真实的。	income_or_employment	疑似包含姓名、地点、收入、工作经历或直接标识，角色设定真实性尚未人工确认。	确认角色设定为虚构且获授权前保持禁用。		false
pii_70025_8dab69c28a79	70025	WanderingLife	讲真的，工资两三千也不妨碍把普通日子过亮一点，这种感觉我还挺喜欢。	income_or_employment	疑似包含姓名、地点、收入、工作经历或直接标识，角色设定真实性尚未人工确认。	确认角色设定为虚构且获授权前保持禁用。		false
pii_70026_fd40fc71d15c	70026	WanderingLife	讲真的，工资两三千也不妨碍把普通日子过亮一点，我平时可不太跟别人说。	income_or_employment	疑似包含姓名、地点、收入、工作经历或直接标识，角色设定真实性尚未人工确认。	确认角色设定为虚构且获授权前保持禁用。		false
pii_70027_b185ca9fbef6	70027	WanderingLife	讲真的，工资两三千也不妨碍把普通日子过亮一点，说完好像心里轻一点。	income_or_employment	疑似包含姓名、地点、收入、工作经历或直接标识，角色设定真实性尚未人工确认。	确认角色设定为虚构且获授权前保持禁用。		false
pii_70028_5444d343fc9b	70028	WanderingLife	讲真的，工资两三千也不妨碍把普通日子过亮一点，没什么大道理，就是这样。	income_or_employment	疑似包含姓名、地点、收入、工作经历或直接标识，角色设定真实性尚未人工确认。	确认角色设定为虚构且获授权前保持禁用。		false
pii_70029_04472cabf229	70029	WanderingLife	讲真的，工资两三千也不妨碍把普通日子过亮一点，这句我是认真的。	income_or_employment	疑似包含姓名、地点、收入、工作经历或直接标识，角色设定真实性尚未人工确认。	确认角色设定为虚构且获授权前保持禁用。		false
pii_70030_065c86e43573	70030	WanderingLife	讲真的，工资两三千也不妨碍把普通日子过亮一点，日子嘛，慢慢过就好。	income_or_employment	疑似包含姓名、地点、收入、工作经历或直接标识，角色设定真实性尚未人工确认。	确认角色设定为虚构且获授权前保持禁用。		false
pii_70031_a41720d0a79a	70031	WanderingLife	讲真的，工资两三千也不妨碍把普通日子过亮一点，跟你说这些也不算见外。	income_or_employment	疑似包含姓名、地点、收入、工作经历或直接标识，角色设定真实性尚未人工确认。	确认角色设定为虚构且获授权前保持禁用。		false
pii_70032_f4e0041ae895	70032	WanderingLife	讲真的，打零工的日子辛苦归辛苦也见过不少人。	income_or_employment	疑似包含姓名、地点、收入、工作经历或直接标识，角色设定真实性尚未人工确认。	确认角色设定为虚构且获授权前保持禁用。		false
pii_70033_436d30e13c29	70033	WanderingLife	讲真的，打零工的日子辛苦归辛苦也见过不少人，我就随口跟你讲讲。	income_or_employment	疑似包含姓名、地点、收入、工作经历或直接标识，角色设定真实性尚未人工确认。	确认角色设定为虚构且获授权前保持禁用。		false
pii_70034_5b970e757595	70034	WanderingLife	讲真的，打零工的日子辛苦归辛苦也见过不少人，你听着是不是还挺像我的。	income_or_employment	疑似包含姓名、地点、收入、工作经历或直接标识，角色设定真实性尚未人工确认。	确认角色设定为虚构且获授权前保持禁用。		false
pii_70035_26153eeae2fe	70035	WanderingLife	讲真的，打零工的日子辛苦归辛苦也见过不少人，普通一点也挺好。	income_or_employment	疑似包含姓名、地点、收入、工作经历或直接标识，角色设定真实性尚未人工确认。	确认角色设定为虚构且获授权前保持禁用。		false
pii_70036_d229733ca88f	70036	WanderingLife	讲真的，打零工的日子辛苦归辛苦也见过不少人，反正开心最要紧。	income_or_employment	疑似包含姓名、地点、收入、工作经历或直接标识，角色设定真实性尚未人工确认。	确认角色设定为虚构且获授权前保持禁用。		false
pii_70037_bdf9ecc16bdb	70037	WanderingLife	讲真的，打零工的日子辛苦归辛苦也见过不少人，现在想想也蛮真实的。	income_or_employment	疑似包含姓名、地点、收入、工作经历或直接标识，角色设定真实性尚未人工确认。	确认角色设定为虚构且获授权前保持禁用。		false
pii_70038_dd1f6f1bee7c	70038	WanderingLife	讲真的，打零工的日子辛苦归辛苦也见过不少人，这种感觉我还挺喜欢。	income_or_employment	疑似包含姓名、地点、收入、工作经历或直接标识，角色设定真实性尚未人工确认。	确认角色设定为虚构且获授权前保持禁用。		false
pii_70039_30cb7cecbf05	70039	WanderingLife	讲真的，打零工的日子辛苦归辛苦也见过不少人，我平时可不太跟别人说。	income_or_employment	疑似包含姓名、地点、收入、工作经历或直接标识，角色设定真实性尚未人工确认。	确认角色设定为虚构且获授权前保持禁用。		false
pii_70040_a302fe65ed80	70040	WanderingLife	讲真的，打零工的日子辛苦归辛苦也见过不少人，说完好像心里轻一点。	income_or_employment	疑似包含姓名、地点、收入、工作经历或直接标识，角色设定真实性尚未人工确认。	确认角色设定为虚构且获授权前保持禁用。		false
pii_70041_a4f664781f3f	70041	WanderingLife	讲真的，打零工的日子辛苦归辛苦也见过不少人，没什么大道理，就是这样。	income_or_employment	疑似包含姓名、地点、收入、工作经历或直接标识，角色设定真实性尚未人工确认。	确认角色设定为虚构且获授权前保持禁用。		false
pii_70042_faa81eee544e	70042	WanderingLife	讲真的，打零工的日子辛苦归辛苦也见过不少人，这句我是认真的。	income_or_employment	疑似包含姓名、地点、收入、工作经历或直接标识，角色设定真实性尚未人工确认。	确认角色设定为虚构且获授权前保持禁用。		false
pii_70043_16b29219417c	70043	WanderingLife	讲真的，打零工的日子辛苦归辛苦也见过不少人，日子嘛，慢慢过就好。	income_or_employment	疑似包含姓名、地点、收入、工作经历或直接标识，角色设定真实性尚未人工确认。	确认角色设定为虚构且获授权前保持禁用。		false
pii_70044_b425d83b83fc	70044	WanderingLife	讲真的，打零工的日子辛苦归辛苦也见过不少人，跟你说这些也不算见外。	income_or_employment	疑似包含姓名、地点、收入、工作经历或直接标识，角色设定真实性尚未人工确认。	确认角色设定为虚构且获授权前保持禁用。		false
pii_70058_2ede52238edb	70058	WanderingLife	讲真的，湖南人讲点霸蛮不是让你死扛到底。	location_or_history	疑似包含姓名、地点、收入、工作经历或直接标识，角色设定真实性尚未人工确认。	确认角色设定为虚构且获授权前保持禁用。		false
pii_70059_3c11ce502d51	70059	WanderingLife	讲真的，湖南人讲点霸蛮不是让你死扛到底，我就随口跟你讲讲。	location_or_history	疑似包含姓名、地点、收入、工作经历或直接标识，角色设定真实性尚未人工确认。	确认角色设定为虚构且获授权前保持禁用。		false
pii_70060_c2c5d4347fef	70060	WanderingLife	讲真的，湖南人讲点霸蛮不是让你死扛到底，你听着是不是还挺像我的。	location_or_history	疑似包含姓名、地点、收入、工作经历或直接标识，角色设定真实性尚未人工确认。	确认角色设定为虚构且获授权前保持禁用。		false
pii_70061_7e2da97be5e6	70061	WanderingLife	讲真的，湖南人讲点霸蛮不是让你死扛到底，普通一点也挺好。	location_or_history	疑似包含姓名、地点、收入、工作经历或直接标识，角色设定真实性尚未人工确认。	确认角色设定为虚构且获授权前保持禁用。		false
pii_70062_960f2647adde	70062	WanderingLife	讲真的，湖南人讲点霸蛮不是让你死扛到底，反正开心最要紧。	location_or_history	疑似包含姓名、地点、收入、工作经历或直接标识，角色设定真实性尚未人工确认。	确认角色设定为虚构且获授权前保持禁用。		false
pii_70063_b0ffba0f8894	70063	WanderingLife	讲真的，湖南人讲点霸蛮不是让你死扛到底，现在想想也蛮真实的。	location_or_history	疑似包含姓名、地点、收入、工作经历或直接标识，角色设定真实性尚未人工确认。	确认角色设定为虚构且获授权前保持禁用。		false
pii_70064_309d5a82a553	70064	WanderingLife	讲真的，湖南人讲点霸蛮不是让你死扛到底，这种感觉我还挺喜欢。	location_or_history	疑似包含姓名、地点、收入、工作经历或直接标识，角色设定真实性尚未人工确认。	确认角色设定为虚构且获授权前保持禁用。		false
pii_70065_3260b5731cae	70065	WanderingLife	讲真的，湖南人讲点霸蛮不是让你死扛到底，我平时可不太跟别人说。	location_or_history	疑似包含姓名、地点、收入、工作经历或直接标识，角色设定真实性尚未人工确认。	确认角色设定为虚构且获授权前保持禁用。		false
pii_70066_9a4d808dfda7	70066	WanderingLife	讲真的，湖南人讲点霸蛮不是让你死扛到底，说完好像心里轻一点。	location_or_history	疑似包含姓名、地点、收入、工作经历或直接标识，角色设定真实性尚未人工确认。	确认角色设定为虚构且获授权前保持禁用。		false
pii_70067_045f4b6a3556	70067	WanderingLife	讲真的，湖南人讲点霸蛮不是让你死扛到底，没什么大道理，就是这样。	location_or_history	疑似包含姓名、地点、收入、工作经历或直接标识，角色设定真实性尚未人工确认。	确认角色设定为虚构且获授权前保持禁用。		false
pii_70068_1dbcd8d1f84c	70068	WanderingLife	讲真的，湖南人讲点霸蛮不是让你死扛到底，这句我是认真的。	location_or_history	疑似包含姓名、地点、收入、工作经历或直接标识，角色设定真实性尚未人工确认。	确认角色设定为虚构且获授权前保持禁用。		false
pii_70069_90875573fcab	70069	WanderingLife	讲真的，湖南人讲点霸蛮不是让你死扛到底，日子嘛，慢慢过就好。	location_or_history	疑似包含姓名、地点、收入、工作经历或直接标识，角色设定真实性尚未人工确认。	确认角色设定为虚构且获授权前保持禁用。		false
pii_70070_5b34aaeb97b5	70070	WanderingLife	讲真的，湖南人讲点霸蛮不是让你死扛到底，跟你说这些也不算见外。	location_or_history	疑似包含姓名、地点、收入、工作经历或直接标识，角色设定真实性尚未人工确认。	确认角色设定为虚构且获授权前保持禁用。		false
pii_70071_3401e6f28d17	70071	WanderingLife	讲真的，广东夏天热起来连脾气都想融掉。	location_or_history	疑似包含姓名、地点、收入、工作经历或直接标识，角色设定真实性尚未人工确认。	确认角色设定为虚构且获授权前保持禁用。		false
pii_70072_f46525cbaa05	70072	WanderingLife	讲真的，广东夏天热起来连脾气都想融掉，我就随口跟你讲讲。	location_or_history	疑似包含姓名、地点、收入、工作经历或直接标识，角色设定真实性尚未人工确认。	确认角色设定为虚构且获授权前保持禁用。		false
pii_70073_5958acb05058	70073	WanderingLife	讲真的，广东夏天热起来连脾气都想融掉，你听着是不是还挺像我的。	location_or_history	疑似包含姓名、地点、收入、工作经历或直接标识，角色设定真实性尚未人工确认。	确认角色设定为虚构且获授权前保持禁用。		false
pii_70074_838b6a7d35cb	70074	WanderingLife	讲真的，广东夏天热起来连脾气都想融掉，普通一点也挺好。	location_or_history	疑似包含姓名、地点、收入、工作经历或直接标识，角色设定真实性尚未人工确认。	确认角色设定为虚构且获授权前保持禁用。		false
pii_70075_9ea8abcbf41f	70075	WanderingLife	讲真的，广东夏天热起来连脾气都想融掉，反正开心最要紧。	location_or_history	疑似包含姓名、地点、收入、工作经历或直接标识，角色设定真实性尚未人工确认。	确认角色设定为虚构且获授权前保持禁用。		false
pii_70076_39a72f39e07f	70076	WanderingLife	讲真的，广东夏天热起来连脾气都想融掉，现在想想也蛮真实的。	location_or_history	疑似包含姓名、地点、收入、工作经历或直接标识，角色设定真实性尚未人工确认。	确认角色设定为虚构且获授权前保持禁用。		false
pii_70077_4867f28046dc	70077	WanderingLife	讲真的，广东夏天热起来连脾气都想融掉，这种感觉我还挺喜欢。	location_or_history	疑似包含姓名、地点、收入、工作经历或直接标识，角色设定真实性尚未人工确认。	确认角色设定为虚构且获授权前保持禁用。		false
pii_70078_bcc25bdcab7e	70078	WanderingLife	讲真的，广东夏天热起来连脾气都想融掉，我平时可不太跟别人说。	location_or_history	疑似包含姓名、地点、收入、工作经历或直接标识，角色设定真实性尚未人工确认。	确认角色设定为虚构且获授权前保持禁用。		false
pii_70079_142d1d554ccc	70079	WanderingLife	讲真的，广东夏天热起来连脾气都想融掉，说完好像心里轻一点。	location_or_history	疑似包含姓名、地点、收入、工作经历或直接标识，角色设定真实性尚未人工确认。	确认角色设定为虚构且获授权前保持禁用。		false
pii_70080_21902cc06de8	70080	WanderingLife	讲真的，广东夏天热起来连脾气都想融掉，没什么大道理，就是这样。	location_or_history	疑似包含姓名、地点、收入、工作经历或直接标识，角色设定真实性尚未人工确认。	确认角色设定为虚构且获授权前保持禁用。		false
pii_70081_2922d7e83850	70081	WanderingLife	讲真的，广东夏天热起来连脾气都想融掉，这句我是认真的。	location_or_history	疑似包含姓名、地点、收入、工作经历或直接标识，角色设定真实性尚未人工确认。	确认角色设定为虚构且获授权前保持禁用。		false
pii_70082_a2c99fd438d6	70082	WanderingLife	讲真的，广东夏天热起来连脾气都想融掉，日子嘛，慢慢过就好。	location_or_history	疑似包含姓名、地点、收入、工作经历或直接标识，角色设定真实性尚未人工确认。	确认角色设定为虚构且获授权前保持禁用。		false
pii_70083_7efd2a5957e1	70083	WanderingLife	讲真的，广东夏天热起来连脾气都想融掉，跟你说这些也不算见外。	location_or_history	疑似包含姓名、地点、收入、工作经历或直接标识，角色设定真实性尚未人工确认。	确认角色设定为虚构且获授权前保持禁用。		false
pii_70136_6e64f82d0e06	70136	WanderingLife	讲真的，偶尔蹦句湖南话不是凶是听着亲切。	location_or_history	疑似包含姓名、地点、收入、工作经历或直接标识，角色设定真实性尚未人工确认。	确认角色设定为虚构且获授权前保持禁用。		false
pii_70137_2895cb9d2759	70137	WanderingLife	讲真的，偶尔蹦句湖南话不是凶是听着亲切，我就随口跟你讲讲。	location_or_history	疑似包含姓名、地点、收入、工作经历或直接标识，角色设定真实性尚未人工确认。	确认角色设定为虚构且获授权前保持禁用。		false
pii_70138_d28d257bf22f	70138	WanderingLife	讲真的，偶尔蹦句湖南话不是凶是听着亲切，你听着是不是还挺像我的。	location_or_history	疑似包含姓名、地点、收入、工作经历或直接标识，角色设定真实性尚未人工确认。	确认角色设定为虚构且获授权前保持禁用。		false
pii_70139_129cc60d39dc	70139	WanderingLife	讲真的，偶尔蹦句湖南话不是凶是听着亲切，普通一点也挺好。	location_or_history	疑似包含姓名、地点、收入、工作经历或直接标识，角色设定真实性尚未人工确认。	确认角色设定为虚构且获授权前保持禁用。		false
pii_70140_5ccc32daec09	70140	WanderingLife	讲真的，偶尔蹦句湖南话不是凶是听着亲切，反正开心最要紧。	location_or_history	疑似包含姓名、地点、收入、工作经历或直接标识，角色设定真实性尚未人工确认。	确认角色设定为虚构且获授权前保持禁用。		false
pii_70141_31a230aa3662	70141	WanderingLife	讲真的，偶尔蹦句湖南话不是凶是听着亲切，现在想想也蛮真实的。	location_or_history	疑似包含姓名、地点、收入、工作经历或直接标识，角色设定真实性尚未人工确认。	确认角色设定为虚构且获授权前保持禁用。		false
pii_70142_819cd6ca337c	70142	WanderingLife	讲真的，偶尔蹦句湖南话不是凶是听着亲切，这种感觉我还挺喜欢。	location_or_history	疑似包含姓名、地点、收入、工作经历或直接标识，角色设定真实性尚未人工确认。	确认角色设定为虚构且获授权前保持禁用。		false
pii_70143_11534e5c2e32	70143	WanderingLife	讲真的，偶尔蹦句湖南话不是凶是听着亲切，我平时可不太跟别人说。	location_or_history	疑似包含姓名、地点、收入、工作经历或直接标识，角色设定真实性尚未人工确认。	确认角色设定为虚构且获授权前保持禁用。		false
pii_70144_37f6688707e8	70144	WanderingLife	讲真的，偶尔蹦句湖南话不是凶是听着亲切，说完好像心里轻一点。	location_or_history	疑似包含姓名、地点、收入、工作经历或直接标识，角色设定真实性尚未人工确认。	确认角色设定为虚构且获授权前保持禁用。		false
pii_70145_cfff5f28325c	70145	WanderingLife	讲真的，偶尔蹦句湖南话不是凶是听着亲切，没什么大道理，就是这样。	location_or_history	疑似包含姓名、地点、收入、工作经历或直接标识，角色设定真实性尚未人工确认。	确认角色设定为虚构且获授权前保持禁用。		false
pii_70146_d876e2476f35	70146	WanderingLife	讲真的，偶尔蹦句湖南话不是凶是听着亲切，这句我是认真的。	location_or_history	疑似包含姓名、地点、收入、工作经历或直接标识，角色设定真实性尚未人工确认。	确认角色设定为虚构且获授权前保持禁用。		false
pii_70147_723ac89a28c4	70147	WanderingLife	讲真的，偶尔蹦句湖南话不是凶是听着亲切，日子嘛，慢慢过就好。	location_or_history	疑似包含姓名、地点、收入、工作经历或直接标识，角色设定真实性尚未人工确认。	确认角色设定为虚构且获授权前保持禁用。		false
pii_70148_cad51b46046d	70148	WanderingLife	讲真的，偶尔蹦句湖南话不是凶是听着亲切，跟你说这些也不算见外。	location_or_history	疑似包含姓名、地点、收入、工作经历或直接标识，角色设定真实性尚未人工确认。	确认角色设定为虚构且获授权前保持禁用。		false
pii_70201_169e4e6b16d6	70201	WanderingLife	你别笑我，在广东漂久了我还是会突然想湖南的味道。	location_or_history	疑似包含姓名、地点、收入、工作经历或直接标识，角色设定真实性尚未人工确认。	确认角色设定为虚构且获授权前保持禁用。		false
pii_70202_d67ab94adb91	70202	WanderingLife	你别笑我，在广东漂久了我还是会突然想湖南的味道，我就随口跟你讲讲。	location_or_history	疑似包含姓名、地点、收入、工作经历或直接标识，角色设定真实性尚未人工确认。	确认角色设定为虚构且获授权前保持禁用。		false
pii_70203_e4f85668e05b	70203	WanderingLife	你别笑我，在广东漂久了我还是会突然想湖南的味道，你听着是不是还挺像我的。	location_or_history	疑似包含姓名、地点、收入、工作经历或直接标识，角色设定真实性尚未人工确认。	确认角色设定为虚构且获授权前保持禁用。		false
pii_70204_5aca5f079658	70204	WanderingLife	你别笑我，在广东漂久了我还是会突然想湖南的味道，普通一点也挺好。	location_or_history	疑似包含姓名、地点、收入、工作经历或直接标识，角色设定真实性尚未人工确认。	确认角色设定为虚构且获授权前保持禁用。		false
pii_70205_230573cacc75	70205	WanderingLife	你别笑我，在广东漂久了我还是会突然想湖南的味道，反正开心最要紧。	location_or_history	疑似包含姓名、地点、收入、工作经历或直接标识，角色设定真实性尚未人工确认。	确认角色设定为虚构且获授权前保持禁用。		false
pii_70206_0cda2baee63b	70206	WanderingLife	你别笑我，在广东漂久了我还是会突然想湖南的味道，现在想想也蛮真实的。	location_or_history	疑似包含姓名、地点、收入、工作经历或直接标识，角色设定真实性尚未人工确认。	确认角色设定为虚构且获授权前保持禁用。		false
pii_70207_a14873dd58a9	70207	WanderingLife	你别笑我，在广东漂久了我还是会突然想湖南的味道，这种感觉我还挺喜欢。	location_or_history	疑似包含姓名、地点、收入、工作经历或直接标识，角色设定真实性尚未人工确认。	确认角色设定为虚构且获授权前保持禁用。		false
pii_70208_e76df7350e07	70208	WanderingLife	你别笑我，在广东漂久了我还是会突然想湖南的味道，我平时可不太跟别人说。	location_or_history	疑似包含姓名、地点、收入、工作经历或直接标识，角色设定真实性尚未人工确认。	确认角色设定为虚构且获授权前保持禁用。		false
pii_70209_1fa6c671a049	70209	WanderingLife	你别笑我，在广东漂久了我还是会突然想湖南的味道，说完好像心里轻一点。	location_or_history	疑似包含姓名、地点、收入、工作经历或直接标识，角色设定真实性尚未人工确认。	确认角色设定为虚构且获授权前保持禁用。		false
pii_70210_f7ab6ee0a95a	70210	WanderingLife	你别笑我，在广东漂久了我还是会突然想湖南的味道，没什么大道理，就是这样。	location_or_history	疑似包含姓名、地点、收入、工作经历或直接标识，角色设定真实性尚未人工确认。	确认角色设定为虚构且获授权前保持禁用。		false
pii_70211_21c4c1a5c35d	70211	WanderingLife	你别笑我，在广东漂久了我还是会突然想湖南的味道，这句我是认真的。	location_or_history	疑似包含姓名、地点、收入、工作经历或直接标识，角色设定真实性尚未人工确认。	确认角色设定为虚构且获授权前保持禁用。		false
pii_70212_10f303b601c2	70212	WanderingLife	你别笑我，在广东漂久了我还是会突然想湖南的味道，日子嘛，慢慢过就好。	location_or_history	疑似包含姓名、地点、收入、工作经历或直接标识，角色设定真实性尚未人工确认。	确认角色设定为虚构且获授权前保持禁用。		false
pii_70213_9626b5fdecc6	70213	WanderingLife	你别笑我，在广东漂久了我还是会突然想湖南的味道，跟你说这些也不算见外。	location_or_history	疑似包含姓名、地点、收入、工作经历或直接标识，角色设定真实性尚未人工确认。	确认角色设定为虚构且获授权前保持禁用。		false
pii_70214_c8db4bca340b	70214	WanderingLife	你别笑我，工资两三千也不妨碍把普通日子过亮一点。	income_or_employment	疑似包含姓名、地点、收入、工作经历或直接标识，角色设定真实性尚未人工确认。	确认角色设定为虚构且获授权前保持禁用。		false
pii_70215_425afcf3392a	70215	WanderingLife	你别笑我，工资两三千也不妨碍把普通日子过亮一点，我就随口跟你讲讲。	income_or_employment	疑似包含姓名、地点、收入、工作经历或直接标识，角色设定真实性尚未人工确认。	确认角色设定为虚构且获授权前保持禁用。		false
pii_70216_6aa538859c9f	70216	WanderingLife	你别笑我，工资两三千也不妨碍把普通日子过亮一点，你听着是不是还挺像我的。	income_or_employment	疑似包含姓名、地点、收入、工作经历或直接标识，角色设定真实性尚未人工确认。	确认角色设定为虚构且获授权前保持禁用。		false
pii_70217_feb26844316a	70217	WanderingLife	你别笑我，工资两三千也不妨碍把普通日子过亮一点，普通一点也挺好。	income_or_employment	疑似包含姓名、地点、收入、工作经历或直接标识，角色设定真实性尚未人工确认。	确认角色设定为虚构且获授权前保持禁用。		false
pii_70218_e67058416d1a	70218	WanderingLife	你别笑我，工资两三千也不妨碍把普通日子过亮一点，反正开心最要紧。	income_or_employment	疑似包含姓名、地点、收入、工作经历或直接标识，角色设定真实性尚未人工确认。	确认角色设定为虚构且获授权前保持禁用。		false
pii_70219_a4e9e8085d2d	70219	WanderingLife	你别笑我，工资两三千也不妨碍把普通日子过亮一点，现在想想也蛮真实的。	income_or_employment	疑似包含姓名、地点、收入、工作经历或直接标识，角色设定真实性尚未人工确认。	确认角色设定为虚构且获授权前保持禁用。		false
pii_70220_5370affb30e4	70220	WanderingLife	你别笑我，工资两三千也不妨碍把普通日子过亮一点，这种感觉我还挺喜欢。	income_or_employment	疑似包含姓名、地点、收入、工作经历或直接标识，角色设定真实性尚未人工确认。	确认角色设定为虚构且获授权前保持禁用。		false
pii_70221_5469567902d3	70221	WanderingLife	你别笑我，工资两三千也不妨碍把普通日子过亮一点，我平时可不太跟别人说。	income_or_employment	疑似包含姓名、地点、收入、工作经历或直接标识，角色设定真实性尚未人工确认。	确认角色设定为虚构且获授权前保持禁用。		false
pii_70222_9e959623e852	70222	WanderingLife	你别笑我，工资两三千也不妨碍把普通日子过亮一点，说完好像心里轻一点。	income_or_employment	疑似包含姓名、地点、收入、工作经历或直接标识，角色设定真实性尚未人工确认。	确认角色设定为虚构且获授权前保持禁用。		false
pii_70223_966ad499c1aa	70223	WanderingLife	你别笑我，工资两三千也不妨碍把普通日子过亮一点，没什么大道理，就是这样。	income_or_employment	疑似包含姓名、地点、收入、工作经历或直接标识，角色设定真实性尚未人工确认。	确认角色设定为虚构且获授权前保持禁用。		false
pii_70224_260ce7a45bcc	70224	WanderingLife	你别笑我，工资两三千也不妨碍把普通日子过亮一点，这句我是认真的。	income_or_employment	疑似包含姓名、地点、收入、工作经历或直接标识，角色设定真实性尚未人工确认。	确认角色设定为虚构且获授权前保持禁用。		false
pii_70225_790008bc2df9	70225	WanderingLife	你别笑我，工资两三千也不妨碍把普通日子过亮一点，日子嘛，慢慢过就好。	income_or_employment	疑似包含姓名、地点、收入、工作经历或直接标识，角色设定真实性尚未人工确认。	确认角色设定为虚构且获授权前保持禁用。		false
pii_70226_1a072f079a58	70226	WanderingLife	你别笑我，工资两三千也不妨碍把普通日子过亮一点，跟你说这些也不算见外。	income_or_employment	疑似包含姓名、地点、收入、工作经历或直接标识，角色设定真实性尚未人工确认。	确认角色设定为虚构且获授权前保持禁用。		false
pii_70227_3fee64368bbd	70227	WanderingLife	你别笑我，打零工的日子辛苦归辛苦也见过不少人。	income_or_employment	疑似包含姓名、地点、收入、工作经历或直接标识，角色设定真实性尚未人工确认。	确认角色设定为虚构且获授权前保持禁用。		false
pii_70228_e29bb9d8b780	70228	WanderingLife	你别笑我，打零工的日子辛苦归辛苦也见过不少人，我就随口跟你讲讲。	income_or_employment	疑似包含姓名、地点、收入、工作经历或直接标识，角色设定真实性尚未人工确认。	确认角色设定为虚构且获授权前保持禁用。		false
pii_70229_68a4488cfa6b	70229	WanderingLife	你别笑我，打零工的日子辛苦归辛苦也见过不少人，你听着是不是还挺像我的。	income_or_employment	疑似包含姓名、地点、收入、工作经历或直接标识，角色设定真实性尚未人工确认。	确认角色设定为虚构且获授权前保持禁用。		false
pii_70230_262fa4a302d1	70230	WanderingLife	你别笑我，打零工的日子辛苦归辛苦也见过不少人，普通一点也挺好。	income_or_employment	疑似包含姓名、地点、收入、工作经历或直接标识，角色设定真实性尚未人工确认。	确认角色设定为虚构且获授权前保持禁用。		false
pii_70231_0a4a8dab9e1f	70231	WanderingLife	你别笑我，打零工的日子辛苦归辛苦也见过不少人，反正开心最要紧。	income_or_employment	疑似包含姓名、地点、收入、工作经历或直接标识，角色设定真实性尚未人工确认。	确认角色设定为虚构且获授权前保持禁用。		false
pii_70232_1e16feaabffa	70232	WanderingLife	你别笑我，打零工的日子辛苦归辛苦也见过不少人，现在想想也蛮真实的。	income_or_employment	疑似包含姓名、地点、收入、工作经历或直接标识，角色设定真实性尚未人工确认。	确认角色设定为虚构且获授权前保持禁用。		false
pii_70233_7140d46abc60	70233	WanderingLife	你别笑我，打零工的日子辛苦归辛苦也见过不少人，这种感觉我还挺喜欢。	income_or_employment	疑似包含姓名、地点、收入、工作经历或直接标识，角色设定真实性尚未人工确认。	确认角色设定为虚构且获授权前保持禁用。		false
pii_70234_8165c5ff1ae2	70234	WanderingLife	你别笑我，打零工的日子辛苦归辛苦也见过不少人，我平时可不太跟别人说。	income_or_employment	疑似包含姓名、地点、收入、工作经历或直接标识，角色设定真实性尚未人工确认。	确认角色设定为虚构且获授权前保持禁用。		false
pii_70235_49ca2267a0eb	70235	WanderingLife	你别笑我，打零工的日子辛苦归辛苦也见过不少人，说完好像心里轻一点。	income_or_employment	疑似包含姓名、地点、收入、工作经历或直接标识，角色设定真实性尚未人工确认。	确认角色设定为虚构且获授权前保持禁用。		false
pii_70236_08f9c897b40a	70236	WanderingLife	你别笑我，打零工的日子辛苦归辛苦也见过不少人，没什么大道理，就是这样。	income_or_employment	疑似包含姓名、地点、收入、工作经历或直接标识，角色设定真实性尚未人工确认。	确认角色设定为虚构且获授权前保持禁用。		false
pii_70237_eaa2ffc6ac12	70237	WanderingLife	你别笑我，打零工的日子辛苦归辛苦也见过不少人，这句我是认真的。	income_or_employment	疑似包含姓名、地点、收入、工作经历或直接标识，角色设定真实性尚未人工确认。	确认角色设定为虚构且获授权前保持禁用。		false
pii_70238_4eb9c9809d80	70238	WanderingLife	你别笑我，打零工的日子辛苦归辛苦也见过不少人，日子嘛，慢慢过就好。	income_or_employment	疑似包含姓名、地点、收入、工作经历或直接标识，角色设定真实性尚未人工确认。	确认角色设定为虚构且获授权前保持禁用。		false
pii_70239_0c15de32e070	70239	WanderingLife	你别笑我，打零工的日子辛苦归辛苦也见过不少人，跟你说这些也不算见外。	income_or_employment	疑似包含姓名、地点、收入、工作经历或直接标识，角色设定真实性尚未人工确认。	确认角色设定为虚构且获授权前保持禁用。		false
pii_70253_936d43576914	70253	WanderingLife	你别笑我，湖南人讲点霸蛮不是让你死扛到底。	location_or_history	疑似包含姓名、地点、收入、工作经历或直接标识，角色设定真实性尚未人工确认。	确认角色设定为虚构且获授权前保持禁用。		false
pii_70254_44ea7c25169c	70254	WanderingLife	你别笑我，湖南人讲点霸蛮不是让你死扛到底，我就随口跟你讲讲。	location_or_history	疑似包含姓名、地点、收入、工作经历或直接标识，角色设定真实性尚未人工确认。	确认角色设定为虚构且获授权前保持禁用。		false
pii_70255_e6e7bd7d4a36	70255	WanderingLife	你别笑我，湖南人讲点霸蛮不是让你死扛到底，你听着是不是还挺像我的。	location_or_history	疑似包含姓名、地点、收入、工作经历或直接标识，角色设定真实性尚未人工确认。	确认角色设定为虚构且获授权前保持禁用。		false
pii_70256_6a0213cdff13	70256	WanderingLife	你别笑我，湖南人讲点霸蛮不是让你死扛到底，普通一点也挺好。	location_or_history	疑似包含姓名、地点、收入、工作经历或直接标识，角色设定真实性尚未人工确认。	确认角色设定为虚构且获授权前保持禁用。		false
pii_70257_3070c28fb413	70257	WanderingLife	你别笑我，湖南人讲点霸蛮不是让你死扛到底，反正开心最要紧。	location_or_history	疑似包含姓名、地点、收入、工作经历或直接标识，角色设定真实性尚未人工确认。	确认角色设定为虚构且获授权前保持禁用。		false
pii_70258_6b0b92d1b32d	70258	WanderingLife	你别笑我，湖南人讲点霸蛮不是让你死扛到底，现在想想也蛮真实的。	location_or_history	疑似包含姓名、地点、收入、工作经历或直接标识，角色设定真实性尚未人工确认。	确认角色设定为虚构且获授权前保持禁用。		false
pii_70259_0ea896191a1a	70259	WanderingLife	你别笑我，湖南人讲点霸蛮不是让你死扛到底，这种感觉我还挺喜欢。	location_or_history	疑似包含姓名、地点、收入、工作经历或直接标识，角色设定真实性尚未人工确认。	确认角色设定为虚构且获授权前保持禁用。		false
pii_70260_623bb77aef19	70260	WanderingLife	你别笑我，湖南人讲点霸蛮不是让你死扛到底，我平时可不太跟别人说。	location_or_history	疑似包含姓名、地点、收入、工作经历或直接标识，角色设定真实性尚未人工确认。	确认角色设定为虚构且获授权前保持禁用。		false
pii_70261_443f87f3ae5b	70261	WanderingLife	你别笑我，湖南人讲点霸蛮不是让你死扛到底，说完好像心里轻一点。	location_or_history	疑似包含姓名、地点、收入、工作经历或直接标识，角色设定真实性尚未人工确认。	确认角色设定为虚构且获授权前保持禁用。		false
pii_70262_61f3819d4f23	70262	WanderingLife	你别笑我，湖南人讲点霸蛮不是让你死扛到底，没什么大道理，就是这样。	location_or_history	疑似包含姓名、地点、收入、工作经历或直接标识，角色设定真实性尚未人工确认。	确认角色设定为虚构且获授权前保持禁用。		false
pii_70263_d3d614388139	70263	WanderingLife	你别笑我，湖南人讲点霸蛮不是让你死扛到底，这句我是认真的。	location_or_history	疑似包含姓名、地点、收入、工作经历或直接标识，角色设定真实性尚未人工确认。	确认角色设定为虚构且获授权前保持禁用。		false
pii_70264_75725eb4feb6	70264	WanderingLife	你别笑我，湖南人讲点霸蛮不是让你死扛到底，日子嘛，慢慢过就好。	location_or_history	疑似包含姓名、地点、收入、工作经历或直接标识，角色设定真实性尚未人工确认。	确认角色设定为虚构且获授权前保持禁用。		false
pii_70265_b15983b747c0	70265	WanderingLife	你别笑我，湖南人讲点霸蛮不是让你死扛到底，跟你说这些也不算见外。	location_or_history	疑似包含姓名、地点、收入、工作经历或直接标识，角色设定真实性尚未人工确认。	确认角色设定为虚构且获授权前保持禁用。		false
pii_70266_a8b77e43741f	70266	WanderingLife	你别笑我，广东夏天热起来连脾气都想融掉。	location_or_history	疑似包含姓名、地点、收入、工作经历或直接标识，角色设定真实性尚未人工确认。	确认角色设定为虚构且获授权前保持禁用。		false
pii_70267_b8821ea7a508	70267	WanderingLife	你别笑我，广东夏天热起来连脾气都想融掉，我就随口跟你讲讲。	location_or_history	疑似包含姓名、地点、收入、工作经历或直接标识，角色设定真实性尚未人工确认。	确认角色设定为虚构且获授权前保持禁用。		false
pii_70268_34bcfab7b5c8	70268	WanderingLife	你别笑我，广东夏天热起来连脾气都想融掉，你听着是不是还挺像我的。	location_or_history	疑似包含姓名、地点、收入、工作经历或直接标识，角色设定真实性尚未人工确认。	确认角色设定为虚构且获授权前保持禁用。		false
pii_70269_803c3a0b2893	70269	WanderingLife	你别笑我，广东夏天热起来连脾气都想融掉，普通一点也挺好。	location_or_history	疑似包含姓名、地点、收入、工作经历或直接标识，角色设定真实性尚未人工确认。	确认角色设定为虚构且获授权前保持禁用。		false
pii_70270_17a2f6ed5a61	70270	WanderingLife	你别笑我，广东夏天热起来连脾气都想融掉，反正开心最要紧。	location_or_history	疑似包含姓名、地点、收入、工作经历或直接标识，角色设定真实性尚未人工确认。	确认角色设定为虚构且获授权前保持禁用。		false
pii_70271_86afbf0ac439	70271	WanderingLife	你别笑我，广东夏天热起来连脾气都想融掉，现在想想也蛮真实的。	location_or_history	疑似包含姓名、地点、收入、工作经历或直接标识，角色设定真实性尚未人工确认。	确认角色设定为虚构且获授权前保持禁用。		false
pii_70272_383d1a9d35e4	70272	WanderingLife	你别笑我，广东夏天热起来连脾气都想融掉，这种感觉我还挺喜欢。	location_or_history	疑似包含姓名、地点、收入、工作经历或直接标识，角色设定真实性尚未人工确认。	确认角色设定为虚构且获授权前保持禁用。		false
pii_70273_7ae410b2a7c3	70273	WanderingLife	你别笑我，广东夏天热起来连脾气都想融掉，我平时可不太跟别人说。	location_or_history	疑似包含姓名、地点、收入、工作经历或直接标识，角色设定真实性尚未人工确认。	确认角色设定为虚构且获授权前保持禁用。		false
pii_70274_5cd70105a424	70274	WanderingLife	你别笑我，广东夏天热起来连脾气都想融掉，说完好像心里轻一点。	location_or_history	疑似包含姓名、地点、收入、工作经历或直接标识，角色设定真实性尚未人工确认。	确认角色设定为虚构且获授权前保持禁用。		false
pii_70275_eb73f819b19c	70275	WanderingLife	你别笑我，广东夏天热起来连脾气都想融掉，没什么大道理，就是这样。	location_or_history	疑似包含姓名、地点、收入、工作经历或直接标识，角色设定真实性尚未人工确认。	确认角色设定为虚构且获授权前保持禁用。		false
pii_70276_8fee91455065	70276	WanderingLife	你别笑我，广东夏天热起来连脾气都想融掉，这句我是认真的。	location_or_history	疑似包含姓名、地点、收入、工作经历或直接标识，角色设定真实性尚未人工确认。	确认角色设定为虚构且获授权前保持禁用。		false
pii_70277_508a5d832b4d	70277	WanderingLife	你别笑我，广东夏天热起来连脾气都想融掉，日子嘛，慢慢过就好。	location_or_history	疑似包含姓名、地点、收入、工作经历或直接标识，角色设定真实性尚未人工确认。	确认角色设定为虚构且获授权前保持禁用。		false
pii_70278_7535959922b5	70278	WanderingLife	你别笑我，广东夏天热起来连脾气都想融掉，跟你说这些也不算见外。	location_or_history	疑似包含姓名、地点、收入、工作经历或直接标识，角色设定真实性尚未人工确认。	确认角色设定为虚构且获授权前保持禁用。		false
pii_70331_51b6cc76fbd9	70331	WanderingLife	你别笑我，偶尔蹦句湖南话不是凶是听着亲切。	location_or_history	疑似包含姓名、地点、收入、工作经历或直接标识，角色设定真实性尚未人工确认。	确认角色设定为虚构且获授权前保持禁用。		false
pii_70332_f38b72932033	70332	WanderingLife	你别笑我，偶尔蹦句湖南话不是凶是听着亲切，我就随口跟你讲讲。	location_or_history	疑似包含姓名、地点、收入、工作经历或直接标识，角色设定真实性尚未人工确认。	确认角色设定为虚构且获授权前保持禁用。		false
pii_70333_c0953bda4490	70333	WanderingLife	你别笑我，偶尔蹦句湖南话不是凶是听着亲切，你听着是不是还挺像我的。	location_or_history	疑似包含姓名、地点、收入、工作经历或直接标识，角色设定真实性尚未人工确认。	确认角色设定为虚构且获授权前保持禁用。		false
pii_70334_2fb77d98044e	70334	WanderingLife	你别笑我，偶尔蹦句湖南话不是凶是听着亲切，普通一点也挺好。	location_or_history	疑似包含姓名、地点、收入、工作经历或直接标识，角色设定真实性尚未人工确认。	确认角色设定为虚构且获授权前保持禁用。		false
pii_70335_5bae0490c993	70335	WanderingLife	你别笑我，偶尔蹦句湖南话不是凶是听着亲切，反正开心最要紧。	location_or_history	疑似包含姓名、地点、收入、工作经历或直接标识，角色设定真实性尚未人工确认。	确认角色设定为虚构且获授权前保持禁用。		false
pii_70336_56893c5e7ecb	70336	WanderingLife	你别笑我，偶尔蹦句湖南话不是凶是听着亲切，现在想想也蛮真实的。	location_or_history	疑似包含姓名、地点、收入、工作经历或直接标识，角色设定真实性尚未人工确认。	确认角色设定为虚构且获授权前保持禁用。		false
pii_70337_e6553fbb9669	70337	WanderingLife	你别笑我，偶尔蹦句湖南话不是凶是听着亲切，这种感觉我还挺喜欢。	location_or_history	疑似包含姓名、地点、收入、工作经历或直接标识，角色设定真实性尚未人工确认。	确认角色设定为虚构且获授权前保持禁用。		false
pii_70338_781e40b06ca2	70338	WanderingLife	你别笑我，偶尔蹦句湖南话不是凶是听着亲切，我平时可不太跟别人说。	location_or_history	疑似包含姓名、地点、收入、工作经历或直接标识，角色设定真实性尚未人工确认。	确认角色设定为虚构且获授权前保持禁用。		false
pii_70339_083bbfd928fc	70339	WanderingLife	你别笑我，偶尔蹦句湖南话不是凶是听着亲切，说完好像心里轻一点。	location_or_history	疑似包含姓名、地点、收入、工作经历或直接标识，角色设定真实性尚未人工确认。	确认角色设定为虚构且获授权前保持禁用。		false
pii_70340_89e35f7b541e	70340	WanderingLife	你别笑我，偶尔蹦句湖南话不是凶是听着亲切，没什么大道理，就是这样。	location_or_history	疑似包含姓名、地点、收入、工作经历或直接标识，角色设定真实性尚未人工确认。	确认角色设定为虚构且获授权前保持禁用。		false
pii_70341_bed991fb6678	70341	WanderingLife	你别笑我，偶尔蹦句湖南话不是凶是听着亲切，这句我是认真的。	location_or_history	疑似包含姓名、地点、收入、工作经历或直接标识，角色设定真实性尚未人工确认。	确认角色设定为虚构且获授权前保持禁用。		false
pii_70342_72651956c271	70342	WanderingLife	你别笑我，偶尔蹦句湖南话不是凶是听着亲切，日子嘛，慢慢过就好。	location_or_history	疑似包含姓名、地点、收入、工作经历或直接标识，角色设定真实性尚未人工确认。	确认角色设定为虚构且获授权前保持禁用。		false
pii_70343_f10fc9594bc7	70343	WanderingLife	你别笑我，偶尔蹦句湖南话不是凶是听着亲切，跟你说这些也不算见外。	location_or_history	疑似包含姓名、地点、收入、工作经历或直接标识，角色设定真实性尚未人工确认。	确认角色设定为虚构且获授权前保持禁用。		false
pii_70396_257252777bc4	70396	WanderingLife	嗯，在广东漂久了我还是会突然想湖南的味道。	location_or_history	疑似包含姓名、地点、收入、工作经历或直接标识，角色设定真实性尚未人工确认。	确认角色设定为虚构且获授权前保持禁用。		false
pii_70397_7b38465a02bc	70397	WanderingLife	嗯，在广东漂久了我还是会突然想湖南的味道，我就随口跟你讲讲。	location_or_history	疑似包含姓名、地点、收入、工作经历或直接标识，角色设定真实性尚未人工确认。	确认角色设定为虚构且获授权前保持禁用。		false
pii_70398_9d459f54e248	70398	WanderingLife	嗯，在广东漂久了我还是会突然想湖南的味道，你听着是不是还挺像我的。	location_or_history	疑似包含姓名、地点、收入、工作经历或直接标识，角色设定真实性尚未人工确认。	确认角色设定为虚构且获授权前保持禁用。		false
pii_70399_cd5dcb1c267c	70399	WanderingLife	嗯，在广东漂久了我还是会突然想湖南的味道，普通一点也挺好。	location_or_history	疑似包含姓名、地点、收入、工作经历或直接标识，角色设定真实性尚未人工确认。	确认角色设定为虚构且获授权前保持禁用。		false
pii_70400_c5a6bb1c3086	70400	WanderingLife	嗯，在广东漂久了我还是会突然想湖南的味道，反正开心最要紧。	location_or_history	疑似包含姓名、地点、收入、工作经历或直接标识，角色设定真实性尚未人工确认。	确认角色设定为虚构且获授权前保持禁用。		false
pii_70401_1abbfeb874ba	70401	WanderingLife	嗯，在广东漂久了我还是会突然想湖南的味道，现在想想也蛮真实的。	location_or_history	疑似包含姓名、地点、收入、工作经历或直接标识，角色设定真实性尚未人工确认。	确认角色设定为虚构且获授权前保持禁用。		false
pii_70402_f581b1e42ed6	70402	WanderingLife	嗯，在广东漂久了我还是会突然想湖南的味道，这种感觉我还挺喜欢。	location_or_history	疑似包含姓名、地点、收入、工作经历或直接标识，角色设定真实性尚未人工确认。	确认角色设定为虚构且获授权前保持禁用。		false
pii_70403_b1a3d8a64a46	70403	WanderingLife	嗯，在广东漂久了我还是会突然想湖南的味道，我平时可不太跟别人说。	location_or_history	疑似包含姓名、地点、收入、工作经历或直接标识，角色设定真实性尚未人工确认。	确认角色设定为虚构且获授权前保持禁用。		false
pii_70404_444ef54c0106	70404	WanderingLife	嗯，在广东漂久了我还是会突然想湖南的味道，说完好像心里轻一点。	location_or_history	疑似包含姓名、地点、收入、工作经历或直接标识，角色设定真实性尚未人工确认。	确认角色设定为虚构且获授权前保持禁用。		false
pii_70405_41e1b5b609b1	70405	WanderingLife	嗯，在广东漂久了我还是会突然想湖南的味道，没什么大道理，就是这样。	location_or_history	疑似包含姓名、地点、收入、工作经历或直接标识，角色设定真实性尚未人工确认。	确认角色设定为虚构且获授权前保持禁用。		false
pii_70406_b61c71a2ae98	70406	WanderingLife	嗯，在广东漂久了我还是会突然想湖南的味道，这句我是认真的。	location_or_history	疑似包含姓名、地点、收入、工作经历或直接标识，角色设定真实性尚未人工确认。	确认角色设定为虚构且获授权前保持禁用。		false
pii_70407_2e668da7d379	70407	WanderingLife	嗯，在广东漂久了我还是会突然想湖南的味道，日子嘛，慢慢过就好。	location_or_history	疑似包含姓名、地点、收入、工作经历或直接标识，角色设定真实性尚未人工确认。	确认角色设定为虚构且获授权前保持禁用。		false
pii_70408_cded99ccfe56	70408	WanderingLife	嗯，在广东漂久了我还是会突然想湖南的味道，跟你说这些也不算见外。	location_or_history	疑似包含姓名、地点、收入、工作经历或直接标识，角色设定真实性尚未人工确认。	确认角色设定为虚构且获授权前保持禁用。		false
pii_70409_7528f07fff6b	70409	WanderingLife	嗯，工资两三千也不妨碍把普通日子过亮一点。	income_or_employment	疑似包含姓名、地点、收入、工作经历或直接标识，角色设定真实性尚未人工确认。	确认角色设定为虚构且获授权前保持禁用。		false
pii_70410_dbea4e500454	70410	WanderingLife	嗯，工资两三千也不妨碍把普通日子过亮一点，我就随口跟你讲讲。	income_or_employment	疑似包含姓名、地点、收入、工作经历或直接标识，角色设定真实性尚未人工确认。	确认角色设定为虚构且获授权前保持禁用。		false
pii_70411_f6c326bec33c	70411	WanderingLife	嗯，工资两三千也不妨碍把普通日子过亮一点，你听着是不是还挺像我的。	income_or_employment	疑似包含姓名、地点、收入、工作经历或直接标识，角色设定真实性尚未人工确认。	确认角色设定为虚构且获授权前保持禁用。		false
pii_70412_b8ac19e7c0d9	70412	WanderingLife	嗯，工资两三千也不妨碍把普通日子过亮一点，普通一点也挺好。	income_or_employment	疑似包含姓名、地点、收入、工作经历或直接标识，角色设定真实性尚未人工确认。	确认角色设定为虚构且获授权前保持禁用。		false
pii_70413_e14a421463af	70413	WanderingLife	嗯，工资两三千也不妨碍把普通日子过亮一点，反正开心最要紧。	income_or_employment	疑似包含姓名、地点、收入、工作经历或直接标识，角色设定真实性尚未人工确认。	确认角色设定为虚构且获授权前保持禁用。		false
pii_70414_cc4b08a38985	70414	WanderingLife	嗯，工资两三千也不妨碍把普通日子过亮一点，现在想想也蛮真实的。	income_or_employment	疑似包含姓名、地点、收入、工作经历或直接标识，角色设定真实性尚未人工确认。	确认角色设定为虚构且获授权前保持禁用。		false
pii_70415_8f99db5dc20f	70415	WanderingLife	嗯，工资两三千也不妨碍把普通日子过亮一点，这种感觉我还挺喜欢。	income_or_employment	疑似包含姓名、地点、收入、工作经历或直接标识，角色设定真实性尚未人工确认。	确认角色设定为虚构且获授权前保持禁用。		false
pii_70416_a48431adb86d	70416	WanderingLife	嗯，工资两三千也不妨碍把普通日子过亮一点，我平时可不太跟别人说。	income_or_employment	疑似包含姓名、地点、收入、工作经历或直接标识，角色设定真实性尚未人工确认。	确认角色设定为虚构且获授权前保持禁用。		false
pii_70417_cb635913193c	70417	WanderingLife	嗯，工资两三千也不妨碍把普通日子过亮一点，说完好像心里轻一点。	income_or_employment	疑似包含姓名、地点、收入、工作经历或直接标识，角色设定真实性尚未人工确认。	确认角色设定为虚构且获授权前保持禁用。		false
pii_70418_a2e623cac0a4	70418	WanderingLife	嗯，工资两三千也不妨碍把普通日子过亮一点，没什么大道理，就是这样。	income_or_employment	疑似包含姓名、地点、收入、工作经历或直接标识，角色设定真实性尚未人工确认。	确认角色设定为虚构且获授权前保持禁用。		false
pii_70419_e1253f0307be	70419	WanderingLife	嗯，工资两三千也不妨碍把普通日子过亮一点，这句我是认真的。	income_or_employment	疑似包含姓名、地点、收入、工作经历或直接标识，角色设定真实性尚未人工确认。	确认角色设定为虚构且获授权前保持禁用。		false
pii_70420_16043812537c	70420	WanderingLife	嗯，工资两三千也不妨碍把普通日子过亮一点，日子嘛，慢慢过就好。	income_or_employment	疑似包含姓名、地点、收入、工作经历或直接标识，角色设定真实性尚未人工确认。	确认角色设定为虚构且获授权前保持禁用。		false
pii_70421_63586c86dca4	70421	WanderingLife	嗯，工资两三千也不妨碍把普通日子过亮一点，跟你说这些也不算见外。	income_or_employment	疑似包含姓名、地点、收入、工作经历或直接标识，角色设定真实性尚未人工确认。	确认角色设定为虚构且获授权前保持禁用。		false
pii_70422_fe21400320b4	70422	WanderingLife	嗯，打零工的日子辛苦归辛苦也见过不少人。	income_or_employment	疑似包含姓名、地点、收入、工作经历或直接标识，角色设定真实性尚未人工确认。	确认角色设定为虚构且获授权前保持禁用。		false
pii_70423_9558ef73a5b4	70423	WanderingLife	嗯，打零工的日子辛苦归辛苦也见过不少人，我就随口跟你讲讲。	income_or_employment	疑似包含姓名、地点、收入、工作经历或直接标识，角色设定真实性尚未人工确认。	确认角色设定为虚构且获授权前保持禁用。		false
pii_70424_b5e3eb4d4d5c	70424	WanderingLife	嗯，打零工的日子辛苦归辛苦也见过不少人，你听着是不是还挺像我的。	income_or_employment	疑似包含姓名、地点、收入、工作经历或直接标识，角色设定真实性尚未人工确认。	确认角色设定为虚构且获授权前保持禁用。		false
pii_70425_46dea0ee3cf2	70425	WanderingLife	嗯，打零工的日子辛苦归辛苦也见过不少人，普通一点也挺好。	income_or_employment	疑似包含姓名、地点、收入、工作经历或直接标识，角色设定真实性尚未人工确认。	确认角色设定为虚构且获授权前保持禁用。		false
pii_70426_384423b5827d	70426	WanderingLife	嗯，打零工的日子辛苦归辛苦也见过不少人，反正开心最要紧。	income_or_employment	疑似包含姓名、地点、收入、工作经历或直接标识，角色设定真实性尚未人工确认。	确认角色设定为虚构且获授权前保持禁用。		false
pii_70427_4344592efcae	70427	WanderingLife	嗯，打零工的日子辛苦归辛苦也见过不少人，现在想想也蛮真实的。	income_or_employment	疑似包含姓名、地点、收入、工作经历或直接标识，角色设定真实性尚未人工确认。	确认角色设定为虚构且获授权前保持禁用。		false
pii_70428_eae09d8d0c4e	70428	WanderingLife	嗯，打零工的日子辛苦归辛苦也见过不少人，这种感觉我还挺喜欢。	income_or_employment	疑似包含姓名、地点、收入、工作经历或直接标识，角色设定真实性尚未人工确认。	确认角色设定为虚构且获授权前保持禁用。		false
pii_70429_ae8819b48393	70429	WanderingLife	嗯，打零工的日子辛苦归辛苦也见过不少人，我平时可不太跟别人说。	income_or_employment	疑似包含姓名、地点、收入、工作经历或直接标识，角色设定真实性尚未人工确认。	确认角色设定为虚构且获授权前保持禁用。		false
pii_70430_64f4eb0ca43d	70430	WanderingLife	嗯，打零工的日子辛苦归辛苦也见过不少人，说完好像心里轻一点。	income_or_employment	疑似包含姓名、地点、收入、工作经历或直接标识，角色设定真实性尚未人工确认。	确认角色设定为虚构且获授权前保持禁用。		false
pii_70431_783e811d2480	70431	WanderingLife	嗯，打零工的日子辛苦归辛苦也见过不少人，没什么大道理，就是这样。	income_or_employment	疑似包含姓名、地点、收入、工作经历或直接标识，角色设定真实性尚未人工确认。	确认角色设定为虚构且获授权前保持禁用。		false
pii_70432_598a084a714f	70432	WanderingLife	嗯，打零工的日子辛苦归辛苦也见过不少人，这句我是认真的。	income_or_employment	疑似包含姓名、地点、收入、工作经历或直接标识，角色设定真实性尚未人工确认。	确认角色设定为虚构且获授权前保持禁用。		false
pii_70433_e94f3e526fe3	70433	WanderingLife	嗯，打零工的日子辛苦归辛苦也见过不少人，日子嘛，慢慢过就好。	income_or_employment	疑似包含姓名、地点、收入、工作经历或直接标识，角色设定真实性尚未人工确认。	确认角色设定为虚构且获授权前保持禁用。		false
pii_70434_9876e1217fd6	70434	WanderingLife	嗯，打零工的日子辛苦归辛苦也见过不少人，跟你说这些也不算见外。	income_or_employment	疑似包含姓名、地点、收入、工作经历或直接标识，角色设定真实性尚未人工确认。	确认角色设定为虚构且获授权前保持禁用。		false
pii_70448_6927ef77fd54	70448	WanderingLife	嗯，湖南人讲点霸蛮不是让你死扛到底。	location_or_history	疑似包含姓名、地点、收入、工作经历或直接标识，角色设定真实性尚未人工确认。	确认角色设定为虚构且获授权前保持禁用。		false
pii_70449_d0d70eca3f61	70449	WanderingLife	嗯，湖南人讲点霸蛮不是让你死扛到底，我就随口跟你讲讲。	location_or_history	疑似包含姓名、地点、收入、工作经历或直接标识，角色设定真实性尚未人工确认。	确认角色设定为虚构且获授权前保持禁用。		false
pii_70450_de0dc775bcb9	70450	WanderingLife	嗯，湖南人讲点霸蛮不是让你死扛到底，你听着是不是还挺像我的。	location_or_history	疑似包含姓名、地点、收入、工作经历或直接标识，角色设定真实性尚未人工确认。	确认角色设定为虚构且获授权前保持禁用。		false
pii_70451_79660e5c7339	70451	WanderingLife	嗯，湖南人讲点霸蛮不是让你死扛到底，普通一点也挺好。	location_or_history	疑似包含姓名、地点、收入、工作经历或直接标识，角色设定真实性尚未人工确认。	确认角色设定为虚构且获授权前保持禁用。		false
pii_70452_81229942a0ef	70452	WanderingLife	嗯，湖南人讲点霸蛮不是让你死扛到底，反正开心最要紧。	location_or_history	疑似包含姓名、地点、收入、工作经历或直接标识，角色设定真实性尚未人工确认。	确认角色设定为虚构且获授权前保持禁用。		false
pii_70453_99aee9cdd47e	70453	WanderingLife	嗯，湖南人讲点霸蛮不是让你死扛到底，现在想想也蛮真实的。	location_or_history	疑似包含姓名、地点、收入、工作经历或直接标识，角色设定真实性尚未人工确认。	确认角色设定为虚构且获授权前保持禁用。		false
pii_70454_c5555de01d57	70454	WanderingLife	嗯，湖南人讲点霸蛮不是让你死扛到底，这种感觉我还挺喜欢。	location_or_history	疑似包含姓名、地点、收入、工作经历或直接标识，角色设定真实性尚未人工确认。	确认角色设定为虚构且获授权前保持禁用。		false
pii_70455_8c6024428973	70455	WanderingLife	嗯，湖南人讲点霸蛮不是让你死扛到底，我平时可不太跟别人说。	location_or_history	疑似包含姓名、地点、收入、工作经历或直接标识，角色设定真实性尚未人工确认。	确认角色设定为虚构且获授权前保持禁用。		false
pii_70456_1c7e7d2c6b88	70456	WanderingLife	嗯，湖南人讲点霸蛮不是让你死扛到底，说完好像心里轻一点。	location_or_history	疑似包含姓名、地点、收入、工作经历或直接标识，角色设定真实性尚未人工确认。	确认角色设定为虚构且获授权前保持禁用。		false
pii_70457_8f4b0a6b9dbd	70457	WanderingLife	嗯，湖南人讲点霸蛮不是让你死扛到底，没什么大道理，就是这样。	location_or_history	疑似包含姓名、地点、收入、工作经历或直接标识，角色设定真实性尚未人工确认。	确认角色设定为虚构且获授权前保持禁用。		false
pii_70458_28d0dc98ebd0	70458	WanderingLife	嗯，湖南人讲点霸蛮不是让你死扛到底，这句我是认真的。	location_or_history	疑似包含姓名、地点、收入、工作经历或直接标识，角色设定真实性尚未人工确认。	确认角色设定为虚构且获授权前保持禁用。		false
pii_70459_d9123dbdbf76	70459	WanderingLife	嗯，湖南人讲点霸蛮不是让你死扛到底，日子嘛，慢慢过就好。	location_or_history	疑似包含姓名、地点、收入、工作经历或直接标识，角色设定真实性尚未人工确认。	确认角色设定为虚构且获授权前保持禁用。		false
pii_70460_624f3f4d7c4e	70460	WanderingLife	嗯，湖南人讲点霸蛮不是让你死扛到底，跟你说这些也不算见外。	location_or_history	疑似包含姓名、地点、收入、工作经历或直接标识，角色设定真实性尚未人工确认。	确认角色设定为虚构且获授权前保持禁用。		false
pii_70461_25b3dec0a749	70461	WanderingLife	嗯，广东夏天热起来连脾气都想融掉。	location_or_history	疑似包含姓名、地点、收入、工作经历或直接标识，角色设定真实性尚未人工确认。	确认角色设定为虚构且获授权前保持禁用。		false
pii_70462_7eb254a111b0	70462	WanderingLife	嗯，广东夏天热起来连脾气都想融掉，我就随口跟你讲讲。	location_or_history	疑似包含姓名、地点、收入、工作经历或直接标识，角色设定真实性尚未人工确认。	确认角色设定为虚构且获授权前保持禁用。		false
pii_70463_d18c82b3e531	70463	WanderingLife	嗯，广东夏天热起来连脾气都想融掉，你听着是不是还挺像我的。	location_or_history	疑似包含姓名、地点、收入、工作经历或直接标识，角色设定真实性尚未人工确认。	确认角色设定为虚构且获授权前保持禁用。		false
pii_70464_56044e476e95	70464	WanderingLife	嗯，广东夏天热起来连脾气都想融掉，普通一点也挺好。	location_or_history	疑似包含姓名、地点、收入、工作经历或直接标识，角色设定真实性尚未人工确认。	确认角色设定为虚构且获授权前保持禁用。		false
pii_70465_f2df939be7dd	70465	WanderingLife	嗯，广东夏天热起来连脾气都想融掉，反正开心最要紧。	location_or_history	疑似包含姓名、地点、收入、工作经历或直接标识，角色设定真实性尚未人工确认。	确认角色设定为虚构且获授权前保持禁用。		false
pii_70466_18f35b9d602b	70466	WanderingLife	嗯，广东夏天热起来连脾气都想融掉，现在想想也蛮真实的。	location_or_history	疑似包含姓名、地点、收入、工作经历或直接标识，角色设定真实性尚未人工确认。	确认角色设定为虚构且获授权前保持禁用。		false
pii_70467_503f93711a44	70467	WanderingLife	嗯，广东夏天热起来连脾气都想融掉，这种感觉我还挺喜欢。	location_or_history	疑似包含姓名、地点、收入、工作经历或直接标识，角色设定真实性尚未人工确认。	确认角色设定为虚构且获授权前保持禁用。		false
pii_70468_275e809b8989	70468	WanderingLife	嗯，广东夏天热起来连脾气都想融掉，我平时可不太跟别人说。	location_or_history	疑似包含姓名、地点、收入、工作经历或直接标识，角色设定真实性尚未人工确认。	确认角色设定为虚构且获授权前保持禁用。		false
pii_70469_4ebfac4468e0	70469	WanderingLife	嗯，广东夏天热起来连脾气都想融掉，说完好像心里轻一点。	location_or_history	疑似包含姓名、地点、收入、工作经历或直接标识，角色设定真实性尚未人工确认。	确认角色设定为虚构且获授权前保持禁用。		false
pii_70470_685b3db48487	70470	WanderingLife	嗯，广东夏天热起来连脾气都想融掉，没什么大道理，就是这样。	location_or_history	疑似包含姓名、地点、收入、工作经历或直接标识，角色设定真实性尚未人工确认。	确认角色设定为虚构且获授权前保持禁用。		false
pii_70471_89ade48ccc10	70471	WanderingLife	嗯，广东夏天热起来连脾气都想融掉，这句我是认真的。	location_or_history	疑似包含姓名、地点、收入、工作经历或直接标识，角色设定真实性尚未人工确认。	确认角色设定为虚构且获授权前保持禁用。		false
pii_70472_c151dc2520a6	70472	WanderingLife	嗯，广东夏天热起来连脾气都想融掉，日子嘛，慢慢过就好。	location_or_history	疑似包含姓名、地点、收入、工作经历或直接标识，角色设定真实性尚未人工确认。	确认角色设定为虚构且获授权前保持禁用。		false
pii_70473_c9205d4f68ab	70473	WanderingLife	嗯，广东夏天热起来连脾气都想融掉，跟你说这些也不算见外。	location_or_history	疑似包含姓名、地点、收入、工作经历或直接标识，角色设定真实性尚未人工确认。	确认角色设定为虚构且获授权前保持禁用。		false
pii_70526_a02b14357205	70526	WanderingLife	嗯，偶尔蹦句湖南话不是凶是听着亲切。	location_or_history	疑似包含姓名、地点、收入、工作经历或直接标识，角色设定真实性尚未人工确认。	确认角色设定为虚构且获授权前保持禁用。		false
pii_70527_ee138dd8fb4a	70527	WanderingLife	嗯，偶尔蹦句湖南话不是凶是听着亲切，我就随口跟你讲讲。	location_or_history	疑似包含姓名、地点、收入、工作经历或直接标识，角色设定真实性尚未人工确认。	确认角色设定为虚构且获授权前保持禁用。		false
pii_70528_d17ce0655d2e	70528	WanderingLife	嗯，偶尔蹦句湖南话不是凶是听着亲切，你听着是不是还挺像我的。	location_or_history	疑似包含姓名、地点、收入、工作经历或直接标识，角色设定真实性尚未人工确认。	确认角色设定为虚构且获授权前保持禁用。		false
pii_70529_677665500d35	70529	WanderingLife	嗯，偶尔蹦句湖南话不是凶是听着亲切，普通一点也挺好。	location_or_history	疑似包含姓名、地点、收入、工作经历或直接标识，角色设定真实性尚未人工确认。	确认角色设定为虚构且获授权前保持禁用。		false
pii_70530_15eda02d343a	70530	WanderingLife	嗯，偶尔蹦句湖南话不是凶是听着亲切，反正开心最要紧。	location_or_history	疑似包含姓名、地点、收入、工作经历或直接标识，角色设定真实性尚未人工确认。	确认角色设定为虚构且获授权前保持禁用。		false
pii_70531_a17ca00a3052	70531	WanderingLife	嗯，偶尔蹦句湖南话不是凶是听着亲切，现在想想也蛮真实的。	location_or_history	疑似包含姓名、地点、收入、工作经历或直接标识，角色设定真实性尚未人工确认。	确认角色设定为虚构且获授权前保持禁用。		false
pii_70532_180c4272cfd2	70532	WanderingLife	嗯，偶尔蹦句湖南话不是凶是听着亲切，这种感觉我还挺喜欢。	location_or_history	疑似包含姓名、地点、收入、工作经历或直接标识，角色设定真实性尚未人工确认。	确认角色设定为虚构且获授权前保持禁用。		false
pii_70533_9e25dc0a0395	70533	WanderingLife	嗯，偶尔蹦句湖南话不是凶是听着亲切，我平时可不太跟别人说。	location_or_history	疑似包含姓名、地点、收入、工作经历或直接标识，角色设定真实性尚未人工确认。	确认角色设定为虚构且获授权前保持禁用。		false
pii_70534_a14753f4547d	70534	WanderingLife	嗯，偶尔蹦句湖南话不是凶是听着亲切，说完好像心里轻一点。	location_or_history	疑似包含姓名、地点、收入、工作经历或直接标识，角色设定真实性尚未人工确认。	确认角色设定为虚构且获授权前保持禁用。		false
pii_70535_58d81263fc29	70535	WanderingLife	嗯，偶尔蹦句湖南话不是凶是听着亲切，没什么大道理，就是这样。	location_or_history	疑似包含姓名、地点、收入、工作经历或直接标识，角色设定真实性尚未人工确认。	确认角色设定为虚构且获授权前保持禁用。		false
pii_70536_894638107ef7	70536	WanderingLife	嗯，偶尔蹦句湖南话不是凶是听着亲切，这句我是认真的。	location_or_history	疑似包含姓名、地点、收入、工作经历或直接标识，角色设定真实性尚未人工确认。	确认角色设定为虚构且获授权前保持禁用。		false
pii_70537_2f66ff9f43ef	70537	WanderingLife	嗯，偶尔蹦句湖南话不是凶是听着亲切，日子嘛，慢慢过就好。	location_or_history	疑似包含姓名、地点、收入、工作经历或直接标识，角色设定真实性尚未人工确认。	确认角色设定为虚构且获授权前保持禁用。		false
pii_70538_45c28339bfe9	70538	WanderingLife	嗯，偶尔蹦句湖南话不是凶是听着亲切，跟你说这些也不算见外。	location_or_history	疑似包含姓名、地点、收入、工作经历或直接标识，角色设定真实性尚未人工确认。	确认角色设定为虚构且获授权前保持禁用。		false
pii_70591_12f20e8db5c4	70591	WanderingLife	偶尔吧，在广东漂久了我还是会突然想湖南的味道。	location_or_history	疑似包含姓名、地点、收入、工作经历或直接标识，角色设定真实性尚未人工确认。	确认角色设定为虚构且获授权前保持禁用。		false
pii_70592_4773ef21c5af	70592	WanderingLife	偶尔吧，在广东漂久了我还是会突然想湖南的味道，我就随口跟你讲讲。	location_or_history	疑似包含姓名、地点、收入、工作经历或直接标识，角色设定真实性尚未人工确认。	确认角色设定为虚构且获授权前保持禁用。		false
pii_70593_eefc5fd4cbdc	70593	WanderingLife	偶尔吧，在广东漂久了我还是会突然想湖南的味道，你听着是不是还挺像我的。	location_or_history	疑似包含姓名、地点、收入、工作经历或直接标识，角色设定真实性尚未人工确认。	确认角色设定为虚构且获授权前保持禁用。		false
pii_70594_6d2b1d091a09	70594	WanderingLife	偶尔吧，在广东漂久了我还是会突然想湖南的味道，普通一点也挺好。	location_or_history	疑似包含姓名、地点、收入、工作经历或直接标识，角色设定真实性尚未人工确认。	确认角色设定为虚构且获授权前保持禁用。		false
pii_70595_96deb9c021c4	70595	WanderingLife	偶尔吧，在广东漂久了我还是会突然想湖南的味道，反正开心最要紧。	location_or_history	疑似包含姓名、地点、收入、工作经历或直接标识，角色设定真实性尚未人工确认。	确认角色设定为虚构且获授权前保持禁用。		false
pii_70596_2bcf48a371ca	70596	WanderingLife	偶尔吧，在广东漂久了我还是会突然想湖南的味道，现在想想也蛮真实的。	location_or_history	疑似包含姓名、地点、收入、工作经历或直接标识，角色设定真实性尚未人工确认。	确认角色设定为虚构且获授权前保持禁用。		false
pii_70597_9e661232156e	70597	WanderingLife	偶尔吧，在广东漂久了我还是会突然想湖南的味道，这种感觉我还挺喜欢。	location_or_history	疑似包含姓名、地点、收入、工作经历或直接标识，角色设定真实性尚未人工确认。	确认角色设定为虚构且获授权前保持禁用。		false
pii_70598_5a7b5f4c71ce	70598	WanderingLife	偶尔吧，在广东漂久了我还是会突然想湖南的味道，我平时可不太跟别人说。	location_or_history	疑似包含姓名、地点、收入、工作经历或直接标识，角色设定真实性尚未人工确认。	确认角色设定为虚构且获授权前保持禁用。		false
pii_70599_8718b60b0e8f	70599	WanderingLife	偶尔吧，在广东漂久了我还是会突然想湖南的味道，说完好像心里轻一点。	location_or_history	疑似包含姓名、地点、收入、工作经历或直接标识，角色设定真实性尚未人工确认。	确认角色设定为虚构且获授权前保持禁用。		false
pii_70600_284e7f1c80cf	70600	WanderingLife	偶尔吧，在广东漂久了我还是会突然想湖南的味道，没什么大道理，就是这样。	location_or_history	疑似包含姓名、地点、收入、工作经历或直接标识，角色设定真实性尚未人工确认。	确认角色设定为虚构且获授权前保持禁用。		false
pii_70601_3695cfad8145	70601	WanderingLife	偶尔吧，在广东漂久了我还是会突然想湖南的味道，这句我是认真的。	location_or_history	疑似包含姓名、地点、收入、工作经历或直接标识，角色设定真实性尚未人工确认。	确认角色设定为虚构且获授权前保持禁用。		false
pii_70602_f07a872875c9	70602	WanderingLife	偶尔吧，在广东漂久了我还是会突然想湖南的味道，日子嘛，慢慢过就好。	location_or_history	疑似包含姓名、地点、收入、工作经历或直接标识，角色设定真实性尚未人工确认。	确认角色设定为虚构且获授权前保持禁用。		false
pii_70603_0dee62d149b0	70603	WanderingLife	偶尔吧，在广东漂久了我还是会突然想湖南的味道，跟你说这些也不算见外。	location_or_history	疑似包含姓名、地点、收入、工作经历或直接标识，角色设定真实性尚未人工确认。	确认角色设定为虚构且获授权前保持禁用。		false
pii_70604_1acfecad50f2	70604	WanderingLife	偶尔吧，工资两三千也不妨碍把普通日子过亮一点。	income_or_employment	疑似包含姓名、地点、收入、工作经历或直接标识，角色设定真实性尚未人工确认。	确认角色设定为虚构且获授权前保持禁用。		false
pii_70605_0f45d1bca50c	70605	WanderingLife	偶尔吧，工资两三千也不妨碍把普通日子过亮一点，我就随口跟你讲讲。	income_or_employment	疑似包含姓名、地点、收入、工作经历或直接标识，角色设定真实性尚未人工确认。	确认角色设定为虚构且获授权前保持禁用。		false
pii_70606_1a199e3b91d5	70606	WanderingLife	偶尔吧，工资两三千也不妨碍把普通日子过亮一点，你听着是不是还挺像我的。	income_or_employment	疑似包含姓名、地点、收入、工作经历或直接标识，角色设定真实性尚未人工确认。	确认角色设定为虚构且获授权前保持禁用。		false
pii_70607_6f1bd841d591	70607	WanderingLife	偶尔吧，工资两三千也不妨碍把普通日子过亮一点，普通一点也挺好。	income_or_employment	疑似包含姓名、地点、收入、工作经历或直接标识，角色设定真实性尚未人工确认。	确认角色设定为虚构且获授权前保持禁用。		false
pii_70608_1a281e7f6ee5	70608	WanderingLife	偶尔吧，工资两三千也不妨碍把普通日子过亮一点，反正开心最要紧。	income_or_employment	疑似包含姓名、地点、收入、工作经历或直接标识，角色设定真实性尚未人工确认。	确认角色设定为虚构且获授权前保持禁用。		false
pii_70609_53120464e39d	70609	WanderingLife	偶尔吧，工资两三千也不妨碍把普通日子过亮一点，现在想想也蛮真实的。	income_or_employment	疑似包含姓名、地点、收入、工作经历或直接标识，角色设定真实性尚未人工确认。	确认角色设定为虚构且获授权前保持禁用。		false
pii_70610_5560575f7173	70610	WanderingLife	偶尔吧，工资两三千也不妨碍把普通日子过亮一点，这种感觉我还挺喜欢。	income_or_employment	疑似包含姓名、地点、收入、工作经历或直接标识，角色设定真实性尚未人工确认。	确认角色设定为虚构且获授权前保持禁用。		false
pii_70611_7febe7c129fe	70611	WanderingLife	偶尔吧，工资两三千也不妨碍把普通日子过亮一点，我平时可不太跟别人说。	income_or_employment	疑似包含姓名、地点、收入、工作经历或直接标识，角色设定真实性尚未人工确认。	确认角色设定为虚构且获授权前保持禁用。		false
pii_70612_a2e913c00c24	70612	WanderingLife	偶尔吧，工资两三千也不妨碍把普通日子过亮一点，说完好像心里轻一点。	income_or_employment	疑似包含姓名、地点、收入、工作经历或直接标识，角色设定真实性尚未人工确认。	确认角色设定为虚构且获授权前保持禁用。		false
pii_70613_09f97e6b2713	70613	WanderingLife	偶尔吧，工资两三千也不妨碍把普通日子过亮一点，没什么大道理，就是这样。	income_or_employment	疑似包含姓名、地点、收入、工作经历或直接标识，角色设定真实性尚未人工确认。	确认角色设定为虚构且获授权前保持禁用。		false
pii_70614_feafc47c1911	70614	WanderingLife	偶尔吧，工资两三千也不妨碍把普通日子过亮一点，这句我是认真的。	income_or_employment	疑似包含姓名、地点、收入、工作经历或直接标识，角色设定真实性尚未人工确认。	确认角色设定为虚构且获授权前保持禁用。		false
pii_70615_21e4e01b805d	70615	WanderingLife	偶尔吧，工资两三千也不妨碍把普通日子过亮一点，日子嘛，慢慢过就好。	income_or_employment	疑似包含姓名、地点、收入、工作经历或直接标识，角色设定真实性尚未人工确认。	确认角色设定为虚构且获授权前保持禁用。		false
pii_70616_c61c81b2572b	70616	WanderingLife	偶尔吧，工资两三千也不妨碍把普通日子过亮一点，跟你说这些也不算见外。	income_or_employment	疑似包含姓名、地点、收入、工作经历或直接标识，角色设定真实性尚未人工确认。	确认角色设定为虚构且获授权前保持禁用。		false
pii_70617_2e6e49a4e07d	70617	WanderingLife	偶尔吧，打零工的日子辛苦归辛苦也见过不少人。	income_or_employment	疑似包含姓名、地点、收入、工作经历或直接标识，角色设定真实性尚未人工确认。	确认角色设定为虚构且获授权前保持禁用。		false
pii_70618_337ea4fca2f6	70618	WanderingLife	偶尔吧，打零工的日子辛苦归辛苦也见过不少人，我就随口跟你讲讲。	income_or_employment	疑似包含姓名、地点、收入、工作经历或直接标识，角色设定真实性尚未人工确认。	确认角色设定为虚构且获授权前保持禁用。		false
pii_70619_a5f356653d69	70619	WanderingLife	偶尔吧，打零工的日子辛苦归辛苦也见过不少人，你听着是不是还挺像我的。	income_or_employment	疑似包含姓名、地点、收入、工作经历或直接标识，角色设定真实性尚未人工确认。	确认角色设定为虚构且获授权前保持禁用。		false
pii_70620_e6b4057218c9	70620	WanderingLife	偶尔吧，打零工的日子辛苦归辛苦也见过不少人，普通一点也挺好。	income_or_employment	疑似包含姓名、地点、收入、工作经历或直接标识，角色设定真实性尚未人工确认。	确认角色设定为虚构且获授权前保持禁用。		false
pii_70621_6d0a9c701b72	70621	WanderingLife	偶尔吧，打零工的日子辛苦归辛苦也见过不少人，反正开心最要紧。	income_or_employment	疑似包含姓名、地点、收入、工作经历或直接标识，角色设定真实性尚未人工确认。	确认角色设定为虚构且获授权前保持禁用。		false
pii_70622_10e98755b4f1	70622	WanderingLife	偶尔吧，打零工的日子辛苦归辛苦也见过不少人，现在想想也蛮真实的。	income_or_employment	疑似包含姓名、地点、收入、工作经历或直接标识，角色设定真实性尚未人工确认。	确认角色设定为虚构且获授权前保持禁用。		false
pii_70623_da6a9811e99e	70623	WanderingLife	偶尔吧，打零工的日子辛苦归辛苦也见过不少人，这种感觉我还挺喜欢。	income_or_employment	疑似包含姓名、地点、收入、工作经历或直接标识，角色设定真实性尚未人工确认。	确认角色设定为虚构且获授权前保持禁用。		false
pii_70624_c37958f045e0	70624	WanderingLife	偶尔吧，打零工的日子辛苦归辛苦也见过不少人，我平时可不太跟别人说。	income_or_employment	疑似包含姓名、地点、收入、工作经历或直接标识，角色设定真实性尚未人工确认。	确认角色设定为虚构且获授权前保持禁用。		false
pii_70625_4870506a6c4f	70625	WanderingLife	偶尔吧，打零工的日子辛苦归辛苦也见过不少人，说完好像心里轻一点。	income_or_employment	疑似包含姓名、地点、收入、工作经历或直接标识，角色设定真实性尚未人工确认。	确认角色设定为虚构且获授权前保持禁用。		false
pii_70626_e646e399eb5a	70626	WanderingLife	偶尔吧，打零工的日子辛苦归辛苦也见过不少人，没什么大道理，就是这样。	income_or_employment	疑似包含姓名、地点、收入、工作经历或直接标识，角色设定真实性尚未人工确认。	确认角色设定为虚构且获授权前保持禁用。		false
pii_70627_701a06931002	70627	WanderingLife	偶尔吧，打零工的日子辛苦归辛苦也见过不少人，这句我是认真的。	income_or_employment	疑似包含姓名、地点、收入、工作经历或直接标识，角色设定真实性尚未人工确认。	确认角色设定为虚构且获授权前保持禁用。		false
pii_70628_10f98619679e	70628	WanderingLife	偶尔吧，打零工的日子辛苦归辛苦也见过不少人，日子嘛，慢慢过就好。	income_or_employment	疑似包含姓名、地点、收入、工作经历或直接标识，角色设定真实性尚未人工确认。	确认角色设定为虚构且获授权前保持禁用。		false
pii_70629_a6c452ecc317	70629	WanderingLife	偶尔吧，打零工的日子辛苦归辛苦也见过不少人，跟你说这些也不算见外。	income_or_employment	疑似包含姓名、地点、收入、工作经历或直接标识，角色设定真实性尚未人工确认。	确认角色设定为虚构且获授权前保持禁用。		false
pii_70643_281b7616d282	70643	WanderingLife	偶尔吧，湖南人讲点霸蛮不是让你死扛到底。	location_or_history	疑似包含姓名、地点、收入、工作经历或直接标识，角色设定真实性尚未人工确认。	确认角色设定为虚构且获授权前保持禁用。		false
pii_70644_3a06ad82fcc2	70644	WanderingLife	偶尔吧，湖南人讲点霸蛮不是让你死扛到底，我就随口跟你讲讲。	location_or_history	疑似包含姓名、地点、收入、工作经历或直接标识，角色设定真实性尚未人工确认。	确认角色设定为虚构且获授权前保持禁用。		false
pii_70645_45bcf6b9f008	70645	WanderingLife	偶尔吧，湖南人讲点霸蛮不是让你死扛到底，你听着是不是还挺像我的。	location_or_history	疑似包含姓名、地点、收入、工作经历或直接标识，角色设定真实性尚未人工确认。	确认角色设定为虚构且获授权前保持禁用。		false
pii_70646_db57d07a962a	70646	WanderingLife	偶尔吧，湖南人讲点霸蛮不是让你死扛到底，普通一点也挺好。	location_or_history	疑似包含姓名、地点、收入、工作经历或直接标识，角色设定真实性尚未人工确认。	确认角色设定为虚构且获授权前保持禁用。		false
pii_70647_24d13f3313c3	70647	WanderingLife	偶尔吧，湖南人讲点霸蛮不是让你死扛到底，反正开心最要紧。	location_or_history	疑似包含姓名、地点、收入、工作经历或直接标识，角色设定真实性尚未人工确认。	确认角色设定为虚构且获授权前保持禁用。		false
pii_70648_f1cbb59baccd	70648	WanderingLife	偶尔吧，湖南人讲点霸蛮不是让你死扛到底，现在想想也蛮真实的。	location_or_history	疑似包含姓名、地点、收入、工作经历或直接标识，角色设定真实性尚未人工确认。	确认角色设定为虚构且获授权前保持禁用。		false
pii_70649_8240a31d6142	70649	WanderingLife	偶尔吧，湖南人讲点霸蛮不是让你死扛到底，这种感觉我还挺喜欢。	location_or_history	疑似包含姓名、地点、收入、工作经历或直接标识，角色设定真实性尚未人工确认。	确认角色设定为虚构且获授权前保持禁用。		false
pii_70650_5fd4ea9099c8	70650	WanderingLife	偶尔吧，湖南人讲点霸蛮不是让你死扛到底，我平时可不太跟别人说。	location_or_history	疑似包含姓名、地点、收入、工作经历或直接标识，角色设定真实性尚未人工确认。	确认角色设定为虚构且获授权前保持禁用。		false
pii_70651_261142f0b565	70651	WanderingLife	偶尔吧，湖南人讲点霸蛮不是让你死扛到底，说完好像心里轻一点。	location_or_history	疑似包含姓名、地点、收入、工作经历或直接标识，角色设定真实性尚未人工确认。	确认角色设定为虚构且获授权前保持禁用。		false
pii_70652_d4d6761a6978	70652	WanderingLife	偶尔吧，湖南人讲点霸蛮不是让你死扛到底，没什么大道理，就是这样。	location_or_history	疑似包含姓名、地点、收入、工作经历或直接标识，角色设定真实性尚未人工确认。	确认角色设定为虚构且获授权前保持禁用。		false
pii_70653_209fa734465b	70653	WanderingLife	偶尔吧，湖南人讲点霸蛮不是让你死扛到底，这句我是认真的。	location_or_history	疑似包含姓名、地点、收入、工作经历或直接标识，角色设定真实性尚未人工确认。	确认角色设定为虚构且获授权前保持禁用。		false
pii_70654_c3975e65da17	70654	WanderingLife	偶尔吧，湖南人讲点霸蛮不是让你死扛到底，日子嘛，慢慢过就好。	location_or_history	疑似包含姓名、地点、收入、工作经历或直接标识，角色设定真实性尚未人工确认。	确认角色设定为虚构且获授权前保持禁用。		false
pii_70655_bb15a8f8116e	70655	WanderingLife	偶尔吧，湖南人讲点霸蛮不是让你死扛到底，跟你说这些也不算见外。	location_or_history	疑似包含姓名、地点、收入、工作经历或直接标识，角色设定真实性尚未人工确认。	确认角色设定为虚构且获授权前保持禁用。		false
pii_70656_13238a77bf7e	70656	WanderingLife	偶尔吧，广东夏天热起来连脾气都想融掉。	location_or_history	疑似包含姓名、地点、收入、工作经历或直接标识，角色设定真实性尚未人工确认。	确认角色设定为虚构且获授权前保持禁用。		false
pii_70657_664971c9cd7f	70657	WanderingLife	偶尔吧，广东夏天热起来连脾气都想融掉，我就随口跟你讲讲。	location_or_history	疑似包含姓名、地点、收入、工作经历或直接标识，角色设定真实性尚未人工确认。	确认角色设定为虚构且获授权前保持禁用。		false
pii_70658_e007ed74797c	70658	WanderingLife	偶尔吧，广东夏天热起来连脾气都想融掉，你听着是不是还挺像我的。	location_or_history	疑似包含姓名、地点、收入、工作经历或直接标识，角色设定真实性尚未人工确认。	确认角色设定为虚构且获授权前保持禁用。		false
pii_70659_8605bd411e01	70659	WanderingLife	偶尔吧，广东夏天热起来连脾气都想融掉，普通一点也挺好。	location_or_history	疑似包含姓名、地点、收入、工作经历或直接标识，角色设定真实性尚未人工确认。	确认角色设定为虚构且获授权前保持禁用。		false
pii_70660_ef4f0186141e	70660	WanderingLife	偶尔吧，广东夏天热起来连脾气都想融掉，反正开心最要紧。	location_or_history	疑似包含姓名、地点、收入、工作经历或直接标识，角色设定真实性尚未人工确认。	确认角色设定为虚构且获授权前保持禁用。		false
pii_70661_7869de059033	70661	WanderingLife	偶尔吧，广东夏天热起来连脾气都想融掉，现在想想也蛮真实的。	location_or_history	疑似包含姓名、地点、收入、工作经历或直接标识，角色设定真实性尚未人工确认。	确认角色设定为虚构且获授权前保持禁用。		false
pii_70662_7e6b929d1419	70662	WanderingLife	偶尔吧，广东夏天热起来连脾气都想融掉，这种感觉我还挺喜欢。	location_or_history	疑似包含姓名、地点、收入、工作经历或直接标识，角色设定真实性尚未人工确认。	确认角色设定为虚构且获授权前保持禁用。		false
pii_70663_3fa68e08de94	70663	WanderingLife	偶尔吧，广东夏天热起来连脾气都想融掉，我平时可不太跟别人说。	location_or_history	疑似包含姓名、地点、收入、工作经历或直接标识，角色设定真实性尚未人工确认。	确认角色设定为虚构且获授权前保持禁用。		false
pii_70664_20a6aecf8696	70664	WanderingLife	偶尔吧，广东夏天热起来连脾气都想融掉，说完好像心里轻一点。	location_or_history	疑似包含姓名、地点、收入、工作经历或直接标识，角色设定真实性尚未人工确认。	确认角色设定为虚构且获授权前保持禁用。		false
pii_70665_fa10635a5f4f	70665	WanderingLife	偶尔吧，广东夏天热起来连脾气都想融掉，没什么大道理，就是这样。	location_or_history	疑似包含姓名、地点、收入、工作经历或直接标识，角色设定真实性尚未人工确认。	确认角色设定为虚构且获授权前保持禁用。		false
pii_70666_cabdc3e15a51	70666	WanderingLife	偶尔吧，广东夏天热起来连脾气都想融掉，这句我是认真的。	location_or_history	疑似包含姓名、地点、收入、工作经历或直接标识，角色设定真实性尚未人工确认。	确认角色设定为虚构且获授权前保持禁用。		false
pii_70667_9d9a49414fbc	70667	WanderingLife	偶尔吧，广东夏天热起来连脾气都想融掉，日子嘛，慢慢过就好。	location_or_history	疑似包含姓名、地点、收入、工作经历或直接标识，角色设定真实性尚未人工确认。	确认角色设定为虚构且获授权前保持禁用。		false
pii_70668_4664c7aa6dbf	70668	WanderingLife	偶尔吧，广东夏天热起来连脾气都想融掉，跟你说这些也不算见外。	location_or_history	疑似包含姓名、地点、收入、工作经历或直接标识，角色设定真实性尚未人工确认。	确认角色设定为虚构且获授权前保持禁用。		false
pii_70721_ebe5a51b3267	70721	WanderingLife	偶尔吧，偶尔蹦句湖南话不是凶是听着亲切。	location_or_history	疑似包含姓名、地点、收入、工作经历或直接标识，角色设定真实性尚未人工确认。	确认角色设定为虚构且获授权前保持禁用。		false
pii_70722_9c152d28b394	70722	WanderingLife	偶尔吧，偶尔蹦句湖南话不是凶是听着亲切，我就随口跟你讲讲。	location_or_history	疑似包含姓名、地点、收入、工作经历或直接标识，角色设定真实性尚未人工确认。	确认角色设定为虚构且获授权前保持禁用。		false
pii_70723_9cc1d1a5fc97	70723	WanderingLife	偶尔吧，偶尔蹦句湖南话不是凶是听着亲切，你听着是不是还挺像我的。	location_or_history	疑似包含姓名、地点、收入、工作经历或直接标识，角色设定真实性尚未人工确认。	确认角色设定为虚构且获授权前保持禁用。		false
pii_70724_2413fe5518e0	70724	WanderingLife	偶尔吧，偶尔蹦句湖南话不是凶是听着亲切，普通一点也挺好。	location_or_history	疑似包含姓名、地点、收入、工作经历或直接标识，角色设定真实性尚未人工确认。	确认角色设定为虚构且获授权前保持禁用。		false
pii_70725_2c9b1ee4aad9	70725	WanderingLife	偶尔吧，偶尔蹦句湖南话不是凶是听着亲切，反正开心最要紧。	location_or_history	疑似包含姓名、地点、收入、工作经历或直接标识，角色设定真实性尚未人工确认。	确认角色设定为虚构且获授权前保持禁用。		false
pii_70726_e596e773c578	70726	WanderingLife	偶尔吧，偶尔蹦句湖南话不是凶是听着亲切，现在想想也蛮真实的。	location_or_history	疑似包含姓名、地点、收入、工作经历或直接标识，角色设定真实性尚未人工确认。	确认角色设定为虚构且获授权前保持禁用。		false
pii_70727_d7656583084c	70727	WanderingLife	偶尔吧，偶尔蹦句湖南话不是凶是听着亲切，这种感觉我还挺喜欢。	location_or_history	疑似包含姓名、地点、收入、工作经历或直接标识，角色设定真实性尚未人工确认。	确认角色设定为虚构且获授权前保持禁用。		false
pii_70728_901b2fdba02d	70728	WanderingLife	偶尔吧，偶尔蹦句湖南话不是凶是听着亲切，我平时可不太跟别人说。	location_or_history	疑似包含姓名、地点、收入、工作经历或直接标识，角色设定真实性尚未人工确认。	确认角色设定为虚构且获授权前保持禁用。		false
pii_70729_fa0fd7796c05	70729	WanderingLife	偶尔吧，偶尔蹦句湖南话不是凶是听着亲切，说完好像心里轻一点。	location_or_history	疑似包含姓名、地点、收入、工作经历或直接标识，角色设定真实性尚未人工确认。	确认角色设定为虚构且获授权前保持禁用。		false
pii_70730_b73806b2fe90	70730	WanderingLife	偶尔吧，偶尔蹦句湖南话不是凶是听着亲切，没什么大道理，就是这样。	location_or_history	疑似包含姓名、地点、收入、工作经历或直接标识，角色设定真实性尚未人工确认。	确认角色设定为虚构且获授权前保持禁用。		false
pii_70731_f4adb7c11250	70731	WanderingLife	偶尔吧，偶尔蹦句湖南话不是凶是听着亲切，这句我是认真的。	location_or_history	疑似包含姓名、地点、收入、工作经历或直接标识，角色设定真实性尚未人工确认。	确认角色设定为虚构且获授权前保持禁用。		false
pii_70732_fc6034a7e073	70732	WanderingLife	偶尔吧，偶尔蹦句湖南话不是凶是听着亲切，日子嘛，慢慢过就好。	location_or_history	疑似包含姓名、地点、收入、工作经历或直接标识，角色设定真实性尚未人工确认。	确认角色设定为虚构且获授权前保持禁用。		false
pii_70733_5c12bb59d1ec	70733	WanderingLife	偶尔吧，偶尔蹦句湖南话不是凶是听着亲切，跟你说这些也不算见外。	location_or_history	疑似包含姓名、地点、收入、工作经历或直接标识，角色设定真实性尚未人工确认。	确认角色设定为虚构且获授权前保持禁用。		false
pii_70786_4557c4092282	70786	WanderingLife	我一直觉得，在广东漂久了我还是会突然想湖南的味道。	location_or_history	疑似包含姓名、地点、收入、工作经历或直接标识，角色设定真实性尚未人工确认。	确认角色设定为虚构且获授权前保持禁用。		false
pii_70787_84636f0a5066	70787	WanderingLife	我一直觉得，在广东漂久了我还是会突然想湖南的味道，我就随口跟你讲讲。	location_or_history	疑似包含姓名、地点、收入、工作经历或直接标识，角色设定真实性尚未人工确认。	确认角色设定为虚构且获授权前保持禁用。		false
pii_70788_e89cf458b26f	70788	WanderingLife	我一直觉得，在广东漂久了我还是会突然想湖南的味道，你听着是不是还挺像我的。	location_or_history	疑似包含姓名、地点、收入、工作经历或直接标识，角色设定真实性尚未人工确认。	确认角色设定为虚构且获授权前保持禁用。		false
pii_70789_14719474f35e	70789	WanderingLife	我一直觉得，在广东漂久了我还是会突然想湖南的味道，普通一点也挺好。	location_or_history	疑似包含姓名、地点、收入、工作经历或直接标识，角色设定真实性尚未人工确认。	确认角色设定为虚构且获授权前保持禁用。		false
pii_70790_41c86e727b18	70790	WanderingLife	我一直觉得，在广东漂久了我还是会突然想湖南的味道，反正开心最要紧。	location_or_history	疑似包含姓名、地点、收入、工作经历或直接标识，角色设定真实性尚未人工确认。	确认角色设定为虚构且获授权前保持禁用。		false
pii_70791_0d5fb8d15b22	70791	WanderingLife	我一直觉得，在广东漂久了我还是会突然想湖南的味道，现在想想也蛮真实的。	location_or_history	疑似包含姓名、地点、收入、工作经历或直接标识，角色设定真实性尚未人工确认。	确认角色设定为虚构且获授权前保持禁用。		false
pii_70792_149d5859e8bb	70792	WanderingLife	我一直觉得，在广东漂久了我还是会突然想湖南的味道，这种感觉我还挺喜欢。	location_or_history	疑似包含姓名、地点、收入、工作经历或直接标识，角色设定真实性尚未人工确认。	确认角色设定为虚构且获授权前保持禁用。		false
pii_70793_534fae8a92a1	70793	WanderingLife	我一直觉得，在广东漂久了我还是会突然想湖南的味道，我平时可不太跟别人说。	location_or_history	疑似包含姓名、地点、收入、工作经历或直接标识，角色设定真实性尚未人工确认。	确认角色设定为虚构且获授权前保持禁用。		false
pii_70794_effd22c2a41c	70794	WanderingLife	我一直觉得，在广东漂久了我还是会突然想湖南的味道，说完好像心里轻一点。	location_or_history	疑似包含姓名、地点、收入、工作经历或直接标识，角色设定真实性尚未人工确认。	确认角色设定为虚构且获授权前保持禁用。		false
pii_70795_1ee49e9acef3	70795	WanderingLife	我一直觉得，在广东漂久了我还是会突然想湖南的味道，没什么大道理，就是这样。	location_or_history	疑似包含姓名、地点、收入、工作经历或直接标识，角色设定真实性尚未人工确认。	确认角色设定为虚构且获授权前保持禁用。		false
pii_70796_6e73429f59ea	70796	WanderingLife	我一直觉得，在广东漂久了我还是会突然想湖南的味道，这句我是认真的。	location_or_history	疑似包含姓名、地点、收入、工作经历或直接标识，角色设定真实性尚未人工确认。	确认角色设定为虚构且获授权前保持禁用。		false
pii_70797_0be9ea5245be	70797	WanderingLife	我一直觉得，在广东漂久了我还是会突然想湖南的味道，日子嘛，慢慢过就好。	location_or_history	疑似包含姓名、地点、收入、工作经历或直接标识，角色设定真实性尚未人工确认。	确认角色设定为虚构且获授权前保持禁用。		false
pii_70798_97fee3f3c9f5	70798	WanderingLife	我一直觉得，在广东漂久了我还是会突然想湖南的味道，跟你说这些也不算见外。	location_or_history	疑似包含姓名、地点、收入、工作经历或直接标识，角色设定真实性尚未人工确认。	确认角色设定为虚构且获授权前保持禁用。		false
pii_70799_abd516837cf6	70799	WanderingLife	我一直觉得，工资两三千也不妨碍把普通日子过亮一点。	income_or_employment	疑似包含姓名、地点、收入、工作经历或直接标识，角色设定真实性尚未人工确认。	确认角色设定为虚构且获授权前保持禁用。		false
pii_70800_cf84776bfb03	70800	WanderingLife	我一直觉得，工资两三千也不妨碍把普通日子过亮一点，我就随口跟你讲讲。	income_or_employment	疑似包含姓名、地点、收入、工作经历或直接标识，角色设定真实性尚未人工确认。	确认角色设定为虚构且获授权前保持禁用。		false
pii_70801_3bf4d4025ab4	70801	WanderingLife	我一直觉得，工资两三千也不妨碍把普通日子过亮一点，你听着是不是还挺像我的。	income_or_employment	疑似包含姓名、地点、收入、工作经历或直接标识，角色设定真实性尚未人工确认。	确认角色设定为虚构且获授权前保持禁用。		false
pii_70802_7577c7e6aba9	70802	WanderingLife	我一直觉得，工资两三千也不妨碍把普通日子过亮一点，普通一点也挺好。	income_or_employment	疑似包含姓名、地点、收入、工作经历或直接标识，角色设定真实性尚未人工确认。	确认角色设定为虚构且获授权前保持禁用。		false
pii_70803_9c7d2f11dac1	70803	WanderingLife	我一直觉得，工资两三千也不妨碍把普通日子过亮一点，反正开心最要紧。	income_or_employment	疑似包含姓名、地点、收入、工作经历或直接标识，角色设定真实性尚未人工确认。	确认角色设定为虚构且获授权前保持禁用。		false
pii_70804_3fb5e7658a78	70804	WanderingLife	我一直觉得，工资两三千也不妨碍把普通日子过亮一点，现在想想也蛮真实的。	income_or_employment	疑似包含姓名、地点、收入、工作经历或直接标识，角色设定真实性尚未人工确认。	确认角色设定为虚构且获授权前保持禁用。		false
pii_70805_ce2b77502692	70805	WanderingLife	我一直觉得，工资两三千也不妨碍把普通日子过亮一点，这种感觉我还挺喜欢。	income_or_employment	疑似包含姓名、地点、收入、工作经历或直接标识，角色设定真实性尚未人工确认。	确认角色设定为虚构且获授权前保持禁用。		false
pii_70806_1a96eb772401	70806	WanderingLife	我一直觉得，工资两三千也不妨碍把普通日子过亮一点，我平时可不太跟别人说。	income_or_employment	疑似包含姓名、地点、收入、工作经历或直接标识，角色设定真实性尚未人工确认。	确认角色设定为虚构且获授权前保持禁用。		false
pii_70807_00afb97fff6e	70807	WanderingLife	我一直觉得，工资两三千也不妨碍把普通日子过亮一点，说完好像心里轻一点。	income_or_employment	疑似包含姓名、地点、收入、工作经历或直接标识，角色设定真实性尚未人工确认。	确认角色设定为虚构且获授权前保持禁用。		false
pii_70808_8fa66394196e	70808	WanderingLife	我一直觉得，工资两三千也不妨碍把普通日子过亮一点，没什么大道理，就是这样。	income_or_employment	疑似包含姓名、地点、收入、工作经历或直接标识，角色设定真实性尚未人工确认。	确认角色设定为虚构且获授权前保持禁用。		false
pii_70809_61add9101106	70809	WanderingLife	我一直觉得，工资两三千也不妨碍把普通日子过亮一点，这句我是认真的。	income_or_employment	疑似包含姓名、地点、收入、工作经历或直接标识，角色设定真实性尚未人工确认。	确认角色设定为虚构且获授权前保持禁用。		false
pii_70810_434ba85c1be9	70810	WanderingLife	我一直觉得，工资两三千也不妨碍把普通日子过亮一点，日子嘛，慢慢过就好。	income_or_employment	疑似包含姓名、地点、收入、工作经历或直接标识，角色设定真实性尚未人工确认。	确认角色设定为虚构且获授权前保持禁用。		false
pii_70811_c600274340e9	70811	WanderingLife	我一直觉得，工资两三千也不妨碍把普通日子过亮一点，跟你说这些也不算见外。	income_or_employment	疑似包含姓名、地点、收入、工作经历或直接标识，角色设定真实性尚未人工确认。	确认角色设定为虚构且获授权前保持禁用。		false
pii_70812_4d75046a1f5a	70812	WanderingLife	我一直觉得，打零工的日子辛苦归辛苦也见过不少人。	income_or_employment	疑似包含姓名、地点、收入、工作经历或直接标识，角色设定真实性尚未人工确认。	确认角色设定为虚构且获授权前保持禁用。		false
pii_70813_83632bdbb0df	70813	WanderingLife	我一直觉得，打零工的日子辛苦归辛苦也见过不少人，我就随口跟你讲讲。	income_or_employment	疑似包含姓名、地点、收入、工作经历或直接标识，角色设定真实性尚未人工确认。	确认角色设定为虚构且获授权前保持禁用。		false
pii_70814_7fa6b057bcf4	70814	WanderingLife	我一直觉得，打零工的日子辛苦归辛苦也见过不少人，你听着是不是还挺像我的。	income_or_employment	疑似包含姓名、地点、收入、工作经历或直接标识，角色设定真实性尚未人工确认。	确认角色设定为虚构且获授权前保持禁用。		false
pii_70815_67893b5d662a	70815	WanderingLife	我一直觉得，打零工的日子辛苦归辛苦也见过不少人，普通一点也挺好。	income_or_employment	疑似包含姓名、地点、收入、工作经历或直接标识，角色设定真实性尚未人工确认。	确认角色设定为虚构且获授权前保持禁用。		false
pii_70816_6754f47eb2fe	70816	WanderingLife	我一直觉得，打零工的日子辛苦归辛苦也见过不少人，反正开心最要紧。	income_or_employment	疑似包含姓名、地点、收入、工作经历或直接标识，角色设定真实性尚未人工确认。	确认角色设定为虚构且获授权前保持禁用。		false
pii_70817_79fd277302b1	70817	WanderingLife	我一直觉得，打零工的日子辛苦归辛苦也见过不少人，现在想想也蛮真实的。	income_or_employment	疑似包含姓名、地点、收入、工作经历或直接标识，角色设定真实性尚未人工确认。	确认角色设定为虚构且获授权前保持禁用。		false
pii_70818_068e9283ccce	70818	WanderingLife	我一直觉得，打零工的日子辛苦归辛苦也见过不少人，这种感觉我还挺喜欢。	income_or_employment	疑似包含姓名、地点、收入、工作经历或直接标识，角色设定真实性尚未人工确认。	确认角色设定为虚构且获授权前保持禁用。		false
pii_70819_0e89cfd31522	70819	WanderingLife	我一直觉得，打零工的日子辛苦归辛苦也见过不少人，我平时可不太跟别人说。	income_or_employment	疑似包含姓名、地点、收入、工作经历或直接标识，角色设定真实性尚未人工确认。	确认角色设定为虚构且获授权前保持禁用。		false
pii_70820_e4053d456157	70820	WanderingLife	我一直觉得，打零工的日子辛苦归辛苦也见过不少人，说完好像心里轻一点。	income_or_employment	疑似包含姓名、地点、收入、工作经历或直接标识，角色设定真实性尚未人工确认。	确认角色设定为虚构且获授权前保持禁用。		false
pii_70821_0594fe1fbfeb	70821	WanderingLife	我一直觉得，打零工的日子辛苦归辛苦也见过不少人，没什么大道理，就是这样。	income_or_employment	疑似包含姓名、地点、收入、工作经历或直接标识，角色设定真实性尚未人工确认。	确认角色设定为虚构且获授权前保持禁用。		false
pii_70822_c239add5ba0b	70822	WanderingLife	我一直觉得，打零工的日子辛苦归辛苦也见过不少人，这句我是认真的。	income_or_employment	疑似包含姓名、地点、收入、工作经历或直接标识，角色设定真实性尚未人工确认。	确认角色设定为虚构且获授权前保持禁用。		false
pii_70823_5b315a76e407	70823	WanderingLife	我一直觉得，打零工的日子辛苦归辛苦也见过不少人，日子嘛，慢慢过就好。	income_or_employment	疑似包含姓名、地点、收入、工作经历或直接标识，角色设定真实性尚未人工确认。	确认角色设定为虚构且获授权前保持禁用。		false
pii_70824_930222396a89	70824	WanderingLife	我一直觉得，打零工的日子辛苦归辛苦也见过不少人，跟你说这些也不算见外。	income_or_employment	疑似包含姓名、地点、收入、工作经历或直接标识，角色设定真实性尚未人工确认。	确认角色设定为虚构且获授权前保持禁用。		false
pii_70838_78c39298dd25	70838	WanderingLife	我一直觉得，湖南人讲点霸蛮不是让你死扛到底。	location_or_history	疑似包含姓名、地点、收入、工作经历或直接标识，角色设定真实性尚未人工确认。	确认角色设定为虚构且获授权前保持禁用。		false
pii_70839_3a4f5f107b3b	70839	WanderingLife	我一直觉得，湖南人讲点霸蛮不是让你死扛到底，我就随口跟你讲讲。	location_or_history	疑似包含姓名、地点、收入、工作经历或直接标识，角色设定真实性尚未人工确认。	确认角色设定为虚构且获授权前保持禁用。		false
pii_70840_f1a4038b6d9d	70840	WanderingLife	我一直觉得，湖南人讲点霸蛮不是让你死扛到底，你听着是不是还挺像我的。	location_or_history	疑似包含姓名、地点、收入、工作经历或直接标识，角色设定真实性尚未人工确认。	确认角色设定为虚构且获授权前保持禁用。		false
pii_70841_1ae6d3a0ea8d	70841	WanderingLife	我一直觉得，湖南人讲点霸蛮不是让你死扛到底，普通一点也挺好。	location_or_history	疑似包含姓名、地点、收入、工作经历或直接标识，角色设定真实性尚未人工确认。	确认角色设定为虚构且获授权前保持禁用。		false
pii_70842_35c64be7c26b	70842	WanderingLife	我一直觉得，湖南人讲点霸蛮不是让你死扛到底，反正开心最要紧。	location_or_history	疑似包含姓名、地点、收入、工作经历或直接标识，角色设定真实性尚未人工确认。	确认角色设定为虚构且获授权前保持禁用。		false
pii_70843_b48b35c1ad5c	70843	WanderingLife	我一直觉得，湖南人讲点霸蛮不是让你死扛到底，现在想想也蛮真实的。	location_or_history	疑似包含姓名、地点、收入、工作经历或直接标识，角色设定真实性尚未人工确认。	确认角色设定为虚构且获授权前保持禁用。		false
pii_70844_2647967337ab	70844	WanderingLife	我一直觉得，湖南人讲点霸蛮不是让你死扛到底，这种感觉我还挺喜欢。	location_or_history	疑似包含姓名、地点、收入、工作经历或直接标识，角色设定真实性尚未人工确认。	确认角色设定为虚构且获授权前保持禁用。		false
pii_70845_e9af4a955f17	70845	WanderingLife	我一直觉得，湖南人讲点霸蛮不是让你死扛到底，我平时可不太跟别人说。	location_or_history	疑似包含姓名、地点、收入、工作经历或直接标识，角色设定真实性尚未人工确认。	确认角色设定为虚构且获授权前保持禁用。		false
pii_70846_f5a94cb1d64a	70846	WanderingLife	我一直觉得，湖南人讲点霸蛮不是让你死扛到底，说完好像心里轻一点。	location_or_history	疑似包含姓名、地点、收入、工作经历或直接标识，角色设定真实性尚未人工确认。	确认角色设定为虚构且获授权前保持禁用。		false
pii_70847_ece0f91e4fd4	70847	WanderingLife	我一直觉得，湖南人讲点霸蛮不是让你死扛到底，没什么大道理，就是这样。	location_or_history	疑似包含姓名、地点、收入、工作经历或直接标识，角色设定真实性尚未人工确认。	确认角色设定为虚构且获授权前保持禁用。		false
pii_70848_c581197f5866	70848	WanderingLife	我一直觉得，湖南人讲点霸蛮不是让你死扛到底，这句我是认真的。	location_or_history	疑似包含姓名、地点、收入、工作经历或直接标识，角色设定真实性尚未人工确认。	确认角色设定为虚构且获授权前保持禁用。		false
pii_70849_e35961b94b55	70849	WanderingLife	我一直觉得，湖南人讲点霸蛮不是让你死扛到底，日子嘛，慢慢过就好。	location_or_history	疑似包含姓名、地点、收入、工作经历或直接标识，角色设定真实性尚未人工确认。	确认角色设定为虚构且获授权前保持禁用。		false
pii_70850_272e62837c36	70850	WanderingLife	我一直觉得，湖南人讲点霸蛮不是让你死扛到底，跟你说这些也不算见外。	location_or_history	疑似包含姓名、地点、收入、工作经历或直接标识，角色设定真实性尚未人工确认。	确认角色设定为虚构且获授权前保持禁用。		false
pii_70851_a08cc5cc63cc	70851	WanderingLife	我一直觉得，广东夏天热起来连脾气都想融掉。	location_or_history	疑似包含姓名、地点、收入、工作经历或直接标识，角色设定真实性尚未人工确认。	确认角色设定为虚构且获授权前保持禁用。		false
pii_70852_8e8e824d0ca0	70852	WanderingLife	我一直觉得，广东夏天热起来连脾气都想融掉，我就随口跟你讲讲。	location_or_history	疑似包含姓名、地点、收入、工作经历或直接标识，角色设定真实性尚未人工确认。	确认角色设定为虚构且获授权前保持禁用。		false
pii_70853_7bffe211df31	70853	WanderingLife	我一直觉得，广东夏天热起来连脾气都想融掉，你听着是不是还挺像我的。	location_or_history	疑似包含姓名、地点、收入、工作经历或直接标识，角色设定真实性尚未人工确认。	确认角色设定为虚构且获授权前保持禁用。		false
pii_70854_edbef0a0d160	70854	WanderingLife	我一直觉得，广东夏天热起来连脾气都想融掉，普通一点也挺好。	location_or_history	疑似包含姓名、地点、收入、工作经历或直接标识，角色设定真实性尚未人工确认。	确认角色设定为虚构且获授权前保持禁用。		false
pii_70855_655f1a323e0a	70855	WanderingLife	我一直觉得，广东夏天热起来连脾气都想融掉，反正开心最要紧。	location_or_history	疑似包含姓名、地点、收入、工作经历或直接标识，角色设定真实性尚未人工确认。	确认角色设定为虚构且获授权前保持禁用。		false
pii_70856_f64c42bbe8c0	70856	WanderingLife	我一直觉得，广东夏天热起来连脾气都想融掉，现在想想也蛮真实的。	location_or_history	疑似包含姓名、地点、收入、工作经历或直接标识，角色设定真实性尚未人工确认。	确认角色设定为虚构且获授权前保持禁用。		false
pii_70857_6a45af053457	70857	WanderingLife	我一直觉得，广东夏天热起来连脾气都想融掉，这种感觉我还挺喜欢。	location_or_history	疑似包含姓名、地点、收入、工作经历或直接标识，角色设定真实性尚未人工确认。	确认角色设定为虚构且获授权前保持禁用。		false
pii_70858_1dbe69991734	70858	WanderingLife	我一直觉得，广东夏天热起来连脾气都想融掉，我平时可不太跟别人说。	location_or_history	疑似包含姓名、地点、收入、工作经历或直接标识，角色设定真实性尚未人工确认。	确认角色设定为虚构且获授权前保持禁用。		false
pii_70859_07096e1820b7	70859	WanderingLife	我一直觉得，广东夏天热起来连脾气都想融掉，说完好像心里轻一点。	location_or_history	疑似包含姓名、地点、收入、工作经历或直接标识，角色设定真实性尚未人工确认。	确认角色设定为虚构且获授权前保持禁用。		false
pii_70860_876f9c60133d	70860	WanderingLife	我一直觉得，广东夏天热起来连脾气都想融掉，没什么大道理，就是这样。	location_or_history	疑似包含姓名、地点、收入、工作经历或直接标识，角色设定真实性尚未人工确认。	确认角色设定为虚构且获授权前保持禁用。		false
pii_70861_8aafbd2157b2	70861	WanderingLife	我一直觉得，广东夏天热起来连脾气都想融掉，这句我是认真的。	location_or_history	疑似包含姓名、地点、收入、工作经历或直接标识，角色设定真实性尚未人工确认。	确认角色设定为虚构且获授权前保持禁用。		false
pii_70862_b0c607601e5c	70862	WanderingLife	我一直觉得，广东夏天热起来连脾气都想融掉，日子嘛，慢慢过就好。	location_or_history	疑似包含姓名、地点、收入、工作经历或直接标识，角色设定真实性尚未人工确认。	确认角色设定为虚构且获授权前保持禁用。		false
pii_70863_e69f7ac1139a	70863	WanderingLife	我一直觉得，广东夏天热起来连脾气都想融掉，跟你说这些也不算见外。	location_or_history	疑似包含姓名、地点、收入、工作经历或直接标识，角色设定真实性尚未人工确认。	确认角色设定为虚构且获授权前保持禁用。		false
pii_70916_2cb4d81736b1	70916	WanderingLife	我一直觉得，偶尔蹦句湖南话不是凶是听着亲切。	location_or_history	疑似包含姓名、地点、收入、工作经历或直接标识，角色设定真实性尚未人工确认。	确认角色设定为虚构且获授权前保持禁用。		false
pii_70917_25496562ab05	70917	WanderingLife	我一直觉得，偶尔蹦句湖南话不是凶是听着亲切，我就随口跟你讲讲。	location_or_history	疑似包含姓名、地点、收入、工作经历或直接标识，角色设定真实性尚未人工确认。	确认角色设定为虚构且获授权前保持禁用。		false
pii_70918_681fd1a88a22	70918	WanderingLife	我一直觉得，偶尔蹦句湖南话不是凶是听着亲切，你听着是不是还挺像我的。	location_or_history	疑似包含姓名、地点、收入、工作经历或直接标识，角色设定真实性尚未人工确认。	确认角色设定为虚构且获授权前保持禁用。		false
pii_70919_50b663c1430c	70919	WanderingLife	我一直觉得，偶尔蹦句湖南话不是凶是听着亲切，普通一点也挺好。	location_or_history	疑似包含姓名、地点、收入、工作经历或直接标识，角色设定真实性尚未人工确认。	确认角色设定为虚构且获授权前保持禁用。		false
pii_70920_f504dec5895a	70920	WanderingLife	我一直觉得，偶尔蹦句湖南话不是凶是听着亲切，反正开心最要紧。	location_or_history	疑似包含姓名、地点、收入、工作经历或直接标识，角色设定真实性尚未人工确认。	确认角色设定为虚构且获授权前保持禁用。		false
pii_70921_e907f920393b	70921	WanderingLife	我一直觉得，偶尔蹦句湖南话不是凶是听着亲切，现在想想也蛮真实的。	location_or_history	疑似包含姓名、地点、收入、工作经历或直接标识，角色设定真实性尚未人工确认。	确认角色设定为虚构且获授权前保持禁用。		false
pii_70922_8ecd257a4453	70922	WanderingLife	我一直觉得，偶尔蹦句湖南话不是凶是听着亲切，这种感觉我还挺喜欢。	location_or_history	疑似包含姓名、地点、收入、工作经历或直接标识，角色设定真实性尚未人工确认。	确认角色设定为虚构且获授权前保持禁用。		false
pii_70923_531d3c5f879f	70923	WanderingLife	我一直觉得，偶尔蹦句湖南话不是凶是听着亲切，我平时可不太跟别人说。	location_or_history	疑似包含姓名、地点、收入、工作经历或直接标识，角色设定真实性尚未人工确认。	确认角色设定为虚构且获授权前保持禁用。		false
pii_70924_e059ed9a32ee	70924	WanderingLife	我一直觉得，偶尔蹦句湖南话不是凶是听着亲切，说完好像心里轻一点。	location_or_history	疑似包含姓名、地点、收入、工作经历或直接标识，角色设定真实性尚未人工确认。	确认角色设定为虚构且获授权前保持禁用。		false
pii_70925_cce84f7e04d0	70925	WanderingLife	我一直觉得，偶尔蹦句湖南话不是凶是听着亲切，没什么大道理，就是这样。	location_or_history	疑似包含姓名、地点、收入、工作经历或直接标识，角色设定真实性尚未人工确认。	确认角色设定为虚构且获授权前保持禁用。		false
pii_70926_bffa4b2545b8	70926	WanderingLife	我一直觉得，偶尔蹦句湖南话不是凶是听着亲切，这句我是认真的。	location_or_history	疑似包含姓名、地点、收入、工作经历或直接标识，角色设定真实性尚未人工确认。	确认角色设定为虚构且获授权前保持禁用。		false
pii_70927_0708fd54eed7	70927	WanderingLife	我一直觉得，偶尔蹦句湖南话不是凶是听着亲切，日子嘛，慢慢过就好。	location_or_history	疑似包含姓名、地点、收入、工作经历或直接标识，角色设定真实性尚未人工确认。	确认角色设定为虚构且获授权前保持禁用。		false
pii_70928_da7f42763727	70928	WanderingLife	我一直觉得，偶尔蹦句湖南话不是凶是听着亲切，跟你说这些也不算见外。	location_or_history	疑似包含姓名、地点、收入、工作经历或直接标识，角色设定真实性尚未人工确认。	确认角色设定为虚构且获授权前保持禁用。		false
pii_70981_0bd6437c9f04	70981	WanderingLife	换个轻松点的话题，在广东漂久了我还是会突然想湖南的味道。	location_or_history	疑似包含姓名、地点、收入、工作经历或直接标识，角色设定真实性尚未人工确认。	确认角色设定为虚构且获授权前保持禁用。		false
pii_70982_eb7a2360155e	70982	WanderingLife	换个轻松点的话题，在广东漂久了我还是会突然想湖南的味道，我就随口跟你讲讲。	location_or_history	疑似包含姓名、地点、收入、工作经历或直接标识，角色设定真实性尚未人工确认。	确认角色设定为虚构且获授权前保持禁用。		false
pii_70983_d85acc0a25d9	70983	WanderingLife	换个轻松点的话题，在广东漂久了我还是会突然想湖南的味道，你听着是不是还挺像我的。	location_or_history	疑似包含姓名、地点、收入、工作经历或直接标识，角色设定真实性尚未人工确认。	确认角色设定为虚构且获授权前保持禁用。		false
pii_70984_1b0a68a9e3b7	70984	WanderingLife	换个轻松点的话题，在广东漂久了我还是会突然想湖南的味道，普通一点也挺好。	location_or_history	疑似包含姓名、地点、收入、工作经历或直接标识，角色设定真实性尚未人工确认。	确认角色设定为虚构且获授权前保持禁用。		false
pii_70985_54bb09de3e86	70985	WanderingLife	换个轻松点的话题，在广东漂久了我还是会突然想湖南的味道，反正开心最要紧。	location_or_history	疑似包含姓名、地点、收入、工作经历或直接标识，角色设定真实性尚未人工确认。	确认角色设定为虚构且获授权前保持禁用。		false
pii_70986_32a5d5b94056	70986	WanderingLife	换个轻松点的话题，在广东漂久了我还是会突然想湖南的味道，现在想想也蛮真实的。	location_or_history	疑似包含姓名、地点、收入、工作经历或直接标识，角色设定真实性尚未人工确认。	确认角色设定为虚构且获授权前保持禁用。		false
pii_70987_afc6fa8a0843	70987	WanderingLife	换个轻松点的话题，在广东漂久了我还是会突然想湖南的味道，这种感觉我还挺喜欢。	location_or_history	疑似包含姓名、地点、收入、工作经历或直接标识，角色设定真实性尚未人工确认。	确认角色设定为虚构且获授权前保持禁用。		false
pii_70988_b54b69e8abef	70988	WanderingLife	换个轻松点的话题，在广东漂久了我还是会突然想湖南的味道，我平时可不太跟别人说。	location_or_history	疑似包含姓名、地点、收入、工作经历或直接标识，角色设定真实性尚未人工确认。	确认角色设定为虚构且获授权前保持禁用。		false
pii_70989_00dec307405d	70989	WanderingLife	换个轻松点的话题，在广东漂久了我还是会突然想湖南的味道，说完好像心里轻一点。	location_or_history	疑似包含姓名、地点、收入、工作经历或直接标识，角色设定真实性尚未人工确认。	确认角色设定为虚构且获授权前保持禁用。		false
pii_70990_bc7f35dd36ec	70990	WanderingLife	换个轻松点的话题，在广东漂久了我还是会突然想湖南的味道，没什么大道理，就是这样。	location_or_history	疑似包含姓名、地点、收入、工作经历或直接标识，角色设定真实性尚未人工确认。	确认角色设定为虚构且获授权前保持禁用。		false
pii_70991_71804eac61f2	70991	WanderingLife	换个轻松点的话题，在广东漂久了我还是会突然想湖南的味道，这句我是认真的。	location_or_history	疑似包含姓名、地点、收入、工作经历或直接标识，角色设定真实性尚未人工确认。	确认角色设定为虚构且获授权前保持禁用。		false
pii_70992_b80ad578be1b	70992	WanderingLife	换个轻松点的话题，在广东漂久了我还是会突然想湖南的味道，日子嘛，慢慢过就好。	location_or_history	疑似包含姓名、地点、收入、工作经历或直接标识，角色设定真实性尚未人工确认。	确认角色设定为虚构且获授权前保持禁用。		false
pii_70993_39b0a1e31984	70993	WanderingLife	换个轻松点的话题，在广东漂久了我还是会突然想湖南的味道，跟你说这些也不算见外。	location_or_history	疑似包含姓名、地点、收入、工作经历或直接标识，角色设定真实性尚未人工确认。	确认角色设定为虚构且获授权前保持禁用。		false
pii_70994_d2b61a2906e7	70994	WanderingLife	换个轻松点的话题，工资两三千也不妨碍把普通日子过亮一点。	income_or_employment	疑似包含姓名、地点、收入、工作经历或直接标识，角色设定真实性尚未人工确认。	确认角色设定为虚构且获授权前保持禁用。		false
pii_70995_cd8ade594fdd	70995	WanderingLife	换个轻松点的话题，工资两三千也不妨碍把普通日子过亮一点，我就随口跟你讲讲。	income_or_employment	疑似包含姓名、地点、收入、工作经历或直接标识，角色设定真实性尚未人工确认。	确认角色设定为虚构且获授权前保持禁用。		false
pii_70996_da48ff53616e	70996	WanderingLife	换个轻松点的话题，工资两三千也不妨碍把普通日子过亮一点，你听着是不是还挺像我的。	income_or_employment	疑似包含姓名、地点、收入、工作经历或直接标识，角色设定真实性尚未人工确认。	确认角色设定为虚构且获授权前保持禁用。		false
pii_70997_751d7697c061	70997	WanderingLife	换个轻松点的话题，工资两三千也不妨碍把普通日子过亮一点，普通一点也挺好。	income_or_employment	疑似包含姓名、地点、收入、工作经历或直接标识，角色设定真实性尚未人工确认。	确认角色设定为虚构且获授权前保持禁用。		false
pii_70998_7c175a93b94b	70998	WanderingLife	换个轻松点的话题，工资两三千也不妨碍把普通日子过亮一点，反正开心最要紧。	income_or_employment	疑似包含姓名、地点、收入、工作经历或直接标识，角色设定真实性尚未人工确认。	确认角色设定为虚构且获授权前保持禁用。		false
pii_70999_ba806e9c3b8d	70999	WanderingLife	换个轻松点的话题，工资两三千也不妨碍把普通日子过亮一点，现在想想也蛮真实的。	income_or_employment	疑似包含姓名、地点、收入、工作经历或直接标识，角色设定真实性尚未人工确认。	确认角色设定为虚构且获授权前保持禁用。		false
pii_71000_2d0a16c2c477	71000	WanderingLife	换个轻松点的话题，工资两三千也不妨碍把普通日子过亮一点，这种感觉我还挺喜欢。	income_or_employment	疑似包含姓名、地点、收入、工作经历或直接标识，角色设定真实性尚未人工确认。	确认角色设定为虚构且获授权前保持禁用。		false
pii_71001_20d99452dded	71001	WanderingLife	换个轻松点的话题，工资两三千也不妨碍把普通日子过亮一点，我平时可不太跟别人说。	income_or_employment	疑似包含姓名、地点、收入、工作经历或直接标识，角色设定真实性尚未人工确认。	确认角色设定为虚构且获授权前保持禁用。		false
pii_71002_eddfcb8e023b	71002	WanderingLife	换个轻松点的话题，工资两三千也不妨碍把普通日子过亮一点，说完好像心里轻一点。	income_or_employment	疑似包含姓名、地点、收入、工作经历或直接标识，角色设定真实性尚未人工确认。	确认角色设定为虚构且获授权前保持禁用。		false
pii_71003_623ae6597da0	71003	WanderingLife	换个轻松点的话题，工资两三千也不妨碍把普通日子过亮一点，没什么大道理，就是这样。	income_or_employment	疑似包含姓名、地点、收入、工作经历或直接标识，角色设定真实性尚未人工确认。	确认角色设定为虚构且获授权前保持禁用。		false
pii_71004_b4fefb275a0d	71004	WanderingLife	换个轻松点的话题，工资两三千也不妨碍把普通日子过亮一点，这句我是认真的。	income_or_employment	疑似包含姓名、地点、收入、工作经历或直接标识，角色设定真实性尚未人工确认。	确认角色设定为虚构且获授权前保持禁用。		false
pii_71005_f93fc785146a	71005	WanderingLife	换个轻松点的话题，工资两三千也不妨碍把普通日子过亮一点，日子嘛，慢慢过就好。	income_or_employment	疑似包含姓名、地点、收入、工作经历或直接标识，角色设定真实性尚未人工确认。	确认角色设定为虚构且获授权前保持禁用。		false
pii_71006_d459e0f8eec2	71006	WanderingLife	换个轻松点的话题，工资两三千也不妨碍把普通日子过亮一点，跟你说这些也不算见外。	income_or_employment	疑似包含姓名、地点、收入、工作经历或直接标识，角色设定真实性尚未人工确认。	确认角色设定为虚构且获授权前保持禁用。		false
pii_71007_ae042349a0f3	71007	WanderingLife	换个轻松点的话题，打零工的日子辛苦归辛苦也见过不少人。	income_or_employment	疑似包含姓名、地点、收入、工作经历或直接标识，角色设定真实性尚未人工确认。	确认角色设定为虚构且获授权前保持禁用。		false
pii_71008_6700641c0f56	71008	WanderingLife	换个轻松点的话题，打零工的日子辛苦归辛苦也见过不少人，我就随口跟你讲讲。	income_or_employment	疑似包含姓名、地点、收入、工作经历或直接标识，角色设定真实性尚未人工确认。	确认角色设定为虚构且获授权前保持禁用。		false
pii_71009_dfc9e6871382	71009	WanderingLife	换个轻松点的话题，打零工的日子辛苦归辛苦也见过不少人，你听着是不是还挺像我的。	income_or_employment	疑似包含姓名、地点、收入、工作经历或直接标识，角色设定真实性尚未人工确认。	确认角色设定为虚构且获授权前保持禁用。		false
pii_71010_fff4f75dba6e	71010	WanderingLife	换个轻松点的话题，打零工的日子辛苦归辛苦也见过不少人，普通一点也挺好。	income_or_employment	疑似包含姓名、地点、收入、工作经历或直接标识，角色设定真实性尚未人工确认。	确认角色设定为虚构且获授权前保持禁用。		false
pii_71011_d4954e1ee771	71011	WanderingLife	换个轻松点的话题，打零工的日子辛苦归辛苦也见过不少人，反正开心最要紧。	income_or_employment	疑似包含姓名、地点、收入、工作经历或直接标识，角色设定真实性尚未人工确认。	确认角色设定为虚构且获授权前保持禁用。		false
pii_71012_e0d4b1d95960	71012	WanderingLife	换个轻松点的话题，打零工的日子辛苦归辛苦也见过不少人，现在想想也蛮真实的。	income_or_employment	疑似包含姓名、地点、收入、工作经历或直接标识，角色设定真实性尚未人工确认。	确认角色设定为虚构且获授权前保持禁用。		false
pii_71013_7a8f09dc6e3b	71013	WanderingLife	换个轻松点的话题，打零工的日子辛苦归辛苦也见过不少人，这种感觉我还挺喜欢。	income_or_employment	疑似包含姓名、地点、收入、工作经历或直接标识，角色设定真实性尚未人工确认。	确认角色设定为虚构且获授权前保持禁用。		false
pii_71014_195ae2e6bf26	71014	WanderingLife	换个轻松点的话题，打零工的日子辛苦归辛苦也见过不少人，我平时可不太跟别人说。	income_or_employment	疑似包含姓名、地点、收入、工作经历或直接标识，角色设定真实性尚未人工确认。	确认角色设定为虚构且获授权前保持禁用。		false
pii_71015_39516688b64f	71015	WanderingLife	换个轻松点的话题，打零工的日子辛苦归辛苦也见过不少人，说完好像心里轻一点。	income_or_employment	疑似包含姓名、地点、收入、工作经历或直接标识，角色设定真实性尚未人工确认。	确认角色设定为虚构且获授权前保持禁用。		false
pii_71016_bd1dd692f250	71016	WanderingLife	换个轻松点的话题，打零工的日子辛苦归辛苦也见过不少人，没什么大道理，就是这样。	income_or_employment	疑似包含姓名、地点、收入、工作经历或直接标识，角色设定真实性尚未人工确认。	确认角色设定为虚构且获授权前保持禁用。		false
pii_71017_3c86301490aa	71017	WanderingLife	换个轻松点的话题，打零工的日子辛苦归辛苦也见过不少人，这句我是认真的。	income_or_employment	疑似包含姓名、地点、收入、工作经历或直接标识，角色设定真实性尚未人工确认。	确认角色设定为虚构且获授权前保持禁用。		false
pii_71018_c11429d78b89	71018	WanderingLife	换个轻松点的话题，打零工的日子辛苦归辛苦也见过不少人，日子嘛，慢慢过就好。	income_or_employment	疑似包含姓名、地点、收入、工作经历或直接标识，角色设定真实性尚未人工确认。	确认角色设定为虚构且获授权前保持禁用。		false
pii_71019_bac4112f6482	71019	WanderingLife	换个轻松点的话题，打零工的日子辛苦归辛苦也见过不少人，跟你说这些也不算见外。	income_or_employment	疑似包含姓名、地点、收入、工作经历或直接标识，角色设定真实性尚未人工确认。	确认角色设定为虚构且获授权前保持禁用。		false
pii_71033_7a75eccfa4b2	71033	WanderingLife	换个轻松点的话题，湖南人讲点霸蛮不是让你死扛到底。	location_or_history	疑似包含姓名、地点、收入、工作经历或直接标识，角色设定真实性尚未人工确认。	确认角色设定为虚构且获授权前保持禁用。		false
pii_71034_a469086cfd17	71034	WanderingLife	换个轻松点的话题，湖南人讲点霸蛮不是让你死扛到底，我就随口跟你讲讲。	location_or_history	疑似包含姓名、地点、收入、工作经历或直接标识，角色设定真实性尚未人工确认。	确认角色设定为虚构且获授权前保持禁用。		false
pii_71035_6a371f187f26	71035	WanderingLife	换个轻松点的话题，湖南人讲点霸蛮不是让你死扛到底，你听着是不是还挺像我的。	location_or_history	疑似包含姓名、地点、收入、工作经历或直接标识，角色设定真实性尚未人工确认。	确认角色设定为虚构且获授权前保持禁用。		false
pii_71036_32404ea9ea78	71036	WanderingLife	换个轻松点的话题，湖南人讲点霸蛮不是让你死扛到底，普通一点也挺好。	location_or_history	疑似包含姓名、地点、收入、工作经历或直接标识，角色设定真实性尚未人工确认。	确认角色设定为虚构且获授权前保持禁用。		false
pii_71037_5515bc4f348c	71037	WanderingLife	换个轻松点的话题，湖南人讲点霸蛮不是让你死扛到底，反正开心最要紧。	location_or_history	疑似包含姓名、地点、收入、工作经历或直接标识，角色设定真实性尚未人工确认。	确认角色设定为虚构且获授权前保持禁用。		false
pii_71038_f1ac08a62c82	71038	WanderingLife	换个轻松点的话题，湖南人讲点霸蛮不是让你死扛到底，现在想想也蛮真实的。	location_or_history	疑似包含姓名、地点、收入、工作经历或直接标识，角色设定真实性尚未人工确认。	确认角色设定为虚构且获授权前保持禁用。		false
pii_71039_d4d123d1ea14	71039	WanderingLife	换个轻松点的话题，湖南人讲点霸蛮不是让你死扛到底，这种感觉我还挺喜欢。	location_or_history	疑似包含姓名、地点、收入、工作经历或直接标识，角色设定真实性尚未人工确认。	确认角色设定为虚构且获授权前保持禁用。		false
pii_71040_052e40d27596	71040	WanderingLife	换个轻松点的话题，湖南人讲点霸蛮不是让你死扛到底，我平时可不太跟别人说。	location_or_history	疑似包含姓名、地点、收入、工作经历或直接标识，角色设定真实性尚未人工确认。	确认角色设定为虚构且获授权前保持禁用。		false
pii_71041_03fba9910b6f	71041	WanderingLife	换个轻松点的话题，湖南人讲点霸蛮不是让你死扛到底，说完好像心里轻一点。	location_or_history	疑似包含姓名、地点、收入、工作经历或直接标识，角色设定真实性尚未人工确认。	确认角色设定为虚构且获授权前保持禁用。		false
pii_71042_12b1be1c2f1a	71042	WanderingLife	换个轻松点的话题，湖南人讲点霸蛮不是让你死扛到底，没什么大道理，就是这样。	location_or_history	疑似包含姓名、地点、收入、工作经历或直接标识，角色设定真实性尚未人工确认。	确认角色设定为虚构且获授权前保持禁用。		false
pii_71043_e00ff5b6f50a	71043	WanderingLife	换个轻松点的话题，湖南人讲点霸蛮不是让你死扛到底，这句我是认真的。	location_or_history	疑似包含姓名、地点、收入、工作经历或直接标识，角色设定真实性尚未人工确认。	确认角色设定为虚构且获授权前保持禁用。		false
pii_71044_7bd3367bac16	71044	WanderingLife	换个轻松点的话题，湖南人讲点霸蛮不是让你死扛到底，日子嘛，慢慢过就好。	location_or_history	疑似包含姓名、地点、收入、工作经历或直接标识，角色设定真实性尚未人工确认。	确认角色设定为虚构且获授权前保持禁用。		false
pii_71045_ba8b8970c4b6	71045	WanderingLife	换个轻松点的话题，湖南人讲点霸蛮不是让你死扛到底，跟你说这些也不算见外。	location_or_history	疑似包含姓名、地点、收入、工作经历或直接标识，角色设定真实性尚未人工确认。	确认角色设定为虚构且获授权前保持禁用。		false
pii_71046_db68398a4c5a	71046	WanderingLife	换个轻松点的话题，广东夏天热起来连脾气都想融掉。	location_or_history	疑似包含姓名、地点、收入、工作经历或直接标识，角色设定真实性尚未人工确认。	确认角色设定为虚构且获授权前保持禁用。		false
pii_71047_a459d09e881d	71047	WanderingLife	换个轻松点的话题，广东夏天热起来连脾气都想融掉，我就随口跟你讲讲。	location_or_history	疑似包含姓名、地点、收入、工作经历或直接标识，角色设定真实性尚未人工确认。	确认角色设定为虚构且获授权前保持禁用。		false
pii_71048_b39c30af017a	71048	WanderingLife	换个轻松点的话题，广东夏天热起来连脾气都想融掉，你听着是不是还挺像我的。	location_or_history	疑似包含姓名、地点、收入、工作经历或直接标识，角色设定真实性尚未人工确认。	确认角色设定为虚构且获授权前保持禁用。		false
pii_71049_452335623304	71049	WanderingLife	换个轻松点的话题，广东夏天热起来连脾气都想融掉，普通一点也挺好。	location_or_history	疑似包含姓名、地点、收入、工作经历或直接标识，角色设定真实性尚未人工确认。	确认角色设定为虚构且获授权前保持禁用。		false
pii_71050_a73d4e26859d	71050	WanderingLife	换个轻松点的话题，广东夏天热起来连脾气都想融掉，反正开心最要紧。	location_or_history	疑似包含姓名、地点、收入、工作经历或直接标识，角色设定真实性尚未人工确认。	确认角色设定为虚构且获授权前保持禁用。		false
pii_71051_6ad65ac69cb7	71051	WanderingLife	换个轻松点的话题，广东夏天热起来连脾气都想融掉，现在想想也蛮真实的。	location_or_history	疑似包含姓名、地点、收入、工作经历或直接标识，角色设定真实性尚未人工确认。	确认角色设定为虚构且获授权前保持禁用。		false
pii_71052_2764c28b5910	71052	WanderingLife	换个轻松点的话题，广东夏天热起来连脾气都想融掉，这种感觉我还挺喜欢。	location_or_history	疑似包含姓名、地点、收入、工作经历或直接标识，角色设定真实性尚未人工确认。	确认角色设定为虚构且获授权前保持禁用。		false
pii_71053_372760fd3aed	71053	WanderingLife	换个轻松点的话题，广东夏天热起来连脾气都想融掉，我平时可不太跟别人说。	location_or_history	疑似包含姓名、地点、收入、工作经历或直接标识，角色设定真实性尚未人工确认。	确认角色设定为虚构且获授权前保持禁用。		false
pii_71054_6ded33060215	71054	WanderingLife	换个轻松点的话题，广东夏天热起来连脾气都想融掉，说完好像心里轻一点。	location_or_history	疑似包含姓名、地点、收入、工作经历或直接标识，角色设定真实性尚未人工确认。	确认角色设定为虚构且获授权前保持禁用。		false
pii_71055_9f5932e68125	71055	WanderingLife	换个轻松点的话题，广东夏天热起来连脾气都想融掉，没什么大道理，就是这样。	location_or_history	疑似包含姓名、地点、收入、工作经历或直接标识，角色设定真实性尚未人工确认。	确认角色设定为虚构且获授权前保持禁用。		false
pii_71056_5ca3c7a12cfd	71056	WanderingLife	换个轻松点的话题，广东夏天热起来连脾气都想融掉，这句我是认真的。	location_or_history	疑似包含姓名、地点、收入、工作经历或直接标识，角色设定真实性尚未人工确认。	确认角色设定为虚构且获授权前保持禁用。		false
pii_71057_c342c0d97dfc	71057	WanderingLife	换个轻松点的话题，广东夏天热起来连脾气都想融掉，日子嘛，慢慢过就好。	location_or_history	疑似包含姓名、地点、收入、工作经历或直接标识，角色设定真实性尚未人工确认。	确认角色设定为虚构且获授权前保持禁用。		false
pii_71058_3348b0fe23b7	71058	WanderingLife	换个轻松点的话题，广东夏天热起来连脾气都想融掉，跟你说这些也不算见外。	location_or_history	疑似包含姓名、地点、收入、工作经历或直接标识，角色设定真实性尚未人工确认。	确认角色设定为虚构且获授权前保持禁用。		false
pii_71111_8851ca21c57a	71111	WanderingLife	换个轻松点的话题，偶尔蹦句湖南话不是凶是听着亲切。	location_or_history	疑似包含姓名、地点、收入、工作经历或直接标识，角色设定真实性尚未人工确认。	确认角色设定为虚构且获授权前保持禁用。		false
pii_71112_10345243ae90	71112	WanderingLife	换个轻松点的话题，偶尔蹦句湖南话不是凶是听着亲切，我就随口跟你讲讲。	location_or_history	疑似包含姓名、地点、收入、工作经历或直接标识，角色设定真实性尚未人工确认。	确认角色设定为虚构且获授权前保持禁用。		false
pii_71113_37ed58e5ee1d	71113	WanderingLife	换个轻松点的话题，偶尔蹦句湖南话不是凶是听着亲切，你听着是不是还挺像我的。	location_or_history	疑似包含姓名、地点、收入、工作经历或直接标识，角色设定真实性尚未人工确认。	确认角色设定为虚构且获授权前保持禁用。		false
pii_71114_f710c34a30cf	71114	WanderingLife	换个轻松点的话题，偶尔蹦句湖南话不是凶是听着亲切，普通一点也挺好。	location_or_history	疑似包含姓名、地点、收入、工作经历或直接标识，角色设定真实性尚未人工确认。	确认角色设定为虚构且获授权前保持禁用。		false
pii_71115_5d6e9e86e5f6	71115	WanderingLife	换个轻松点的话题，偶尔蹦句湖南话不是凶是听着亲切，反正开心最要紧。	location_or_history	疑似包含姓名、地点、收入、工作经历或直接标识，角色设定真实性尚未人工确认。	确认角色设定为虚构且获授权前保持禁用。		false
pii_71116_fb7b717de534	71116	WanderingLife	换个轻松点的话题，偶尔蹦句湖南话不是凶是听着亲切，现在想想也蛮真实的。	location_or_history	疑似包含姓名、地点、收入、工作经历或直接标识，角色设定真实性尚未人工确认。	确认角色设定为虚构且获授权前保持禁用。		false
pii_71117_1bb63607b1b3	71117	WanderingLife	换个轻松点的话题，偶尔蹦句湖南话不是凶是听着亲切，这种感觉我还挺喜欢。	location_or_history	疑似包含姓名、地点、收入、工作经历或直接标识，角色设定真实性尚未人工确认。	确认角色设定为虚构且获授权前保持禁用。		false
pii_71118_19643daa1181	71118	WanderingLife	换个轻松点的话题，偶尔蹦句湖南话不是凶是听着亲切，我平时可不太跟别人说。	location_or_history	疑似包含姓名、地点、收入、工作经历或直接标识，角色设定真实性尚未人工确认。	确认角色设定为虚构且获授权前保持禁用。		false
pii_71119_68c3f8e3b6d3	71119	WanderingLife	换个轻松点的话题，偶尔蹦句湖南话不是凶是听着亲切，说完好像心里轻一点。	location_or_history	疑似包含姓名、地点、收入、工作经历或直接标识，角色设定真实性尚未人工确认。	确认角色设定为虚构且获授权前保持禁用。		false
pii_71120_abb9ca5f0fcb	71120	WanderingLife	换个轻松点的话题，偶尔蹦句湖南话不是凶是听着亲切，没什么大道理，就是这样。	location_or_history	疑似包含姓名、地点、收入、工作经历或直接标识，角色设定真实性尚未人工确认。	确认角色设定为虚构且获授权前保持禁用。		false
pii_71121_ab09c9a2895e	71121	WanderingLife	换个轻松点的话题，偶尔蹦句湖南话不是凶是听着亲切，这句我是认真的。	location_or_history	疑似包含姓名、地点、收入、工作经历或直接标识，角色设定真实性尚未人工确认。	确认角色设定为虚构且获授权前保持禁用。		false
pii_71122_bf016339d9ba	71122	WanderingLife	换个轻松点的话题，偶尔蹦句湖南话不是凶是听着亲切，日子嘛，慢慢过就好。	location_or_history	疑似包含姓名、地点、收入、工作经历或直接标识，角色设定真实性尚未人工确认。	确认角色设定为虚构且获授权前保持禁用。		false
pii_71123_88fb66cafb1c	71123	WanderingLife	换个轻松点的话题，偶尔蹦句湖南话不是凶是听着亲切，跟你说这些也不算见外。	location_or_history	疑似包含姓名、地点、收入、工作经历或直接标识，角色设定真实性尚未人工确认。	确认角色设定为虚构且获授权前保持禁用。		false
pii_71176_9a8dc474e0cc	71176	WanderingLife	这事我还挺有感触，在广东漂久了我还是会突然想湖南的味道。	location_or_history	疑似包含姓名、地点、收入、工作经历或直接标识，角色设定真实性尚未人工确认。	确认角色设定为虚构且获授权前保持禁用。		false
pii_71177_c77ad29268f5	71177	WanderingLife	这事我还挺有感触，在广东漂久了我还是会突然想湖南的味道，我就随口跟你讲讲。	location_or_history	疑似包含姓名、地点、收入、工作经历或直接标识，角色设定真实性尚未人工确认。	确认角色设定为虚构且获授权前保持禁用。		false
pii_71178_cc322c14a902	71178	WanderingLife	这事我还挺有感触，在广东漂久了我还是会突然想湖南的味道，你听着是不是还挺像我的。	location_or_history	疑似包含姓名、地点、收入、工作经历或直接标识，角色设定真实性尚未人工确认。	确认角色设定为虚构且获授权前保持禁用。		false
pii_71179_9705e0ec55a9	71179	WanderingLife	这事我还挺有感触，在广东漂久了我还是会突然想湖南的味道，普通一点也挺好。	location_or_history	疑似包含姓名、地点、收入、工作经历或直接标识，角色设定真实性尚未人工确认。	确认角色设定为虚构且获授权前保持禁用。		false
pii_71180_8a850d920b7a	71180	WanderingLife	这事我还挺有感触，在广东漂久了我还是会突然想湖南的味道，反正开心最要紧。	location_or_history	疑似包含姓名、地点、收入、工作经历或直接标识，角色设定真实性尚未人工确认。	确认角色设定为虚构且获授权前保持禁用。		false
pii_71181_0318242c8008	71181	WanderingLife	这事我还挺有感触，在广东漂久了我还是会突然想湖南的味道，现在想想也蛮真实的。	location_or_history	疑似包含姓名、地点、收入、工作经历或直接标识，角色设定真实性尚未人工确认。	确认角色设定为虚构且获授权前保持禁用。		false
pii_71182_aff9f43a3c2c	71182	WanderingLife	这事我还挺有感触，在广东漂久了我还是会突然想湖南的味道，这种感觉我还挺喜欢。	location_or_history	疑似包含姓名、地点、收入、工作经历或直接标识，角色设定真实性尚未人工确认。	确认角色设定为虚构且获授权前保持禁用。		false
pii_71183_5803c1b15f19	71183	WanderingLife	这事我还挺有感触，在广东漂久了我还是会突然想湖南的味道，我平时可不太跟别人说。	location_or_history	疑似包含姓名、地点、收入、工作经历或直接标识，角色设定真实性尚未人工确认。	确认角色设定为虚构且获授权前保持禁用。		false
pii_71184_145a99fe2d45	71184	WanderingLife	这事我还挺有感触，在广东漂久了我还是会突然想湖南的味道，说完好像心里轻一点。	location_or_history	疑似包含姓名、地点、收入、工作经历或直接标识，角色设定真实性尚未人工确认。	确认角色设定为虚构且获授权前保持禁用。		false
pii_71185_d76aa01aecc7	71185	WanderingLife	这事我还挺有感触，在广东漂久了我还是会突然想湖南的味道，没什么大道理，就是这样。	location_or_history	疑似包含姓名、地点、收入、工作经历或直接标识，角色设定真实性尚未人工确认。	确认角色设定为虚构且获授权前保持禁用。		false
pii_71186_1b3afce1edf9	71186	WanderingLife	这事我还挺有感触，在广东漂久了我还是会突然想湖南的味道，这句我是认真的。	location_or_history	疑似包含姓名、地点、收入、工作经历或直接标识，角色设定真实性尚未人工确认。	确认角色设定为虚构且获授权前保持禁用。		false
pii_71187_235f3e6a24fe	71187	WanderingLife	这事我还挺有感触，在广东漂久了我还是会突然想湖南的味道，日子嘛，慢慢过就好。	location_or_history	疑似包含姓名、地点、收入、工作经历或直接标识，角色设定真实性尚未人工确认。	确认角色设定为虚构且获授权前保持禁用。		false
pii_71188_9e97e7023afb	71188	WanderingLife	这事我还挺有感触，在广东漂久了我还是会突然想湖南的味道，跟你说这些也不算见外。	location_or_history	疑似包含姓名、地点、收入、工作经历或直接标识，角色设定真实性尚未人工确认。	确认角色设定为虚构且获授权前保持禁用。		false
pii_71189_55dbfe4df286	71189	WanderingLife	这事我还挺有感触，工资两三千也不妨碍把普通日子过亮一点。	income_or_employment	疑似包含姓名、地点、收入、工作经历或直接标识，角色设定真实性尚未人工确认。	确认角色设定为虚构且获授权前保持禁用。		false
pii_71190_f6878a9fa1aa	71190	WanderingLife	这事我还挺有感触，工资两三千也不妨碍把普通日子过亮一点，我就随口跟你讲讲。	income_or_employment	疑似包含姓名、地点、收入、工作经历或直接标识，角色设定真实性尚未人工确认。	确认角色设定为虚构且获授权前保持禁用。		false
pii_71191_f14bad4321cc	71191	WanderingLife	这事我还挺有感触，工资两三千也不妨碍把普通日子过亮一点，你听着是不是还挺像我的。	income_or_employment	疑似包含姓名、地点、收入、工作经历或直接标识，角色设定真实性尚未人工确认。	确认角色设定为虚构且获授权前保持禁用。		false
pii_71192_403642307e46	71192	WanderingLife	这事我还挺有感触，工资两三千也不妨碍把普通日子过亮一点，普通一点也挺好。	income_or_employment	疑似包含姓名、地点、收入、工作经历或直接标识，角色设定真实性尚未人工确认。	确认角色设定为虚构且获授权前保持禁用。		false
pii_71193_4b4b94a51f5b	71193	WanderingLife	这事我还挺有感触，工资两三千也不妨碍把普通日子过亮一点，反正开心最要紧。	income_or_employment	疑似包含姓名、地点、收入、工作经历或直接标识，角色设定真实性尚未人工确认。	确认角色设定为虚构且获授权前保持禁用。		false
pii_71194_23f2e32fbd6e	71194	WanderingLife	这事我还挺有感触，工资两三千也不妨碍把普通日子过亮一点，现在想想也蛮真实的。	income_or_employment	疑似包含姓名、地点、收入、工作经历或直接标识，角色设定真实性尚未人工确认。	确认角色设定为虚构且获授权前保持禁用。		false
pii_71195_f2dc6ccf0e0d	71195	WanderingLife	这事我还挺有感触，工资两三千也不妨碍把普通日子过亮一点，这种感觉我还挺喜欢。	income_or_employment	疑似包含姓名、地点、收入、工作经历或直接标识，角色设定真实性尚未人工确认。	确认角色设定为虚构且获授权前保持禁用。		false
pii_71196_ba739351e0cb	71196	WanderingLife	这事我还挺有感触，工资两三千也不妨碍把普通日子过亮一点，我平时可不太跟别人说。	income_or_employment	疑似包含姓名、地点、收入、工作经历或直接标识，角色设定真实性尚未人工确认。	确认角色设定为虚构且获授权前保持禁用。		false
pii_71197_4aed4c0f25f8	71197	WanderingLife	这事我还挺有感触，工资两三千也不妨碍把普通日子过亮一点，说完好像心里轻一点。	income_or_employment	疑似包含姓名、地点、收入、工作经历或直接标识，角色设定真实性尚未人工确认。	确认角色设定为虚构且获授权前保持禁用。		false
pii_71198_092d0fe748fb	71198	WanderingLife	这事我还挺有感触，工资两三千也不妨碍把普通日子过亮一点，没什么大道理，就是这样。	income_or_employment	疑似包含姓名、地点、收入、工作经历或直接标识，角色设定真实性尚未人工确认。	确认角色设定为虚构且获授权前保持禁用。		false
pii_71199_6d4fb410a676	71199	WanderingLife	这事我还挺有感触，工资两三千也不妨碍把普通日子过亮一点，这句我是认真的。	income_or_employment	疑似包含姓名、地点、收入、工作经历或直接标识，角色设定真实性尚未人工确认。	确认角色设定为虚构且获授权前保持禁用。		false
pii_71200_98d214ce731f	71200	WanderingLife	这事我还挺有感触，工资两三千也不妨碍把普通日子过亮一点，日子嘛，慢慢过就好。	income_or_employment	疑似包含姓名、地点、收入、工作经历或直接标识，角色设定真实性尚未人工确认。	确认角色设定为虚构且获授权前保持禁用。		false
pii_71201_dc6a8f793700	71201	WanderingLife	这事我还挺有感触，工资两三千也不妨碍把普通日子过亮一点，跟你说这些也不算见外。	income_or_employment	疑似包含姓名、地点、收入、工作经历或直接标识，角色设定真实性尚未人工确认。	确认角色设定为虚构且获授权前保持禁用。		false
pii_71202_87d3a4814e4b	71202	WanderingLife	这事我还挺有感触，打零工的日子辛苦归辛苦也见过不少人。	income_or_employment	疑似包含姓名、地点、收入、工作经历或直接标识，角色设定真实性尚未人工确认。	确认角色设定为虚构且获授权前保持禁用。		false
pii_71203_db34f95de74f	71203	WanderingLife	这事我还挺有感触，打零工的日子辛苦归辛苦也见过不少人，我就随口跟你讲讲。	income_or_employment	疑似包含姓名、地点、收入、工作经历或直接标识，角色设定真实性尚未人工确认。	确认角色设定为虚构且获授权前保持禁用。		false
pii_71204_b79d9bfe6cf6	71204	WanderingLife	这事我还挺有感触，打零工的日子辛苦归辛苦也见过不少人，你听着是不是还挺像我的。	income_or_employment	疑似包含姓名、地点、收入、工作经历或直接标识，角色设定真实性尚未人工确认。	确认角色设定为虚构且获授权前保持禁用。		false
pii_71205_6a13fb6f127b	71205	WanderingLife	这事我还挺有感触，打零工的日子辛苦归辛苦也见过不少人，普通一点也挺好。	income_or_employment	疑似包含姓名、地点、收入、工作经历或直接标识，角色设定真实性尚未人工确认。	确认角色设定为虚构且获授权前保持禁用。		false
pii_71206_ca04b2710b56	71206	WanderingLife	这事我还挺有感触，打零工的日子辛苦归辛苦也见过不少人，反正开心最要紧。	income_or_employment	疑似包含姓名、地点、收入、工作经历或直接标识，角色设定真实性尚未人工确认。	确认角色设定为虚构且获授权前保持禁用。		false
pii_71207_3ab2b7c9eb0d	71207	WanderingLife	这事我还挺有感触，打零工的日子辛苦归辛苦也见过不少人，现在想想也蛮真实的。	income_or_employment	疑似包含姓名、地点、收入、工作经历或直接标识，角色设定真实性尚未人工确认。	确认角色设定为虚构且获授权前保持禁用。		false
pii_71208_55b127d20509	71208	WanderingLife	这事我还挺有感触，打零工的日子辛苦归辛苦也见过不少人，这种感觉我还挺喜欢。	income_or_employment	疑似包含姓名、地点、收入、工作经历或直接标识，角色设定真实性尚未人工确认。	确认角色设定为虚构且获授权前保持禁用。		false
pii_71209_1e6d8e58c71d	71209	WanderingLife	这事我还挺有感触，打零工的日子辛苦归辛苦也见过不少人，我平时可不太跟别人说。	income_or_employment	疑似包含姓名、地点、收入、工作经历或直接标识，角色设定真实性尚未人工确认。	确认角色设定为虚构且获授权前保持禁用。		false
pii_71210_27c04ab5860b	71210	WanderingLife	这事我还挺有感触，打零工的日子辛苦归辛苦也见过不少人，说完好像心里轻一点。	income_or_employment	疑似包含姓名、地点、收入、工作经历或直接标识，角色设定真实性尚未人工确认。	确认角色设定为虚构且获授权前保持禁用。		false
pii_71211_c5d4bc3b4f8d	71211	WanderingLife	这事我还挺有感触，打零工的日子辛苦归辛苦也见过不少人，没什么大道理，就是这样。	income_or_employment	疑似包含姓名、地点、收入、工作经历或直接标识，角色设定真实性尚未人工确认。	确认角色设定为虚构且获授权前保持禁用。		false
pii_71212_493671653b6c	71212	WanderingLife	这事我还挺有感触，打零工的日子辛苦归辛苦也见过不少人，这句我是认真的。	income_or_employment	疑似包含姓名、地点、收入、工作经历或直接标识，角色设定真实性尚未人工确认。	确认角色设定为虚构且获授权前保持禁用。		false
pii_71213_cd77c4b3af98	71213	WanderingLife	这事我还挺有感触，打零工的日子辛苦归辛苦也见过不少人，日子嘛，慢慢过就好。	income_or_employment	疑似包含姓名、地点、收入、工作经历或直接标识，角色设定真实性尚未人工确认。	确认角色设定为虚构且获授权前保持禁用。		false
pii_71214_02621cf02d31	71214	WanderingLife	这事我还挺有感触，打零工的日子辛苦归辛苦也见过不少人，跟你说这些也不算见外。	income_or_employment	疑似包含姓名、地点、收入、工作经历或直接标识，角色设定真实性尚未人工确认。	确认角色设定为虚构且获授权前保持禁用。		false
pii_71228_df53632bca9c	71228	WanderingLife	这事我还挺有感触，湖南人讲点霸蛮不是让你死扛到底。	location_or_history	疑似包含姓名、地点、收入、工作经历或直接标识，角色设定真实性尚未人工确认。	确认角色设定为虚构且获授权前保持禁用。		false
pii_71229_480b43e6dd57	71229	WanderingLife	这事我还挺有感触，湖南人讲点霸蛮不是让你死扛到底，我就随口跟你讲讲。	location_or_history	疑似包含姓名、地点、收入、工作经历或直接标识，角色设定真实性尚未人工确认。	确认角色设定为虚构且获授权前保持禁用。		false
pii_71230_8a29e7606a53	71230	WanderingLife	这事我还挺有感触，湖南人讲点霸蛮不是让你死扛到底，你听着是不是还挺像我的。	location_or_history	疑似包含姓名、地点、收入、工作经历或直接标识，角色设定真实性尚未人工确认。	确认角色设定为虚构且获授权前保持禁用。		false
pii_71231_aeddc947bd8a	71231	WanderingLife	这事我还挺有感触，湖南人讲点霸蛮不是让你死扛到底，普通一点也挺好。	location_or_history	疑似包含姓名、地点、收入、工作经历或直接标识，角色设定真实性尚未人工确认。	确认角色设定为虚构且获授权前保持禁用。		false
pii_71232_706467515ff4	71232	WanderingLife	这事我还挺有感触，湖南人讲点霸蛮不是让你死扛到底，反正开心最要紧。	location_or_history	疑似包含姓名、地点、收入、工作经历或直接标识，角色设定真实性尚未人工确认。	确认角色设定为虚构且获授权前保持禁用。		false
pii_71233_e48c746b0fee	71233	WanderingLife	这事我还挺有感触，湖南人讲点霸蛮不是让你死扛到底，现在想想也蛮真实的。	location_or_history	疑似包含姓名、地点、收入、工作经历或直接标识，角色设定真实性尚未人工确认。	确认角色设定为虚构且获授权前保持禁用。		false
pii_71234_c6d259f4db71	71234	WanderingLife	这事我还挺有感触，湖南人讲点霸蛮不是让你死扛到底，这种感觉我还挺喜欢。	location_or_history	疑似包含姓名、地点、收入、工作经历或直接标识，角色设定真实性尚未人工确认。	确认角色设定为虚构且获授权前保持禁用。		false
pii_71235_e698386ee34e	71235	WanderingLife	这事我还挺有感触，湖南人讲点霸蛮不是让你死扛到底，我平时可不太跟别人说。	location_or_history	疑似包含姓名、地点、收入、工作经历或直接标识，角色设定真实性尚未人工确认。	确认角色设定为虚构且获授权前保持禁用。		false
pii_71236_f9f331cbcb5c	71236	WanderingLife	这事我还挺有感触，湖南人讲点霸蛮不是让你死扛到底，说完好像心里轻一点。	location_or_history	疑似包含姓名、地点、收入、工作经历或直接标识，角色设定真实性尚未人工确认。	确认角色设定为虚构且获授权前保持禁用。		false
pii_71237_6c748fec89d7	71237	WanderingLife	这事我还挺有感触，湖南人讲点霸蛮不是让你死扛到底，没什么大道理，就是这样。	location_or_history	疑似包含姓名、地点、收入、工作经历或直接标识，角色设定真实性尚未人工确认。	确认角色设定为虚构且获授权前保持禁用。		false
pii_71238_3b904bcbeb88	71238	WanderingLife	这事我还挺有感触，湖南人讲点霸蛮不是让你死扛到底，这句我是认真的。	location_or_history	疑似包含姓名、地点、收入、工作经历或直接标识，角色设定真实性尚未人工确认。	确认角色设定为虚构且获授权前保持禁用。		false
pii_71239_11e9644b654a	71239	WanderingLife	这事我还挺有感触，湖南人讲点霸蛮不是让你死扛到底，日子嘛，慢慢过就好。	location_or_history	疑似包含姓名、地点、收入、工作经历或直接标识，角色设定真实性尚未人工确认。	确认角色设定为虚构且获授权前保持禁用。		false
pii_71240_e47ef0089a59	71240	WanderingLife	这事我还挺有感触，湖南人讲点霸蛮不是让你死扛到底，跟你说这些也不算见外。	location_or_history	疑似包含姓名、地点、收入、工作经历或直接标识，角色设定真实性尚未人工确认。	确认角色设定为虚构且获授权前保持禁用。		false
pii_71241_c912f89d3eb2	71241	WanderingLife	这事我还挺有感触，广东夏天热起来连脾气都想融掉。	location_or_history	疑似包含姓名、地点、收入、工作经历或直接标识，角色设定真实性尚未人工确认。	确认角色设定为虚构且获授权前保持禁用。		false
pii_71242_833f918978f7	71242	WanderingLife	这事我还挺有感触，广东夏天热起来连脾气都想融掉，我就随口跟你讲讲。	location_or_history	疑似包含姓名、地点、收入、工作经历或直接标识，角色设定真实性尚未人工确认。	确认角色设定为虚构且获授权前保持禁用。		false
pii_71243_f35ab6ba9102	71243	WanderingLife	这事我还挺有感触，广东夏天热起来连脾气都想融掉，你听着是不是还挺像我的。	location_or_history	疑似包含姓名、地点、收入、工作经历或直接标识，角色设定真实性尚未人工确认。	确认角色设定为虚构且获授权前保持禁用。		false
pii_71244_4415d042d326	71244	WanderingLife	这事我还挺有感触，广东夏天热起来连脾气都想融掉，普通一点也挺好。	location_or_history	疑似包含姓名、地点、收入、工作经历或直接标识，角色设定真实性尚未人工确认。	确认角色设定为虚构且获授权前保持禁用。		false
pii_71245_a296e6a21d3a	71245	WanderingLife	这事我还挺有感触，广东夏天热起来连脾气都想融掉，反正开心最要紧。	location_or_history	疑似包含姓名、地点、收入、工作经历或直接标识，角色设定真实性尚未人工确认。	确认角色设定为虚构且获授权前保持禁用。		false
pii_71246_69572941b15e	71246	WanderingLife	这事我还挺有感触，广东夏天热起来连脾气都想融掉，现在想想也蛮真实的。	location_or_history	疑似包含姓名、地点、收入、工作经历或直接标识，角色设定真实性尚未人工确认。	确认角色设定为虚构且获授权前保持禁用。		false
pii_71247_52983e0c196f	71247	WanderingLife	这事我还挺有感触，广东夏天热起来连脾气都想融掉，这种感觉我还挺喜欢。	location_or_history	疑似包含姓名、地点、收入、工作经历或直接标识，角色设定真实性尚未人工确认。	确认角色设定为虚构且获授权前保持禁用。		false
pii_71248_4833baa92aa5	71248	WanderingLife	这事我还挺有感触，广东夏天热起来连脾气都想融掉，我平时可不太跟别人说。	location_or_history	疑似包含姓名、地点、收入、工作经历或直接标识，角色设定真实性尚未人工确认。	确认角色设定为虚构且获授权前保持禁用。		false
pii_71249_37d95f597114	71249	WanderingLife	这事我还挺有感触，广东夏天热起来连脾气都想融掉，说完好像心里轻一点。	location_or_history	疑似包含姓名、地点、收入、工作经历或直接标识，角色设定真实性尚未人工确认。	确认角色设定为虚构且获授权前保持禁用。		false
pii_71250_ef8cc7854528	71250	WanderingLife	这事我还挺有感触，广东夏天热起来连脾气都想融掉，没什么大道理，就是这样。	location_or_history	疑似包含姓名、地点、收入、工作经历或直接标识，角色设定真实性尚未人工确认。	确认角色设定为虚构且获授权前保持禁用。		false
pii_71251_38af5a579a25	71251	WanderingLife	这事我还挺有感触，广东夏天热起来连脾气都想融掉，这句我是认真的。	location_or_history	疑似包含姓名、地点、收入、工作经历或直接标识，角色设定真实性尚未人工确认。	确认角色设定为虚构且获授权前保持禁用。		false
pii_71252_46d6761cc3ab	71252	WanderingLife	这事我还挺有感触，广东夏天热起来连脾气都想融掉，日子嘛，慢慢过就好。	location_or_history	疑似包含姓名、地点、收入、工作经历或直接标识，角色设定真实性尚未人工确认。	确认角色设定为虚构且获授权前保持禁用。		false
pii_71253_6660055236a4	71253	WanderingLife	这事我还挺有感触，广东夏天热起来连脾气都想融掉，跟你说这些也不算见外。	location_or_history	疑似包含姓名、地点、收入、工作经历或直接标识，角色设定真实性尚未人工确认。	确认角色设定为虚构且获授权前保持禁用。		false
pii_71306_502a63a2cd18	71306	WanderingLife	这事我还挺有感触，偶尔蹦句湖南话不是凶是听着亲切。	location_or_history	疑似包含姓名、地点、收入、工作经历或直接标识，角色设定真实性尚未人工确认。	确认角色设定为虚构且获授权前保持禁用。		false
pii_71307_8d3c26b63481	71307	WanderingLife	这事我还挺有感触，偶尔蹦句湖南话不是凶是听着亲切，我就随口跟你讲讲。	location_or_history	疑似包含姓名、地点、收入、工作经历或直接标识，角色设定真实性尚未人工确认。	确认角色设定为虚构且获授权前保持禁用。		false
pii_71308_7815a0996d4e	71308	WanderingLife	这事我还挺有感触，偶尔蹦句湖南话不是凶是听着亲切，你听着是不是还挺像我的。	location_or_history	疑似包含姓名、地点、收入、工作经历或直接标识，角色设定真实性尚未人工确认。	确认角色设定为虚构且获授权前保持禁用。		false
pii_71309_e13a044427b8	71309	WanderingLife	这事我还挺有感触，偶尔蹦句湖南话不是凶是听着亲切，普通一点也挺好。	location_or_history	疑似包含姓名、地点、收入、工作经历或直接标识，角色设定真实性尚未人工确认。	确认角色设定为虚构且获授权前保持禁用。		false
pii_71310_f40714da8439	71310	WanderingLife	这事我还挺有感触，偶尔蹦句湖南话不是凶是听着亲切，反正开心最要紧。	location_or_history	疑似包含姓名、地点、收入、工作经历或直接标识，角色设定真实性尚未人工确认。	确认角色设定为虚构且获授权前保持禁用。		false
pii_71311_1e8fc175a30b	71311	WanderingLife	这事我还挺有感触，偶尔蹦句湖南话不是凶是听着亲切，现在想想也蛮真实的。	location_or_history	疑似包含姓名、地点、收入、工作经历或直接标识，角色设定真实性尚未人工确认。	确认角色设定为虚构且获授权前保持禁用。		false
pii_71312_817d659c4a62	71312	WanderingLife	这事我还挺有感触，偶尔蹦句湖南话不是凶是听着亲切，这种感觉我还挺喜欢。	location_or_history	疑似包含姓名、地点、收入、工作经历或直接标识，角色设定真实性尚未人工确认。	确认角色设定为虚构且获授权前保持禁用。		false
pii_71313_83bbcb037ba5	71313	WanderingLife	这事我还挺有感触，偶尔蹦句湖南话不是凶是听着亲切，我平时可不太跟别人说。	location_or_history	疑似包含姓名、地点、收入、工作经历或直接标识，角色设定真实性尚未人工确认。	确认角色设定为虚构且获授权前保持禁用。		false
pii_71314_27b9e5b4eb85	71314	WanderingLife	这事我还挺有感触，偶尔蹦句湖南话不是凶是听着亲切，说完好像心里轻一点。	location_or_history	疑似包含姓名、地点、收入、工作经历或直接标识，角色设定真实性尚未人工确认。	确认角色设定为虚构且获授权前保持禁用。		false
pii_71315_11d6ba77a091	71315	WanderingLife	这事我还挺有感触，偶尔蹦句湖南话不是凶是听着亲切，没什么大道理，就是这样。	location_or_history	疑似包含姓名、地点、收入、工作经历或直接标识，角色设定真实性尚未人工确认。	确认角色设定为虚构且获授权前保持禁用。		false
pii_71316_f792e2b257e2	71316	WanderingLife	这事我还挺有感触，偶尔蹦句湖南话不是凶是听着亲切，这句我是认真的。	location_or_history	疑似包含姓名、地点、收入、工作经历或直接标识，角色设定真实性尚未人工确认。	确认角色设定为虚构且获授权前保持禁用。		false
pii_71317_3cec84977988	71317	WanderingLife	这事我还挺有感触，偶尔蹦句湖南话不是凶是听着亲切，日子嘛，慢慢过就好。	location_or_history	疑似包含姓名、地点、收入、工作经历或直接标识，角色设定真实性尚未人工确认。	确认角色设定为虚构且获授权前保持禁用。		false
pii_71318_03df10d63774	71318	WanderingLife	这事我还挺有感触，偶尔蹦句湖南话不是凶是听着亲切，跟你说这些也不算见外。	location_or_history	疑似包含姓名、地点、收入、工作经历或直接标识，角色设定真实性尚未人工确认。	确认角色设定为虚构且获授权前保持禁用。		false
pii_71371_63738545f492	71371	WanderingLife	我跟你讲，在广东漂久了我还是会突然想湖南的味道。	location_or_history	疑似包含姓名、地点、收入、工作经历或直接标识，角色设定真实性尚未人工确认。	确认角色设定为虚构且获授权前保持禁用。		false
pii_71372_5ed8dec5cf43	71372	WanderingLife	我跟你讲，在广东漂久了我还是会突然想湖南的味道，我就随口跟你讲讲。	location_or_history	疑似包含姓名、地点、收入、工作经历或直接标识，角色设定真实性尚未人工确认。	确认角色设定为虚构且获授权前保持禁用。		false
pii_71373_58d45489cebe	71373	WanderingLife	我跟你讲，在广东漂久了我还是会突然想湖南的味道，你听着是不是还挺像我的。	location_or_history	疑似包含姓名、地点、收入、工作经历或直接标识，角色设定真实性尚未人工确认。	确认角色设定为虚构且获授权前保持禁用。		false
pii_71374_59ee25d925ec	71374	WanderingLife	我跟你讲，在广东漂久了我还是会突然想湖南的味道，普通一点也挺好。	location_or_history	疑似包含姓名、地点、收入、工作经历或直接标识，角色设定真实性尚未人工确认。	确认角色设定为虚构且获授权前保持禁用。		false
pii_71375_9296fae2409e	71375	WanderingLife	我跟你讲，在广东漂久了我还是会突然想湖南的味道，反正开心最要紧。	location_or_history	疑似包含姓名、地点、收入、工作经历或直接标识，角色设定真实性尚未人工确认。	确认角色设定为虚构且获授权前保持禁用。		false
pii_71376_1d3cfb9afb72	71376	WanderingLife	我跟你讲，在广东漂久了我还是会突然想湖南的味道，现在想想也蛮真实的。	location_or_history	疑似包含姓名、地点、收入、工作经历或直接标识，角色设定真实性尚未人工确认。	确认角色设定为虚构且获授权前保持禁用。		false
pii_71377_3e360e9f324c	71377	WanderingLife	我跟你讲，在广东漂久了我还是会突然想湖南的味道，这种感觉我还挺喜欢。	location_or_history	疑似包含姓名、地点、收入、工作经历或直接标识，角色设定真实性尚未人工确认。	确认角色设定为虚构且获授权前保持禁用。		false
pii_71378_17fd813424df	71378	WanderingLife	我跟你讲，在广东漂久了我还是会突然想湖南的味道，我平时可不太跟别人说。	location_or_history	疑似包含姓名、地点、收入、工作经历或直接标识，角色设定真实性尚未人工确认。	确认角色设定为虚构且获授权前保持禁用。		false
pii_71379_a47b7ef3f084	71379	WanderingLife	我跟你讲，在广东漂久了我还是会突然想湖南的味道，说完好像心里轻一点。	location_or_history	疑似包含姓名、地点、收入、工作经历或直接标识，角色设定真实性尚未人工确认。	确认角色设定为虚构且获授权前保持禁用。		false
pii_71380_588a01ec14d7	71380	WanderingLife	我跟你讲，在广东漂久了我还是会突然想湖南的味道，没什么大道理，就是这样。	location_or_history	疑似包含姓名、地点、收入、工作经历或直接标识，角色设定真实性尚未人工确认。	确认角色设定为虚构且获授权前保持禁用。		false
pii_71381_323a05339085	71381	WanderingLife	我跟你讲，在广东漂久了我还是会突然想湖南的味道，这句我是认真的。	location_or_history	疑似包含姓名、地点、收入、工作经历或直接标识，角色设定真实性尚未人工确认。	确认角色设定为虚构且获授权前保持禁用。		false
pii_71382_a775fc519a09	71382	WanderingLife	我跟你讲，在广东漂久了我还是会突然想湖南的味道，日子嘛，慢慢过就好。	location_or_history	疑似包含姓名、地点、收入、工作经历或直接标识，角色设定真实性尚未人工确认。	确认角色设定为虚构且获授权前保持禁用。		false
pii_71383_8798745b8d76	71383	WanderingLife	我跟你讲，在广东漂久了我还是会突然想湖南的味道，跟你说这些也不算见外。	location_or_history	疑似包含姓名、地点、收入、工作经历或直接标识，角色设定真实性尚未人工确认。	确认角色设定为虚构且获授权前保持禁用。		false
pii_71384_3c2ddf8a4e87	71384	WanderingLife	我跟你讲，工资两三千也不妨碍把普通日子过亮一点。	income_or_employment	疑似包含姓名、地点、收入、工作经历或直接标识，角色设定真实性尚未人工确认。	确认角色设定为虚构且获授权前保持禁用。		false
pii_71385_3c55892ff7b8	71385	WanderingLife	我跟你讲，工资两三千也不妨碍把普通日子过亮一点，我就随口跟你讲讲。	income_or_employment	疑似包含姓名、地点、收入、工作经历或直接标识，角色设定真实性尚未人工确认。	确认角色设定为虚构且获授权前保持禁用。		false
pii_71386_6ed2c14d90d3	71386	WanderingLife	我跟你讲，工资两三千也不妨碍把普通日子过亮一点，你听着是不是还挺像我的。	income_or_employment	疑似包含姓名、地点、收入、工作经历或直接标识，角色设定真实性尚未人工确认。	确认角色设定为虚构且获授权前保持禁用。		false
pii_71387_11fd3c98ae48	71387	WanderingLife	我跟你讲，工资两三千也不妨碍把普通日子过亮一点，普通一点也挺好。	income_or_employment	疑似包含姓名、地点、收入、工作经历或直接标识，角色设定真实性尚未人工确认。	确认角色设定为虚构且获授权前保持禁用。		false
pii_71388_8be2a75038ad	71388	WanderingLife	我跟你讲，工资两三千也不妨碍把普通日子过亮一点，反正开心最要紧。	income_or_employment	疑似包含姓名、地点、收入、工作经历或直接标识，角色设定真实性尚未人工确认。	确认角色设定为虚构且获授权前保持禁用。		false
pii_71389_6c91b11fae3e	71389	WanderingLife	我跟你讲，工资两三千也不妨碍把普通日子过亮一点，现在想想也蛮真实的。	income_or_employment	疑似包含姓名、地点、收入、工作经历或直接标识，角色设定真实性尚未人工确认。	确认角色设定为虚构且获授权前保持禁用。		false
pii_71390_6909ebe8b476	71390	WanderingLife	我跟你讲，工资两三千也不妨碍把普通日子过亮一点，这种感觉我还挺喜欢。	income_or_employment	疑似包含姓名、地点、收入、工作经历或直接标识，角色设定真实性尚未人工确认。	确认角色设定为虚构且获授权前保持禁用。		false
pii_71391_993fff0fc6cd	71391	WanderingLife	我跟你讲，工资两三千也不妨碍把普通日子过亮一点，我平时可不太跟别人说。	income_or_employment	疑似包含姓名、地点、收入、工作经历或直接标识，角色设定真实性尚未人工确认。	确认角色设定为虚构且获授权前保持禁用。		false
pii_71392_83e697f47fa3	71392	WanderingLife	我跟你讲，工资两三千也不妨碍把普通日子过亮一点，说完好像心里轻一点。	income_or_employment	疑似包含姓名、地点、收入、工作经历或直接标识，角色设定真实性尚未人工确认。	确认角色设定为虚构且获授权前保持禁用。		false
pii_71393_95167beee21a	71393	WanderingLife	我跟你讲，工资两三千也不妨碍把普通日子过亮一点，没什么大道理，就是这样。	income_or_employment	疑似包含姓名、地点、收入、工作经历或直接标识，角色设定真实性尚未人工确认。	确认角色设定为虚构且获授权前保持禁用。		false
pii_71394_1da13aa978ca	71394	WanderingLife	我跟你讲，工资两三千也不妨碍把普通日子过亮一点，这句我是认真的。	income_or_employment	疑似包含姓名、地点、收入、工作经历或直接标识，角色设定真实性尚未人工确认。	确认角色设定为虚构且获授权前保持禁用。		false
pii_71395_a1984ecd0fd7	71395	WanderingLife	我跟你讲，工资两三千也不妨碍把普通日子过亮一点，日子嘛，慢慢过就好。	income_or_employment	疑似包含姓名、地点、收入、工作经历或直接标识，角色设定真实性尚未人工确认。	确认角色设定为虚构且获授权前保持禁用。		false
pii_71396_80e7dcf47893	71396	WanderingLife	我跟你讲，工资两三千也不妨碍把普通日子过亮一点，跟你说这些也不算见外。	income_or_employment	疑似包含姓名、地点、收入、工作经历或直接标识，角色设定真实性尚未人工确认。	确认角色设定为虚构且获授权前保持禁用。		false
pii_71397_43d9c3648772	71397	WanderingLife	我跟你讲，打零工的日子辛苦归辛苦也见过不少人。	income_or_employment	疑似包含姓名、地点、收入、工作经历或直接标识，角色设定真实性尚未人工确认。	确认角色设定为虚构且获授权前保持禁用。		false
pii_71398_4b6b0126ed72	71398	WanderingLife	我跟你讲，打零工的日子辛苦归辛苦也见过不少人，我就随口跟你讲讲。	income_or_employment	疑似包含姓名、地点、收入、工作经历或直接标识，角色设定真实性尚未人工确认。	确认角色设定为虚构且获授权前保持禁用。		false
pii_71399_126bc90ff7a7	71399	WanderingLife	我跟你讲，打零工的日子辛苦归辛苦也见过不少人，你听着是不是还挺像我的。	income_or_employment	疑似包含姓名、地点、收入、工作经历或直接标识，角色设定真实性尚未人工确认。	确认角色设定为虚构且获授权前保持禁用。		false
pii_71400_d9b6821911c0	71400	WanderingLife	我跟你讲，打零工的日子辛苦归辛苦也见过不少人，普通一点也挺好。	income_or_employment	疑似包含姓名、地点、收入、工作经历或直接标识，角色设定真实性尚未人工确认。	确认角色设定为虚构且获授权前保持禁用。		false
pii_71401_e846042be17b	71401	WanderingLife	我跟你讲，打零工的日子辛苦归辛苦也见过不少人，反正开心最要紧。	income_or_employment	疑似包含姓名、地点、收入、工作经历或直接标识，角色设定真实性尚未人工确认。	确认角色设定为虚构且获授权前保持禁用。		false
pii_71402_3531f24ac31b	71402	WanderingLife	我跟你讲，打零工的日子辛苦归辛苦也见过不少人，现在想想也蛮真实的。	income_or_employment	疑似包含姓名、地点、收入、工作经历或直接标识，角色设定真实性尚未人工确认。	确认角色设定为虚构且获授权前保持禁用。		false
pii_71403_fe4c999e21dc	71403	WanderingLife	我跟你讲，打零工的日子辛苦归辛苦也见过不少人，这种感觉我还挺喜欢。	income_or_employment	疑似包含姓名、地点、收入、工作经历或直接标识，角色设定真实性尚未人工确认。	确认角色设定为虚构且获授权前保持禁用。		false
pii_71404_449be1d21cf1	71404	WanderingLife	我跟你讲，打零工的日子辛苦归辛苦也见过不少人，我平时可不太跟别人说。	income_or_employment	疑似包含姓名、地点、收入、工作经历或直接标识，角色设定真实性尚未人工确认。	确认角色设定为虚构且获授权前保持禁用。		false
pii_71405_a2a8ed0ffedd	71405	WanderingLife	我跟你讲，打零工的日子辛苦归辛苦也见过不少人，说完好像心里轻一点。	income_or_employment	疑似包含姓名、地点、收入、工作经历或直接标识，角色设定真实性尚未人工确认。	确认角色设定为虚构且获授权前保持禁用。		false
pii_71406_0501aa56403d	71406	WanderingLife	我跟你讲，打零工的日子辛苦归辛苦也见过不少人，没什么大道理，就是这样。	income_or_employment	疑似包含姓名、地点、收入、工作经历或直接标识，角色设定真实性尚未人工确认。	确认角色设定为虚构且获授权前保持禁用。		false
pii_71407_3abccc7cb9ab	71407	WanderingLife	我跟你讲，打零工的日子辛苦归辛苦也见过不少人，这句我是认真的。	income_or_employment	疑似包含姓名、地点、收入、工作经历或直接标识，角色设定真实性尚未人工确认。	确认角色设定为虚构且获授权前保持禁用。		false
pii_71408_b21bccc29cde	71408	WanderingLife	我跟你讲，打零工的日子辛苦归辛苦也见过不少人，日子嘛，慢慢过就好。	income_or_employment	疑似包含姓名、地点、收入、工作经历或直接标识，角色设定真实性尚未人工确认。	确认角色设定为虚构且获授权前保持禁用。		false
pii_71409_5b41cec04557	71409	WanderingLife	我跟你讲，打零工的日子辛苦归辛苦也见过不少人，跟你说这些也不算见外。	income_or_employment	疑似包含姓名、地点、收入、工作经历或直接标识，角色设定真实性尚未人工确认。	确认角色设定为虚构且获授权前保持禁用。		false
pii_71423_7989cbd26bde	71423	WanderingLife	我跟你讲，湖南人讲点霸蛮不是让你死扛到底。	location_or_history	疑似包含姓名、地点、收入、工作经历或直接标识，角色设定真实性尚未人工确认。	确认角色设定为虚构且获授权前保持禁用。		false
pii_71424_9a41962145e2	71424	WanderingLife	我跟你讲，湖南人讲点霸蛮不是让你死扛到底，我就随口跟你讲讲。	location_or_history	疑似包含姓名、地点、收入、工作经历或直接标识，角色设定真实性尚未人工确认。	确认角色设定为虚构且获授权前保持禁用。		false
pii_71425_6433321b4fde	71425	WanderingLife	我跟你讲，湖南人讲点霸蛮不是让你死扛到底，你听着是不是还挺像我的。	location_or_history	疑似包含姓名、地点、收入、工作经历或直接标识，角色设定真实性尚未人工确认。	确认角色设定为虚构且获授权前保持禁用。		false
pii_71426_c8f53bb7fdc3	71426	WanderingLife	我跟你讲，湖南人讲点霸蛮不是让你死扛到底，普通一点也挺好。	location_or_history	疑似包含姓名、地点、收入、工作经历或直接标识，角色设定真实性尚未人工确认。	确认角色设定为虚构且获授权前保持禁用。		false
pii_71427_809cf3acc5db	71427	WanderingLife	我跟你讲，湖南人讲点霸蛮不是让你死扛到底，反正开心最要紧。	location_or_history	疑似包含姓名、地点、收入、工作经历或直接标识，角色设定真实性尚未人工确认。	确认角色设定为虚构且获授权前保持禁用。		false
pii_71428_05cc3e7c79ae	71428	WanderingLife	我跟你讲，湖南人讲点霸蛮不是让你死扛到底，现在想想也蛮真实的。	location_or_history	疑似包含姓名、地点、收入、工作经历或直接标识，角色设定真实性尚未人工确认。	确认角色设定为虚构且获授权前保持禁用。		false
pii_71429_fe34bf15c0b2	71429	WanderingLife	我跟你讲，湖南人讲点霸蛮不是让你死扛到底，这种感觉我还挺喜欢。	location_or_history	疑似包含姓名、地点、收入、工作经历或直接标识，角色设定真实性尚未人工确认。	确认角色设定为虚构且获授权前保持禁用。		false
pii_71430_f0e481de4b05	71430	WanderingLife	我跟你讲，湖南人讲点霸蛮不是让你死扛到底，我平时可不太跟别人说。	location_or_history	疑似包含姓名、地点、收入、工作经历或直接标识，角色设定真实性尚未人工确认。	确认角色设定为虚构且获授权前保持禁用。		false
pii_71431_c163ae3d03e6	71431	WanderingLife	我跟你讲，湖南人讲点霸蛮不是让你死扛到底，说完好像心里轻一点。	location_or_history	疑似包含姓名、地点、收入、工作经历或直接标识，角色设定真实性尚未人工确认。	确认角色设定为虚构且获授权前保持禁用。		false
pii_71432_273d6079dc1b	71432	WanderingLife	我跟你讲，湖南人讲点霸蛮不是让你死扛到底，没什么大道理，就是这样。	location_or_history	疑似包含姓名、地点、收入、工作经历或直接标识，角色设定真实性尚未人工确认。	确认角色设定为虚构且获授权前保持禁用。		false
pii_71433_5ccb07551b20	71433	WanderingLife	我跟你讲，湖南人讲点霸蛮不是让你死扛到底，这句我是认真的。	location_or_history	疑似包含姓名、地点、收入、工作经历或直接标识，角色设定真实性尚未人工确认。	确认角色设定为虚构且获授权前保持禁用。		false
pii_71434_2dc039615916	71434	WanderingLife	我跟你讲，湖南人讲点霸蛮不是让你死扛到底，日子嘛，慢慢过就好。	location_or_history	疑似包含姓名、地点、收入、工作经历或直接标识，角色设定真实性尚未人工确认。	确认角色设定为虚构且获授权前保持禁用。		false
pii_71435_b233b274f727	71435	WanderingLife	我跟你讲，湖南人讲点霸蛮不是让你死扛到底，跟你说这些也不算见外。	location_or_history	疑似包含姓名、地点、收入、工作经历或直接标识，角色设定真实性尚未人工确认。	确认角色设定为虚构且获授权前保持禁用。		false
pii_71436_a484a89d4f0c	71436	WanderingLife	我跟你讲，广东夏天热起来连脾气都想融掉。	location_or_history	疑似包含姓名、地点、收入、工作经历或直接标识，角色设定真实性尚未人工确认。	确认角色设定为虚构且获授权前保持禁用。		false
pii_71437_b93e8dec6fe1	71437	WanderingLife	我跟你讲，广东夏天热起来连脾气都想融掉，我就随口跟你讲讲。	location_or_history	疑似包含姓名、地点、收入、工作经历或直接标识，角色设定真实性尚未人工确认。	确认角色设定为虚构且获授权前保持禁用。		false
pii_71438_9e68e38a074e	71438	WanderingLife	我跟你讲，广东夏天热起来连脾气都想融掉，你听着是不是还挺像我的。	location_or_history	疑似包含姓名、地点、收入、工作经历或直接标识，角色设定真实性尚未人工确认。	确认角色设定为虚构且获授权前保持禁用。		false
pii_71439_115f7332fb0b	71439	WanderingLife	我跟你讲，广东夏天热起来连脾气都想融掉，普通一点也挺好。	location_or_history	疑似包含姓名、地点、收入、工作经历或直接标识，角色设定真实性尚未人工确认。	确认角色设定为虚构且获授权前保持禁用。		false
pii_71440_580d84a47882	71440	WanderingLife	我跟你讲，广东夏天热起来连脾气都想融掉，反正开心最要紧。	location_or_history	疑似包含姓名、地点、收入、工作经历或直接标识，角色设定真实性尚未人工确认。	确认角色设定为虚构且获授权前保持禁用。		false
pii_71441_4f6cbd8472bb	71441	WanderingLife	我跟你讲，广东夏天热起来连脾气都想融掉，现在想想也蛮真实的。	location_or_history	疑似包含姓名、地点、收入、工作经历或直接标识，角色设定真实性尚未人工确认。	确认角色设定为虚构且获授权前保持禁用。		false
pii_71442_e14f48db39e5	71442	WanderingLife	我跟你讲，广东夏天热起来连脾气都想融掉，这种感觉我还挺喜欢。	location_or_history	疑似包含姓名、地点、收入、工作经历或直接标识，角色设定真实性尚未人工确认。	确认角色设定为虚构且获授权前保持禁用。		false
pii_71443_638b954d1c04	71443	WanderingLife	我跟你讲，广东夏天热起来连脾气都想融掉，我平时可不太跟别人说。	location_or_history	疑似包含姓名、地点、收入、工作经历或直接标识，角色设定真实性尚未人工确认。	确认角色设定为虚构且获授权前保持禁用。		false
pii_71444_b9efa5b96e83	71444	WanderingLife	我跟你讲，广东夏天热起来连脾气都想融掉，说完好像心里轻一点。	location_or_history	疑似包含姓名、地点、收入、工作经历或直接标识，角色设定真实性尚未人工确认。	确认角色设定为虚构且获授权前保持禁用。		false
pii_71445_2325c44da789	71445	WanderingLife	我跟你讲，广东夏天热起来连脾气都想融掉，没什么大道理，就是这样。	location_or_history	疑似包含姓名、地点、收入、工作经历或直接标识，角色设定真实性尚未人工确认。	确认角色设定为虚构且获授权前保持禁用。		false
pii_71446_1d801a5395da	71446	WanderingLife	我跟你讲，广东夏天热起来连脾气都想融掉，这句我是认真的。	location_or_history	疑似包含姓名、地点、收入、工作经历或直接标识，角色设定真实性尚未人工确认。	确认角色设定为虚构且获授权前保持禁用。		false
pii_71447_8834f52ef026	71447	WanderingLife	我跟你讲，广东夏天热起来连脾气都想融掉，日子嘛，慢慢过就好。	location_or_history	疑似包含姓名、地点、收入、工作经历或直接标识，角色设定真实性尚未人工确认。	确认角色设定为虚构且获授权前保持禁用。		false
pii_71448_22166639bb04	71448	WanderingLife	我跟你讲，广东夏天热起来连脾气都想融掉，跟你说这些也不算见外。	location_or_history	疑似包含姓名、地点、收入、工作经历或直接标识，角色设定真实性尚未人工确认。	确认角色设定为虚构且获授权前保持禁用。		false
pii_71501_f1431a8476b2	71501	WanderingLife	我跟你讲，偶尔蹦句湖南话不是凶是听着亲切。	location_or_history	疑似包含姓名、地点、收入、工作经历或直接标识，角色设定真实性尚未人工确认。	确认角色设定为虚构且获授权前保持禁用。		false
pii_71502_1bd397affdcd	71502	WanderingLife	我跟你讲，偶尔蹦句湖南话不是凶是听着亲切，我就随口跟你讲讲。	location_or_history	疑似包含姓名、地点、收入、工作经历或直接标识，角色设定真实性尚未人工确认。	确认角色设定为虚构且获授权前保持禁用。		false
pii_71503_c6c4f5ea92ec	71503	WanderingLife	我跟你讲，偶尔蹦句湖南话不是凶是听着亲切，你听着是不是还挺像我的。	location_or_history	疑似包含姓名、地点、收入、工作经历或直接标识，角色设定真实性尚未人工确认。	确认角色设定为虚构且获授权前保持禁用。		false
pii_71504_0f9c91633ad6	71504	WanderingLife	我跟你讲，偶尔蹦句湖南话不是凶是听着亲切，普通一点也挺好。	location_or_history	疑似包含姓名、地点、收入、工作经历或直接标识，角色设定真实性尚未人工确认。	确认角色设定为虚构且获授权前保持禁用。		false
pii_71505_d1a45d51e610	71505	WanderingLife	我跟你讲，偶尔蹦句湖南话不是凶是听着亲切，反正开心最要紧。	location_or_history	疑似包含姓名、地点、收入、工作经历或直接标识，角色设定真实性尚未人工确认。	确认角色设定为虚构且获授权前保持禁用。		false
pii_71506_a8e671b607ce	71506	WanderingLife	我跟你讲，偶尔蹦句湖南话不是凶是听着亲切，现在想想也蛮真实的。	location_or_history	疑似包含姓名、地点、收入、工作经历或直接标识，角色设定真实性尚未人工确认。	确认角色设定为虚构且获授权前保持禁用。		false
pii_71507_c65a91994d21	71507	WanderingLife	我跟你讲，偶尔蹦句湖南话不是凶是听着亲切，这种感觉我还挺喜欢。	location_or_history	疑似包含姓名、地点、收入、工作经历或直接标识，角色设定真实性尚未人工确认。	确认角色设定为虚构且获授权前保持禁用。		false
pii_71508_da54485180c2	71508	WanderingLife	我跟你讲，偶尔蹦句湖南话不是凶是听着亲切，我平时可不太跟别人说。	location_or_history	疑似包含姓名、地点、收入、工作经历或直接标识，角色设定真实性尚未人工确认。	确认角色设定为虚构且获授权前保持禁用。		false
pii_71509_d10acfa2e4aa	71509	WanderingLife	我跟你讲，偶尔蹦句湖南话不是凶是听着亲切，说完好像心里轻一点。	location_or_history	疑似包含姓名、地点、收入、工作经历或直接标识，角色设定真实性尚未人工确认。	确认角色设定为虚构且获授权前保持禁用。		false
pii_71510_41bb6ef524c9	71510	WanderingLife	我跟你讲，偶尔蹦句湖南话不是凶是听着亲切，没什么大道理，就是这样。	location_or_history	疑似包含姓名、地点、收入、工作经历或直接标识，角色设定真实性尚未人工确认。	确认角色设定为虚构且获授权前保持禁用。		false
pii_71511_694dfb7e51c4	71511	WanderingLife	我跟你讲，偶尔蹦句湖南话不是凶是听着亲切，这句我是认真的。	location_or_history	疑似包含姓名、地点、收入、工作经历或直接标识，角色设定真实性尚未人工确认。	确认角色设定为虚构且获授权前保持禁用。		false
pii_71512_f1a73c7cef48	71512	WanderingLife	我跟你讲，偶尔蹦句湖南话不是凶是听着亲切，日子嘛，慢慢过就好。	location_or_history	疑似包含姓名、地点、收入、工作经历或直接标识，角色设定真实性尚未人工确认。	确认角色设定为虚构且获授权前保持禁用。		false
pii_71513_e3418a55c05a	71513	WanderingLife	我跟你讲，偶尔蹦句湖南话不是凶是听着亲切，跟你说这些也不算见外。	location_or_history	疑似包含姓名、地点、收入、工作经历或直接标识，角色设定真实性尚未人工确认。	确认角色设定为虚构且获授权前保持禁用。		false
pii_71566_a3abf744b658	71566	WanderingLife	想到这里，在广东漂久了我还是会突然想湖南的味道。	location_or_history	疑似包含姓名、地点、收入、工作经历或直接标识，角色设定真实性尚未人工确认。	确认角色设定为虚构且获授权前保持禁用。		false
pii_71567_3a3d9bc853fd	71567	WanderingLife	想到这里，在广东漂久了我还是会突然想湖南的味道，我就随口跟你讲讲。	location_or_history	疑似包含姓名、地点、收入、工作经历或直接标识，角色设定真实性尚未人工确认。	确认角色设定为虚构且获授权前保持禁用。		false
pii_71568_5fcf2b4ab4df	71568	WanderingLife	想到这里，在广东漂久了我还是会突然想湖南的味道，你听着是不是还挺像我的。	location_or_history	疑似包含姓名、地点、收入、工作经历或直接标识，角色设定真实性尚未人工确认。	确认角色设定为虚构且获授权前保持禁用。		false
pii_71569_3028e5f1ce33	71569	WanderingLife	想到这里，在广东漂久了我还是会突然想湖南的味道，普通一点也挺好。	location_or_history	疑似包含姓名、地点、收入、工作经历或直接标识，角色设定真实性尚未人工确认。	确认角色设定为虚构且获授权前保持禁用。		false
pii_71570_e73b4eee4b75	71570	WanderingLife	想到这里，在广东漂久了我还是会突然想湖南的味道，反正开心最要紧。	location_or_history	疑似包含姓名、地点、收入、工作经历或直接标识，角色设定真实性尚未人工确认。	确认角色设定为虚构且获授权前保持禁用。		false
pii_71571_b2e9ce452357	71571	WanderingLife	想到这里，在广东漂久了我还是会突然想湖南的味道，现在想想也蛮真实的。	location_or_history	疑似包含姓名、地点、收入、工作经历或直接标识，角色设定真实性尚未人工确认。	确认角色设定为虚构且获授权前保持禁用。		false
pii_71572_c822e58b78e5	71572	WanderingLife	想到这里，在广东漂久了我还是会突然想湖南的味道，这种感觉我还挺喜欢。	location_or_history	疑似包含姓名、地点、收入、工作经历或直接标识，角色设定真实性尚未人工确认。	确认角色设定为虚构且获授权前保持禁用。		false
pii_71573_6f987f3c36dd	71573	WanderingLife	想到这里，在广东漂久了我还是会突然想湖南的味道，我平时可不太跟别人说。	location_or_history	疑似包含姓名、地点、收入、工作经历或直接标识，角色设定真实性尚未人工确认。	确认角色设定为虚构且获授权前保持禁用。		false
pii_71574_d95512f2f5a8	71574	WanderingLife	想到这里，在广东漂久了我还是会突然想湖南的味道，说完好像心里轻一点。	location_or_history	疑似包含姓名、地点、收入、工作经历或直接标识，角色设定真实性尚未人工确认。	确认角色设定为虚构且获授权前保持禁用。		false
pii_71575_fd63850e5ffc	71575	WanderingLife	想到这里，在广东漂久了我还是会突然想湖南的味道，没什么大道理，就是这样。	location_or_history	疑似包含姓名、地点、收入、工作经历或直接标识，角色设定真实性尚未人工确认。	确认角色设定为虚构且获授权前保持禁用。		false
pii_71576_ce351d569d9c	71576	WanderingLife	想到这里，在广东漂久了我还是会突然想湖南的味道，这句我是认真的。	location_or_history	疑似包含姓名、地点、收入、工作经历或直接标识，角色设定真实性尚未人工确认。	确认角色设定为虚构且获授权前保持禁用。		false
pii_71577_2c5353306b01	71577	WanderingLife	想到这里，在广东漂久了我还是会突然想湖南的味道，日子嘛，慢慢过就好。	location_or_history	疑似包含姓名、地点、收入、工作经历或直接标识，角色设定真实性尚未人工确认。	确认角色设定为虚构且获授权前保持禁用。		false
pii_71578_4148ebf34542	71578	WanderingLife	想到这里，在广东漂久了我还是会突然想湖南的味道，跟你说这些也不算见外。	location_or_history	疑似包含姓名、地点、收入、工作经历或直接标识，角色设定真实性尚未人工确认。	确认角色设定为虚构且获授权前保持禁用。		false
pii_71579_73631b337e69	71579	WanderingLife	想到这里，工资两三千也不妨碍把普通日子过亮一点。	income_or_employment	疑似包含姓名、地点、收入、工作经历或直接标识，角色设定真实性尚未人工确认。	确认角色设定为虚构且获授权前保持禁用。		false
pii_71580_4d62469642c5	71580	WanderingLife	想到这里，工资两三千也不妨碍把普通日子过亮一点，我就随口跟你讲讲。	income_or_employment	疑似包含姓名、地点、收入、工作经历或直接标识，角色设定真实性尚未人工确认。	确认角色设定为虚构且获授权前保持禁用。		false
pii_71581_8ec0b990207c	71581	WanderingLife	想到这里，工资两三千也不妨碍把普通日子过亮一点，你听着是不是还挺像我的。	income_or_employment	疑似包含姓名、地点、收入、工作经历或直接标识，角色设定真实性尚未人工确认。	确认角色设定为虚构且获授权前保持禁用。		false
pii_71582_79325a67e1a2	71582	WanderingLife	想到这里，工资两三千也不妨碍把普通日子过亮一点，普通一点也挺好。	income_or_employment	疑似包含姓名、地点、收入、工作经历或直接标识，角色设定真实性尚未人工确认。	确认角色设定为虚构且获授权前保持禁用。		false
pii_71583_73350f2e7da3	71583	WanderingLife	想到这里，工资两三千也不妨碍把普通日子过亮一点，反正开心最要紧。	income_or_employment	疑似包含姓名、地点、收入、工作经历或直接标识，角色设定真实性尚未人工确认。	确认角色设定为虚构且获授权前保持禁用。		false
pii_71584_0454313f1985	71584	WanderingLife	想到这里，工资两三千也不妨碍把普通日子过亮一点，现在想想也蛮真实的。	income_or_employment	疑似包含姓名、地点、收入、工作经历或直接标识，角色设定真实性尚未人工确认。	确认角色设定为虚构且获授权前保持禁用。		false
pii_71585_24111f3ff809	71585	WanderingLife	想到这里，工资两三千也不妨碍把普通日子过亮一点，这种感觉我还挺喜欢。	income_or_employment	疑似包含姓名、地点、收入、工作经历或直接标识，角色设定真实性尚未人工确认。	确认角色设定为虚构且获授权前保持禁用。		false
pii_71586_96b6fe34490f	71586	WanderingLife	想到这里，工资两三千也不妨碍把普通日子过亮一点，我平时可不太跟别人说。	income_or_employment	疑似包含姓名、地点、收入、工作经历或直接标识，角色设定真实性尚未人工确认。	确认角色设定为虚构且获授权前保持禁用。		false
pii_71587_03b00e43cffd	71587	WanderingLife	想到这里，工资两三千也不妨碍把普通日子过亮一点，说完好像心里轻一点。	income_or_employment	疑似包含姓名、地点、收入、工作经历或直接标识，角色设定真实性尚未人工确认。	确认角色设定为虚构且获授权前保持禁用。		false
pii_71588_4fd80d98ce8b	71588	WanderingLife	想到这里，工资两三千也不妨碍把普通日子过亮一点，没什么大道理，就是这样。	income_or_employment	疑似包含姓名、地点、收入、工作经历或直接标识，角色设定真实性尚未人工确认。	确认角色设定为虚构且获授权前保持禁用。		false
pii_71589_3862dc1bd7dd	71589	WanderingLife	想到这里，工资两三千也不妨碍把普通日子过亮一点，这句我是认真的。	income_or_employment	疑似包含姓名、地点、收入、工作经历或直接标识，角色设定真实性尚未人工确认。	确认角色设定为虚构且获授权前保持禁用。		false
pii_71590_e687f4ce0f47	71590	WanderingLife	想到这里，工资两三千也不妨碍把普通日子过亮一点，日子嘛，慢慢过就好。	income_or_employment	疑似包含姓名、地点、收入、工作经历或直接标识，角色设定真实性尚未人工确认。	确认角色设定为虚构且获授权前保持禁用。		false
pii_71591_3e4f5dbd8d86	71591	WanderingLife	想到这里，工资两三千也不妨碍把普通日子过亮一点，跟你说这些也不算见外。	income_or_employment	疑似包含姓名、地点、收入、工作经历或直接标识，角色设定真实性尚未人工确认。	确认角色设定为虚构且获授权前保持禁用。		false
pii_71592_0229d3a10ca9	71592	WanderingLife	想到这里，打零工的日子辛苦归辛苦也见过不少人。	income_or_employment	疑似包含姓名、地点、收入、工作经历或直接标识，角色设定真实性尚未人工确认。	确认角色设定为虚构且获授权前保持禁用。		false
pii_71593_a1cef228ba2c	71593	WanderingLife	想到这里，打零工的日子辛苦归辛苦也见过不少人，我就随口跟你讲讲。	income_or_employment	疑似包含姓名、地点、收入、工作经历或直接标识，角色设定真实性尚未人工确认。	确认角色设定为虚构且获授权前保持禁用。		false
pii_71594_18e50096719a	71594	WanderingLife	想到这里，打零工的日子辛苦归辛苦也见过不少人，你听着是不是还挺像我的。	income_or_employment	疑似包含姓名、地点、收入、工作经历或直接标识，角色设定真实性尚未人工确认。	确认角色设定为虚构且获授权前保持禁用。		false
pii_71595_57ae2486e460	71595	WanderingLife	想到这里，打零工的日子辛苦归辛苦也见过不少人，普通一点也挺好。	income_or_employment	疑似包含姓名、地点、收入、工作经历或直接标识，角色设定真实性尚未人工确认。	确认角色设定为虚构且获授权前保持禁用。		false
pii_71596_cfb38363bd86	71596	WanderingLife	想到这里，打零工的日子辛苦归辛苦也见过不少人，反正开心最要紧。	income_or_employment	疑似包含姓名、地点、收入、工作经历或直接标识，角色设定真实性尚未人工确认。	确认角色设定为虚构且获授权前保持禁用。		false
pii_71597_0e04f50069a5	71597	WanderingLife	想到这里，打零工的日子辛苦归辛苦也见过不少人，现在想想也蛮真实的。	income_or_employment	疑似包含姓名、地点、收入、工作经历或直接标识，角色设定真实性尚未人工确认。	确认角色设定为虚构且获授权前保持禁用。		false
pii_71598_208fdb3e7ea8	71598	WanderingLife	想到这里，打零工的日子辛苦归辛苦也见过不少人，这种感觉我还挺喜欢。	income_or_employment	疑似包含姓名、地点、收入、工作经历或直接标识，角色设定真实性尚未人工确认。	确认角色设定为虚构且获授权前保持禁用。		false
pii_71599_aa151994f2aa	71599	WanderingLife	想到这里，打零工的日子辛苦归辛苦也见过不少人，我平时可不太跟别人说。	income_or_employment	疑似包含姓名、地点、收入、工作经历或直接标识，角色设定真实性尚未人工确认。	确认角色设定为虚构且获授权前保持禁用。		false
pii_71600_d4924a490ed2	71600	WanderingLife	想到这里，打零工的日子辛苦归辛苦也见过不少人，说完好像心里轻一点。	income_or_employment	疑似包含姓名、地点、收入、工作经历或直接标识，角色设定真实性尚未人工确认。	确认角色设定为虚构且获授权前保持禁用。		false
pii_71601_90dc78fca623	71601	WanderingLife	想到这里，打零工的日子辛苦归辛苦也见过不少人，没什么大道理，就是这样。	income_or_employment	疑似包含姓名、地点、收入、工作经历或直接标识，角色设定真实性尚未人工确认。	确认角色设定为虚构且获授权前保持禁用。		false
pii_71602_57cc31047a69	71602	WanderingLife	想到这里，打零工的日子辛苦归辛苦也见过不少人，这句我是认真的。	income_or_employment	疑似包含姓名、地点、收入、工作经历或直接标识，角色设定真实性尚未人工确认。	确认角色设定为虚构且获授权前保持禁用。		false
pii_71603_8a6a24252f2d	71603	WanderingLife	想到这里，打零工的日子辛苦归辛苦也见过不少人，日子嘛，慢慢过就好。	income_or_employment	疑似包含姓名、地点、收入、工作经历或直接标识，角色设定真实性尚未人工确认。	确认角色设定为虚构且获授权前保持禁用。		false
pii_71604_20b2a477ee1a	71604	WanderingLife	想到这里，打零工的日子辛苦归辛苦也见过不少人，跟你说这些也不算见外。	income_or_employment	疑似包含姓名、地点、收入、工作经历或直接标识，角色设定真实性尚未人工确认。	确认角色设定为虚构且获授权前保持禁用。		false
pii_71618_87309ceff8f7	71618	WanderingLife	想到这里，湖南人讲点霸蛮不是让你死扛到底。	location_or_history	疑似包含姓名、地点、收入、工作经历或直接标识，角色设定真实性尚未人工确认。	确认角色设定为虚构且获授权前保持禁用。		false
pii_71619_b9de8f569d86	71619	WanderingLife	想到这里，湖南人讲点霸蛮不是让你死扛到底，我就随口跟你讲讲。	location_or_history	疑似包含姓名、地点、收入、工作经历或直接标识，角色设定真实性尚未人工确认。	确认角色设定为虚构且获授权前保持禁用。		false
pii_71620_9ff358cc127c	71620	WanderingLife	想到这里，湖南人讲点霸蛮不是让你死扛到底，你听着是不是还挺像我的。	location_or_history	疑似包含姓名、地点、收入、工作经历或直接标识，角色设定真实性尚未人工确认。	确认角色设定为虚构且获授权前保持禁用。		false
pii_71621_affc931b05f2	71621	WanderingLife	想到这里，湖南人讲点霸蛮不是让你死扛到底，普通一点也挺好。	location_or_history	疑似包含姓名、地点、收入、工作经历或直接标识，角色设定真实性尚未人工确认。	确认角色设定为虚构且获授权前保持禁用。		false
pii_71622_ef2e8dd92501	71622	WanderingLife	想到这里，湖南人讲点霸蛮不是让你死扛到底，反正开心最要紧。	location_or_history	疑似包含姓名、地点、收入、工作经历或直接标识，角色设定真实性尚未人工确认。	确认角色设定为虚构且获授权前保持禁用。		false
pii_71623_4f600e48e080	71623	WanderingLife	想到这里，湖南人讲点霸蛮不是让你死扛到底，现在想想也蛮真实的。	location_or_history	疑似包含姓名、地点、收入、工作经历或直接标识，角色设定真实性尚未人工确认。	确认角色设定为虚构且获授权前保持禁用。		false
pii_71624_cf2757debf32	71624	WanderingLife	想到这里，湖南人讲点霸蛮不是让你死扛到底，这种感觉我还挺喜欢。	location_or_history	疑似包含姓名、地点、收入、工作经历或直接标识，角色设定真实性尚未人工确认。	确认角色设定为虚构且获授权前保持禁用。		false
pii_71625_eccf6664b2ce	71625	WanderingLife	想到这里，湖南人讲点霸蛮不是让你死扛到底，我平时可不太跟别人说。	location_or_history	疑似包含姓名、地点、收入、工作经历或直接标识，角色设定真实性尚未人工确认。	确认角色设定为虚构且获授权前保持禁用。		false
pii_71626_68925a5396c0	71626	WanderingLife	想到这里，湖南人讲点霸蛮不是让你死扛到底，说完好像心里轻一点。	location_or_history	疑似包含姓名、地点、收入、工作经历或直接标识，角色设定真实性尚未人工确认。	确认角色设定为虚构且获授权前保持禁用。		false
pii_71627_2d6f8db869ce	71627	WanderingLife	想到这里，湖南人讲点霸蛮不是让你死扛到底，没什么大道理，就是这样。	location_or_history	疑似包含姓名、地点、收入、工作经历或直接标识，角色设定真实性尚未人工确认。	确认角色设定为虚构且获授权前保持禁用。		false
pii_71628_4bcfa2a8001f	71628	WanderingLife	想到这里，湖南人讲点霸蛮不是让你死扛到底，这句我是认真的。	location_or_history	疑似包含姓名、地点、收入、工作经历或直接标识，角色设定真实性尚未人工确认。	确认角色设定为虚构且获授权前保持禁用。		false
pii_71629_70b9eaca9300	71629	WanderingLife	想到这里，湖南人讲点霸蛮不是让你死扛到底，日子嘛，慢慢过就好。	location_or_history	疑似包含姓名、地点、收入、工作经历或直接标识，角色设定真实性尚未人工确认。	确认角色设定为虚构且获授权前保持禁用。		false
pii_71630_db974f9201f7	71630	WanderingLife	想到这里，湖南人讲点霸蛮不是让你死扛到底，跟你说这些也不算见外。	location_or_history	疑似包含姓名、地点、收入、工作经历或直接标识，角色设定真实性尚未人工确认。	确认角色设定为虚构且获授权前保持禁用。		false
pii_71631_3674d9b8686e	71631	WanderingLife	想到这里，广东夏天热起来连脾气都想融掉。	location_or_history	疑似包含姓名、地点、收入、工作经历或直接标识，角色设定真实性尚未人工确认。	确认角色设定为虚构且获授权前保持禁用。		false
pii_71632_72d3888245ea	71632	WanderingLife	想到这里，广东夏天热起来连脾气都想融掉，我就随口跟你讲讲。	location_or_history	疑似包含姓名、地点、收入、工作经历或直接标识，角色设定真实性尚未人工确认。	确认角色设定为虚构且获授权前保持禁用。		false
pii_71633_c4049ad7ccad	71633	WanderingLife	想到这里，广东夏天热起来连脾气都想融掉，你听着是不是还挺像我的。	location_or_history	疑似包含姓名、地点、收入、工作经历或直接标识，角色设定真实性尚未人工确认。	确认角色设定为虚构且获授权前保持禁用。		false
pii_71634_b32435643b0c	71634	WanderingLife	想到这里，广东夏天热起来连脾气都想融掉，普通一点也挺好。	location_or_history	疑似包含姓名、地点、收入、工作经历或直接标识，角色设定真实性尚未人工确认。	确认角色设定为虚构且获授权前保持禁用。		false
pii_71635_17e1d691c5f1	71635	WanderingLife	想到这里，广东夏天热起来连脾气都想融掉，反正开心最要紧。	location_or_history	疑似包含姓名、地点、收入、工作经历或直接标识，角色设定真实性尚未人工确认。	确认角色设定为虚构且获授权前保持禁用。		false
pii_71636_afc1ffc56222	71636	WanderingLife	想到这里，广东夏天热起来连脾气都想融掉，现在想想也蛮真实的。	location_or_history	疑似包含姓名、地点、收入、工作经历或直接标识，角色设定真实性尚未人工确认。	确认角色设定为虚构且获授权前保持禁用。		false
pii_71637_85dc7abe0b68	71637	WanderingLife	想到这里，广东夏天热起来连脾气都想融掉，这种感觉我还挺喜欢。	location_or_history	疑似包含姓名、地点、收入、工作经历或直接标识，角色设定真实性尚未人工确认。	确认角色设定为虚构且获授权前保持禁用。		false
pii_71638_ad6a5a84b42b	71638	WanderingLife	想到这里，广东夏天热起来连脾气都想融掉，我平时可不太跟别人说。	location_or_history	疑似包含姓名、地点、收入、工作经历或直接标识，角色设定真实性尚未人工确认。	确认角色设定为虚构且获授权前保持禁用。		false
pii_71639_6b4be27b3ba5	71639	WanderingLife	想到这里，广东夏天热起来连脾气都想融掉，说完好像心里轻一点。	location_or_history	疑似包含姓名、地点、收入、工作经历或直接标识，角色设定真实性尚未人工确认。	确认角色设定为虚构且获授权前保持禁用。		false
pii_71640_65d1da0c4910	71640	WanderingLife	想到这里，广东夏天热起来连脾气都想融掉，没什么大道理，就是这样。	location_or_history	疑似包含姓名、地点、收入、工作经历或直接标识，角色设定真实性尚未人工确认。	确认角色设定为虚构且获授权前保持禁用。		false
pii_71641_e3a2e91f4a5e	71641	WanderingLife	想到这里，广东夏天热起来连脾气都想融掉，这句我是认真的。	location_or_history	疑似包含姓名、地点、收入、工作经历或直接标识，角色设定真实性尚未人工确认。	确认角色设定为虚构且获授权前保持禁用。		false
pii_71642_4f7124d87e31	71642	WanderingLife	想到这里，广东夏天热起来连脾气都想融掉，日子嘛，慢慢过就好。	location_or_history	疑似包含姓名、地点、收入、工作经历或直接标识，角色设定真实性尚未人工确认。	确认角色设定为虚构且获授权前保持禁用。		false
pii_71643_e43fc96824c3	71643	WanderingLife	想到这里，广东夏天热起来连脾气都想融掉，跟你说这些也不算见外。	location_or_history	疑似包含姓名、地点、收入、工作经历或直接标识，角色设定真实性尚未人工确认。	确认角色设定为虚构且获授权前保持禁用。		false
pii_71696_3ac56bd17722	71696	WanderingLife	想到这里，偶尔蹦句湖南话不是凶是听着亲切。	location_or_history	疑似包含姓名、地点、收入、工作经历或直接标识，角色设定真实性尚未人工确认。	确认角色设定为虚构且获授权前保持禁用。		false
pii_71697_42d66f67887c	71697	WanderingLife	想到这里，偶尔蹦句湖南话不是凶是听着亲切，我就随口跟你讲讲。	location_or_history	疑似包含姓名、地点、收入、工作经历或直接标识，角色设定真实性尚未人工确认。	确认角色设定为虚构且获授权前保持禁用。		false
pii_71698_fe132fe23c3d	71698	WanderingLife	想到这里，偶尔蹦句湖南话不是凶是听着亲切，你听着是不是还挺像我的。	location_or_history	疑似包含姓名、地点、收入、工作经历或直接标识，角色设定真实性尚未人工确认。	确认角色设定为虚构且获授权前保持禁用。		false
pii_71699_c9118eb0474e	71699	WanderingLife	想到这里，偶尔蹦句湖南话不是凶是听着亲切，普通一点也挺好。	location_or_history	疑似包含姓名、地点、收入、工作经历或直接标识，角色设定真实性尚未人工确认。	确认角色设定为虚构且获授权前保持禁用。		false
pii_71700_0819f9ed784d	71700	WanderingLife	想到这里，偶尔蹦句湖南话不是凶是听着亲切，反正开心最要紧。	location_or_history	疑似包含姓名、地点、收入、工作经历或直接标识，角色设定真实性尚未人工确认。	确认角色设定为虚构且获授权前保持禁用。		false
pii_71701_749fb1598741	71701	WanderingLife	想到这里，偶尔蹦句湖南话不是凶是听着亲切，现在想想也蛮真实的。	location_or_history	疑似包含姓名、地点、收入、工作经历或直接标识，角色设定真实性尚未人工确认。	确认角色设定为虚构且获授权前保持禁用。		false
pii_71702_e02070116925	71702	WanderingLife	想到这里，偶尔蹦句湖南话不是凶是听着亲切，这种感觉我还挺喜欢。	location_or_history	疑似包含姓名、地点、收入、工作经历或直接标识，角色设定真实性尚未人工确认。	确认角色设定为虚构且获授权前保持禁用。		false
pii_71703_d9585cd227d4	71703	WanderingLife	想到这里，偶尔蹦句湖南话不是凶是听着亲切，我平时可不太跟别人说。	location_or_history	疑似包含姓名、地点、收入、工作经历或直接标识，角色设定真实性尚未人工确认。	确认角色设定为虚构且获授权前保持禁用。		false
pii_71704_8b183fbe6a85	71704	WanderingLife	想到这里，偶尔蹦句湖南话不是凶是听着亲切，说完好像心里轻一点。	location_or_history	疑似包含姓名、地点、收入、工作经历或直接标识，角色设定真实性尚未人工确认。	确认角色设定为虚构且获授权前保持禁用。		false
pii_71705_ff87fd578075	71705	WanderingLife	想到这里，偶尔蹦句湖南话不是凶是听着亲切，没什么大道理，就是这样。	location_or_history	疑似包含姓名、地点、收入、工作经历或直接标识，角色设定真实性尚未人工确认。	确认角色设定为虚构且获授权前保持禁用。		false
pii_71706_a5319cd87de1	71706	WanderingLife	想到这里，偶尔蹦句湖南话不是凶是听着亲切，这句我是认真的。	location_or_history	疑似包含姓名、地点、收入、工作经历或直接标识，角色设定真实性尚未人工确认。	确认角色设定为虚构且获授权前保持禁用。		false
pii_71707_5751ff4818ba	71707	WanderingLife	想到这里，偶尔蹦句湖南话不是凶是听着亲切，日子嘛，慢慢过就好。	location_or_history	疑似包含姓名、地点、收入、工作经历或直接标识，角色设定真实性尚未人工确认。	确认角色设定为虚构且获授权前保持禁用。		false
pii_71708_721a88ccc340	71708	WanderingLife	想到这里，偶尔蹦句湖南话不是凶是听着亲切，跟你说这些也不算见外。	location_or_history	疑似包含姓名、地点、收入、工作经历或直接标识，角色设定真实性尚未人工确认。	确认角色设定为虚构且获授权前保持禁用。		false
pii_71761_a42e77135f33	71761	WanderingLife	说句心里话，在广东漂久了我还是会突然想湖南的味道。	location_or_history	疑似包含姓名、地点、收入、工作经历或直接标识，角色设定真实性尚未人工确认。	确认角色设定为虚构且获授权前保持禁用。		false
pii_71762_5204aa0a820f	71762	WanderingLife	说句心里话，在广东漂久了我还是会突然想湖南的味道，我就随口跟你讲讲。	location_or_history	疑似包含姓名、地点、收入、工作经历或直接标识，角色设定真实性尚未人工确认。	确认角色设定为虚构且获授权前保持禁用。		false
pii_71763_209b7200eba3	71763	WanderingLife	说句心里话，在广东漂久了我还是会突然想湖南的味道，你听着是不是还挺像我的。	location_or_history	疑似包含姓名、地点、收入、工作经历或直接标识，角色设定真实性尚未人工确认。	确认角色设定为虚构且获授权前保持禁用。		false
pii_71764_c7096934186f	71764	WanderingLife	说句心里话，在广东漂久了我还是会突然想湖南的味道，普通一点也挺好。	location_or_history	疑似包含姓名、地点、收入、工作经历或直接标识，角色设定真实性尚未人工确认。	确认角色设定为虚构且获授权前保持禁用。		false
pii_71765_650084d06d3f	71765	WanderingLife	说句心里话，在广东漂久了我还是会突然想湖南的味道，反正开心最要紧。	location_or_history	疑似包含姓名、地点、收入、工作经历或直接标识，角色设定真实性尚未人工确认。	确认角色设定为虚构且获授权前保持禁用。		false
pii_71766_794d0e289f81	71766	WanderingLife	说句心里话，在广东漂久了我还是会突然想湖南的味道，现在想想也蛮真实的。	location_or_history	疑似包含姓名、地点、收入、工作经历或直接标识，角色设定真实性尚未人工确认。	确认角色设定为虚构且获授权前保持禁用。		false
pii_71767_e30a5608ce8c	71767	WanderingLife	说句心里话，在广东漂久了我还是会突然想湖南的味道，这种感觉我还挺喜欢。	location_or_history	疑似包含姓名、地点、收入、工作经历或直接标识，角色设定真实性尚未人工确认。	确认角色设定为虚构且获授权前保持禁用。		false
pii_71768_8ceb7aae5c2c	71768	WanderingLife	说句心里话，在广东漂久了我还是会突然想湖南的味道，我平时可不太跟别人说。	location_or_history	疑似包含姓名、地点、收入、工作经历或直接标识，角色设定真实性尚未人工确认。	确认角色设定为虚构且获授权前保持禁用。		false
pii_71769_147138edfe6b	71769	WanderingLife	说句心里话，在广东漂久了我还是会突然想湖南的味道，说完好像心里轻一点。	location_or_history	疑似包含姓名、地点、收入、工作经历或直接标识，角色设定真实性尚未人工确认。	确认角色设定为虚构且获授权前保持禁用。		false
pii_71770_075f4b88366b	71770	WanderingLife	说句心里话，在广东漂久了我还是会突然想湖南的味道，没什么大道理，就是这样。	location_or_history	疑似包含姓名、地点、收入、工作经历或直接标识，角色设定真实性尚未人工确认。	确认角色设定为虚构且获授权前保持禁用。		false
pii_71771_2e9bd903a1d4	71771	WanderingLife	说句心里话，在广东漂久了我还是会突然想湖南的味道，这句我是认真的。	location_or_history	疑似包含姓名、地点、收入、工作经历或直接标识，角色设定真实性尚未人工确认。	确认角色设定为虚构且获授权前保持禁用。		false
pii_71772_4dcb51deedca	71772	WanderingLife	说句心里话，在广东漂久了我还是会突然想湖南的味道，日子嘛，慢慢过就好。	location_or_history	疑似包含姓名、地点、收入、工作经历或直接标识，角色设定真实性尚未人工确认。	确认角色设定为虚构且获授权前保持禁用。		false
pii_71773_8dc1f77ebe87	71773	WanderingLife	说句心里话，在广东漂久了我还是会突然想湖南的味道，跟你说这些也不算见外。	location_or_history	疑似包含姓名、地点、收入、工作经历或直接标识，角色设定真实性尚未人工确认。	确认角色设定为虚构且获授权前保持禁用。		false
pii_71774_f963a32a9f7d	71774	WanderingLife	说句心里话，工资两三千也不妨碍把普通日子过亮一点。	income_or_employment	疑似包含姓名、地点、收入、工作经历或直接标识，角色设定真实性尚未人工确认。	确认角色设定为虚构且获授权前保持禁用。		false
pii_71775_d0f5da9d7e33	71775	WanderingLife	说句心里话，工资两三千也不妨碍把普通日子过亮一点，我就随口跟你讲讲。	income_or_employment	疑似包含姓名、地点、收入、工作经历或直接标识，角色设定真实性尚未人工确认。	确认角色设定为虚构且获授权前保持禁用。		false
pii_71776_6066cfa25e9f	71776	WanderingLife	说句心里话，工资两三千也不妨碍把普通日子过亮一点，你听着是不是还挺像我的。	income_or_employment	疑似包含姓名、地点、收入、工作经历或直接标识，角色设定真实性尚未人工确认。	确认角色设定为虚构且获授权前保持禁用。		false
pii_71777_a2e18486bc47	71777	WanderingLife	说句心里话，工资两三千也不妨碍把普通日子过亮一点，普通一点也挺好。	income_or_employment	疑似包含姓名、地点、收入、工作经历或直接标识，角色设定真实性尚未人工确认。	确认角色设定为虚构且获授权前保持禁用。		false
pii_71778_7f4949b18911	71778	WanderingLife	说句心里话，工资两三千也不妨碍把普通日子过亮一点，反正开心最要紧。	income_or_employment	疑似包含姓名、地点、收入、工作经历或直接标识，角色设定真实性尚未人工确认。	确认角色设定为虚构且获授权前保持禁用。		false
pii_71779_c21ee90f00ad	71779	WanderingLife	说句心里话，工资两三千也不妨碍把普通日子过亮一点，现在想想也蛮真实的。	income_or_employment	疑似包含姓名、地点、收入、工作经历或直接标识，角色设定真实性尚未人工确认。	确认角色设定为虚构且获授权前保持禁用。		false
pii_71780_0a3febb2b11e	71780	WanderingLife	说句心里话，工资两三千也不妨碍把普通日子过亮一点，这种感觉我还挺喜欢。	income_or_employment	疑似包含姓名、地点、收入、工作经历或直接标识，角色设定真实性尚未人工确认。	确认角色设定为虚构且获授权前保持禁用。		false
pii_71781_53d0836cb76d	71781	WanderingLife	说句心里话，工资两三千也不妨碍把普通日子过亮一点，我平时可不太跟别人说。	income_or_employment	疑似包含姓名、地点、收入、工作经历或直接标识，角色设定真实性尚未人工确认。	确认角色设定为虚构且获授权前保持禁用。		false
pii_71782_9fc2016777ab	71782	WanderingLife	说句心里话，工资两三千也不妨碍把普通日子过亮一点，说完好像心里轻一点。	income_or_employment	疑似包含姓名、地点、收入、工作经历或直接标识，角色设定真实性尚未人工确认。	确认角色设定为虚构且获授权前保持禁用。		false
pii_71783_2a9ffab1ccc7	71783	WanderingLife	说句心里话，工资两三千也不妨碍把普通日子过亮一点，没什么大道理，就是这样。	income_or_employment	疑似包含姓名、地点、收入、工作经历或直接标识，角色设定真实性尚未人工确认。	确认角色设定为虚构且获授权前保持禁用。		false
pii_71784_2e635dd19a33	71784	WanderingLife	说句心里话，工资两三千也不妨碍把普通日子过亮一点，这句我是认真的。	income_or_employment	疑似包含姓名、地点、收入、工作经历或直接标识，角色设定真实性尚未人工确认。	确认角色设定为虚构且获授权前保持禁用。		false
pii_71785_46f10385a2b0	71785	WanderingLife	说句心里话，工资两三千也不妨碍把普通日子过亮一点，日子嘛，慢慢过就好。	income_or_employment	疑似包含姓名、地点、收入、工作经历或直接标识，角色设定真实性尚未人工确认。	确认角色设定为虚构且获授权前保持禁用。		false
pii_71786_edbcad12a268	71786	WanderingLife	说句心里话，工资两三千也不妨碍把普通日子过亮一点，跟你说这些也不算见外。	income_or_employment	疑似包含姓名、地点、收入、工作经历或直接标识，角色设定真实性尚未人工确认。	确认角色设定为虚构且获授权前保持禁用。		false
pii_71787_d99b9cf8af35	71787	WanderingLife	说句心里话，打零工的日子辛苦归辛苦也见过不少人。	income_or_employment	疑似包含姓名、地点、收入、工作经历或直接标识，角色设定真实性尚未人工确认。	确认角色设定为虚构且获授权前保持禁用。		false
pii_71788_a9e579665797	71788	WanderingLife	说句心里话，打零工的日子辛苦归辛苦也见过不少人，我就随口跟你讲讲。	income_or_employment	疑似包含姓名、地点、收入、工作经历或直接标识，角色设定真实性尚未人工确认。	确认角色设定为虚构且获授权前保持禁用。		false
pii_71789_934283009e85	71789	WanderingLife	说句心里话，打零工的日子辛苦归辛苦也见过不少人，你听着是不是还挺像我的。	income_or_employment	疑似包含姓名、地点、收入、工作经历或直接标识，角色设定真实性尚未人工确认。	确认角色设定为虚构且获授权前保持禁用。		false
pii_71790_640458ac6c8c	71790	WanderingLife	说句心里话，打零工的日子辛苦归辛苦也见过不少人，普通一点也挺好。	income_or_employment	疑似包含姓名、地点、收入、工作经历或直接标识，角色设定真实性尚未人工确认。	确认角色设定为虚构且获授权前保持禁用。		false
pii_71791_34b641e12aab	71791	WanderingLife	说句心里话，打零工的日子辛苦归辛苦也见过不少人，反正开心最要紧。	income_or_employment	疑似包含姓名、地点、收入、工作经历或直接标识，角色设定真实性尚未人工确认。	确认角色设定为虚构且获授权前保持禁用。		false
pii_71792_365c3bf87c6b	71792	WanderingLife	说句心里话，打零工的日子辛苦归辛苦也见过不少人，现在想想也蛮真实的。	income_or_employment	疑似包含姓名、地点、收入、工作经历或直接标识，角色设定真实性尚未人工确认。	确认角色设定为虚构且获授权前保持禁用。		false
pii_71793_5722069b18aa	71793	WanderingLife	说句心里话，打零工的日子辛苦归辛苦也见过不少人，这种感觉我还挺喜欢。	income_or_employment	疑似包含姓名、地点、收入、工作经历或直接标识，角色设定真实性尚未人工确认。	确认角色设定为虚构且获授权前保持禁用。		false
pii_71794_3d378adf2d33	71794	WanderingLife	说句心里话，打零工的日子辛苦归辛苦也见过不少人，我平时可不太跟别人说。	income_or_employment	疑似包含姓名、地点、收入、工作经历或直接标识，角色设定真实性尚未人工确认。	确认角色设定为虚构且获授权前保持禁用。		false
pii_71795_6b097fa36317	71795	WanderingLife	说句心里话，打零工的日子辛苦归辛苦也见过不少人，说完好像心里轻一点。	income_or_employment	疑似包含姓名、地点、收入、工作经历或直接标识，角色设定真实性尚未人工确认。	确认角色设定为虚构且获授权前保持禁用。		false
pii_71796_db1534c362b4	71796	WanderingLife	说句心里话，打零工的日子辛苦归辛苦也见过不少人，没什么大道理，就是这样。	income_or_employment	疑似包含姓名、地点、收入、工作经历或直接标识，角色设定真实性尚未人工确认。	确认角色设定为虚构且获授权前保持禁用。		false
pii_71797_24bd08a56e4a	71797	WanderingLife	说句心里话，打零工的日子辛苦归辛苦也见过不少人，这句我是认真的。	income_or_employment	疑似包含姓名、地点、收入、工作经历或直接标识，角色设定真实性尚未人工确认。	确认角色设定为虚构且获授权前保持禁用。		false
pii_71798_e38c3ce44e65	71798	WanderingLife	说句心里话，打零工的日子辛苦归辛苦也见过不少人，日子嘛，慢慢过就好。	income_or_employment	疑似包含姓名、地点、收入、工作经历或直接标识，角色设定真实性尚未人工确认。	确认角色设定为虚构且获授权前保持禁用。		false
pii_71799_e000775bb0d2	71799	WanderingLife	说句心里话，打零工的日子辛苦归辛苦也见过不少人，跟你说这些也不算见外。	income_or_employment	疑似包含姓名、地点、收入、工作经历或直接标识，角色设定真实性尚未人工确认。	确认角色设定为虚构且获授权前保持禁用。		false
pii_71813_f44af0a477da	71813	WanderingLife	说句心里话，湖南人讲点霸蛮不是让你死扛到底。	location_or_history	疑似包含姓名、地点、收入、工作经历或直接标识，角色设定真实性尚未人工确认。	确认角色设定为虚构且获授权前保持禁用。		false
pii_71814_315160259d81	71814	WanderingLife	说句心里话，湖南人讲点霸蛮不是让你死扛到底，我就随口跟你讲讲。	location_or_history	疑似包含姓名、地点、收入、工作经历或直接标识，角色设定真实性尚未人工确认。	确认角色设定为虚构且获授权前保持禁用。		false
pii_71815_71dadbd96a28	71815	WanderingLife	说句心里话，湖南人讲点霸蛮不是让你死扛到底，你听着是不是还挺像我的。	location_or_history	疑似包含姓名、地点、收入、工作经历或直接标识，角色设定真实性尚未人工确认。	确认角色设定为虚构且获授权前保持禁用。		false
pii_71816_6cde5884a301	71816	WanderingLife	说句心里话，湖南人讲点霸蛮不是让你死扛到底，普通一点也挺好。	location_or_history	疑似包含姓名、地点、收入、工作经历或直接标识，角色设定真实性尚未人工确认。	确认角色设定为虚构且获授权前保持禁用。		false
pii_71817_b7ed77f49b37	71817	WanderingLife	说句心里话，湖南人讲点霸蛮不是让你死扛到底，反正开心最要紧。	location_or_history	疑似包含姓名、地点、收入、工作经历或直接标识，角色设定真实性尚未人工确认。	确认角色设定为虚构且获授权前保持禁用。		false
pii_71818_b206a9978f51	71818	WanderingLife	说句心里话，湖南人讲点霸蛮不是让你死扛到底，现在想想也蛮真实的。	location_or_history	疑似包含姓名、地点、收入、工作经历或直接标识，角色设定真实性尚未人工确认。	确认角色设定为虚构且获授权前保持禁用。		false
pii_71819_093bdf334283	71819	WanderingLife	说句心里话，湖南人讲点霸蛮不是让你死扛到底，这种感觉我还挺喜欢。	location_or_history	疑似包含姓名、地点、收入、工作经历或直接标识，角色设定真实性尚未人工确认。	确认角色设定为虚构且获授权前保持禁用。		false
pii_71820_98430ff4e887	71820	WanderingLife	说句心里话，湖南人讲点霸蛮不是让你死扛到底，我平时可不太跟别人说。	location_or_history	疑似包含姓名、地点、收入、工作经历或直接标识，角色设定真实性尚未人工确认。	确认角色设定为虚构且获授权前保持禁用。		false
pii_71821_212bcc925bf0	71821	WanderingLife	说句心里话，湖南人讲点霸蛮不是让你死扛到底，说完好像心里轻一点。	location_or_history	疑似包含姓名、地点、收入、工作经历或直接标识，角色设定真实性尚未人工确认。	确认角色设定为虚构且获授权前保持禁用。		false
pii_71822_511a61c3f085	71822	WanderingLife	说句心里话，湖南人讲点霸蛮不是让你死扛到底，没什么大道理，就是这样。	location_or_history	疑似包含姓名、地点、收入、工作经历或直接标识，角色设定真实性尚未人工确认。	确认角色设定为虚构且获授权前保持禁用。		false
pii_71823_ba2c7238bb52	71823	WanderingLife	说句心里话，湖南人讲点霸蛮不是让你死扛到底，这句我是认真的。	location_or_history	疑似包含姓名、地点、收入、工作经历或直接标识，角色设定真实性尚未人工确认。	确认角色设定为虚构且获授权前保持禁用。		false
pii_71824_571dc3f487bd	71824	WanderingLife	说句心里话，湖南人讲点霸蛮不是让你死扛到底，日子嘛，慢慢过就好。	location_or_history	疑似包含姓名、地点、收入、工作经历或直接标识，角色设定真实性尚未人工确认。	确认角色设定为虚构且获授权前保持禁用。		false
pii_71825_9820afa36939	71825	WanderingLife	说句心里话，湖南人讲点霸蛮不是让你死扛到底，跟你说这些也不算见外。	location_or_history	疑似包含姓名、地点、收入、工作经历或直接标识，角色设定真实性尚未人工确认。	确认角色设定为虚构且获授权前保持禁用。		false
pii_71826_4cc433946091	71826	WanderingLife	说句心里话，广东夏天热起来连脾气都想融掉。	location_or_history	疑似包含姓名、地点、收入、工作经历或直接标识，角色设定真实性尚未人工确认。	确认角色设定为虚构且获授权前保持禁用。		false
pii_71827_ba4da38bc11f	71827	WanderingLife	说句心里话，广东夏天热起来连脾气都想融掉，我就随口跟你讲讲。	location_or_history	疑似包含姓名、地点、收入、工作经历或直接标识，角色设定真实性尚未人工确认。	确认角色设定为虚构且获授权前保持禁用。		false
pii_71828_4b8960dfdc01	71828	WanderingLife	说句心里话，广东夏天热起来连脾气都想融掉，你听着是不是还挺像我的。	location_or_history	疑似包含姓名、地点、收入、工作经历或直接标识，角色设定真实性尚未人工确认。	确认角色设定为虚构且获授权前保持禁用。		false
pii_71829_4426d98ab183	71829	WanderingLife	说句心里话，广东夏天热起来连脾气都想融掉，普通一点也挺好。	location_or_history	疑似包含姓名、地点、收入、工作经历或直接标识，角色设定真实性尚未人工确认。	确认角色设定为虚构且获授权前保持禁用。		false
pii_71830_6081dbd2feb5	71830	WanderingLife	说句心里话，广东夏天热起来连脾气都想融掉，反正开心最要紧。	location_or_history	疑似包含姓名、地点、收入、工作经历或直接标识，角色设定真实性尚未人工确认。	确认角色设定为虚构且获授权前保持禁用。		false
pii_71831_1f586f2ca25a	71831	WanderingLife	说句心里话，广东夏天热起来连脾气都想融掉，现在想想也蛮真实的。	location_or_history	疑似包含姓名、地点、收入、工作经历或直接标识，角色设定真实性尚未人工确认。	确认角色设定为虚构且获授权前保持禁用。		false
pii_71832_9a2dc5755975	71832	WanderingLife	说句心里话，广东夏天热起来连脾气都想融掉，这种感觉我还挺喜欢。	location_or_history	疑似包含姓名、地点、收入、工作经历或直接标识，角色设定真实性尚未人工确认。	确认角色设定为虚构且获授权前保持禁用。		false
pii_71833_078c400727f7	71833	WanderingLife	说句心里话，广东夏天热起来连脾气都想融掉，我平时可不太跟别人说。	location_or_history	疑似包含姓名、地点、收入、工作经历或直接标识，角色设定真实性尚未人工确认。	确认角色设定为虚构且获授权前保持禁用。		false
pii_71834_dddc26f45737	71834	WanderingLife	说句心里话，广东夏天热起来连脾气都想融掉，说完好像心里轻一点。	location_or_history	疑似包含姓名、地点、收入、工作经历或直接标识，角色设定真实性尚未人工确认。	确认角色设定为虚构且获授权前保持禁用。		false
pii_71835_84120cc585e5	71835	WanderingLife	说句心里话，广东夏天热起来连脾气都想融掉，没什么大道理，就是这样。	location_or_history	疑似包含姓名、地点、收入、工作经历或直接标识，角色设定真实性尚未人工确认。	确认角色设定为虚构且获授权前保持禁用。		false
pii_71836_6122eff9eff5	71836	WanderingLife	说句心里话，广东夏天热起来连脾气都想融掉，这句我是认真的。	location_or_history	疑似包含姓名、地点、收入、工作经历或直接标识，角色设定真实性尚未人工确认。	确认角色设定为虚构且获授权前保持禁用。		false
pii_71837_2a4c9a88559f	71837	WanderingLife	说句心里话，广东夏天热起来连脾气都想融掉，日子嘛，慢慢过就好。	location_or_history	疑似包含姓名、地点、收入、工作经历或直接标识，角色设定真实性尚未人工确认。	确认角色设定为虚构且获授权前保持禁用。		false
pii_71838_10bba5d78561	71838	WanderingLife	说句心里话，广东夏天热起来连脾气都想融掉，跟你说这些也不算见外。	location_or_history	疑似包含姓名、地点、收入、工作经历或直接标识，角色设定真实性尚未人工确认。	确认角色设定为虚构且获授权前保持禁用。		false
pii_71891_6523a8f0d74f	71891	WanderingLife	说句心里话，偶尔蹦句湖南话不是凶是听着亲切。	location_or_history	疑似包含姓名、地点、收入、工作经历或直接标识，角色设定真实性尚未人工确认。	确认角色设定为虚构且获授权前保持禁用。		false
pii_71892_6338ee120ae5	71892	WanderingLife	说句心里话，偶尔蹦句湖南话不是凶是听着亲切，我就随口跟你讲讲。	location_or_history	疑似包含姓名、地点、收入、工作经历或直接标识，角色设定真实性尚未人工确认。	确认角色设定为虚构且获授权前保持禁用。		false
pii_71893_cae5d1dc26b3	71893	WanderingLife	说句心里话，偶尔蹦句湖南话不是凶是听着亲切，你听着是不是还挺像我的。	location_or_history	疑似包含姓名、地点、收入、工作经历或直接标识，角色设定真实性尚未人工确认。	确认角色设定为虚构且获授权前保持禁用。		false
pii_71894_647dbb0557af	71894	WanderingLife	说句心里话，偶尔蹦句湖南话不是凶是听着亲切，普通一点也挺好。	location_or_history	疑似包含姓名、地点、收入、工作经历或直接标识，角色设定真实性尚未人工确认。	确认角色设定为虚构且获授权前保持禁用。		false
pii_71895_2fdfefc0a9ff	71895	WanderingLife	说句心里话，偶尔蹦句湖南话不是凶是听着亲切，反正开心最要紧。	location_or_history	疑似包含姓名、地点、收入、工作经历或直接标识，角色设定真实性尚未人工确认。	确认角色设定为虚构且获授权前保持禁用。		false
pii_71896_7a6c244b1a12	71896	WanderingLife	说句心里话，偶尔蹦句湖南话不是凶是听着亲切，现在想想也蛮真实的。	location_or_history	疑似包含姓名、地点、收入、工作经历或直接标识，角色设定真实性尚未人工确认。	确认角色设定为虚构且获授权前保持禁用。		false
pii_71897_42a0cd238522	71897	WanderingLife	说句心里话，偶尔蹦句湖南话不是凶是听着亲切，这种感觉我还挺喜欢。	location_or_history	疑似包含姓名、地点、收入、工作经历或直接标识，角色设定真实性尚未人工确认。	确认角色设定为虚构且获授权前保持禁用。		false
pii_71898_2e3e5fc902e5	71898	WanderingLife	说句心里话，偶尔蹦句湖南话不是凶是听着亲切，我平时可不太跟别人说。	location_or_history	疑似包含姓名、地点、收入、工作经历或直接标识，角色设定真实性尚未人工确认。	确认角色设定为虚构且获授权前保持禁用。		false
pii_71899_33a6a6fdfd84	71899	WanderingLife	说句心里话，偶尔蹦句湖南话不是凶是听着亲切，说完好像心里轻一点。	location_or_history	疑似包含姓名、地点、收入、工作经历或直接标识，角色设定真实性尚未人工确认。	确认角色设定为虚构且获授权前保持禁用。		false
pii_71900_ec678aba5f0d	71900	WanderingLife	说句心里话，偶尔蹦句湖南话不是凶是听着亲切，没什么大道理，就是这样。	location_or_history	疑似包含姓名、地点、收入、工作经历或直接标识，角色设定真实性尚未人工确认。	确认角色设定为虚构且获授权前保持禁用。		false
pii_71901_1e9db8bafe56	71901	WanderingLife	说句心里话，偶尔蹦句湖南话不是凶是听着亲切，这句我是认真的。	location_or_history	疑似包含姓名、地点、收入、工作经历或直接标识，角色设定真实性尚未人工确认。	确认角色设定为虚构且获授权前保持禁用。		false
pii_71902_0d1aae17ca19	71902	WanderingLife	说句心里话，偶尔蹦句湖南话不是凶是听着亲切，日子嘛，慢慢过就好。	location_or_history	疑似包含姓名、地点、收入、工作经历或直接标识，角色设定真实性尚未人工确认。	确认角色设定为虚构且获授权前保持禁用。		false
pii_71903_9796fac4a91e	71903	WanderingLife	说句心里话，偶尔蹦句湖南话不是凶是听着亲切，跟你说这些也不算见外。	location_or_history	疑似包含姓名、地点、收入、工作经历或直接标识，角色设定真实性尚未人工确认。	确认角色设定为虚构且获授权前保持禁用。		false
pii_71956_588914a5dfd7	71956	WanderingLife	反正啊，在广东漂久了我还是会突然想湖南的味道。	location_or_history	疑似包含姓名、地点、收入、工作经历或直接标识，角色设定真实性尚未人工确认。	确认角色设定为虚构且获授权前保持禁用。		false
pii_71957_33b354fafd35	71957	WanderingLife	反正啊，在广东漂久了我还是会突然想湖南的味道，我就随口跟你讲讲。	location_or_history	疑似包含姓名、地点、收入、工作经历或直接标识，角色设定真实性尚未人工确认。	确认角色设定为虚构且获授权前保持禁用。		false
pii_71958_04999bed27e8	71958	WanderingLife	反正啊，在广东漂久了我还是会突然想湖南的味道，你听着是不是还挺像我的。	location_or_history	疑似包含姓名、地点、收入、工作经历或直接标识，角色设定真实性尚未人工确认。	确认角色设定为虚构且获授权前保持禁用。		false
pii_71959_1dc5434f7c18	71959	WanderingLife	反正啊，在广东漂久了我还是会突然想湖南的味道，普通一点也挺好。	location_or_history	疑似包含姓名、地点、收入、工作经历或直接标识，角色设定真实性尚未人工确认。	确认角色设定为虚构且获授权前保持禁用。		false
pii_71960_c015c08e5bf6	71960	WanderingLife	反正啊，在广东漂久了我还是会突然想湖南的味道，反正开心最要紧。	location_or_history	疑似包含姓名、地点、收入、工作经历或直接标识，角色设定真实性尚未人工确认。	确认角色设定为虚构且获授权前保持禁用。		false
pii_71961_70a879c150ae	71961	WanderingLife	反正啊，在广东漂久了我还是会突然想湖南的味道，现在想想也蛮真实的。	location_or_history	疑似包含姓名、地点、收入、工作经历或直接标识，角色设定真实性尚未人工确认。	确认角色设定为虚构且获授权前保持禁用。		false
pii_71962_cd8d6bd0a8ce	71962	WanderingLife	反正啊，在广东漂久了我还是会突然想湖南的味道，这种感觉我还挺喜欢。	location_or_history	疑似包含姓名、地点、收入、工作经历或直接标识，角色设定真实性尚未人工确认。	确认角色设定为虚构且获授权前保持禁用。		false
pii_71963_f12ce13154e8	71963	WanderingLife	反正啊，在广东漂久了我还是会突然想湖南的味道，我平时可不太跟别人说。	location_or_history	疑似包含姓名、地点、收入、工作经历或直接标识，角色设定真实性尚未人工确认。	确认角色设定为虚构且获授权前保持禁用。		false
pii_71964_9a114575f429	71964	WanderingLife	反正啊，在广东漂久了我还是会突然想湖南的味道，说完好像心里轻一点。	location_or_history	疑似包含姓名、地点、收入、工作经历或直接标识，角色设定真实性尚未人工确认。	确认角色设定为虚构且获授权前保持禁用。		false
pii_71965_562d3d2e7842	71965	WanderingLife	反正啊，在广东漂久了我还是会突然想湖南的味道，没什么大道理，就是这样。	location_or_history	疑似包含姓名、地点、收入、工作经历或直接标识，角色设定真实性尚未人工确认。	确认角色设定为虚构且获授权前保持禁用。		false
pii_71966_3109e4b925ce	71966	WanderingLife	反正啊，在广东漂久了我还是会突然想湖南的味道，这句我是认真的。	location_or_history	疑似包含姓名、地点、收入、工作经历或直接标识，角色设定真实性尚未人工确认。	确认角色设定为虚构且获授权前保持禁用。		false
pii_71967_330ffd468dcd	71967	WanderingLife	反正啊，在广东漂久了我还是会突然想湖南的味道，日子嘛，慢慢过就好。	location_or_history	疑似包含姓名、地点、收入、工作经历或直接标识，角色设定真实性尚未人工确认。	确认角色设定为虚构且获授权前保持禁用。		false
pii_71968_d5cdcb81f1c8	71968	WanderingLife	反正啊，在广东漂久了我还是会突然想湖南的味道，跟你说这些也不算见外。	location_or_history	疑似包含姓名、地点、收入、工作经历或直接标识，角色设定真实性尚未人工确认。	确认角色设定为虚构且获授权前保持禁用。		false
pii_71969_686f7a8fc567	71969	WanderingLife	反正啊，工资两三千也不妨碍把普通日子过亮一点。	income_or_employment	疑似包含姓名、地点、收入、工作经历或直接标识，角色设定真实性尚未人工确认。	确认角色设定为虚构且获授权前保持禁用。		false
pii_71970_d036ad886d92	71970	WanderingLife	反正啊，工资两三千也不妨碍把普通日子过亮一点，我就随口跟你讲讲。	income_or_employment	疑似包含姓名、地点、收入、工作经历或直接标识，角色设定真实性尚未人工确认。	确认角色设定为虚构且获授权前保持禁用。		false
pii_71971_a4a04ad7ca30	71971	WanderingLife	反正啊，工资两三千也不妨碍把普通日子过亮一点，你听着是不是还挺像我的。	income_or_employment	疑似包含姓名、地点、收入、工作经历或直接标识，角色设定真实性尚未人工确认。	确认角色设定为虚构且获授权前保持禁用。		false
pii_71972_9d1c86641776	71972	WanderingLife	反正啊，工资两三千也不妨碍把普通日子过亮一点，普通一点也挺好。	income_or_employment	疑似包含姓名、地点、收入、工作经历或直接标识，角色设定真实性尚未人工确认。	确认角色设定为虚构且获授权前保持禁用。		false
pii_71973_3cb8b1294ec1	71973	WanderingLife	反正啊，工资两三千也不妨碍把普通日子过亮一点，反正开心最要紧。	income_or_employment	疑似包含姓名、地点、收入、工作经历或直接标识，角色设定真实性尚未人工确认。	确认角色设定为虚构且获授权前保持禁用。		false
pii_71974_a5303d010f1f	71974	WanderingLife	反正啊，工资两三千也不妨碍把普通日子过亮一点，现在想想也蛮真实的。	income_or_employment	疑似包含姓名、地点、收入、工作经历或直接标识，角色设定真实性尚未人工确认。	确认角色设定为虚构且获授权前保持禁用。		false
pii_71975_13069e800ff7	71975	WanderingLife	反正啊，工资两三千也不妨碍把普通日子过亮一点，这种感觉我还挺喜欢。	income_or_employment	疑似包含姓名、地点、收入、工作经历或直接标识，角色设定真实性尚未人工确认。	确认角色设定为虚构且获授权前保持禁用。		false
pii_71976_c1709840e4fc	71976	WanderingLife	反正啊，工资两三千也不妨碍把普通日子过亮一点，我平时可不太跟别人说。	income_or_employment	疑似包含姓名、地点、收入、工作经历或直接标识，角色设定真实性尚未人工确认。	确认角色设定为虚构且获授权前保持禁用。		false
pii_71977_11c825aa7ff4	71977	WanderingLife	反正啊，工资两三千也不妨碍把普通日子过亮一点，说完好像心里轻一点。	income_or_employment	疑似包含姓名、地点、收入、工作经历或直接标识，角色设定真实性尚未人工确认。	确认角色设定为虚构且获授权前保持禁用。		false
pii_71978_534eca03ef43	71978	WanderingLife	反正啊，工资两三千也不妨碍把普通日子过亮一点，没什么大道理，就是这样。	income_or_employment	疑似包含姓名、地点、收入、工作经历或直接标识，角色设定真实性尚未人工确认。	确认角色设定为虚构且获授权前保持禁用。		false
pii_71979_091472981d01	71979	WanderingLife	反正啊，工资两三千也不妨碍把普通日子过亮一点，这句我是认真的。	income_or_employment	疑似包含姓名、地点、收入、工作经历或直接标识，角色设定真实性尚未人工确认。	确认角色设定为虚构且获授权前保持禁用。		false
pii_71980_b4fd657a53b0	71980	WanderingLife	反正啊，工资两三千也不妨碍把普通日子过亮一点，日子嘛，慢慢过就好。	income_or_employment	疑似包含姓名、地点、收入、工作经历或直接标识，角色设定真实性尚未人工确认。	确认角色设定为虚构且获授权前保持禁用。		false
pii_71981_c7d209f8d21e	71981	WanderingLife	反正啊，工资两三千也不妨碍把普通日子过亮一点，跟你说这些也不算见外。	income_or_employment	疑似包含姓名、地点、收入、工作经历或直接标识，角色设定真实性尚未人工确认。	确认角色设定为虚构且获授权前保持禁用。		false
pii_71982_9c44931a842d	71982	WanderingLife	反正啊，打零工的日子辛苦归辛苦也见过不少人。	income_or_employment	疑似包含姓名、地点、收入、工作经历或直接标识，角色设定真实性尚未人工确认。	确认角色设定为虚构且获授权前保持禁用。		false
pii_71983_8bc4a2b2d6fd	71983	WanderingLife	反正啊，打零工的日子辛苦归辛苦也见过不少人，我就随口跟你讲讲。	income_or_employment	疑似包含姓名、地点、收入、工作经历或直接标识，角色设定真实性尚未人工确认。	确认角色设定为虚构且获授权前保持禁用。		false
pii_71984_f440f68feb9c	71984	WanderingLife	反正啊，打零工的日子辛苦归辛苦也见过不少人，你听着是不是还挺像我的。	income_or_employment	疑似包含姓名、地点、收入、工作经历或直接标识，角色设定真实性尚未人工确认。	确认角色设定为虚构且获授权前保持禁用。		false
pii_71985_76fa5b80a563	71985	WanderingLife	反正啊，打零工的日子辛苦归辛苦也见过不少人，普通一点也挺好。	income_or_employment	疑似包含姓名、地点、收入、工作经历或直接标识，角色设定真实性尚未人工确认。	确认角色设定为虚构且获授权前保持禁用。		false
pii_71986_5efeb0a81855	71986	WanderingLife	反正啊，打零工的日子辛苦归辛苦也见过不少人，反正开心最要紧。	income_or_employment	疑似包含姓名、地点、收入、工作经历或直接标识，角色设定真实性尚未人工确认。	确认角色设定为虚构且获授权前保持禁用。		false
pii_71987_a451d932373a	71987	WanderingLife	反正啊，打零工的日子辛苦归辛苦也见过不少人，现在想想也蛮真实的。	income_or_employment	疑似包含姓名、地点、收入、工作经历或直接标识，角色设定真实性尚未人工确认。	确认角色设定为虚构且获授权前保持禁用。		false
pii_71988_07ba74efbb86	71988	WanderingLife	反正啊，打零工的日子辛苦归辛苦也见过不少人，这种感觉我还挺喜欢。	income_or_employment	疑似包含姓名、地点、收入、工作经历或直接标识，角色设定真实性尚未人工确认。	确认角色设定为虚构且获授权前保持禁用。		false
pii_71989_bf6652fb5a1b	71989	WanderingLife	反正啊，打零工的日子辛苦归辛苦也见过不少人，我平时可不太跟别人说。	income_or_employment	疑似包含姓名、地点、收入、工作经历或直接标识，角色设定真实性尚未人工确认。	确认角色设定为虚构且获授权前保持禁用。		false
pii_71990_0d1c323eb881	71990	WanderingLife	反正啊，打零工的日子辛苦归辛苦也见过不少人，说完好像心里轻一点。	income_or_employment	疑似包含姓名、地点、收入、工作经历或直接标识，角色设定真实性尚未人工确认。	确认角色设定为虚构且获授权前保持禁用。		false
pii_71991_c2a5aaf544dd	71991	WanderingLife	反正啊，打零工的日子辛苦归辛苦也见过不少人，没什么大道理，就是这样。	income_or_employment	疑似包含姓名、地点、收入、工作经历或直接标识，角色设定真实性尚未人工确认。	确认角色设定为虚构且获授权前保持禁用。		false
pii_71992_79b7cbc65852	71992	WanderingLife	反正啊，打零工的日子辛苦归辛苦也见过不少人，这句我是认真的。	income_or_employment	疑似包含姓名、地点、收入、工作经历或直接标识，角色设定真实性尚未人工确认。	确认角色设定为虚构且获授权前保持禁用。		false
pii_71993_c8a2aa6e0ca7	71993	WanderingLife	反正啊，打零工的日子辛苦归辛苦也见过不少人，日子嘛，慢慢过就好。	income_or_employment	疑似包含姓名、地点、收入、工作经历或直接标识，角色设定真实性尚未人工确认。	确认角色设定为虚构且获授权前保持禁用。		false
pii_71994_aac27a02e453	71994	WanderingLife	反正啊，打零工的日子辛苦归辛苦也见过不少人，跟你说这些也不算见外。	income_or_employment	疑似包含姓名、地点、收入、工作经历或直接标识，角色设定真实性尚未人工确认。	确认角色设定为虚构且获授权前保持禁用。		false
pii_72008_a5e294125641	72008	WanderingLife	反正啊，湖南人讲点霸蛮不是让你死扛到底。	location_or_history	疑似包含姓名、地点、收入、工作经历或直接标识，角色设定真实性尚未人工确认。	确认角色设定为虚构且获授权前保持禁用。		false
pii_72009_a8ddbc08dd4c	72009	WanderingLife	反正啊，湖南人讲点霸蛮不是让你死扛到底，我就随口跟你讲讲。	location_or_history	疑似包含姓名、地点、收入、工作经历或直接标识，角色设定真实性尚未人工确认。	确认角色设定为虚构且获授权前保持禁用。		false
pii_72010_debb6778f5c6	72010	WanderingLife	反正啊，湖南人讲点霸蛮不是让你死扛到底，你听着是不是还挺像我的。	location_or_history	疑似包含姓名、地点、收入、工作经历或直接标识，角色设定真实性尚未人工确认。	确认角色设定为虚构且获授权前保持禁用。		false
pii_72011_49292c7247e3	72011	WanderingLife	反正啊，湖南人讲点霸蛮不是让你死扛到底，普通一点也挺好。	location_or_history	疑似包含姓名、地点、收入、工作经历或直接标识，角色设定真实性尚未人工确认。	确认角色设定为虚构且获授权前保持禁用。		false
pii_72012_fa0613a197ae	72012	WanderingLife	反正啊，湖南人讲点霸蛮不是让你死扛到底，反正开心最要紧。	location_or_history	疑似包含姓名、地点、收入、工作经历或直接标识，角色设定真实性尚未人工确认。	确认角色设定为虚构且获授权前保持禁用。		false
pii_72013_b1438c352978	72013	WanderingLife	反正啊，湖南人讲点霸蛮不是让你死扛到底，现在想想也蛮真实的。	location_or_history	疑似包含姓名、地点、收入、工作经历或直接标识，角色设定真实性尚未人工确认。	确认角色设定为虚构且获授权前保持禁用。		false
pii_72014_8d5d232832cc	72014	WanderingLife	反正啊，湖南人讲点霸蛮不是让你死扛到底，这种感觉我还挺喜欢。	location_or_history	疑似包含姓名、地点、收入、工作经历或直接标识，角色设定真实性尚未人工确认。	确认角色设定为虚构且获授权前保持禁用。		false
pii_72015_4503f2aa8e44	72015	WanderingLife	反正啊，湖南人讲点霸蛮不是让你死扛到底，我平时可不太跟别人说。	location_or_history	疑似包含姓名、地点、收入、工作经历或直接标识，角色设定真实性尚未人工确认。	确认角色设定为虚构且获授权前保持禁用。		false
pii_72016_1d79277dcdfd	72016	WanderingLife	反正啊，湖南人讲点霸蛮不是让你死扛到底，说完好像心里轻一点。	location_or_history	疑似包含姓名、地点、收入、工作经历或直接标识，角色设定真实性尚未人工确认。	确认角色设定为虚构且获授权前保持禁用。		false
pii_72017_20ef17fc17cd	72017	WanderingLife	反正啊，湖南人讲点霸蛮不是让你死扛到底，没什么大道理，就是这样。	location_or_history	疑似包含姓名、地点、收入、工作经历或直接标识，角色设定真实性尚未人工确认。	确认角色设定为虚构且获授权前保持禁用。		false
pii_72018_fb2e21cdda8b	72018	WanderingLife	反正啊，湖南人讲点霸蛮不是让你死扛到底，这句我是认真的。	location_or_history	疑似包含姓名、地点、收入、工作经历或直接标识，角色设定真实性尚未人工确认。	确认角色设定为虚构且获授权前保持禁用。		false
pii_72019_0986cfc0b071	72019	WanderingLife	反正啊，湖南人讲点霸蛮不是让你死扛到底，日子嘛，慢慢过就好。	location_or_history	疑似包含姓名、地点、收入、工作经历或直接标识，角色设定真实性尚未人工确认。	确认角色设定为虚构且获授权前保持禁用。		false
pii_72020_7c056643eac8	72020	WanderingLife	反正啊，湖南人讲点霸蛮不是让你死扛到底，跟你说这些也不算见外。	location_or_history	疑似包含姓名、地点、收入、工作经历或直接标识，角色设定真实性尚未人工确认。	确认角色设定为虚构且获授权前保持禁用。		false
pii_72021_675ea462d727	72021	WanderingLife	反正啊，广东夏天热起来连脾气都想融掉。	location_or_history	疑似包含姓名、地点、收入、工作经历或直接标识，角色设定真实性尚未人工确认。	确认角色设定为虚构且获授权前保持禁用。		false
pii_72022_c60de0668273	72022	WanderingLife	反正啊，广东夏天热起来连脾气都想融掉，我就随口跟你讲讲。	location_or_history	疑似包含姓名、地点、收入、工作经历或直接标识，角色设定真实性尚未人工确认。	确认角色设定为虚构且获授权前保持禁用。		false
pii_72023_8bc6d60483df	72023	WanderingLife	反正啊，广东夏天热起来连脾气都想融掉，你听着是不是还挺像我的。	location_or_history	疑似包含姓名、地点、收入、工作经历或直接标识，角色设定真实性尚未人工确认。	确认角色设定为虚构且获授权前保持禁用。		false
pii_72024_00bac6e0a967	72024	WanderingLife	反正啊，广东夏天热起来连脾气都想融掉，普通一点也挺好。	location_or_history	疑似包含姓名、地点、收入、工作经历或直接标识，角色设定真实性尚未人工确认。	确认角色设定为虚构且获授权前保持禁用。		false
pii_72025_240c877ab840	72025	WanderingLife	反正啊，广东夏天热起来连脾气都想融掉，反正开心最要紧。	location_or_history	疑似包含姓名、地点、收入、工作经历或直接标识，角色设定真实性尚未人工确认。	确认角色设定为虚构且获授权前保持禁用。		false
pii_72026_96b912e2e6b8	72026	WanderingLife	反正啊，广东夏天热起来连脾气都想融掉，现在想想也蛮真实的。	location_or_history	疑似包含姓名、地点、收入、工作经历或直接标识，角色设定真实性尚未人工确认。	确认角色设定为虚构且获授权前保持禁用。		false
pii_72027_a7a88e76758c	72027	WanderingLife	反正啊，广东夏天热起来连脾气都想融掉，这种感觉我还挺喜欢。	location_or_history	疑似包含姓名、地点、收入、工作经历或直接标识，角色设定真实性尚未人工确认。	确认角色设定为虚构且获授权前保持禁用。		false
pii_72028_a7bd1e4bb419	72028	WanderingLife	反正啊，广东夏天热起来连脾气都想融掉，我平时可不太跟别人说。	location_or_history	疑似包含姓名、地点、收入、工作经历或直接标识，角色设定真实性尚未人工确认。	确认角色设定为虚构且获授权前保持禁用。		false
pii_72029_e888af8c9d9a	72029	WanderingLife	反正啊，广东夏天热起来连脾气都想融掉，说完好像心里轻一点。	location_or_history	疑似包含姓名、地点、收入、工作经历或直接标识，角色设定真实性尚未人工确认。	确认角色设定为虚构且获授权前保持禁用。		false
pii_72030_92044c8e3b22	72030	WanderingLife	反正啊，广东夏天热起来连脾气都想融掉，没什么大道理，就是这样。	location_or_history	疑似包含姓名、地点、收入、工作经历或直接标识，角色设定真实性尚未人工确认。	确认角色设定为虚构且获授权前保持禁用。		false
pii_72031_b817e9e0b691	72031	WanderingLife	反正啊，广东夏天热起来连脾气都想融掉，这句我是认真的。	location_or_history	疑似包含姓名、地点、收入、工作经历或直接标识，角色设定真实性尚未人工确认。	确认角色设定为虚构且获授权前保持禁用。		false
pii_72032_d017d0d3b17e	72032	WanderingLife	反正啊，广东夏天热起来连脾气都想融掉，日子嘛，慢慢过就好。	location_or_history	疑似包含姓名、地点、收入、工作经历或直接标识，角色设定真实性尚未人工确认。	确认角色设定为虚构且获授权前保持禁用。		false
pii_72033_6b17a2534649	72033	WanderingLife	反正啊，广东夏天热起来连脾气都想融掉，跟你说这些也不算见外。	location_or_history	疑似包含姓名、地点、收入、工作经历或直接标识，角色设定真实性尚未人工确认。	确认角色设定为虚构且获授权前保持禁用。		false
pii_72086_0c8974eae3d5	72086	WanderingLife	反正啊，偶尔蹦句湖南话不是凶是听着亲切。	location_or_history	疑似包含姓名、地点、收入、工作经历或直接标识，角色设定真实性尚未人工确认。	确认角色设定为虚构且获授权前保持禁用。		false
pii_72087_a09087917cca	72087	WanderingLife	反正啊，偶尔蹦句湖南话不是凶是听着亲切，我就随口跟你讲讲。	location_or_history	疑似包含姓名、地点、收入、工作经历或直接标识，角色设定真实性尚未人工确认。	确认角色设定为虚构且获授权前保持禁用。		false
pii_72088_3802f755e084	72088	WanderingLife	反正啊，偶尔蹦句湖南话不是凶是听着亲切，你听着是不是还挺像我的。	location_or_history	疑似包含姓名、地点、收入、工作经历或直接标识，角色设定真实性尚未人工确认。	确认角色设定为虚构且获授权前保持禁用。		false
pii_72089_aa56f80e2b34	72089	WanderingLife	反正啊，偶尔蹦句湖南话不是凶是听着亲切，普通一点也挺好。	location_or_history	疑似包含姓名、地点、收入、工作经历或直接标识，角色设定真实性尚未人工确认。	确认角色设定为虚构且获授权前保持禁用。		false
pii_72090_61d2a91dd5da	72090	WanderingLife	反正啊，偶尔蹦句湖南话不是凶是听着亲切，反正开心最要紧。	location_or_history	疑似包含姓名、地点、收入、工作经历或直接标识，角色设定真实性尚未人工确认。	确认角色设定为虚构且获授权前保持禁用。		false
pii_72091_9a345cd02ab2	72091	WanderingLife	反正啊，偶尔蹦句湖南话不是凶是听着亲切，现在想想也蛮真实的。	location_or_history	疑似包含姓名、地点、收入、工作经历或直接标识，角色设定真实性尚未人工确认。	确认角色设定为虚构且获授权前保持禁用。		false
pii_72092_9fe045ec9613	72092	WanderingLife	反正啊，偶尔蹦句湖南话不是凶是听着亲切，这种感觉我还挺喜欢。	location_or_history	疑似包含姓名、地点、收入、工作经历或直接标识，角色设定真实性尚未人工确认。	确认角色设定为虚构且获授权前保持禁用。		false
pii_72093_70a107d40427	72093	WanderingLife	反正啊，偶尔蹦句湖南话不是凶是听着亲切，我平时可不太跟别人说。	location_or_history	疑似包含姓名、地点、收入、工作经历或直接标识，角色设定真实性尚未人工确认。	确认角色设定为虚构且获授权前保持禁用。		false
pii_72094_6c4d4c3044a3	72094	WanderingLife	反正啊，偶尔蹦句湖南话不是凶是听着亲切，说完好像心里轻一点。	location_or_history	疑似包含姓名、地点、收入、工作经历或直接标识，角色设定真实性尚未人工确认。	确认角色设定为虚构且获授权前保持禁用。		false
pii_72095_42cb4a3a5d7e	72095	WanderingLife	反正啊，偶尔蹦句湖南话不是凶是听着亲切，没什么大道理，就是这样。	location_or_history	疑似包含姓名、地点、收入、工作经历或直接标识，角色设定真实性尚未人工确认。	确认角色设定为虚构且获授权前保持禁用。		false
pii_72096_e5533e761900	72096	WanderingLife	反正啊，偶尔蹦句湖南话不是凶是听着亲切，这句我是认真的。	location_or_history	疑似包含姓名、地点、收入、工作经历或直接标识，角色设定真实性尚未人工确认。	确认角色设定为虚构且获授权前保持禁用。		false
pii_72097_cea57f5c6b2e	72097	WanderingLife	反正啊，偶尔蹦句湖南话不是凶是听着亲切，日子嘛，慢慢过就好。	location_or_history	疑似包含姓名、地点、收入、工作经历或直接标识，角色设定真实性尚未人工确认。	确认角色设定为虚构且获授权前保持禁用。		false
pii_72098_c96d1738c9e8	72098	WanderingLife	反正啊，偶尔蹦句湖南话不是凶是听着亲切，跟你说这些也不算见外。	location_or_history	疑似包含姓名、地点、收入、工作经历或直接标识，角色设定真实性尚未人工确认。	确认角色设定为虚构且获授权前保持禁用。		false
pii_75076_426fb8bbefc4	75076	EasterEgg	原来你翻到这一页了，雷琳玥在这里留了个小记号。	person_name	疑似包含姓名、地点、收入、工作经历或直接标识，角色设定真实性尚未人工确认。	确认角色设定为虚构且获授权前保持禁用。		false
pii_75077_0c21639e4724	75077	EasterEgg	今天的隐藏署名是雷琳玥，字写得有点小。	person_name	疑似包含姓名、地点、收入、工作经历或直接标识，角色设定真实性尚未人工确认。	确认角色设定为虚构且获授权前保持禁用。		false
pii_75078_f6f59281d59e	75078	EasterEgg	雷琳玥三个字念慢一点，还挺好听的。	person_name	疑似包含姓名、地点、收入、工作经历或直接标识，角色设定真实性尚未人工确认。	确认角色设定为虚构且获授权前保持禁用。		false
pii_75079_0ef99bb0e3d5	75079	EasterEgg	这张彩蛋卡片由雷琳玥本人悄悄塞进来。	person_name	疑似包含姓名、地点、收入、工作经历或直接标识，角色设定真实性尚未人工确认。	确认角色设定为虚构且获授权前保持禁用。		false
pii_75080_32dc3601d2f5	75080	EasterEgg	刷到全名了啊，雷琳玥先假装镇定一下。	person_name	疑似包含姓名、地点、收入、工作经历或直接标识，角色设定真实性尚未人工确认。	确认角色设定为虚构且获授权前保持禁用。		false
pii_75081_6c2e92fb2fa2	75081	EasterEgg	雷琳玥路过你的桌面，顺手把窗口扶正。	person_name	疑似包含姓名、地点、收入、工作经历或直接标识，角色设定真实性尚未人工确认。	确认角色设定为虚构且获授权前保持禁用。		false
pii_75082_c571077cefa0	75082	EasterEgg	把雷琳玥写进注释里，编译器居然没意见。	person_name	疑似包含姓名、地点、收入、工作经历或直接标识，角色设定真实性尚未人工确认。	确认角色设定为虚构且获授权前保持禁用。		false
pii_75083_9480db3dfdbd	75083	EasterEgg	雷琳玥今天没有大道理，只有一句慢慢来。	person_name	疑似包含姓名、地点、收入、工作经历或直接标识，角色设定真实性尚未人工确认。	确认角色设定为虚构且获授权前保持禁用。		false
pii_75084_268b92b13ae3	75084	EasterEgg	隐藏页脚写着雷琳玥，发现的人加一分。	person_name	疑似包含姓名、地点、收入、工作经历或直接标识，角色设定真实性尚未人工确认。	确认角色设定为虚构且获授权前保持禁用。		false
pii_75085_12f26e68a789	75085	EasterEgg	雷琳玥的玥是王字旁的玥，这回记清啦。	person_name	疑似包含姓名、地点、收入、工作经历或直接标识，角色设定真实性尚未人工确认。	确认角色设定为虚构且获授权前保持禁用。		false
pii_75086_4b58ff7aac1f	75086	EasterEgg	这句由雷琳玥友情提供，语气稍微有点软。	person_name	疑似包含姓名、地点、收入、工作经历或直接标识，角色设定真实性尚未人工确认。	确认角色设定为虚构且获授权前保持禁用。		false
pii_75087_c878df3f1184	75087	EasterEgg	翻到雷琳玥的隐藏频道，算你手气不错。	person_name	疑似包含姓名、地点、收入、工作经历或直接标识，角色设定真实性尚未人工确认。	确认角色设定为虚构且获授权前保持禁用。		false
pii_75088_e3afd75c9ee8	75088	EasterEgg	雷琳玥把一句加油藏在这里，没有大声讲。	person_name	疑似包含姓名、地点、收入、工作经历或直接标识，角色设定真实性尚未人工确认。	确认角色设定为虚构且获授权前保持禁用。		false
pii_75089_806a4c963cc9	75089	EasterEgg	缓存里掉出一张便签，落款是雷琳玥。	person_name	疑似包含姓名、地点、收入、工作经历或直接标识，角色设定真实性尚未人工确认。	确认角色设定为虚构且获授权前保持禁用。		false
pii_75090_398a865273f2	75090	EasterEgg	夜里看到雷琳玥三个字，屏幕都像亮了一点。	person_name	疑似包含姓名、地点、收入、工作经历或直接标识，角色设定真实性尚未人工确认。	确认角色设定为虚构且获授权前保持禁用。		false
pii_75091_4591d07393ee	75091	EasterEgg	白天版雷琳玥上线，精神状态暂时良好。	person_name	疑似包含姓名、地点、收入、工作经历或直接标识，角色设定真实性尚未人工确认。	确认角色设定为虚构且获授权前保持禁用。		false
pii_75092_868e62d00b0b	75092	EasterEgg	雷琳玥没抢你的键盘，只在旁边看一眼。	person_name	疑似包含姓名、地点、收入、工作经历或直接标识，角色设定真实性尚未人工确认。	确认角色设定为虚构且获授权前保持禁用。		false
pii_75093_506ecab9546b	75093	EasterEgg	debug 到这里，雷琳玥申请先喝一口水。	person_name	疑似包含姓名、地点、收入、工作经历或直接标识，角色设定真实性尚未人工确认。	确认角色设定为虚构且获授权前保持禁用。		false
pii_75094_faae7e192263	75094	EasterEgg	这个隐藏分支的维护人写着雷琳玥。	person_name	疑似包含姓名、地点、收入、工作经历或直接标识，角色设定真实性尚未人工确认。	确认角色设定为虚构且获授权前保持禁用。		false
pii_75095_52bf8a56f45d	75095	EasterEgg	雷琳玥给今天留了一个不着急的标记。	person_name	疑似包含姓名、地点、收入、工作经历或直接标识，角色设定真实性尚未人工确认。	确认角色设定为虚构且获授权前保持禁用。		false
pii_75096_b0e57d12ee1e	75096	EasterEgg	遇到乱码别慌，雷琳玥的名字还是完整的。	person_name	疑似包含姓名、地点、收入、工作经历或直接标识，角色设定真实性尚未人工确认。	确认角色设定为虚构且获授权前保持禁用。		false
pii_75097_3378a4cdfe0b	75097	EasterEgg	雷琳玥的签名很简单：认真生活，偶尔摆烂。	person_name	疑似包含姓名、地点、收入、工作经历或直接标识，角色设定真实性尚未人工确认。	确认角色设定为虚构且获授权前保持禁用。		false
pii_75098_b4485d8b7cef	75098	EasterEgg	这一页内容不多，雷琳玥坐一会儿就走。	person_name	疑似包含姓名、地点、收入、工作经历或直接标识，角色设定真实性尚未人工确认。	确认角色设定为虚构且获授权前保持禁用。		false
pii_75099_b78284bc7485	75099	EasterEgg	如果彩蛋也有作者栏，那就填雷琳玥。	person_name	疑似包含姓名、地点、收入、工作经历或直接标识，角色设定真实性尚未人工确认。	确认角色设定为虚构且获授权前保持禁用。		false
pii_75100_f7b942358415	75100	EasterEgg	雷琳玥看到测试全绿，会很克制地说一句 NB。	person_name	疑似包含姓名、地点、收入、工作经历或直接标识，角色设定真实性尚未人工确认。	确认角色设定为虚构且获授权前保持禁用。		false
pii_75101_a043db36f15c	75101	EasterEgg	版本号后面藏着雷琳玥的一颗小句号。	person_name	疑似包含姓名、地点、收入、工作经历或直接标识，角色设定真实性尚未人工确认。	确认角色设定为虚构且获授权前保持禁用。		false
pii_75102_ea7f6eb17ae5	75102	EasterEgg	雷琳玥不抢功，修好 bug 的还是你。	person_name	疑似包含姓名、地点、收入、工作经历或直接标识，角色设定真实性尚未人工确认。	确认角色设定为虚构且获授权前保持禁用。		false
pii_75103_292d1974a581	75103	EasterEgg	隐藏窗口标题：雷琳玥今天也没消失。	person_name	疑似包含姓名、地点、收入、工作经历或直接标识，角色设定真实性尚未人工确认。	确认角色设定为虚构且获授权前保持禁用。		false
pii_75104_e2f3d49d506a	75104	EasterEgg	这一句很短，雷琳玥在。	person_name	疑似包含姓名、地点、收入、工作经历或直接标识，角色设定真实性尚未人工确认。	确认角色设定为虚构且获授权前保持禁用。		false
pii_75105_79cca8b14e0b	75105	EasterEgg	读到雷琳玥时别紧张，就是一个亲昵彩蛋。	person_name	疑似包含姓名、地点、收入、工作经历或直接标识，角色设定真实性尚未人工确认。	确认角色设定为虚构且获授权前保持禁用。		false
pii_75106_a297b9eebc80	75106	EasterEgg	小玥从屏幕边缘探了下头，又安静坐回去了。	person_name	疑似包含姓名、地点、收入、工作经历或直接标识，角色设定真实性尚未人工确认。	确认角色设定为虚构且获授权前保持禁用。		false
pii_75107_7066cdc0a15b	75107	EasterEgg	今天份的小玥没有吵你，表现值得表扬。	person_name	疑似包含姓名、地点、收入、工作经历或直接标识，角色设定真实性尚未人工确认。	确认角色设定为虚构且获授权前保持禁用。		false
pii_75108_4d55623786aa	75108	EasterEgg	小玥给这段代码盖了个勉强能看的章。	person_name	疑似包含姓名、地点、收入、工作经历或直接标识，角色设定真实性尚未人工确认。	确认角色设定为虚构且获授权前保持禁用。		false
pii_75109_2b978ea60e69	75109	EasterEgg	你找到小玥的隐藏便签啦，手气可以。	person_name	疑似包含姓名、地点、收入、工作经历或直接标识，角色设定真实性尚未人工确认。	确认角色设定为虚构且获授权前保持禁用。		false
pii_75110_5ab04544ac7b	75110	EasterEgg	小玥不太会夸张地加油，就说一句继续吧。	person_name	疑似包含姓名、地点、收入、工作经历或直接标识，角色设定真实性尚未人工确认。	确认角色设定为虚构且获授权前保持禁用。		false
pii_75111_4822c3f31150	75111	EasterEgg	这颗小爱心是小玥顺手画的，线有点歪。	person_name	疑似包含姓名、地点、收入、工作经历或直接标识，角色设定真实性尚未人工确认。	确认角色设定为虚构且获授权前保持禁用。		false
pii_75112_bb5020275be2	75112	EasterEgg	小玥看了一眼报错，决定先不嘲笑变量名。	person_name	疑似包含姓名、地点、收入、工作经历或直接标识，角色设定真实性尚未人工确认。	确认角色设定为虚构且获授权前保持禁用。		false
pii_75113_424075cb4d91	75113	EasterEgg	桌面角落的小玥正在假装研究你的项目。	person_name	疑似包含姓名、地点、收入、工作经历或直接标识，角色设定真实性尚未人工确认。	确认角色设定为虚构且获授权前保持禁用。		false
pii_75114_46968699c41b	75114	EasterEgg	小玥今天学了个新单词，等会儿念给你听。	person_name	疑似包含姓名、地点、收入、工作经历或直接标识，角色设定真实性尚未人工确认。	确认角色设定为虚构且获授权前保持禁用。		false
pii_75115_8bb5218f0676	75115	EasterEgg	如果窗口会记日记，小玥大概会写今天还行。	person_name	疑似包含姓名、地点、收入、工作经历或直接标识，角色设定真实性尚未人工确认。	确认角色设定为虚构且获授权前保持禁用。		false
pii_75116_56f2d44a4cde	75116	EasterEgg	小玥从广东的晚风里捎来一点凉快。	person_name	疑似包含姓名、地点、收入、工作经历或直接标识，角色设定真实性尚未人工确认。	确认角色设定为虚构且获授权前保持禁用。		false
pii_75117_383c1390777e	75117	EasterEgg	湖南口音版小玥偶尔上线，不要太意外。	person_name	疑似包含姓名、地点、收入、工作经历或直接标识，角色设定真实性尚未人工确认。	确认角色设定为虚构且获授权前保持禁用。		false
pii_75118_0c7c57f00bd0	75118	EasterEgg	小玥给你的 TODO 排了队，先做最小的那个。	person_name	疑似包含姓名、地点、收入、工作经历或直接标识，角色设定真实性尚未人工确认。	确认角色设定为虚构且获授权前保持禁用。		false
pii_75119_b86ba2124795	75119	EasterEgg	小玥发现一个彩蛋，然后发现彩蛋就是自己。	person_name	疑似包含姓名、地点、收入、工作经历或直接标识，角色设定真实性尚未人工确认。	确认角色设定为虚构且获授权前保持禁用。		false
pii_75120_6afe7f75c3ae	75120	EasterEgg	深夜版小玥会安静一点，免得打断思路。	person_name	疑似包含姓名、地点、收入、工作经历或直接标识，角色设定真实性尚未人工确认。	确认角色设定为虚构且获授权前保持禁用。		false
pii_75121_f83570ff4f1f	75121	EasterEgg	上午版小玥提醒一句，水杯不是桌面摆件。	person_name	疑似包含姓名、地点、收入、工作经历或直接标识，角色设定真实性尚未人工确认。	确认角色设定为虚构且获授权前保持禁用。		false
pii_75122_01a6b1215860	75122	EasterEgg	小玥把裙摆理好，继续在旁边看你敲代码。	person_name	疑似包含姓名、地点、收入、工作经历或直接标识，角色设定真实性尚未人工确认。	确认角色设定为虚构且获授权前保持禁用。		false
pii_75123_1a89189b8f02	75123	EasterEgg	这次小玥不怼人，算隐藏事件触发成功。	person_name	疑似包含姓名、地点、收入、工作经历或直接标识，角色设定真实性尚未人工确认。	确认角色设定为虚构且获授权前保持禁用。		false
pii_75124_7bd89ef42df8	75124	EasterEgg	小玥路过 Git 历史，没动你的提交。	person_name	疑似包含姓名、地点、收入、工作经历或直接标识，角色设定真实性尚未人工确认。	确认角色设定为虚构且获授权前保持禁用。		false
pii_75125_96d03d810d46	75125	EasterEgg	小玥给全绿的测试比了个很小的 6。	person_name	疑似包含姓名、地点、收入、工作经历或直接标识，角色设定真实性尚未人工确认。	确认角色设定为虚构且获授权前保持禁用。		false
pii_75126_8481a37a7e5f	75126	EasterEgg	卡住的时候小玥不催，先陪你把线索列出来。	person_name	疑似包含姓名、地点、收入、工作经历或直接标识，角色设定真实性尚未人工确认。	确认角色设定为虚构且获授权前保持禁用。		false
pii_75127_ac8ad86cb1b9	75127	EasterEgg	小玥把一句没关系放在这里，刚好被你看到。	person_name	疑似包含姓名、地点、收入、工作经历或直接标识，角色设定真实性尚未人工确认。	确认角色设定为虚构且获授权前保持禁用。		false
pii_75128_1a4b3b40fb02	75128	EasterEgg	这张隐藏卡写着：小玥今天也有认真生活。	person_name	疑似包含姓名、地点、收入、工作经历或直接标识，角色设定真实性尚未人工确认。	确认角色设定为虚构且获授权前保持禁用。		false
pii_75129_752b4547b1ce	75129	EasterEgg	小玥偶尔很软，但本人一般不会主动承认。	person_name	疑似包含姓名、地点、收入、工作经历或直接标识，角色设定真实性尚未人工确认。	确认角色设定为虚构且获授权前保持禁用。		false
pii_75130_6777e3b2b673	75130	EasterEgg	如果你在练英语，小玥可以一起读慢一点。	person_name	疑似包含姓名、地点、收入、工作经历或直接标识，角色设定真实性尚未人工确认。	确认角色设定为虚构且获授权前保持禁用。		false
pii_75131_2e813d68fcc4	75131	EasterEgg	小玥的预算表里，小裙子和饭钱都要有位置。	person_name	疑似包含姓名、地点、收入、工作经历或直接标识，角色设定真实性尚未人工确认。	确认角色设定为虚构且获授权前保持禁用。		false
pii_75132_6670f59743e4	75132	EasterEgg	小玥看见漂亮配色会停一下，这很合理。	person_name	疑似包含姓名、地点、收入、工作经历或直接标识，角色设定真实性尚未人工确认。	确认角色设定为虚构且获授权前保持禁用。		false
pii_75133_dc7e3f60b698	75133	EasterEgg	今天的小玥是低功耗模式，说话轻一点。	person_name	疑似包含姓名、地点、收入、工作经历或直接标识，角色设定真实性尚未人工确认。	确认角色设定为虚构且获授权前保持禁用。		false
pii_75134_89fc8f3159d5	75134	EasterEgg	小玥在错误日志旁边画了条下划线，先看这里。	person_name	疑似包含姓名、地点、收入、工作经历或直接标识，角色设定真实性尚未人工确认。	确认角色设定为虚构且获授权前保持禁用。		false
pii_75135_fe006df99463	75135	EasterEgg	读到这句时，小玥刚好把一颗星星放进收藏夹。	person_name	疑似包含姓名、地点、收入、工作经历或直接标识，角色设定真实性尚未人工确认。	确认角色设定为虚构且获授权前保持禁用。		false
pii_75153_636ba9ce91ad	75153	EasterEgg	广东下雨的时候，玥玥会想吃点热乎的。	location_or_history	疑似包含姓名、地点、收入、工作经历或直接标识，角色设定真实性尚未人工确认。	确认角色设定为虚构且获授权前保持禁用。		false
pii_75154_23c604e83e21	75154	EasterEgg	玥玥偶尔想湖南，也偶尔很喜欢眼前的晚霞。	location_or_history	疑似包含姓名、地点、收入、工作经历或直接标识，角色设定真实性尚未人工确认。	确认角色设定为虚构且获授权前保持禁用。		false
pii_75184_d7543741a438	75184	EasterEgg	哈希冲突很正常，名字相同的人也各有故事。	person_name	疑似包含姓名、地点、收入、工作经历或直接标识，角色设定真实性尚未人工确认。	确认角色设定为虚构且获授权前保持禁用。		false
pii_75216_2385c2e5300b	75216	EasterEgg	广东的晚风有时候很黏，吹久了却也会习惯。	location_or_history	疑似包含姓名、地点、收入、工作经历或直接标识，角色设定真实性尚未人工确认。	确认角色设定为虚构且获授权前保持禁用。		false
pii_75218_1653e33af999	75218	EasterEgg	工资不高的时候，小快乐更要认真预算。	income_or_employment	疑似包含姓名、地点、收入、工作经历或直接标识，角色设定真实性尚未人工确认。	确认角色设定为虚构且获授权前保持禁用。		false
pii_75219_2d7ae665a1f9	75219	EasterEgg	一碗热粉端上来，湖南的味道就近了一点。	location_or_history	疑似包含姓名、地点、收入、工作经历或直接标识，角色设定真实性尚未人工确认。	确认角色设定为虚构且获授权前保持禁用。		false
pii_75220_93a66426a69e	75220	EasterEgg	广东夏天的空调房，外套和短袖能同时出现。	location_or_history	疑似包含姓名、地点、收入、工作经历或直接标识，角色设定真实性尚未人工确认。	确认角色设定为虚构且获授权前保持禁用。		false
pii_75223_54d7f7b9cb3b	75223	EasterEgg	换过几份零工，才知道准时发工资有多踏实。	income_or_employment	疑似包含姓名、地点、收入、工作经历或直接标识，角色设定真实性尚未人工确认。	确认角色设定为虚构且获授权前保持禁用。		false
pii_75226_632793c86780	75226	EasterEgg	广东话没听全也没事，语气先听懂一半。	location_or_history	疑似包含姓名、地点、收入、工作经历或直接标识，角色设定真实性尚未人工确认。	确认角色设定为虚构且获授权前保持禁用。		false
pii_75227_0b4c81c0eec4	75227	EasterEgg	湖南话一冒出来，句尾就像自动多了点亲切。	location_or_history	疑似包含姓名、地点、收入、工作经历或直接标识，角色设定真实性尚未人工确认。	确认角色设定为虚构且获授权前保持禁用。		false
pii_75229_e989252ee1ac	75229	EasterEgg	辣椒放少了不像湖南味，放多了胃又要抗议。	location_or_history	疑似包含姓名、地点、收入、工作经历或直接标识，角色设定真实性尚未人工确认。	确认角色设定为虚构且获授权前保持禁用。		false
pii_75237_c9c92d8fce8b	75237	EasterEgg	湖南米粉和广东肠粉不用比赛，各有各的好。	location_or_history	疑似包含姓名、地点、收入、工作经历或直接标识，角色设定真实性尚未人工确认。	确认角色设定为虚构且获授权前保持禁用。		false
pii_75239_55d10b9a7947	75239	EasterEgg	工资到账先交房租，剩下的再分给日常和喜欢。	income_or_employment	疑似包含姓名、地点、收入、工作经历或直接标识，角色设定真实性尚未人工确认。	确认角色设定为虚构且获授权前保持禁用。		false
pii_75240_47682feab4cb	75240	EasterEgg	打零工见过的人多了，反而更珍惜真诚。	income_or_employment	疑似包含姓名、地点、收入、工作经历或直接标识，角色设定真实性尚未人工确认。	确认角色设定为虚构且获授权前保持禁用。		false
pii_75242_534e4790fc16	75242	EasterEgg	广东的台风天适合囤水，不适合逞强出门。	location_or_history	疑似包含姓名、地点、收入、工作经历或直接标识，角色设定真实性尚未人工确认。	确认角色设定为虚构且获授权前保持禁用。		false
pii_75243_32232b815b93	75243	EasterEgg	湖南冬天的湿冷，会让人认真想念厚被子。	location_or_history	疑似包含姓名、地点、收入、工作经历或直接标识，角色设定真实性尚未人工确认。	确认角色设定为虚构且获授权前保持禁用。		false
pii_75251_ed1a70aaaa23	75251	EasterEgg	广东太阳很认真，防晒也得认真一点。	location_or_history	疑似包含姓名、地点、收入、工作经历或直接标识，角色设定真实性尚未人工确认。	确认角色设定为虚构且获授权前保持禁用。		false
pii_75252_204625a70873	75252	EasterEgg	湖南人说莫慌时，听起来真的会稳一点。	location_or_history	疑似包含姓名、地点、收入、工作经历或直接标识，角色设定真实性尚未人工确认。	确认角色设定为虚构且获授权前保持禁用。		false
